iso,lat,lng,type,count,label,info,precision
ESP,41.3826,2.1771,donor,4,Labdoo Hub Barcelona @LaSalle,"Spain hub, 25% completed, 20 needed",exact
KEN,0.3917,34.016,donor,2,Labdoo Hub Busia,"Kenya hub, 11% completed, 18 needed",exact
USA,37.3362,-121.8906,donor,41,Labdoo Hub California (North),"United States hub, 67% completed, 62 needed",exact
USA,33.6857,-117.826,donor,576,Labdoo Hub California (South),"United States hub, 45% completed, 1303 needed",exact
CHN,30.6599,104.0633,donor,2,Labdoo Hub Chengdu OQ,"China hub, 0% completed, 0 needed",exact
BGD,23.7644,90.389,donor,0,"Labdoo Hub Dhaka, Bangladesh","Bangladesh hub, 0% completed, 0 needed",exact
IRL,53.2744,-9.0491,donor,0,Labdoo Hub Galway,"Ireland hub, 0% completed, 0 needed",exact
HKG,22.279,114.1725,donor,2,Labdoo Hub Hong Kong - Fleming,"Hong Kong S.A.R., China hub, 4% completed, 70 needed",exact
ESP,40.4168,-3.7035,donor,15,La Tabacalera - Madrid,"Spain hub, 58% completed, 36 needed",exact
AUS,50.8215,-0.1401,donor,48,Labdoo Hub Melbourne,"Australia hub, 78% completed, 65 needed",exact
USA,25.8195,-80.3553,donor,25,Labdoo Hub Miami - Doral,"United States hub, 78% completed, 33 needed",exact
USA,40.7127,-74.006,donor,93,Labdoo Hub Upper West - New York,"United States hub, 17% completed, 551 needed",exact
ITA,41.8933,12.4829,donor,170,Labdoo Hub Rome,"Italy hub, 63% completed, 278 needed",exact
TWN,25.0375,121.5637,donor,241,Labdoo Hub Taipei @EWB-Taiwan,"Taiwan hub, 100% completed, 235 needed",exact
ESP,40.4168,-3.7035,donor,4,Labdoo Hub Madrid - Medialab-Prado,"Spain hub, 100% completed, 2 needed",exact
ESP,41.1556,1.1076,donor,21,Labdoo School Hub Reus - Institut Baix Camp,"Spain hub, 100% completed, 7 needed",exact
ESP,41.2242,1.7256,donor,60,Labdoo School Hub Vilanova - Institut Baix a Mar,"Spain hub, 77% completed, 79 needed",exact
ESP,41.3464,1.6995,donor,193,Labdoo Hub Vilafranca Centre - El Hub de la Gestoria,"Spain hub, 68% completed, 325 needed",exact
ESP,41.3464,1.6995,donor,52,Labdoo School Hub Vilafranca - INS Eugeni d'ORS,"Spain hub, 83% completed, 71 needed",exact
TWN,24.8066,120.9687,donor,70,Labdoo Hub Taiwan @EWB-Taiwan,"Taiwan hub, 73% completed, 129 needed",exact
MEX,19.3208,-99.1515,donor,39,Labdoo Hub Mexico DF,"Mexico hub, 36% completed, 113 needed",exact
MEX,18.9915,-99.1025,donor,1,Labdoo Hub Tepoztlán,"Mexico hub, 0% completed, 0 needed",exact
PAK,33.9767,71.4373,donor,0,Labdoo Hub Hayatabad,"Pakistan hub, 0% completed, 0 needed",exact
DEU,51.0493,13.7381,donor,36,Labdoo Annahmestelle 01309 Dresden (Hub),"Germany hub, 88% completed, 42 needed",exact
ESP,41.7289,1.8287,donor,131,Labdoo Hub Manresa,"Spain hub, 62% completed, 295 needed",exact
ESP,60.3943,5.3259,donor,8,Labdoo Hub Berga,"Spain hub, 0% completed, 0 needed",exact
IND,13.0837,80.2702,donor,0,Labdoo Hub Mambalam,"India hub, 0% completed, 10 needed",exact
ALB,40.4708,19.4913,donor,0,Labdoo Hub Vlora,"Albania hub, 0% completed, 0 needed",exact
GTM,14.6416,-90.5133,donor,1,Labdoo Hub Guatemala City,"Guatemala hub, 9% completed, 11 needed",exact
ROU,44.4361,26.1027,donor,11,Labdoo Hub Bucharest,"Romania hub, 100% completed, 11 needed",exact
DEU,48.8376,10.093,donor,16,Labdoo Annahmestelle 73431 Aalen (Hub),"Germany hub, 0% completed, 0 needed",exact
NLD,51.6889,5.3031,donor,3,Labdoo Hub s-Hertogenbosch,"Netherlands hub, 0% completed, 0 needed",exact
MAR,33.5945,-7.62,donor,74,Labdoo Hub Casablanca,"Morocco hub, 43% completed, 219 needed",exact
AUT,47.583,12.1692,donor,31,Labdoo Annahmestelle 6330 Kufstein: kubi - Kufstein Bibliothek für Wissenschaft & Freizeit,"Austria hub, 100% completed, 4 needed",exact
ESP,41.3826,2.1771,donor,57,Labdoo School Hub  Barcelona Frederic Mistral - Tècnic Eulàlia,"Spain hub, 70% completed, 86 needed",exact
ROU,45.7538,21.2257,donor,0,Labdoo Hub Timisoara,"Romania hub, 0% completed, 0 needed",exact
USA,40.3451,-74.184,donor,25,Labdoo Hub Holmdel/New Jersey,"United States hub, 100% completed, 22 needed",exact
DEU,53.5502,10.0013,donor,186,[CLOSED] Labdoo Annahmestelle 21037 Hamburg - Kirchwerder: Tina Meier [zur Zeit geschlossen],"Germany hub, 59% completed, 353 needed",exact
DEU,48.4209,9.2591,donor,332,Labdoo Annahmestelle 72805 Schwäbische Alb (Hub),"Germany hub, 85% completed, 389 needed",exact
THA,8.2018,98.2984,donor,0,Labdoo Hub Phuket,"Thailand hub, 0% completed, 0 needed",exact
USA,54.6667,-1.75,donor,28,"Labdoo Hub Durham, North Carolina","United States hub, 100% completed, 18 needed",exact
ESP,41.3464,1.6995,donor,47,Labdoo School Hub Vilafranca - Escola Montagut,"Spain hub, 100% completed, 58 needed",exact
ESP,40.4168,-3.7035,donor,74,Labdoo School Hub Madrid - IES Villablanca,"Spain hub, 59% completed, 164 needed",exact
IND,13.0492,80.2243,donor,0,Labdoo Hub Chennai,"India hub, 0% completed, 0 needed",exact
ESP,41.3826,2.1771,donor,5,Labdoo Hub Barcelona @Itnig,"Spain hub, 0% completed, 0 needed",exact
DEU,51.267,7.1952,donor,640,Labdoo Annahmestelle 42287 Wuppertal-Barmen (Hub),"Germany hub, 100% completed, 228 needed",exact
DEU,48.1371,11.5754,donor,2031,Labdoo Annahmestelle 80804 München (Hub),"Germany hub, 69% completed, 3124 needed",exact
ESP,41.3826,2.1771,donor,124,Labdoo School Hub Barcelona - Aula Escola Europea,"Spain hub, 72% completed, 172 needed",exact
ESP,41.4728,2.0818,donor,0,Labdoo hub Barcelona @ESADE,"Spain hub, 0% completed, 0 needed",exact
ESP,43.3624,-1.7914,donor,4,Labdoo Hub Hondarribia - Euskadi,"Spain hub, 60% completed, 10 needed",exact
DNK,0.0,0.0,donor,0,Labdoo Hub Copenhaguen Business School,"Denmark hub, 0% completed, 0 needed",exact
ESP,41.3826,2.1771,donor,52,Labdoo Hub Barcelona Amics de Gracia,"Spain hub, 73% completed, 72 needed",exact
USA,33.617,-117.9294,donor,4,Labdoo School Hub California - Corona del Mar,"United States hub, 0% completed, 0 needed",exact
DEU,52.5174,13.3951,donor,316,Die Wille gGmbH,"Germany hub, 86% completed, 384 needed",exact
ESP,41.3854,1.6108,donor,25,Labdoo Hub Sant Martí Sarroca,"Spain hub, 100% completed, 24 needed",exact
AUT,48.5435,14.385,donor,20,Labdoo Hub Mühlviertel (OÖ),"Austria hub, 80% completed, 25 needed",exact
DEU,49.4539,11.0773,donor,342,Labdoo Annahmestelle 90402 Nürnberg (Hub),"Germany hub, 98% completed, 376 needed",exact
USA,33.6857,-117.826,donor,4,Labdoo School Hub California - Irvine High School,"United States hub, 0% completed, 0 needed",exact
USA,40.7127,-74.006,donor,23,Labdoo Hub Broadway - New York,"United States hub, 39% completed, 58 needed",exact
DEU,50.1106,8.6821,donor,119,Labdoo Annahmestelle 60487 Frankfurt am Main: [zur Zeit geschlossen],"Germany hub, 73% completed, 162 needed",exact
ESP,41.3464,1.6995,donor,398,Labdoo School Hub Vilafranca - Col·legi Vedruna Sant Elies,"Spain hub, 98% completed, 445 needed",exact
ESP,40.4933,-3.8758,donor,10,Labdoo School Hub Madrid - Colegio Balder,"Spain hub, 23% completed, 43 needed",exact
DEU,53.0758,8.8072,donor,347,Labdoo Annahmestelle 28215 Bremen (Hub),"Germany hub, 100% completed, 266 needed",exact
DEU,47.9961,7.8494,donor,155,Labdoo Annahmestelle 79104 Freiburg Baden [zur Zeit geschlossen],"Germany hub, 81% completed, 200 needed",exact
DEU,51.4273,6.8829,donor,26276,Labdoo Annahmestelle 45478 MH / Rhein-Ruhr (Hub),"Germany hub, 77% completed, 35095 needed",exact
AUT,47.7981,13.0465,donor,823,Labdoo Hub Salzburg,"Austria hub, 82% completed, 1027 needed",exact
CHE,47.3339,8.3844,donor,7381,Labdoo Hub Zürich (Schweiz),"Switzerland hub, 95% completed, 7768 needed",exact
ESP,41.3464,1.6995,donor,2,Labdoo Hub Vilafranca @ Torres,"Spain hub, 0% completed, 0 needed",exact
ESP,41.4728,2.0818,donor,5,Labdoo School Hub - Agora Sant Cugat International,"Spain hub, 25% completed, 20 needed",exact
AUT,48.2084,16.3725,donor,31,Labdoo Hub Wien:  SANI,"Austria hub, 97% completed, 35 needed",exact
ESP,41.3826,2.1771,donor,1086,Labdoo Hub Barcelona @I2CAT Campus Nord,"Spain hub, 70% completed, 1723 needed",exact
DEU,51.5726,8.1061,donor,6,Labdoo Annahmestelle 59494 Soest: Kulturhaus Alter Schlachthof,"Germany hub, 0% completed, 0 needed",exact
DEU,52.5174,13.3951,donor,538,Labdoo Annahmestelle 12103 Berlin-Schöneberg: AfB gGmbH Shop Berlin,"Germany hub, 0% completed, 0 needed",exact
DEU,50.6087,10.6926,donor,2,Labdoo Annahmestelle 98527 Suhl: Frank Hoffmann,"Germany hub, 0% completed, 0 needed",exact
DEU,51.5142,7.4653,donor,15,Labdoo Annahmestelle 44263 Dortmund - Hörde (Phoenixsee),"Germany hub, 0% completed, 0 needed",exact
DEU,51.2254,6.7763,donor,88,Labdoo Annahmestelle 40227 Düsseldorf  (Nähe Hauptbahnhof): Dirk Balzer,"Germany hub, 100% completed, 20 needed",exact
DEU,51.264,7.178,donor,62,Labdoo Annahmestelle 42327 Wuppertal: GEPA - The Fair Trade Company,"Germany hub, 0% completed, 0 needed",exact
DEU,51.4582,7.0158,donor,753,Labdoo Annahmestelle 45139 Essen: AfB gGmbH Shop Essen,"Germany hub, 0% completed, 0 needed",exact
DEU,52.3745,9.7386,donor,209,Labdoo Annahmestelle 30165 Hannover: AfB gGmbH Shop Hannover,"Germany hub, 0% completed, 0 needed",exact
DEU,51.6577,6.6171,donor,29,Labdoo Annahmestelle 46485 Wesel: Stefan Abeln,"Germany hub, 0% completed, 0 needed",exact
DEU,53.7468,13.1115,donor,5,Labdoo Annahmestelle 15366 Neuenhagen bei Berlin: Holger Höing,"Germany hub, 0% completed, 0 needed",exact
DEU,48.9414,8.4076,donor,222,Labdoo Annahmestelle 76275 Ettlingen: AfB gGmbH Shop Ettlingen,"Germany hub, 0% completed, 0 needed",exact
DEU,51.4273,6.8829,donor,36,Labdoo Annahmestelle 45473 Mülheim an der Ruhr: VHS Volkshochschule,"Germany hub, 0% completed, 0 needed",exact
DEU,53.5502,10.0013,donor,261,Labdoo Annahmestelle 21035 Hamburg - Bergedorf:  PC112 PCFeuerwehr GmbH [nach Absprache geöffnet],"Germany hub, 86% completed, 303 needed",exact
DEU,53.5502,10.0013,donor,55,Labdoo Annahmestelle 22761 Hamburg - Bahrenfeld,"Germany hub, 0% completed, 0 needed",exact
DEU,49.4539,11.0773,donor,67,Labdoo Annahmestelle 90427 Nürnberg: Raphael Seebröker,"Germany hub, 100% completed, 70 needed",exact
AUT,48.5166,13.8733,donor,0,Annahmestelle Putzleinsdorf: Judith Fuchs,"Austria hub, 0% completed, 0 needed",exact
AUT,48.2084,16.3725,donor,1,Annahmestelle Wien Liesing (23. Bezirk): AfB Shop,"Austria hub, 0% completed, 0 needed",exact
DEU,50.7353,7.1025,donor,981,Labdoo Annahmestelle 53173 Bonn: Ulrich Egger (Hub),"Germany hub, 80% completed, 1291 needed",exact
DEU,50.8032,6.4821,donor,335,Labdoo Annahmestelle 52353 Düren: AfB gGmbH Shop Düren,"Germany hub, 0% completed, 0 needed",exact
DEU,50.9384,6.96,donor,107,Labdoo Annahmestelle 51103 Köln: AfB gGmbH Store Köln,"Germany hub, 0% completed, 0 needed",exact
CHE,46.9878,7.386,donor,0,Annahmestelle 3043 Uettligen (BE),"Switzerland hub, 0% completed, 0 needed",exact
CHE,46.1003,7.7824,donor,3,Annahmestelle 3928 Randa (VS),"Switzerland hub, 0% completed, 0 needed",exact
CHE,46.2913,7.8812,donor,0,GESCHLOSSEN: Annahmestelle 3930 Visp (VS),"Switzerland hub, 0% completed, 0 needed",exact
CHE,47.4993,7.5575,donor,0,GESCHLOSSEN: Annahmestelle 4106 Therwil (BL),"Switzerland hub, 0% completed, 0 needed",exact
CHE,47.4122,8.2302,donor,0,Annahmestelle 5506 Mägenwil (AG),"Switzerland hub, 0% completed, 0 needed",exact
CHE,47.1215,7.9966,donor,0,Annahmestelle 6130 Willisau (LU),"Switzerland hub, 0% completed, 0 needed",exact
CHE,47.4318,8.468,donor,0,GESCHLOSSEN: Annahmestelle 8105 Regensdorf (ZH),"Switzerland hub, 0% completed, 0 needed",exact
CHE,47.4166,8.592,donor,0,GESCHLOSSEN: Annahmestelle 8304 Wallisellen (ZH),"Switzerland hub, 0% completed, 0 needed",exact
CHE,47.3899,8.6905,donor,0,GESCHLOSSEN: Annahmestelle 8604 Volketswil (ZH),"Switzerland hub, 0% completed, 0 needed",exact
CHE,47.0598,8.8035,donor,0,Annahmestelle 8842 Unteriberg (SZ),"Switzerland hub, 0% completed, 0 needed",exact
CHE,47.3339,8.3844,donor,0,Annahmestelle 8966 Oberwil-Lieli (AG),"Switzerland hub, 0% completed, 0 needed",exact
CHE,47.4256,9.3762,donor,0,Annahmestelle 9001 St. Gallen (SG),"Switzerland hub, 0% completed, 0 needed",exact
CHE,47.6464,9.1726,donor,0,Annahmestelle 8280 Kreuzlingen (TG),"Switzerland hub, 0% completed, 0 needed",exact
CHE,47.1402,7.2439,donor,0,Annahmestelle 2500 Biel/Bienne (BE),"Switzerland hub, 0% completed, 0 needed",exact
USA,33.6857,-117.826,donor,95,Labdoo Hub California @PeopleSpace,"United States hub, 0% completed, 0 needed",exact
DEU,51.4696,6.8514,donor,36,Labdoo Annahmestelle 46117 Oberhausen: Ajdin Halilovic,"Germany hub, 0% completed, 0 needed",exact
ESP,41.4599,2.0505,donor,0,Labdoo Hub Casal d'Avis de Valldoreix,"Spain hub, 0% completed, 0 needed",exact
AUT,47.7981,13.0465,donor,0,Annahmestelle Salzburg: Amref Austria,"Austria hub, 0% completed, 0 needed",exact
AUT,47.0709,15.4383,donor,5,Annahmestelle Graz Zentrum,"Austria hub, 0% completed, 0 needed",exact
AUT,47.7791,13.0409,donor,0,Annahmestelle Salzburg-Gneis: Weltladen Salzburg-Gneis,"Austria hub, 0% completed, 0 needed",exact
AUT,47.9568,13.1978,donor,0,Annahmestelle Köstendorf: EZA Fairer Handel,"Austria hub, 0% completed, 0 needed",exact
AUT,47.7981,13.0465,donor,21,Annahmestelle Salzburg: Pfarre Maria-Hilf in Leopoldskron-Moos,"Austria hub, 0% completed, 0 needed",exact
AUT,47.2834,11.4298,donor,5,Annahmestelle Innsbruck:  Mittelschule Olympisches Dorf,"Austria hub, 0% completed, 0 needed",exact
CHE,47.1755,8.8987,donor,0,GESCHLOSSEN: Annahmestelle 8854 Siebnen (SZ),"Switzerland hub, 0% completed, 0 needed",exact
DEU,51.435,6.7596,donor,25,AB Druck & Versand GmbH,"Germany hub, 0% completed, 0 needed",exact
ESP,41.3599,2.0998,donor,0,Labdoo School Hub Barcelona - Institut Pedraforca,"Spain hub, 0% completed, 0 needed",exact
ESP,41.5916,2.2422,donor,25,Labdoo Hub Lliçà de Vall - Obra Tutelar Agraria (OTA),"Spain hub, 100% completed, 24 needed",exact
CHE,46.9412,8.2737,donor,0,Annahmestelle 6055 Alpnach (OW),"Switzerland hub, 0% completed, 0 needed",exact
DEU,50.9929,7.1277,donor,60,Labdoo Annahmestelle 51429 Bergisch Gladbach: Frank Dietz (Freifunk),"Germany hub, 100% completed, 45 needed",exact
COL,40.9224,-1.4997,donor,82,Labdoo Hub Medellín / Divergente,"Colombia hub, 67% completed, 134 needed",exact
CHE,47.3187,7.6698,donor,0,GESCHLOSSEN: Annahmestelle 4500 Solothurn (SO),"Switzerland hub, 0% completed, 0 needed",exact
DEU,48.1371,11.5754,donor,174,Labdoo Annahmestelle 80335 München: Kinder- und Jugendmuseum München [zur Zeit nicht aktiv],"Germany hub, 0% completed, 0 needed",exact
DEU,50.2001,9.14,donor,12,Labdoo Annahmestelle 63584 Gründau-Lieblos: Malteser Hilfsdienst Kreisgeschäftsstelle Main-Kinzig-Kreis,"Germany hub, 0% completed, 0 needed",exact
DEU,51.5142,7.4653,donor,57,Labdoo Annahmestelle 44263 Dortmund (Hub),"Germany hub, 100% completed, 57 needed",exact
DEU,48.248,11.8773,donor,16,Labdoo Annahmestelle 85457 Hofsingelding: Anna Maria Blau (ADIA Erding e.V.),"Germany hub, 0% completed, 0 needed",exact
DEU,50.5542,9.677,donor,4,Labdoo Annahmestelle 36039 Fulda: Malteser Hilfsdienst Diözesangeschäftsstelle,"Germany hub, 0% completed, 0 needed",exact
DEU,50.0949,8.4229,donor,672,Labdoo Annahmestelle 65719 Hofheim am Taunus: Tobias Schmidtke,"Germany hub, 100% completed, 65 needed",exact
LUX,49.8159,6.1297,donor,0,EuropaHub Lux,"Luxembourg hub, 0% completed, 0 needed",exact
ARE,25.0743,55.1885,donor,0,Labdoo Hub Dubai - World Trade Center,"United Arab Emirates hub, 0% completed, 0 needed",exact
CHE,47.4051,8.4031,donor,0,Annahmestelle 8953 Dietikon (ZH),"Switzerland hub, 0% completed, 0 needed",exact
CHE,47.2413,8.7349,donor,0,Annahmestelle 8712 Stäfa (ZH),"Switzerland hub, 0% completed, 0 needed",exact
CHE,47.3497,7.9038,donor,0,GESCHLOSSEN: Annahmestelle 4600 Olten (SO),"Switzerland hub, 0% completed, 0 needed",exact
ESP,41.3464,1.6995,donor,17,Labdoo City Hub Vilafranca del Penedes - Escorxador,"Spain hub, 100% completed, 3 needed",exact
ESP,41.6849,2.2866,donor,0,Labdoo Hub La Garriga - eXplorium,"Spain hub, 0% completed, 0 needed",exact
ESP,41.3826,2.1771,donor,26,Labdoo Hub Barcelona BaseTIS,"Spain hub, 100% completed, 10 needed",exact
CHE,46.9485,7.4522,donor,0,GESCHLOSSEN: Annahmestelle 3027 Bern (BE),"Switzerland hub, 0% completed, 0 needed",exact
ESP,60.3943,5.3259,donor,0,Labdoo Hub Berga - Inforber,"Spain hub, 0% completed, 0 needed",exact
ESP,41.7289,1.8287,donor,0,Labdoo Hub Manresa - Inforber,"Spain hub, 0% completed, 0 needed",exact
DEU,51.2254,6.7763,donor,742,Labdoo Annahmestelle 40233 Düsseldorf - Flingern: AWISTA Kommunal Recyclinghof Flingern,"Germany hub, 0% completed, 0 needed",exact
ESP,39.4697,-0.3763,donor,11,Labdoo Hub Valencia - Antiguos Alumnos UPV,"Spain hub, 0% completed, 0 needed",exact
DEU,52.3716,12.9329,donor,45,Labdoo Annahmestelle 14542 Werder: Jürgen Weinreich,"Germany hub, 100% completed, 13 needed",exact
CHE,48.3658,7.293,donor,0,Annahmestelle 4226 Breitenbach (SO),"Switzerland hub, 0% completed, 0 needed",exact
USA,42.2586,-87.8407,donor,48,TechAnnex,"United States hub, 100% completed, 3 needed",exact
DEU,51.435,6.7596,donor,42,Labdoo Annahmestelle 47167 Duisburg Röttgersbach: Recyclingzentrum Nord Wirtschaftsbetriebe Duisburg,"Germany hub, 0% completed, 0 needed",exact
DEU,51.435,6.7596,donor,19,Labdoo Annahmestelle 47053 Duisburg Hochfeld: Recyclinghof Mitte Wirtschaftsbetriebe Duisburg / R(h)einladen,"Germany hub, 0% completed, 0 needed",exact
DEU,51.435,6.7596,donor,402,Labdoo Annahmestelle 47059 Duisburg - Innenhafen: Wirtschaftsbetriebe Duisburg (H2Office),"Germany hub, 0% completed, 0 needed",exact
ESP,41.608,2.2876,donor,20,Labdoo Hub Granollers - Educem,"Spain hub, 100% completed, 12 needed",exact
GRC,33.9598,-83.3764,donor,0,Labdoo Hub Athens,"Greece hub, 0% completed, 5 needed",exact
USA,34.0554,-117.7517,donor,9,"Labdoo Hub California Polytechnic State University, Pomona","United States hub, 0% completed, 0 needed",exact
ESP,41.3464,1.6995,donor,3,Labdoo School Hub Vilafranca - Col·legi Sant Josep,"Spain hub, 100% completed, 3 needed",exact
DOM,18.4937,-69.8384,donor,0,Labdoo Hub Santo Domingo (Dominican Republic),"Dominican Republic hub, 0% completed, 0 needed",exact
NZL,-36.8521,174.7632,donor,184,Labdoo Hub Auckland,"New Zealand hub, 75% completed, 288 needed",exact
NLD,52.3731,4.8925,donor,0,Labdoo Hub Amsterdam,"Netherlands hub, 0% completed, 0 needed",exact
ESP,41.3464,1.6995,donor,32,Labdoo City Hub Vilafranca del Penedes - Biblioteca Torras i Bages,"Spain hub, 0% completed, 0 needed",exact
CHE,47.3927,8.0444,donor,0,GESCHLOSSEN: Annahmestelle 5000 Aarau (AG),"Switzerland hub, 0% completed, 0 needed",exact
CHE,47.4309,8.5589,donor,0,GESCHLOSSEN: Annahmestelle 8152 Glattbrugg (ZH),"Switzerland hub, 0% completed, 0 needed",exact
HKG,22.2793,114.1629,donor,22,Labdoo Hub Hong Kong - Central,"Hong Kong S.A.R., China hub, 53% completed, 45 needed",exact
DEU,51.1982,6.6916,donor,15,Neukirchener Erziehungsverein,"Germany hub, 0% completed, 0 needed",exact
DEU,51.4414,6.5468,donor,1,Labdoo Annahmestelle 47506 Neukirchen-Vluyn: Neukirchener Erziehungsverein,"Germany hub, 0% completed, 0 needed",exact
CHE,46.8895,7.311,donor,0,GESCHLOSSEN: Annahmestelle 3175 Flamatt (FR),"Switzerland hub, 0% completed, 0 needed",exact
AUT,46.6239,14.3076,donor,0,Annahmestelle AfB Klagenfurt,"Austria hub, 0% completed, 0 needed",exact
USA,37.3362,-121.8906,donor,0,Labdoo Hub Melody Semiconductors,"United States hub, 0% completed, 0 needed",exact
USA,37.4443,-122.1598,donor,9,Labdoo Hub-Palo Alto,"United States hub, 0% completed, 0 needed",exact
ESP,41.3826,2.1771,donor,14,Labdoo Hub - Associació Catalana d’Enginyers de Telecomunicació,"Spain hub, 0% completed, 0 needed",exact
DEU,50.0172,8.7843,donor,9,Labdoo Annahmestelle 63128 Dietzenbach: Amira Bieber,"Germany hub, 0% completed, 0 needed",exact
DEU,49.3424,8.6595,donor,338,Labdoo Annahmestelle 69207 Sandhausen / Rhein-Neckar: Heinrich Wegener (Hub),"Germany hub, 100% completed, 129 needed",exact
AUT,0.0,0.0,donor,6,Annahmestelle Rossmann,"Austria hub, 0% completed, 0 needed",exact
ESP,41.4536,1.7017,donor,0,Labdoo City Hub Sant Pere de Riudebitlles - Biblioteca Maria Àngels Torrents,"Spain hub, 0% completed, 0 needed",exact
ESP,41.4628,1.6652,donor,0,Labdoo City Hub Sant Quintí de Mediona - Biblioteca Joan Sardà i Lloret,"Spain hub, 0% completed, 0 needed",exact
ESP,41.4245,1.7864,donor,0,Labdoo City Hub Sant Sadurní d’Anoia - Biblioteca Ramon Bosch de Noya,"Spain hub, 0% completed, 0 needed",exact
ESP,41.3213,1.6624,donor,16,Labdoo City Hub Santa Margarida i els Monjos - Biblioteca Santa Margarida i els Monjos,"Spain hub, 0% completed, 0 needed",exact
ESP,41.2619,1.7721,donor,4,Labdoo City Hub Sant Pere de Ribes - Biblioteca Manuel de Pedrolo,"Spain hub, 0% completed, 0 needed",exact
ESP,41.2619,1.7721,donor,3,Labdoo City Hub Sant Pere de Ribes - Biblioteca Josep Pla,"Spain hub, 0% completed, 0 needed",exact
ESP,41.2367,1.8228,donor,0,Labdoo City Hub Sitges - Biblioteca Santiago Rusiñol,"Spain hub, 0% completed, 0 needed",exact
ESP,41.2367,1.8228,donor,2,Labdoo City Hub Sitges - Biblioteca Josep Roig i Raventós,"Spain hub, 0% completed, 0 needed",exact
ESP,41.2242,1.7256,donor,2,Labdoo City Hub Vilanova i la Geltrú - Biblioteca Joan Oliva i Milà,"Spain hub, 0% completed, 0 needed",exact
ESP,41.2242,1.7256,donor,4,Labdoo City Hub Vilanova i la Geltrú - Biblioteca Armand Cardona Torrandell,"Spain hub, 0% completed, 0 needed",exact
ESP,41.3464,1.6995,donor,0,Labdoo Mobile Hub Vilafranca del Penedes - BIBLIOBUS CASTELLOT,"Spain hub, 0% completed, 0 needed",exact
ESP,41.3464,1.6995,donor,0,Labdoo Mobile Hub Vilafranca del Penedes - BIBLIOBUS MONTAU,"Spain hub, 0% completed, 0 needed",exact
AUT,48.2044,15.6229,donor,15,"EVI  Naturkost, Laptopsammelstelle und Restaurant","Austria hub, 0% completed, 0 needed",exact
AUT,47.2922,9.6535,donor,0,Labdoo Hub Vorarlberg,"Austria hub, 0% completed, 2 needed",exact
VEN,9.7423,-63.1889,donor,0,Labdoo Hub Venezuela - Maturin,"Venezuela hub, 0% completed, 0 needed",exact
DEU,51.1982,6.6916,donor,29,Labdoo Annahmestelle 41460 Neuss:  SPD Geschäftsstelle Neuss,"Germany hub, 0% completed, 0 needed",exact
DEU,51.1584,8.3744,donor,41,WEISELBERG e.V.,"Germany hub, 66% completed, 63 needed",exact
CHE,47.4256,9.3762,donor,0,"GESCHLOSSEN: Annahmestelle 9001 St. Gallen (SG), Bahnhof","Switzerland hub, 0% completed, 0 needed",exact
CHE,47.671,8.6351,donor,0,GESCHLOSSEN: Annahmestelle 8248 Uhwiesen (ZH),"Switzerland hub, 0% completed, 0 needed",exact
ESP,41.3826,2.1771,donor,87,Escola Monlau,"Spain hub, 100% completed, 30 needed",exact
ESP,42.194,-7.5371,donor,5,Labdoo School Hub Ourense - CIFP A Carballeira-Márcos Valcarcel,"Spain hub, 46% completed, 15 needed",exact
USA,44.0143,-73.1672,donor,0,Middlebury College Laptop Hub,"United States hub, 0% completed, 0 needed",exact
ESP,41.4728,2.0818,donor,1111,Labdoo City Hub Sant Cugat,"Spain hub, 50% completed, 2876 needed",exact
CHE,47.3656,8.782,donor,0,Annahmestelle 8808 Pfäffikon (SZ),"Switzerland hub, 0% completed, 0 needed",exact
GBR,51.752,-1.2578,donor,34,Labdoo Hub Oxford,"United Kingdom hub, 23% completed, 153 needed",exact
USA,33.6857,-117.826,donor,3,WeServe Leadership Program,"United States hub, 10% completed, 30 needed",exact
ESP,40.4168,-3.7035,donor,30,Labdoo School Hub Madrid - IES Arquitecto Ventura Rodríguez,"Spain hub, 100% completed, 16 needed",exact
ESP,38.8782,-6.9701,donor,0,IES Castelar (Badajoz),"Spain hub, 0% completed, 0 needed",exact
CHE,47.3339,8.3844,donor,0,ZENTRALLAGER und Aufbereitungsstelle: 8966 Oberwil-Lieli (AG),"Switzerland hub, 0% completed, 0 needed",exact
GBR,52.3062,-0.1006,donor,0,Labdoo Hub Cambridge,"United Kingdom hub, 0% completed, 0 needed",exact
CHE,47.3683,8.8234,donor,0,Annahmestelle 8335 Hittnau (ZH),"Switzerland hub, 0% completed, 0 needed",exact
ESP,41.2242,1.7256,donor,1,Labdoo School Hub Vilanova - Institut Municipal d'Educació i Treball (IMET),"Spain hub, 0% completed, 0 needed",exact
ESP,43.263,-2.935,donor,0,CIFP Elorrieta Erreka Mari,"Spain hub, 0% completed, 0 needed",exact
ROU,-12.9792,-44.0506,donor,0,Romania Santana Liceul Technologie 'Stefan Hell',"Romania hub, 0% completed, 0 needed",exact
MNG,47.9185,106.9177,donor,31,Labdoo Hub Ulaanbaatar,"Mongolia hub, 56% completed, 55 needed",exact
ESP,41.491,2.1375,donor,0,Labdoo School Hub Cerdanyola - FEDAC,"Spain hub, 0% completed, 0 needed",exact
ESP,31.2715,-95.9953,donor,1,Labdoo Dropping Point Leon España,"Spain hub, 0% completed, 0 needed",exact
DEU,48.1371,11.5754,donor,311,Labdoo Annahmestelle 81245 München: Pasing,"Germany hub, 100% completed, 9 needed",exact
CHE,46.5349,6.5928,donor,0,GESCHLOSSEN/FERME: Annahmestelle 1020 Renens (VD),"Switzerland hub, 0% completed, 0 needed",exact
DEU,51.4818,7.2197,donor,19,Labdoo Annahmestelle 44799 Bochum: Center for Advanced Internet Studies (CAIS) gGmbH,"Germany hub, 0% completed, 0 needed",exact
ESP,41.3464,1.6995,donor,155,Labdoo School Hub Vilafranca - Institut Alt Penedès,"Spain hub, 100% completed, 142 needed",exact
ESP,28.5233,-16.3408,donor,0,Labdoo Hub Canary Islands - Tegueste,"Spain hub, 0% completed, 0 needed",exact
ESP,41.4494,2.2483,donor,0,Labdoo Hub Badalona - Plaça de Carme Guasch,"Spain hub, 0% completed, 0 needed",exact
DEU,53.0758,8.8072,donor,7,Labdoo Annahmestelle 28215 Bremen Findorff (Ajimba African Tours),"Germany hub, 0% completed, 0 needed",exact
USA,37.3362,-121.8906,donor,14,Labdoo Hub Sewa Bay Area,"United States hub, 28% completed, 50 needed",exact
CHE,47.5124,7.7655,donor,0,GESCHLOSSEN: Annahmestelle 4422 Arisdorf (BL),"Switzerland hub, 0% completed, 0 needed",exact
CHE,46.7254,7.6201,donor,0,GESCHLOSSEN: Annahmestelle 3645 Gwatt/Thun (BE),"Switzerland hub, 0% completed, 0 needed",exact
CHE,47.4803,9.5368,donor,0,GESCHLOSSEN: Annahmestelle 9422 Staad/Thal (SG),"Switzerland hub, 0% completed, 0 needed",exact
ROU,47.2628,22.1301,donor,0,Romania Oradea - Saniob,"Romania hub, 0% completed, 0 needed",exact
GBR,50.8215,-0.1401,donor,12,Revive: University of Sussex Enactus Hub,"United Kingdom hub, 48% completed, 25 needed",exact
ESP,41.3826,2.1771,donor,4,Labdoo School Hub Barcelona - Institut Joan d'Àustria,"Spain hub, 100% completed, 4 needed",exact
CHE,47.3075,8.5546,donor,0,Annahmestelle 8803 Rüschlikon (ZH),"Switzerland hub, 0% completed, 0 needed",exact
CHE,47.3744,8.541,donor,0,"Annahmestelle 8048 Zürich (ZH), Altstetten","Switzerland hub, 0% completed, 0 needed",exact
USA,40.7455,-73.9485,donor,0,Labdoo Hub Long Island City - New York,"United States hub, 0% completed, 0 needed",exact
ESP,37.0184,-4.5597,donor,0,IES. Los Colegiales. Antequera.,"Spain hub, 0% completed, 0 needed",exact
DEU,48.1371,11.5754,donor,217,Labdoo Annahmestelle 80796 München: Schwabing-West,"Germany hub, 100% completed, 126 needed",exact
ESP,41.4409,1.8634,donor,0,Labdoo School Hub Gelida - Institut Gelida,"Spain hub, 0% completed, 0 needed",exact
DEU,51.3158,9.4978,donor,96,Labdoo Annahmestelle 34134 Kassel (Hub),"Germany hub, 100% completed, 42 needed",exact
DEU,53.5998,9.4754,donor,348,Labdoo Annahmestelle 21680 Stade (Hub),"Germany hub, 100% completed, 198 needed",exact
ESP,41.2083,1.6731,donor,2,Labdoo City Hub Cubelles - Deixalleria,"Spain hub, 0% completed, 0 needed",exact
ESP,41.2083,1.6731,donor,2,Labdoo City Hub Cubelles - Biblioteca Municipal Mn Joan Avinyo i Andreu de Cubelles,"Spain hub, 0% completed, 0 needed",exact
ESP,41.2083,1.6731,donor,10,Labdoo City Hub Cubelles - Centre Social Ajuntament de Cubelles,"Spain hub, 100% completed, 1 needed",exact
ESP,41.9793,2.8199,donor,115,Labdoo Hub Girona - Avgda Lluís Pericot,"Spain hub, 81% completed, 160 needed",exact
ESP,41.608,2.2876,donor,2,Labdoo School Hub Granollers - Escola Pia,"Spain hub, 10% completed, 20 needed",exact
GBR,51.3397,0.7342,donor,0,Labdoo Hub Sittingbourne -  The Swale Labdoo Hub,"United Kingdom hub, 0% completed, 0 needed",exact
DEU,53.891,11.4648,donor,14,Labdoo Annahmestelle 23968 Wismar - Wendorf,"Germany hub, 0% completed, 0 needed",exact
USA,40.7127,-74.006,donor,3,Labdoo Hub Soho  - New York,"United States hub, 0% completed, 0 needed",exact
ESP,41.4728,2.0818,donor,64,Labdoo School Hub Sant Cugat - Aula de So,"Spain hub, 73% completed, 100 needed",exact
ESP,41.3826,2.1771,donor,4,Labdoo Hub Barcelona - Probike,"Spain hub, 0% completed, 0 needed",exact
CHE,47.4992,8.7291,donor,0,GESCHLOSSEN: Annahmestelle 8404 Winterthur (ZH),"Switzerland hub, 0% completed, 0 needed",exact
ESP,41.3777,2.09,donor,9,Labdoo Hub - Esplugues de Llobregat,"Spain hub, 0% completed, 0 needed",exact
KEN,-4.2945,39.5712,donor,100,Hub Ukunda UJUZI na UFUNDI Vocational Training Institute in Cooperation with Humanitas activa,"Kenya hub, 96% completed, 104 needed",exact
GEO,41.6935,44.8014,donor,0,Tblisi,"Georgia hub, 0% completed, 0 needed",exact
CHE,46.8064,9.2581,donor,0,Annahmestelle 7031 Laax (GR),"Switzerland hub, 0% completed, 0 needed",exact
ESP,0.0,0.0,donor,52,Labdoo City Hub Vilafranca del Penedès - La Nau,"Spain hub, 100% completed, 8 needed",exact
DEU,51.3406,12.3747,donor,69,Labdoo Annahmestelle 04229 Leipzig: DATA REVERSE,"Germany hub, 0% completed, 0 needed",exact
CHE,47.4053,9.6356,donor,0,Annahmestelle 9443 Widnau (SG),"Switzerland hub, 0% completed, 0 needed",exact
ESP,41.1172,1.2546,donor,49,URV-MongolRally-GoCharlieGo,"Spain hub, 100% completed, 17 needed",exact
ESP,41.9793,2.8199,donor,17,Labdoo Hub Girona @ Gimnàs Escola Avança,"Spain hub, 0% completed, 0 needed",exact
ESP,41.3826,2.1771,donor,114,Labdoo Hub Casa Orlandai,"Spain hub, 0% completed, 0 needed",exact
DEU,53.5502,10.0013,donor,69,Labdoo Annahmestelle 20146 Hamburg - Rotherbaum: Daniel Heydebreck am DKRZ [selten geöffnet],"Germany hub, 0% completed, 0 needed",exact
ESP,40.4168,-3.7035,donor,32,Labdoo Hub Madrid - IES Clara del Rey,"Spain hub, 100% completed, 31 needed",exact
CHE,47.3528,8.3701,donor,0,Annahmestelle 8965 Berikon (AG),"Switzerland hub, 0% completed, 0 needed",exact
CHE,47.408,9.4651,donor,0,Annahmestelle 9043 Trogen (AR),"Switzerland hub, 0% completed, 0 needed",exact
ESP,41.4728,2.0818,donor,1,Labdoo City Hub Sant Cugat - Ambiteca,"Spain hub, 10% completed, 40 needed",exact
ESP,41.4728,2.0818,donor,1,Labdoo School Hub Sant Cugat - Escola Santa Isabel,"Spain hub, 0% completed, 0 needed",exact
ESP,41.3826,2.1771,donor,51,Labdoo Hub AUCOOP UPC,"Spain hub, 76% completed, 107 needed",exact
IND,28.6139,77.209,donor,2,Labdoo Hub New Delhi,"India hub, 13% completed, 15 needed",exact
FIN,60.205,24.656,donor,0,Labdoo Hub Espoo,"Finland hub, 0% completed, 0 needed",exact
BEL,50.8792,4.7012,donor,7,Labdoo Hub Leuven,"Belgium hub, 11% completed, 63 needed",exact
CHE,47.5075,8.0203,donor,0,GESCHLOSSEN: Annahmestelle 5070 Frick (AG),"Switzerland hub, 0% completed, 0 needed",exact
DEU,52.0191,8.531,donor,75,Labdoo Annahmestelle 33609 Bielefeld: SeedCom Ltd,"Germany hub, 0% completed, 0 needed",exact
CHE,47.6055,7.5697,donor,0,GESCHLOSSEN: Annahmestelle 6025 Neudorf (LU),"Switzerland hub, 0% completed, 0 needed",exact
ESP,41.4728,2.0818,donor,0,Explorium,"Spain hub, 0% completed, 0 needed",exact
ESP,41.4728,2.0818,donor,9,Labdoo City Hub Sant Cugat del Vallès - Biblioteca Mira-sol Marta Pessarrodona,"Spain hub, 0% completed, 0 needed",exact
ESP,41.4728,2.0818,donor,1,"Labdoo City Hub Sant Cugat del Vallès - Biblioteca Miquel Batllori, Volpelleres.","Spain hub, 0% completed, 0 needed",exact
CHE,46.9485,7.4522,donor,0,GESCHLOSSEN: Annahmestelle 3007 Bern (BE),"Switzerland hub, 0% completed, 0 needed",exact
CHE,46.2319,9.0673,donor,0,GESCHLOSSEN: Annahmestelle 6533 Lumino (TI),"Switzerland hub, 0% completed, 0 needed",exact
ESP,41.1172,1.2546,donor,10,Punt de recollida Labdoo- CRAI URV Campus Catalunya (Tarragona),"Spain hub, 0% completed, 0 needed",exact
ESP,41.3826,2.1771,donor,6,Labdoo School Hub  Barcelona -  Aula 19 Centre de Formació,"Spain hub, 73% completed, 30 needed",exact
ESP,41.1172,1.2546,donor,16,Punt de recollida Labdoo- CRAI URV Campus Sescelades (Tarragona),"Spain hub, 100% completed, 4 needed",exact
ESP,41.1172,1.2546,donor,14,Hub Universitat Rovira i Virgili (URV),"Spain hub, 52% completed, 46 needed",exact
ESP,40.811,0.5209,donor,0,Punt de recollida Labdoo- CRAI URV Campus Terres de l’Ebre (Tortosa),"Spain hub, 0% completed, 0 needed",exact
ESP,41.1816,1.523,donor,0,Punt de recollida Labdoo- CRAI URV Campus Baix Penedès (Vendrell),"Spain hub, 0% completed, 0 needed",exact
ESP,41.1556,1.1076,donor,0,Punt de recollida Labdoo- CRAI URV Campus Bellissens (Reus),"Spain hub, 0% completed, 0 needed",exact
ESP,41.1556,1.1076,donor,0,Punt de recollida Labdoo- CRAI URV Campus Medicina (Reus),"Spain hub, 0% completed, 0 needed",exact
ESP,41.1172,1.2546,donor,34,Punt de recollida Labdoo- URV Solidària (Tarragona),"Spain hub, 74% completed, 81 needed",exact
ESP,41.1109,1.145,donor,0,Punt de recollida Labdoo- CRAI URV Campus Vila-seca,"Spain hub, 0% completed, 0 needed",exact
ESP,41.3826,2.1771,donor,194,Labdoo Hub Barcelona - Foundawtion,"Spain hub, 100% completed, 90 needed",exact
DEU,53.6288,11.4148,donor,0,Labdoo Annahmestelle 19055 Schwerin: Computer Studio GmbH Mecklenburg,"Germany hub, 0% completed, 0 needed",exact
ESP,41.4728,2.0818,donor,34,Labdoo School Hub Sant Cugat - Institut Angeleta Ferrer i Sensat,"Spain hub, 67% completed, 52 needed",exact
ESP,41.4728,2.0818,donor,187,Labdoo School Hub Sant Cugat - Institut FP Sant Cugat,"Spain hub, 100% completed, 10 needed",exact
DEU,50.9384,6.96,donor,31,Labdoo Annahmestelle 50737 Köln: KABRO Motorradtechnik,"Germany hub, 0% completed, 0 needed",exact
DEU,50.1106,8.6821,donor,29,Labdoo Annahmestelle 60489 Frankfurt am Main (Rödelheim): Chris Neygandhi,"Germany hub, 0% completed, 0 needed",exact
ESP,41.563,2.01,donor,57,Labdoo Hub Terrassa - Paisalanes,"Spain hub, 78% completed, 89 needed",exact
ESP,41.3826,2.1771,donor,66,Labdoo Hub - Acollida de persones refugiades a Catalunya (COVID-19-CAT),"Spain hub, 83% completed, 92 needed",exact
ESP,41.4728,2.0818,donor,2,Labdoo School Hub Sant Cugat - Escola Pi d'en Xandri,"Spain hub, 0% completed, 0 needed",exact
DEU,50.0949,8.0437,donor,19,Labdoo Annahmestelle 65388 Schlangenbad: Carola Bill,"Germany hub, 0% completed, 0 needed",exact
DEU,50.7977,7.5746,donor,3,Labdoo Annahmestelle 51570 Rhein-Sieg-Oberberg: Sascha Mantscheff (Hub),"Germany hub, 0% completed, 0 needed",exact
USA,33.917,-117.8889,donor,62,Labdoo Hub CEWS (Corporate eWaste Solutions),"United States hub, 100% completed, 10 needed",exact
DEU,53.6288,11.4148,donor,13,Labdoo Annahmestelle 19053 Schwerin: Perfectum Computersysteme,"Germany hub, 0% completed, 0 needed",exact
ESP,42.118,2.7654,donor,63,Banyoles City Hub,"Spain hub, 100% completed, 34 needed",exact
DEU,50.6209,11.4309,donor,411,Labdoo Annahmestelle 07338 Kaulsdorf: Axel Brümmer,"Germany hub, 59% completed, 689 needed",exact
USA,25.7742,-80.1936,donor,72,Labdoo Hub Miami,"United States hub, 33% completed, 222 needed",exact
ESP,41.3485,2.0723,donor,52,Labdoo School Hub Cornellà - Fundació El Llindar,"Spain hub, 100% completed, 1 needed",exact
ESP,41.4728,2.0818,donor,0,Labdoo  School Hub Sant Cugat - PFI-PTT Sant Cugat del Vallès,"Spain hub, 0% completed, 0 needed",exact
DEU,50.9571,14.0308,donor,16,Labdoo Annahmestelle 01829 Stadt Wehlen: Michael Klix,"Germany hub, 100% completed, 4 needed",exact
ESP,36.7213,-4.4216,donor,15,Labdoo Hub Malaga - Asociación Chavorrillos Asperones UMA,"Spain hub, 81% completed, 100 needed",exact
ESP,39.4697,-0.3763,donor,0,Labdoo Hub Valencia - Barrio Patraix,"Spain hub, 0% completed, 0 needed",exact
ESP,39.4697,-0.3763,donor,0,Labdoo Hub Valencia cg,"Spain hub, 0% completed, 0 needed",exact
ESP,43.5011,-8.1923,donor,0,Narón - La Coruña,"Spain hub, 0% completed, 0 needed",exact
ESP,38.5679,-0.2122,donor,0,Labdoo Hub - Finestrat - Sally Farrera,"Spain hub, 0% completed, 0 needed",exact
ESP,36.4866,-4.9905,donor,0,San Pedro Alcántara,"Spain hub, 0% completed, 0 needed",exact
ESP,39.4697,-0.3763,donor,0,Labdoo Hub Valencia - costa,"Spain hub, 0% completed, 0 needed",exact
ESP,43.5011,-8.1923,donor,0,Narón - La Coruña,"Spain hub, 0% completed, 0 needed",exact
ESP,38.5679,-0.2122,donor,0,Finestrat,"Spain hub, 0% completed, 0 needed",exact
ESP,42.118,2.7654,donor,43,Institut Pere Alsius,"Spain hub, 0% completed, 0 needed",exact
ESP,42.118,2.7654,donor,1,Punt Òmnia de Banyoles,"Spain hub, 0% completed, 0 needed",exact
DEU,53.5502,10.0013,donor,0,Labdoo Annahmestelle 22607 Hamburg - Groß Flottbek: Jacques Weindepot,"Germany hub, 0% completed, 0 needed",exact
DEU,53.0758,8.8072,donor,9,Labdoo Annahmestelle 28203 Bremen: Helmut R Werner,"Germany hub, 0% completed, 0 needed",exact
ESP,39.5659,-0.5303,donor,0,Labdoo Hub La Eliana - València,"Spain hub, 0% completed, 0 needed",exact
DEU,51.3879,7.3952,donor,17,Labdoo Annahmestelle 58300 Volmarstein: Berufsbildungswerk Volmarstein,"Germany hub, 100% completed, 1 needed",exact
ESP,42.118,2.7654,donor,3,Banyoles - Oficina Jove Cal Drac,"Spain hub, 0% completed, 0 needed",exact
ESP,42.118,2.7654,donor,0,Institut Josep Brugulat,"Spain hub, 0% completed, 0 needed",exact
ESP,42.118,2.7654,donor,2,Institut Pla de l'Estany,"Spain hub, 0% completed, 0 needed",exact
DEU,51.2254,6.7763,donor,95,Labdoo Annahmestelle 40223 Düsseldorf - Bilk / Südring: Jacques Weindepot,"Germany hub, 0% completed, 0 needed",exact
ESP,41.7289,1.8287,donor,0,Labdoo Hub Manresa - Xup Wadea,"Spain hub, 0% completed, 0 needed",exact
ESP,40.9652,-5.664,donor,0,Salamanca,"Spain hub, 0% completed, 0 needed",exact
ESP,41.6419,2.4026,donor,5,"City Hub Llinars del Vallès, Can Lletres","Spain hub, 27% completed, 70 needed",exact
ESP,42.1464,1.8606,donor,0,Labdoo Hub Cercs,"Spain hub, 0% completed, 0 needed",exact
DEU,49.937,8.7449,donor,8,Labdoo Annahmestelle 64409 Messel: SOCIALARTS E.V. & PROJEKTFABRIK gGmbH,"Germany hub, 0% completed, 0 needed",exact
ESP,42.1356,1.9941,donor,0,Labdoo hub Borredà,"Spain hub, 0% completed, 0 needed",exact
ESP,41.7289,1.8287,donor,0,Labdoo Hub Manresa - Aliehs,"Spain hub, 0% completed, 0 needed",exact
ESP,41.6419,2.4026,donor,0,Labdoo City Hub Llinars del Vallès - Biblioteca Can Casas,"Spain hub, 0% completed, 0 needed",exact
ESP,41.6419,2.4026,donor,0,Labdoo Hub Llinars del Vallès - Escola Ginebró,"Spain hub, 0% completed, 0 needed",exact
ESP,41.3826,2.1771,donor,25,Labdoo Hub Centre Ocupacional Taller Sant Camil,"Spain hub, 0% completed, 0 needed",exact
ESP,40.4168,-3.7035,donor,404,Labdoo Hub Madrid Futuro,"Spain hub, 82% completed, 490 needed",exact
ESP,41.608,2.2876,donor,33,Labdoo City Hub Granollers,"Spain hub, 23% completed, 138 needed",exact
DEU,48.3985,9.9912,donor,93,Labdoo Annahmestelle 89073 Ulm: Ulmer Weltladen,"Germany hub, 0% completed, 0 needed",exact
DEU,49.7045,9.6537,donor,82,Labdoo Annahmestelle 97277 Main-Tauber: Sambia e.V. Neubrunn-Böttigheim,"Germany hub, 100% completed, 21 needed",exact
DEU,50.5809,8.6938,donor,34,Labdoo Annahmestelle 35396 Gießen: IG Metall Geschäftsstelle Mittelhessen,"Germany hub, 0% completed, 0 needed",exact
ESP,41.5398,2.4449,donor,0,Labdoo School Hub Mataró - Institut Damià Campeny,"Spain hub, 0% completed, 0 needed",exact
CHE,47.3552,7.9999,donor,0,GESCHLOSSEN: Annahmestelle 5014 Gretzenbach (SO),"Switzerland hub, 0% completed, 0 needed",exact
ESP,40.4168,-3.7035,donor,24,Labdoo Hub Madrid - Universidad Complutense,"Spain hub, 37% completed, 64 needed",exact
DEU,50.9384,6.96,donor,14,Labdoo Annahmestelle 50678 Köln: Railslove GmbH,"Germany hub, 0% completed, 0 needed",exact
ESP,41.5461,2.1083,donor,211,Labdoo Hub Sabadell,"Spain hub, 53% completed, 489 needed",exact
DEU,50.7353,7.1025,donor,5,Labdoo Annahmestelle 53125 Bonn: Björn Wetzel,"Germany hub, 100% completed, 2 needed",exact
DEU,50.9384,6.96,donor,2,Labdoo Annahmestelle 50968 Köln: Alexander Artz Kibera Hope Academy gUG,"Germany hub, 0% completed, 0 needed",exact
DEU,48.4638,8.4112,donor,12,Labdoo Annahmestelle 72250 Freudenstadt: AVIA Freudenstadt,"Germany hub, 0% completed, 0 needed",exact
DEU,48.4638,8.4112,donor,33,Labdoo Annahmestelle 72250 Freudenstadt: Oest Tankstellen GmbH & Co. KG (Hub),"Germany hub, 0% completed, 0 needed",exact
DEU,48.3503,8.5079,donor,0,Labdoo Annahmestelle 72175 Dornham: AVIA Dornhan,"Germany hub, 0% completed, 0 needed",exact
DEU,48.5658,8.1521,donor,0,Labdoo Annahmestelle 77883 Ottenhöfen: AVIA Ottenhöfen,"Germany hub, 0% completed, 0 needed",exact
DEU,48.3138,8.5703,donor,0,Labdoo Annahmestelle 78727 Oberndorf: AVIA Oberndorf,"Germany hub, 0% completed, 0 needed",exact
ESP,41.5398,2.4449,donor,0,Labdoo City Hub Mataró - Biblioteca Antoni Comas,"Spain hub, 0% completed, 0 needed",exact
ESP,41.5398,2.4449,donor,1,Labdoo City Hub Mataró - Biblioteca Pompeu Fabra,"Spain hub, 0% completed, 0 needed",exact
ESP,41.9793,2.8199,donor,10,Labdoo Hub Girona - OIKIA,"Spain hub, 57% completed, 21 needed",exact
DEU,48.0662,11.6102,donor,73,Labdoo Annahmestelle 82008 Unterhaching [zur Zeit geschlossen],"Germany hub, 0% completed, 0 needed",exact
DEU,47.8119,10.8972,donor,15,Labdoo Annahmestelle 86956 Schongau,"Germany hub, 0% completed, 0 needed",exact
DEU,48.1371,11.5754,donor,156,Labdoo Annahmestelle 81541 München: Giesing,"Germany hub, 100% completed, 13 needed",exact
ESP,41.7289,1.8287,donor,0,"Labdoo School Hub - Institut Cal Gravat, Manresa","Spain hub, 0% completed, 0 needed",exact
DEU,53.5502,10.0013,donor,786,Labdoo Annahmestelle 22999 Hamburg: Winterhude [Hub],"Germany hub, 59% completed, 1737 needed",exact
DEU,51.1638,10.4478,donor,21,Labdoo.org (Deutschland),"Germany hub, 100% completed, 21 needed",exact
ESP,41.2367,1.8228,donor,0,Hub Labdoo Sitges,"Spain hub, 0% completed, 0 needed",exact
ESP,41.4728,2.0818,donor,0,Punt de Recollida Labdoo - 021 Informàtics,"Spain hub, 0% completed, 0 needed",exact
ESP,41.5461,2.1083,donor,2,Labdoo Hub Sabadell - Clarence House,"Spain hub, 0% completed, 0 needed",exact
ZAF,-26.1311,27.9622,donor,0,Labdoo Hub Johannesburg - Jumpstart,"South Africa hub, 0% completed, 0 needed",exact
DEU,53.5502,10.0013,donor,13,[Inactive] Labdoo Annahmestelle 20099 Hamburg - Sankt Georg [zur Zeit geschlossen],"Germany hub, 0% completed, 0 needed",exact
DEU,47.9568,7.7497,donor,7,Labdoo Annahmestelle 79227 Schallstadt: Simon Mittelstädt,"Germany hub, 0% completed, 0 needed",exact
ESP,60.3943,5.3259,donor,0,HUB Berga,"Spain hub, 0% completed, 0 needed",exact
ESP,40.54,-3.6358,donor,278,Labdoo Hub Madrid - Indra,"Spain hub, 84% completed, 357 needed",exact
DEU,51.4273,6.8829,donor,0,Zentrale Zustelladresse (Zentrallager Labdoo Deutschland),"Germany hub, 0% completed, 0 needed",exact
USA,25.6968,-80.1635,donor,17,Labdoo Hub Key Biscayne,"United States hub, 11% completed, 155 needed",exact
USA,25.8901,-80.1867,donor,6,Labdoo Hub North Miami,"United States hub, 0% completed, 0 needed",exact
DEU,53.5502,10.0013,donor,22,Labdoo Annahmestelle 22527 Hamburg - Eimsbüttel,"Germany hub, 0% completed, 0 needed",exact
ESP,41.5398,2.4449,donor,0,Labdoo Hub Mataró - Sant Pau,"Spain hub, 0% completed, 0 needed",exact
DEU,52.5174,13.3951,donor,42,Labdoo Annahmestelle 10999 Berlin: bUm GmbH,"Germany hub, 0% completed, 0 needed",exact
DEU,53.4901,10.375,donor,6,Labdoo Annahmestelle 21521 Dassendorf: Durchblick die Lernpraxis,"Germany hub, 0% completed, 0 needed",exact
ESP,40.4168,-3.7035,donor,9,Facultad de Informática - Universidad Complutense,"Spain hub, 34% completed, 55 needed",exact
ESP,40.4168,-3.7035,donor,0,Servicios Informáticos/Unidad de Medioambiente,"Spain hub, 0% completed, 0 needed",exact
ESP,40.4168,-3.7035,donor,0,Labdoo  Hub Madrid: Oficina OVUS en Facultad de Trabajo Social,"Spain hub, 0% completed, 0 needed",exact
GTM,15.5856,-90.3458,donor,0,Labdoo Hub Guatemala - Bibliotecas Comunitarias de Guatemala,"Guatemala hub, 0% completed, 0 needed",exact
FRA,48.8535,2.3484,donor,6,Labdoo Hub Paris - 18ème arrondissement,"France hub, 2% completed, 277 needed",exact
DEU,50.1106,8.6821,donor,11,Labdoo Annahmestelle 60388 Frankfurt Enkheim: Angelika Stryzhych,"Germany hub, 0% completed, 0 needed",exact
DEU,51.221,6.9056,donor,28,Labdoo Annahmestelle 40699 Erkrath: Abfallberatung Schimmelbuschstraße,"Germany hub, 0% completed, 0 needed",exact
DEU,51.221,6.9056,donor,0,Labdoo Annahmestelle 40699 Erkrath: Naturschutzzentrum,"Germany hub, 0% completed, 0 needed",exact
DEU,51.221,6.9056,donor,1,Labdoo Annahmestelle 40699 Erkrath: Wertstoffsammelhof,"Germany hub, 0% completed, 0 needed",exact
ESP,41.5393,2.2131,donor,0,Labdoo City Hub - Mollet,"Spain hub, 0% completed, 100 needed",exact
SWE,59.3251,18.0711,donor,8,Labdoo Hub Stockholm,"Sweden hub, 4% completed, 176 needed",exact
DEU,51.0862,6.5849,donor,4,Labdoo Annahmestelle 41517 Grevenbroich: Kleinanlieferstelle Neuenhausen,"Germany hub, 0% completed, 0 needed",exact
ESP,41.4728,2.0818,donor,9,Labdoo Hub - Club Muntanyenc Sant Cugat,"Spain hub, 0% completed, 0 needed",exact
DEU,50.8252,9.0292,donor,0,Labdoo Annahmestelle 35260 Stadtallendorf: Webhummel,"Germany hub, 0% completed, 0 needed",exact
NOR,63.4304,10.3952,donor,15,Labdoo Hub Trondheim: Innherredsveien 24,"Norway hub, 37% completed, 40 needed",exact
CHE,47.4614,8.9934,donor,0,GESCHLOSSEN: Annahmestelle 8370 Sirnach (TG),"Switzerland hub, 0% completed, 0 needed",exact
CHE,47.4501,8.5619,donor,0,Annahmestelle 8058 Zürich-Flughafen (ZH),"Switzerland hub, 0% completed, 0 needed",exact
DEU,51.4273,6.8829,donor,8,Labdoo Annahmestelle 45468 Mülheim an der Ruhr: Stadtteilbüro Eppinghofen,"Germany hub, 0% completed, 0 needed",exact
ZAF,-25.4729,30.9773,donor,0,Labdoo Hub Nelspruit - Penreach,"South Africa hub, 0% completed, 0 needed",exact
ESP,42.4301,-6.9801,donor,0,O Barco de Valdeorras,"Spain hub, 0% completed, 0 needed",exact
USA,25.7742,-80.1936,donor,0,Coral Reef Hub,"United States hub, 0% completed, 0 needed",exact
DEU,52.0842,9.7752,donor,10,Labdoo Annahmestelle 31028 Gronau: Leandra Irrgang,"Germany hub, 0% completed, 0 needed",exact
ESP,41.7289,1.8287,donor,0,Laboo Hub Manresa - CATALUNYA,"Spain hub, 0% completed, 30 needed",exact
DEU,51.5142,7.4653,donor,1,Labdoo Annahmestelle 44227 Dortmund: Jerome-Bennet Dietrich,"Germany hub, 0% completed, 0 needed",exact
DEU,50.0177,8.8853,donor,71,Labdoo Annahmestelle 63110 Rodgau: WISA - Wir sind angekommen e.V.,"Germany hub, 100% completed, 71 needed",exact
ESP,42.1822,2.489,donor,0,Labdoo Hub Olot - Ayonow,"Spain hub, 0% completed, 0 needed",exact
DEU,0.0,0.0,donor,5,Labdoo Annahmestelle 85399 Hallbergmoos: Mast-Eurokrallen-München GmbH,"Germany hub, 0% completed, 0 needed",exact
ESP,39.9812,-4.2806,donor,59,Labdoo Hub Toledo - Torrijos,"Spain hub, 0% completed, 0 needed",exact
ESP,43.3297,-3.0048,donor,5,Labdoo Hub Bilbao - Romo-Leioa,"Spain hub, 43% completed, 30 needed",exact
CHE,47.5581,7.5878,donor,0,GESCHLOSSEN: Annahmestelle 4051 Basel (BS),"Switzerland hub, 0% completed, 0 needed",exact
DEU,51.7534,6.2388,donor,0,Labdoo Annahmestelle 47551 Bedburg-Hau Moyland: KKA Entsorgungszentrum,"Germany hub, 0% completed, 0 needed",exact
DEU,51.4916,6.2962,donor,92,Labdoo Annahmestelle 47608 Geldern-Pont: KKA Entsorgungszentrum,"Germany hub, 0% completed, 0 needed",exact
DEU,51.6686,6.2736,donor,34,Labdoo Annahmestelle 47589 Uedem: KKA Verwaltung,"Germany hub, 0% completed, 0 needed",exact
DEU,52.5174,13.3951,donor,15,Labdoo Annahmestelle 13156 Berlin: Fauna-Reisen GmbH,"Germany hub, 0% completed, 0 needed",exact
ESP,41.6148,0.6268,donor,0,Labdoo Hub Lleida,"Spain hub, 0% completed, 0 needed",exact
DEU,49.3739,7.0831,donor,6,Labdoo Annahmestelle 66589 Wemmetsweiler: Sabrina Hartmann,"Germany hub, 0% completed, 0 needed",exact
DEU,52.3048,8.4972,donor,0,Labdoo Annahmestelle 32361 Preußisch Oldendorf: Sebastian Mallach,"Germany hub, 0% completed, 0 needed",exact
ESP,41.3826,2.1771,donor,42,Labdoo Hub Centre d'Estudis Politècnics,"Spain hub, 0% completed, 0 needed",exact
ESP,41.5398,2.4449,donor,4,Labdoo School Hub Mataró - Escola Pia Santa Anna,"Spain hub, 100% completed, 5 needed",exact
DEU,47.5672,8.0599,donor,5,Labdoo Annahmestelle 79725 Laufenburg: Daniel Zipfel,"Germany hub, 0% completed, 0 needed",exact
ESP,43.319,-3.0199,donor,0,Labdoo Hub Portugalete -   Hegoalde Visión Sur,"Spain hub, 0% completed, 0 needed",exact
DEU,51.9625,7.6252,donor,135,Labdoo Annahmestelle 48147 Münster: Benjamin Seebröker,"Germany hub, 70% completed, 195 needed",exact
ESP,36.7213,-4.4216,donor,0,Labdoo Hub Estepona -Malaga-,"Spain hub, 0% completed, 0 needed",exact
DEU,49.4893,8.4673,donor,148,Labdoo Annahmestelle 68307 Mannheim: IT-Consulting Engin Imal,"Germany hub, 0% completed, 0 needed",exact
DEU,48.1371,11.5754,donor,108,Labdoo Annahmestelle 80636 München: Meaalofa Foundation,"Germany hub, 100% completed, 85 needed",exact
ESP,41.7422,1.8036,donor,0,Labdoo City Hub Sant Joan de Vilatorrada - Biblioteca CAL GALLIFA,"Spain hub, 0% completed, 0 needed",exact
ESP,41.3826,2.1771,donor,0,Labdoo Hub - Biblioteques Públiques de Catalunya Adherides,"Spain hub, 0% completed, 0 needed",exact
ESP,42.0478,2.2643,donor,1,Labdoo City Hub Torelló - Biblioteca Dos Rius,"Spain hub, 0% completed, 0 needed",exact
ESP,41.3826,2.1771,donor,11,Labdoo School Hub - Institut Pedralbes,"Spain hub, 0% completed, 0 needed",exact
ESP,41.7764,2.5129,donor,0,Labdoo City Hub Riells i Viabrea - Biblioteca Pompeu Fabra,"Spain hub, 0% completed, 0 needed",exact
ESP,41.3826,2.1771,donor,0,Labdoo Hub reaprofitar o esborrar,"Spain hub, 0% completed, 0 needed",exact
ESP,41.2861,1.9824,donor,0,Labdoo Hub Castelldefels - Fundación Luz Solidaria,"Spain hub, 0% completed, 0 needed",exact
ESP,41.3826,2.1771,donor,2,Labdoo City Hub Barcelona - Biblioteca Sant Gervasi - Joan Maragall,"Spain hub, 0% completed, 0 needed",exact
ESP,41.5746,1.6085,donor,2,Labdoo City Hub Santa Margarida de Montbui - Biblioteca Mont-Agora,"Spain hub, 0% completed, 0 needed",exact
ESP,41.45,1.9719,donor,0,Labdoo City Hub Sant Andreu de la Barca - Biblioteca Aigüestoses,"Spain hub, 0% completed, 0 needed",exact
ESP,41.3367,1.9971,donor,0,Labdoo City Hub Sant Climent de Llobregat - Biblioteca Ca l'Altisent,"Spain hub, 0% completed, 0 needed",exact
ESP,41.6674,2.7499,donor,0,Labdoo City Hub Palafolls - Biblioteca Enric Miralles,"Spain hub, 0% completed, 0 needed",exact
ESP,41.5262,2.3676,donor,0,Labdoo City Hub Cabrils - Biblioteca Pública,"Spain hub, 0% completed, 0 needed",exact
ESP,41.4823,2.187,donor,0,Labdoo City Hub Montcada i Reixac- Biblioteca Elisenda de Montcada,"Spain hub, 0% completed, 0 needed",exact
ESP,41.3964,1.9586,donor,0,Labdoo City Hub Cervello - Biblioteca Municipal,"Spain hub, 0% completed, 0 needed",exact
DEU,47.7911,9.8829,donor,86,Labdoo Annahmestelle 88353 Kißlegg: APEG Automarkt im Allgäu GmbH,"Germany hub, 100% completed, 53 needed",exact
ESP,37.3886,-5.9953,donor,0,Labdoo Hub Sevilla - A3Satel,"Spain hub, 0% completed, 0 needed",exact
ESP,41.6693,2.2615,donor,0,Labdoo City Hub  L'Ametlla del Vallès - Biblioteca Josep Badia i Moret,"Spain hub, 0% completed, 0 needed",exact
ECU,-0.3989,-78.4368,donor,0,HUB SANGOLQUÍ - ECUADOR,"Ecuador hub, 0% completed, 0 needed",exact
DEU,49.8728,8.6512,donor,20,Labdoo Annahmestelle 64293 Darmstadt: AMC Media Network GmbH & Co. KG.,"Germany hub, 0% completed, 0 needed",exact
ESP,41.7852,1.289,donor,49,Labdoo Hub Guissona refugiats ucraïnians,"Spain hub, 100% completed, 63 needed",exact
ESP,41.3826,2.1771,donor,1,Labdoo City Hub Barcelona  - Biblioteca Nou Barris,"Spain hub, 0% completed, 0 needed",exact
ESP,41.7896,0.8051,donor,0,Labdoo City Hub Balaguer - BIblioteca Margarida de Montferrat,"Spain hub, 0% completed, 0 needed",exact
ESP,41.6085,2.2395,donor,0,Labdoo City Hub Lliçà d'Amunt - Biblioteca Ca l'Oliveres,"Spain hub, 0% completed, 0 needed",exact
ESP,41.3826,2.1771,donor,0,Labdoo City Hub Barcelona - Biblioteca Montserrat Abelló,"Spain hub, 0% completed, 0 needed",exact
ESP,41.3051,2.0063,donor,0,Labdoo City Hub Gavà Biblioteca Josep Soler i Vidal,"Spain hub, 0% completed, 0 needed",exact
ESP,41.4769,1.9284,donor,0,Labdoo City Hub Martorell  - Biblioteca de Martorell,"Spain hub, 0% completed, 0 needed",exact
ESP,41.9735,1.8775,donor,3,Labdoo City Hub Puig-Reig - Biblioteca Guillem de Berguedà,"Spain hub, 0% completed, 0 needed",exact
ESP,41.7289,1.8287,donor,0,Manresa Hub Valldaura,"Spain hub, 0% completed, 0 needed",exact
ESP,41.22,1.5349,donor,0,Labdoo City Hub El Vendrell Biblioteca Pública Terra baixa,"Spain hub, 0% completed, 0 needed",exact
ESP,41.8781,2.5132,donor,0,Labdoo City Hub Sant Hilari Sacalm - Biblioteca Soledat Ridaura i Feixas,"Spain hub, 0% completed, 0 needed",exact
ESP,34.4221,-119.7027,donor,0,Labdoo City Hub Santa Bàrbara - Biblioteca José Escudé de Santa Bàrbara,"Spain hub, 0% completed, 0 needed",exact
ESP,40.5968,0.4475,donor,0,Labdoo City Hub Ulldecona - Biblioteca Popular d'Ulldecona,"Spain hub, 0% completed, 0 needed",exact
ESP,41.6277,2.6899,donor,0,Labdoo City Hub Pineda Biblioteca M. Serra i Moret,"Spain hub, 0% completed, 0 needed",exact
ESP,41.4936,2.0319,donor,0,Labdoo City Hub Rubí - Biblioteca Mestre Martí Tauler,"Spain hub, 0% completed, 0 needed",exact
ESP,41.7848,1.8387,donor,0,Labdoo City Hub Santpedor - Biblioteca Santpedor,"Spain hub, 0% completed, 0 needed",exact
ESP,41.8989,1.8768,donor,0,Labdoo City Hub Navàs - Biblioteca Navàs,"Spain hub, 0% completed, 0 needed",exact
ESP,41.1528,1.2152,donor,0,Labdoo City Hub Constantí - Biblioteca Municipal de Constantí,"Spain hub, 0% completed, 0 needed",exact
ESP,41.563,2.01,donor,0,Labdoo City Hub Terrassa - Biblioteca Districte 2,"Spain hub, 0% completed, 0 needed",exact
ESP,41.5076,2.1154,donor,0,Labdoo City Hub Badia del Vallès - Biblioteca Vicente Aleixandre,"Spain hub, 0% completed, 0 needed",exact
ESP,41.7839,3.0283,donor,2,Labdoo City Hub Guíxols - Biblioteca Pública Octavi Viader i Margarit,"Spain hub, 0% completed, 0 needed",exact
ESP,41.8538,2.228,donor,0,Labdoo City Hub Tona - Biblioteca Caterina Figueras,"Spain hub, 0% completed, 0 needed",exact
ESP,41.3051,2.0063,donor,0,Labdoo City Hub Gavà - Biblioteca Marian Colomé,"Spain hub, 0% completed, 0 needed",exact
ESP,41.3108,1.3581,donor,0,Labdoo City Hub Vila-rodona - Biblioteca Municipal de Vila-rodona,"Spain hub, 0% completed, 0 needed",exact
ESP,41.2831,1.5534,donor,6,Labdoo City Hub Llorenç del Penedès - Biblioteca Municipal de Llorenç del Penedès,"Spain hub, 0% completed, 0 needed",exact
ESP,41.563,2.01,donor,1,Labdoo City Hub Terrassa - Biblioteca Districte 5,"Spain hub, 0% completed, 0 needed",exact
DEU,51.1947,6.4354,donor,43,"Labdoo Annahmestelle 41068 Mönchengladbach: mags Mönchengladbacher Abfall-, Grün- und Straßenbetriebe AöR","Germany hub, 0% completed, 0 needed",exact
ESP,41.7452,2.6331,donor,0,Labdoo City Hub Hostalric - Biblioteca Modest Salse i Camarasa,"Spain hub, 0% completed, 0 needed",exact
ESP,41.3328,1.9255,donor,0,Labdoo City Hub Begues - Biblioteca La Ginesta,"Spain hub, 0% completed, 0 needed",exact
ESP,40.7204,0.7243,donor,0,Labdoo City Hub Delta de l'Ebre - Biblioteca Delta de l'Ebre,"Spain hub, 0% completed, 0 needed",exact
ESP,42.167,0.895,donor,0,Labdoo City Hub Tremp - Biblioteca Maria Barbal,"Spain hub, 0% completed, 0 needed",exact
ESP,37.9775,-0.6828,donor,0,Rotary Torrevieja,"Spain hub, 0% completed, 0 needed",exact
ESP,41.9393,2.3181,donor,0,Labdoo HUB Folgueroles,"Spain hub, 0% completed, 0 needed",exact
DEU,52.5174,13.3951,donor,0,Labdoo Annahmestelle 13088 Berlin - Weißensee: Daniela Pilih,"Germany hub, 0% completed, 0 needed",exact
DEU,50.3119,12.3292,donor,1,Labdoo Annahmestelle 08258 Markneukirchen: Angela Glaßl,"Germany hub, 0% completed, 0 needed",exact
ESP,41.563,2.01,donor,2,Labdoo City Hub Terrassa - Sant Pere,"Spain hub, 0% completed, 0 needed",exact
ESP,41.5173,2.1266,donor,0,Labdoo City Hub Barberà del Vallès - Biblioteca Esteve Paluzie,"Spain hub, 0% completed, 0 needed",exact
DEU,53.9196,10.6979,donor,45,Labdoo Annahmestelle 23611 Bad Schwartau: Bernd Ziemens,"Germany hub, 60% completed, 74 needed",exact
ESP,40.811,0.5209,donor,0,Labdoo City Hub Tortosa - Biblioteca Marcel·lí Domingo,"Spain hub, 0% completed, 0 needed",exact
ESP,41.3668,2.057,donor,0,Labdoo City Hub Sant Joan Despí - Biblioteca Mercè Rodoreda,"Spain hub, 0% completed, 0 needed",exact
ESP,41.5461,2.1083,donor,4,Labdoo City Hub Sabadell - Biblioteca dels Safareigs,"Spain hub, 0% completed, 0 needed",exact
DEU,51.1947,6.4354,donor,0,Labdoo Annahmestelle 41068 Mönchengladbach: mags Wertstoffhof Heidgesberg,"Germany hub, 0% completed, 0 needed",exact
DEU,51.1947,6.4354,donor,0,Labdoo Annahmestelle 41068 Mönchengladbach: mags Wertstoffhof Luisental,"Germany hub, 0% completed, 0 needed",exact
ESP,41.563,2.01,donor,0,Labdoo City Hub Terrassa - Biblioteca Districte 4,"Spain hub, 0% completed, 0 needed",exact
ESP,41.813,2.0978,donor,0,Labdoo City Hub Moia - Biblioteca de Moià,"Spain hub, 0% completed, 0 needed",exact
ESP,41.7289,1.8287,donor,0,Labdoo Hub Vic - Remei,"Spain hub, 0% completed, 0 needed",exact
IRL,52.6613,-8.6301,donor,3,NNIT IE Hub,"Ireland hub, 0% completed, 0 needed",exact
ESP,41.4494,2.2483,donor,7,Labdoo School Hub Institut La Pineda Badalona,"Spain hub, 100% completed, 12 needed",exact
ESP,41.5393,1.8695,donor,0,Labdoo City Hub Esparreguera - Biblioteca Municipal L’Ateneu d’Esparreguera,"Spain hub, 0% completed, 0 needed",exact
DEU,51.5646,7.3106,donor,5,Labdoo Annahmestelle 44575 Castrop-Rauxel: Paracelsus Apotheke,"Germany hub, 0% completed, 0 needed",exact
DEU,49.4539,11.0773,donor,101,Labdoo Annahmestelle 90443 Nürnberg: AfB gGmbH Shop Nürnberg,"Germany hub, 0% completed, 0 needed",exact
ESP,41.563,2.01,donor,1,Labdoo City Hub Terrassa - Biblioteca Districte 3,"Spain hub, 0% completed, 0 needed",exact
ESP,39.4697,-0.3763,donor,8,Labdoo Hub Red Bona Via,"Spain hub, 0% completed, 0 needed",exact
ESP,41.3241,2.0511,donor,0,Labdoo Hub Rotary Club Gavà,"Spain hub, 0% completed, 0 needed",exact
DEU,50.2147,8.2902,donor,0,Labdoo Annahmestelle 65510 Idstein: FHI Flüchtlings- und Integrationshilfe Idstein e.V.,"Germany hub, 0% completed, 0 needed",exact
DEU,52.1315,11.6401,donor,12,Labdoo Annahmestelle 39104 Magdeburg: Mandala Kinderbetreuung gGmbH,"Germany hub, 0% completed, 0 needed",exact
ESP,41.563,2.01,donor,26,Labdoo City Hub Terrassa - Biblioteca Central de Terrassa,"Spain hub, 0% completed, 0 needed",exact
ESP,41.563,2.01,donor,0,Labdoo City Hub Terrassa - Biblioteca Districte 6,"Spain hub, 0% completed, 0 needed",exact
USA,25.7742,-80.1936,donor,0,Labdoo Hub Key Biscayne,"United States hub, 0% completed, 0 needed",exact
ESP,41.5576,2.1567,donor,0,ONG ADAIC,"Spain hub, 0% completed, 0 needed",exact
ESP,60.3943,5.3259,donor,0,AMALGAMA  7 - VALLDAURA,"Spain hub, 0% completed, 0 needed",exact
ESP,41.3826,2.1771,donor,23,Labdoo Hub - Asociación de Amigos del Pueblo Marroquí ITRAN,"Spain hub, 65% completed, 35 needed",exact
ESP,41.563,2.01,donor,16,Labdoo Hub Terrassa - Institut Nicolau Copèrnic,"Spain hub, 0% completed, 0 needed",exact
ESP,60.3943,5.3259,donor,0,Escola Vedruna Berga,"Spain hub, 0% completed, 0 needed",exact
DEU,50.7764,6.0839,donor,46,Labdoo Annahmestelle 52064 Aachen: Adrian Hamm,"Germany hub, 0% completed, 0 needed",exact
DEU,50.012,8.7124,donor,31,Labdoo Annahmestelle 63303 Dreieich: Luca Ricken,"Germany hub, 0% completed, 0 needed",exact
DEU,51.4696,6.8514,donor,3,Labdoo Annahmestelle 46149 Oberhausen: Levius GbR Lieber & Ronden,"Germany hub, 0% completed, 0 needed",exact
ESP,37.8339,-0.7902,donor,0,Labdoo Hub Rotary Club Mar Menor San Javier,"Spain hub, 0% completed, 0 needed",exact
DEU,47.6592,9.1751,donor,33,Labdoo Annahmestelle 78467 Konstanz: Constanze Riedinger,"Germany hub, 0% completed, 0 needed",exact
DEU,50.9384,6.96,donor,33,Labdoo Annahmestelle 50825 Köln: Lukas Fiebig (Hub),"Germany hub, 0% completed, 0 needed",exact
DEU,49.4539,11.0773,donor,7,Labdoo Annahmestelle 90402 Nürnberg: Begegnungsstätte Marie15,"Germany hub, 0% completed, 0 needed",exact
ESP,42.167,0.895,donor,0,Labdoo School Hub Institut de Tremp,"Spain hub, 0% completed, 0 needed",exact
ESP,41.5714,1.6361,donor,0,Labdoo City Hub Vilanova del Camí - Biblioteca de Vilanova del Camí,"Spain hub, 0% completed, 0 needed",exact
ESP,41.3826,2.1771,donor,12,Labdoo School Hub Institut Tecnològic Barcelona ITB,"Spain hub, 0% completed, 0 needed",exact
CHE,47.2532,8.6918,donor,0,GESCHLOSSEN: Annahmestelle 8708 Männedorf (ZH),"Switzerland hub, 0% completed, 0 needed",exact
CHE,47.696,8.6345,donor,0,Annahmestelle 8200 Schaffhausen (SH),"Switzerland hub, 0% completed, 0 needed",exact
DEU,51.1722,7.0846,donor,2,Labdoo Annahmestelle 42653 Solingen: Thomas Lunze,"Germany hub, 0% completed, 0 needed",exact
DEU,48.523,7.5272,donor,85,Labdoo Annahmestelle 90518 Altdorf,"Germany hub, 0% completed, 0 needed",exact
DEU,48.6728,9.3838,donor,38,Labdoo Annahmestelle 73240 Wendlingen am Neckar: Familie Biebl,"Germany hub, 0% completed, 0 needed",exact
DEU,50.3283,8.7476,donor,0,Labdoo Annahmestelle 61169 Friedberg: Umsonstladen Friedberg,"Germany hub, 0% completed, 0 needed",exact
DEU,51.3331,6.5623,donor,7,Labdoo Annahmestelle 47829 Krefeld: Mirko Teichmeier,"Germany hub, 0% completed, 0 needed",exact
CHE,47.4992,8.7291,donor,0,Annahmestelle 8406 Winterthur (ZH),"Switzerland hub, 0% completed, 0 needed",exact
DEU,51.1009,6.9459,donor,170,Labdoo Annahmestelle 40764 Langenfeld: D. Kremer,"Germany hub, 0% completed, 0 needed",exact
DEU,53.139,8.2146,donor,17,Labdoo Annahmestelle 26135 Oldenburg: Jürgen Köthnig,"Germany hub, 0% completed, 0 needed",exact
CHE,38.535,-0.8189,donor,0,Annahmestelle 9468 Sax (SG),"Switzerland hub, 0% completed, 0 needed",exact
DEU,51.5726,8.1061,donor,55,Labdoo Annahmestelle 59494 Soest: Ihr Soester Computer-Assistent,"Germany hub, 0% completed, 0 needed",exact
DEU,50.9384,6.96,donor,1,Labdoo Annahmestelle 51143 Köln: Torsten Decker - Solibund e.V.,"Germany hub, 0% completed, 0 needed",exact
DEU,49.0959,11.8072,donor,7,Labdoo Annahmestelle 93176 Beratzhausen: Bettina Laßleben - LETLIFERS for future e.V.,"Germany hub, 0% completed, 0 needed",exact
DEU,49.778,9.9435,donor,274,Labdoo Annahmestelle 97084 Würzburg: Thomas Barcatta - Mwanza e.V.,"Germany hub, 71% completed, 446 needed",exact
DEU,51.4513,6.6284,donor,4,Labdoo Annahmestelle 47445 Moers: Jörg Jellissen,"Germany hub, 0% completed, 0 needed",exact
DEU,0.0,0.0,donor,14,Labdoo Annahmestelle 57234 Wilnsdorf (b. Siegen): Gerlinde Schönberg,"Germany hub, 0% completed, 0 needed",exact
DEU,48.4536,9.0986,donor,77,Labdoo Annahmestelle 72810 Gomaringen (Kreis Tübingen): Tim Schmid,"Germany hub, 0% completed, 0 needed",exact
DEU,53.5502,10.0013,donor,164,Labdoo Annahmestelle 21035 Hamburg - Neuallermöhe,"Germany hub, 100% completed, 26 needed",exact
DEU,51.7718,7.4446,donor,31,Labdoo Annahmestelle 59348 Lüdinghausen: Heiko Günther-Ständker,"Germany hub, 100% completed, 1 needed",exact
DEU,49.4432,7.769,donor,26,Labdoo Annahmestelle 67663  Kaiserslautern: Hanny Hovenier,"Germany hub, 0% completed, 0 needed",exact
DEU,50.2313,8.7718,donor,117,Labdoo Annahmestelle 61184 Karben: BBW  Berufsbildungswerk Südhessen gGmbH,"Germany hub, 0% completed, 0 needed",exact
DEU,51.4513,6.6284,donor,1632,Labdoo Annahmestelle 47443 Moers: Interkulturelles Nachbarschaftsnetzwerk 55plus (Hub),"Germany hub, 100% completed, 26 needed",exact
DEU,51.2528,6.9778,donor,23,"Labdoo Annahmestelle 40822 Mettmann: Kreis Mettmann, Regionales Bildungsbüro","Germany hub, 0% completed, 0 needed",exact
COL,6.0573,-75.5026,donor,0,HUB LABORATORIO DEL ESPIRITU,"Colombia hub, 40% completed, 10 needed",exact
DEU,53.6811,10.0867,donor,156,Labdoo Annahmestelle 22397 Hamburg - Lemsahl Mellingstedt,"Germany hub, 100% completed, 59 needed",exact
DEU,51.3747,7.7,donor,142,Labdoo Annahmestelle 58640 Iserlohn: Armin Cibulski  (Hub),"Germany hub, 0% completed, 0 needed",exact
ESP,41.6068,1.7412,donor,0,Labdoo HUB Puigreig,"Spain hub, 0% completed, 0 needed",exact
ESP,43.4646,-0.615,donor,0,LABDOO HUB ARTES PER SIRIA,"Spain hub, 0% completed, 0 needed",exact
DEU,53.5502,10.0013,donor,201,Labdoo Annahmestelle 21075 Hamburg - Harburg,"Germany hub, 0% completed, 0 needed",exact
DEU,51.4696,6.8514,donor,13,Labdoo Annahmestelle 46149 Oberhausen: Sterkrader Gemeinschaftspraxis,"Germany hub, 0% completed, 0 needed",exact
ESP,41.579,1.6173,donor,17,Institut Milà i Fontanals d'Igualada,"Spain hub, 100% completed, 25 needed",exact
DEU,51.9625,7.6252,donor,221,Labdoo Annahmestelle 48143 Münster: Stadtbücherei Münster,"Germany hub, 0% completed, 0 needed",exact
DEU,49.2445,7.7308,donor,15,Labdoo Annahmestelle 66978 Merzalben: Stefan Diedenhöfer PC - Service,"Germany hub, 0% completed, 0 needed",exact
DEU,53.5279,8.1063,donor,2,Labdoo Annahmestelle 26389 Wilhelmshaven,"Germany hub, 0% completed, 0 needed",exact
DEU,49.1589,5.3867,donor,23,Zonta-Club Verden,"Germany hub, 0% completed, 0 needed",exact
DEU,49.1589,5.3867,donor,5,Zonta-Club Verden,"Germany hub, 0% completed, 0 needed",exact
DEU,52.8472,9.2299,donor,14,Zonta-Club Verden,"Germany hub, 0% completed, 0 needed",exact
CHE,46.9485,7.4522,donor,0,Annahmestelle 3012 Bern (BE),"Switzerland hub, 0% completed, 0 needed",exact
ESP,42.0338,1.8825,donor,0,Hub Institut Gironella,"Spain hub, 0% completed, 0 needed",exact
ESP,41.3826,2.1771,donor,0,HUB BCN COLOMBIA INNOVA,"Spain hub, 0% completed, 0 needed",exact
DEU,51.2254,6.7763,donor,8,Labdoo Annahmestelle 40215 Düsseldorf: Verbraucherzentrale NRW,"Germany hub, 0% completed, 0 needed",exact
ESP,60.3943,5.3259,donor,9,LABDOO HUB Berguedà,"Spain hub, 0% completed, 0 needed",exact
ESP,39.5917,-0.4623,donor,0,HUB Asoc. Esencia de África,"Spain hub, 0% completed, 0 needed",exact
DEU,50.7353,7.1025,donor,3,Labdoo Annahmestelle 53127 Bonn: Heike Gollub,"Germany hub, 0% completed, 0 needed",exact
CHE,47.3744,8.541,donor,0,"GESCHLOSSEN: Annahmestelle 8049 Zürich (ZH), Höngg","Switzerland hub, 0% completed, 0 needed",exact
DEU,53.0758,8.8072,donor,1,Labdoo Annahmestelle 28199 Bremen Airport: Airport Shop der Werkstatt Bremen,"Germany hub, 0% completed, 0 needed",exact
DEU,53.0345,8.5451,donor,0,Labdoo Annahmestelle 27777 Ganderkesse: GANTER Reisen,"Germany hub, 0% completed, 0 needed",exact
DEU,53.8664,10.6847,donor,0,Labdoo Annahmestelle 23566 Lübeck: Patrick Nötling,"Germany hub, 0% completed, 0 needed",exact
DEU,51.4273,6.8829,donor,1,Labdoo Annahmestelle 45473 Mülheim an der Ruhr: MEG Mülheimer Entsorgungsgesellschaft mbH,"Germany hub, 0% completed, 0 needed",exact
DEU,51.1009,6.9459,donor,38,Labdoo Annahmestelle 40764 Langenfeld: Reparatur Café FIX & FERTIG,"Germany hub, 0% completed, 0 needed",exact
DEU,49.3825,7.4392,donor,4,Labdoo Annahmestelle 66892 Bruchmühlbach-Miesau: AWO Repair-Café MACH-BAR im Sportheim des FV Bruchmühlbach,"Germany hub, 0% completed, 0 needed",exact
DEU,51.7169,9.1842,donor,0,Labdoo Annahmestelle 33034 Brakel: Gesamtschule Brakel,"Germany hub, 0% completed, 0 needed",exact
DEU,52.2881,8.9169,donor,0,Labdoo Annahmestelle 32425 Minden: Niko Dick,"Germany hub, 0% completed, 0 needed",exact
USA,33.6013,-117.5856,donor,23,Labdoo Hub Coto De Caza,"United States hub, 5% completed, 457 needed",exact
ESP,43.371,-8.3959,donor,0,Labdoo City Hub A Coruña,"Spain hub, 0% completed, 0 needed",exact
ESP,41.3826,2.1771,donor,1,Labdoo City Hub Barcelona - Biblioteca La Sagrera-Marina Clotet,"Spain hub, 0% completed, 0 needed",exact
ESP,43.5554,-5.9222,donor,0,Labdoo School Hub Avilés - CEIP Enrique Alonso,"Spain hub, 0% completed, 0 needed",exact
ESP,42.3617,3.1512,donor,11,Labdoo School Hub Llançà - Institut de Llançà,"Spain hub, 100% completed, 8 needed",exact
CHE,-24.7761,134.755,donor,0,Annahmestelle 8804 Au (ZH),"Switzerland hub, 0% completed, 0 needed",exact
ESP,41.2242,1.7256,donor,0,Labdoo School Hub Vilanova i la Geltrú - PFI Institut Joaquim Mir,"Spain hub, 0% completed, 0 needed",exact
DEU,50.4001,8.7461,donor,0,Labdoo Annahmestelle 61231 Bad Nauheim: Secondhand-Kaufhaus,"Germany hub, 0% completed, 0 needed",exact
USA,34.0855,-117.9612,donor,13,Care Mission USA,"United States hub, 26% completed, 50 needed",exact
ESP,43.334,-6.4165,donor,3,Labdoo School Hub Tineo (Asturias) - IES Concejo de Tineo,"Spain hub, 0% completed, 0 needed",exact
VEN,9.0408,-69.7413,donor,0,ALAS DE PAZ,"Venezuela hub, 0% completed, 8 needed",exact
DEU,49.4094,8.6947,donor,17,Labdoo Annahmestelle 69123 Heidelberg: Nils Babion,"Germany hub, 0% completed, 0 needed",exact
ESP,40.6565,-4.7002,donor,3,IES Alonso Madrigal,"Spain hub, 37% completed, 8 needed",exact
VEN,39.4697,-0.3763,donor,0,HUB SAN DIEGO,"Venezuela hub, 0% completed, 0 needed",exact
DEU,51.435,6.7596,donor,2,Labdoo Annahmestelle 47119 Duisburg Ruhrort: Umweltlokal Ruhrort,"Germany hub, 0% completed, 0 needed",exact
ESP,43.3533,-5.8795,donor,0,Villafria,"Spain hub, 0% completed, 0 needed",exact
DEU,54.7833,9.4333,donor,0,Labdoo Annahmestelle 24941 Flensburg: Flensburger Bildungsverein / Tamer Coskun,"Germany hub, 0% completed, 0 needed",exact
CHE,47.5192,7.6945,donor,0,Annahmestelle 4133 Pratteln (BL),"Switzerland hub, 0% completed, 0 needed",exact
DEU,49.9446,11.5744,donor,22,Labdoo Annahmestelle 95448 Bayreuth: [zur Zeit geschlossen],"Germany hub, 40% completed, 55 needed",exact
ESP,41.3213,1.6624,donor,0,Labdoo School Hub Santa Margarida i els Monjos - PFI Institut El Foix,"Spain hub, 0% completed, 0 needed",exact
DEU,51.2254,6.7763,donor,0,Labdoo Annahmestelle 40225 Düsseldorf: Bürgerhaus Salzmannbau,"Germany hub, 0% completed, 0 needed",exact
DEU,47.65,7.6,donor,0,Labdoo Annahmestelle 79592 Fischingen: Landhotel Tanne,"Germany hub, 0% completed, 0 needed",exact
ESP,41.579,1.6173,donor,0,Fundació UEA,"Spain hub, 0% completed, 0 needed",exact
DEU,48.1371,11.5754,donor,45,Labdoo Annahmestelle 81377 München: Hadern,"Germany hub, 100% completed, 18 needed",exact
ESP,41.5064,2.3914,donor,70,Labdoo Hub Vilassar de Mar,"Spain hub, 45% completed, 218 needed",exact
DEU,54.0131,12.2282,donor,24,Labdoo Annahmestelle 18196 Dummerstorf: Repair Café Dummerstorf,"Germany hub, 100% completed, 7 needed",exact
USA,33.8644,-118.0539,donor,0,Labdoo Hub Cerritos,"United States hub, 20% completed, 10 needed",exact
ESP,41.7423,1.8029,donor,0,HUB Sant Joan,"Spain hub, 0% completed, 0 needed",exact
CHE,46.8332,11.9475,donor,0,Annahmestelle 9056 Gais (AR),"Switzerland hub, 0% completed, 0 needed",exact
SLE,8.8882,-12.0442,donor,0,10 Billion Strong Sierra Leone Hub,"Sierra Leone hub, 0% completed, 0 needed",exact
ESP,41.5064,2.3914,donor,2,Labdoo City Hub Vilassar de Mar - Biblioteca Ernest Lluch i Martin,"Spain hub, 0% completed, 0 needed",exact
CHE,46.529,8.6086,donor,0,Annahmestelle 6780 Airolo (TI),"Switzerland hub, 0% completed, 0 needed",exact
CHL,-33.4377,-70.6511,donor,0,Hub empresa en Chile,"Chile hub, 0% completed, 0 needed",exact
ESP,42.2515,2.9418,donor,0,Labdoo School Hub Vilafant - Institut de Vilafant,"Spain hub, 0% completed, 0 needed",exact
DEU,48.1371,11.5754,donor,10,Labdoo Annahmestelle 80939 München: Freimann,"Germany hub, 100% completed, 10 needed",exact
MEX,38.9175,-6.3444,donor,0,Universidad Autonoma de Yucatan,"Mexico hub, 0% completed, 0 needed",exact
ESP,41.608,2.2876,donor,1,CanJoanCoworking,"Spain hub, 0% completed, 0 needed",exact
MEX,20.3333,-103.6667,donor,0,La Minerva,"Mexico hub, 0% completed, 0 needed",exact
DEU,49.5217,7.1403,donor,0,Labdoo Annahmestelle 66640 Namborn: Computer Service Czehak,"Germany hub, 0% completed, 0 needed",exact
DEU,51.435,6.7596,donor,0,Labdoo Annahmestelle 47053 Duisburg 47259: Recyclinghof Süd Wirtschaftsbetriebe Duisburg,"Germany hub, 0% completed, 0 needed",exact
DEU,52.601,7.2681,donor,2,Labdoo Annahmestelle 49744 Geeste (Emsland): Michael Rieken,"Germany hub, 0% completed, 0 needed",exact
DEU,50.9272,8.4124,donor,0,Labdoo Annahmestelle 57334 Bad Laasphe: F. Grebe,"Germany hub, 0% completed, 0 needed",exact
DEU,52.3745,9.7386,donor,0,Labdoo Annahmestelle 30449 Hannover: Erik Uden,"Germany hub, 0% completed, 0 needed",exact
ESP,41.3854,1.6108,donor,0,Labdoo School Hub - Institut de l'Alt Foix,"Spain hub, 0% completed, 0 needed",exact
DEU,52.5174,13.3951,donor,3,Labdoo Annahmestelle 12489 Berlin: Dezhi Jacky Fu,"Germany hub, 0% completed, 0 needed",exact
DEU,48.685,9.0113,donor,11,Labdoo Annahmestelle 71034 Böblingen: HP Deutschland GmbH,"Germany hub, 0% completed, 0 needed",exact
DEU,50.1505,8.5608,donor,3,Labdoo Annahmestelle 65760 Eschborn: HP Deutschland GmbH,"Germany hub, 0% completed, 0 needed",exact
ESP,42.1982,2.1932,donor,0,Labdoo City Hub Ripoll - Biblioteca Lambert Mata,"Spain hub, 0% completed, 0 needed",exact
DEU,49.9995,8.2736,donor,0,Labdoo Annahmestelle 55131 Mainz: Filip Bugajski,"Germany hub, 0% completed, 0 needed",exact
DEU,54.3881,9.2148,donor,4,Labdoo Annahmestelle 27798 Hude: Repair Café Hude,"Germany hub, 0% completed, 0 needed",exact
DEU,49.2246,8.5225,donor,0,Labdoo Annahmestelle 68753 Waghäusel-Wiesental: AfB gGmbH Shop Waghäusel-Wiesental,"Germany hub, 0% completed, 0 needed",exact
ESP,41.1556,1.1076,donor,0,Hub Reus,"Spain hub, 0% completed, 0 needed",exact
DEU,49.0352,11.4738,donor,3,Labdoo Annahmestelle 92339 Beilngries: Reparatur Initiative Beilngries,"Germany hub, 35% completed, 20 needed",exact
ESP,41.7289,1.8287,donor,0,Manresa - Esparraguera,"Spain hub, 0% completed, 0 needed",exact
ESP,41.7289,1.8287,donor,0,Manresa - Esparraguera,"Spain hub, 0% completed, 0 needed",exact
DEU,50.7754,7.2848,donor,0,Labdoo Annahmestelle 53773 Hennef: Furbyte,"Germany hub, 0% completed, 0 needed",exact
ESP,41.201,1.5687,donor,0,Biblioteca pública Casa Nova de Segur de Calafell,"Spain hub, 0% completed, 0 needed",exact
ESP,40.4168,-3.7035,donor,0,Red de Bibliotecas Públicas Madrid,"Spain hub, 0% completed, 0 needed",exact
ESP,40.4168,-3.7035,donor,0,Biblioteca Pública Luis Rosales,"Spain hub, 0% completed, 0 needed",exact
ESP,40.4168,-3.7035,donor,0,Biblioteca Pública Elena Fortún,"Spain hub, 0% completed, 0 needed",exact
ESP,41.1976,1.6345,donor,0,Labdoo City Hub Cunit - Biblioteca Municipal Marta Mata,"Spain hub, 0% completed, 0 needed",exact
DEU,51.8284,7.2791,donor,1,Labdoo Annahmestelle 48249 Dülmen: Mierisch EDV,"Germany hub, 0% completed, 0 needed",exact
DEU,51.3331,6.5623,donor,1,Labdoo Annahmestelle 47809 Krefeld: GSAK,"Germany hub, 0% completed, 0 needed",exact
DEU,49.4432,7.769,donor,0,Labdoo Annahmestelle 67655 Kaiserslautern: 42Kaiserslautern gGmbH,"Germany hub, 0% completed, 0 needed",exact
DEU,48.3252,10.0471,donor,0,Labdoo Annahmestelle 48308 Senden: Siegfried Kohlschein,"Germany hub, 0% completed, 0 needed",exact
KEN,10.63,10.1974,donor,0,Labdoo Hub CASE/ Kakuma Refugee Camp/ Kenya,"Kenya hub, 0% completed, 0 needed",exact
USA,33.6681,-117.3273,donor,0,Nurturing Purpose Labdoo Hub,"United States hub, 7% completed, 359 needed",exact
DEU,48.7784,9.18,donor,0,Labdoo Annahmestelle 70186 Stuttgart: Anton Mech,"Germany hub, 12% completed, 25 needed",exact
DEU,49.65,8.6677,donor,0,"Labdoo Annahmestelle 64646 Heppenheim: AWZ Heppenheim, Wertstoffhof des ZAKB","Germany hub, 0% completed, 0 needed",exact
DEU,0.0,0.0,donor,2,Labdoo Annahmestelle 47475 Kamp-Lintfort: Abfall- und Energiezentrum (AEZ) Asdonkshof,"Germany hub, 0% completed, 0 needed",exact
DEU,49.1366,10.072,donor,15,Labdoo Annahmestelle 74564 Crailsheim:  Alla Bakhmisova / Stärke der Einheit e.V.,"Germany hub, 100% completed, 15 needed",exact
DEU,51.2528,6.9778,donor,0,"Labdoo Annahmestelle 40822 Mettmann: Kreis Mettmann, Abfallberatung","Germany hub, 0% completed, 0 needed",exact
DEU,51.3407,7.044,donor,0,Labdoo Annahmestelle 42549 Velbert: Julien Ettel,"Germany hub, 0% completed, 0 needed",exact
ESP,40.4168,-3.7035,donor,0,Labdoo.org (Madrid),"Spain hub, 0% completed, 0 needed",exact
USA,33.6857,-117.826,donor,0,Saddleback Church Hub - Irvine North Campus,"United States hub, 0% completed, 0 needed",exact
ESP,8.6783,-66.5618,donor,0,CIFP Zonzamas. Reutiliza y Conecta,"Spain hub, 0% completed, 0 needed",exact
CHE,46.5531,6.6355,donor,0,Annahmestelle 1052 Le Mont-sur-Lausanne (VD),"Switzerland hub, 0% completed, 0 needed",exact
DEU,49.4946,10.7949,donor,0,Labdoo Annahmestelle 90579 Langenzenn: Euronics Jakob e.K.,"Germany hub, 0% completed, 0 needed",exact
BOL,-14.0,-65.0,recipient,0,"Bolivia, Beni: To set up a new computer laboratory for a sch","Beni, Bolivia, open, 700 students",city
BOL,-17.4012458,-66.1675681,recipient,2,"Bolivia, Cochabamba: Build 2 fully functioning computer labo","Cochabamba, Juan De La Rosa, Molle, Cochabamba, Cercado, Cochabamba, Bolivia, completed, 150 students",city
BRA,-4.965481,-39.010942,recipient,10,"Brazil, Quixadá: To support wit computers the activities in ","Quixadá, Ceará, Região Nordeste, Brasil, completed, 10 students",city
AUT,47.2381536,10.7406982,recipient,4,"Austria, Imst: SOS Kinderdorf Imst (Austria)","Imst, Bezirk Imst, Tirol, Österreich, completed, 42 students",city
KHM,12.5433216,104.8144914,recipient,9,"Cambodia, Takoh village, Pradak commune, Banteay Srey distri","ព្រះរាជាណាចក្រ​កម្ពុជា, open, 1420 students",city
COL,9.8018198,-74.3923786,recipient,10,"Colombia, Nueva Granada, Corregimiento de La Gloria, Departa","Nueva Granada (Granada), Magdalena, RAP Caribe, Colombia, open, 280 students",city
ECU,-1.2422413,-78.6287594,recipient,3,"Ecuador, Ambato, Tungurahua: ","Ambato, Tungurahua, Ecuador, open, 325 students",city
ECU,-1.2422413,-78.6287594,recipient,1,"Ecuador, Ambato, Tungurahua: ","Ambato, Tungurahua, Ecuador, open, 75 students",city
ECU,-1.2422413,-78.6287594,recipient,2,"Ecuador, Ambato, Tungurahua: Promover el desarrollo integral","Ambato, Tungurahua, Ecuador, completed, 30 students",city
ECU,-1.2422413,-78.6287594,recipient,4,"Ecuador, Ambato, Tungurahua: ","Ambato, Tungurahua, Ecuador, open, 240 students",city
ECU,-1.2422413,-78.6287594,recipient,2,"Ecuador, Ambato, Tungurahua: ","Ambato, Tungurahua, Ecuador, open, 84 students",city
ECU,-1.2422413,-78.6287594,recipient,2,"Ecuador, Ambato, Tungurahua: ","Ambato, Tungurahua, Ecuador, completed, 25 students",city
ECU,-1.2422413,-78.6287594,recipient,2,"Ecuador, Ambato, Tungurahua: ","Ambato, Tungurahua, Ecuador, open, 376 students",city
ECU,-1.2422413,-78.6287594,recipient,2,"Ecuador, Ambato, Tungurahua: ","Ambato, Tungurahua, Ecuador, completed, 20 students",city
ECU,-1.2422413,-78.6287594,recipient,2,"Ecuador, Ambato, Tungurahua: Promover el desarrollo integral","Ambato, Tungurahua, Ecuador, completed, 147 students",city
ITA,45.7795805,10.425873,recipient,3,"Italy, Brescia: The donated laptops will be available for la","Brescia, Lombardia, Italia, completed, 60 students",city
NPL,27.9257991,85.248672,recipient,4,"Nepal, Nuwakot: Kalyankari Vidhya Mandir School","नुवाकोट जिल्ला, बागमती प्रदेश, नेपाल, open, 200 students",city
MEX,32.5317397,-117.019529,recipient,3,"Mexico, Tijuana: A computer Lab for the after-school program","Tijuana, Municipio de Tijuana, Baja California, 22320, México, completed, 30 students",city
BIH,44.5390347,18.5732372,recipient,15,"Bosnia and Herzegovina, Mihatovici: students in refugee camp","Mihatovići, Grad Tuzla, Tuzlanski kanton, Federacija Bosne i Hercegovine, 75212, Bosna i Hercegovina / Босна и Херцеговина, completed, 140 students",city
USA,37.3361663,-121.890591,recipient,2,"United States, San Jose: The computers will be used to give ","San Jose, Santa Clara County, California, United States, completed, 507 students",city
ZMB,-15.2668751,23.1365365,recipient,52,"Zambia, Mongu: Holy Cross Girls Secondary School and Poverel","Mongu, Mongu District, Western Province, Zambia, open, 750 students",city
ZMB,-15.2668751,23.1365365,recipient,5,"Zambia, Mongu: Chesire Home School | Förderverein Windeck","Mongu, Mongu District, Western Province, Zambia, open, 70 students",city
KEN,1.4419683,38.4313975,recipient,1,"Kenya, Ukanda: Diani Beach school (with EWB/IoG)","Kenya, completed, 210 students",city
LAO,19.8887438,102.135898,recipient,5,"Laos, Luang Prabang: Support to high schools students in dev","ຫຼວງພະບາງ, ເມືອງຫຼວງພະບາງ, ຫລວງພະບາງ, 10554, ປະເທດລາວ, open, 709 students",city
MEX,18.7882257,-98.7680532,recipient,6,"Mexico, Zacualpan de Amilpas: Art workshop that gives course","Zacualpan de Amilpas, Zacualpan, Morelos, México, open, 40 students",city
GTM,15.5855545,-90.345759,recipient,7,"Guatemala, Ciudad Vieja Sacatequez: Helping children at Educ","Guatemala, completed, 70 students",city
DEU,51.434999,6.759562,recipient,5,"Germany, Duisburg: Immersatt e.V. helps and improves the liv","Duisburg, Nordrhein-Westfalen, Deutschland, completed, 70 students",city
DEU,51.434999,6.759562,recipient,3,"Germany, Duisburg: MINA - Muslimisches Frauenbildungszentrum","Duisburg, Nordrhein-Westfalen, Deutschland, completed, 20 students",city
GTM,14.858973,-91.592535,recipient,6,"Guatemala, San Mateo: Computadoras son para la estacion de r","San Mateo, Quetzaltenango, Guatemala, completed, 20 students",city
DEU,51.434999,6.759562,recipient,1,"Germany, Duisburg: Mabilda Mädchenbildungsarbeit e.V.","Duisburg, Nordrhein-Westfalen, Deutschland, completed, 30 students",city
DEU,51.434999,6.759562,recipient,3,"Germany, Duisburg: Förderunterricht für Migrantenkinder","Duisburg, Nordrhein-Westfalen, Deutschland, completed, 500 students",city
NIC,11.9876753,-85.1860798,recipient,6,"Nicaragua, Chontales, Villa Sandino, La Gateada: Centro de E","Chontales, Nicaragua, completed, 250 students",city
DOM,18.4936515,-69.8383703,recipient,10,"Dominican Republic, Santo Domingo Este: To provide the Orpha","Santo Domingo Este, Santo Domingo, 03006, República Dominicana, open, 40 students",city
KEN,-0.1029109,34.7541761,recipient,0,"Kenya, Kisumu  : Laptops to help Ogada Secondary School teac","Kisumu, City of Kisumu, Kisumu, Kenya, open, 200 students",city
LBR,6.3203562,-10.8060492,recipient,12,"Liberia, Monrovia: GERLIB COMMUNITY CENTER","Monrovia, Greater Monrovia, Montserrado County, Liberia, completed, 247 students",city
IDN,-8.5837726,116.10685,recipient,5,"Indonesia, Mataram, Lombok: CLOSED Youth Creative Foundation","Mataram, Nusa Tenggara Barat, Nusa Tenggara, Indonesia, completed, 20 students",city
LBR,6.3203562,-10.8060492,recipient,4,"Liberia, Monrovia: Ward Academy for Girls","Monrovia, Greater Monrovia, Montserrado County, Liberia, completed, 30 students",city
CMR,4.6125522,13.1535811,recipient,140,"Cameroon, Bali Nyonga: The laptops will support our school c","Cameroun, completed, 580 students",city
NGA,4.9795999,8.3373597,recipient,6,"Nigeria, Calabar: Computer Lab  in Calabar","Calabar, Calabar Municipal, Cross River, 540281, Nigeria, open, 150 students",city
THA,13.1857117,101.1210777,recipient,2,"Thailand, Chonburi: Thailand, Chonburi: HHN Foundation Thail","จังหวัดชลบุรี, ประเทศไทย, completed, 15 students",city
ITA,41.8308503,13.146399,recipient,25,"Italy, Piglio: To support using laptops the many start-up ac","Piglio, Frosinone, Lazio, Italia, completed, 20 students",city
MAR,30.4205162,-9.5838532,recipient,10,"Morocco, Agadir: Public Souk Khamis School near Tafraout","Agadir ⴰⴳⴰⴷⵉⵔ أكادير, Pachalik d'Agadir ⵍⴱⴰⵛⴰⵡⵉⵢⴰ ⵏ ⴰⴳⴰⴷⵉⵔ باشوية أكادير, Préfecture d'Agadir Ida-Outanane ⵍⵄⴰⵎⴰⵍⴰ ⵏ ⴰⴳⴰⴷⵉⵔ ⵉⴷⴰ ⵡⵜⴰⵏⴰⵏ عمالة أكادير إدا وتنان, Souss-Massa ⵙⵓⵙⵙ-ⵎⴰⵙⵙⴰ سوس-ماسة, Maroc ⵍⵎⵖⵔⵉⴱ المغرب, completed, 100 students",city
TZA,-2.9943046,35.9836468,recipient,3,"Tanzania, Engaruka: Continous support to Tanzania computer l","Engaruka, Monduli, Arusha, Northern Zone, Tanzania, completed, 400 students",city
TGO,7.0748674,0.7148305,recipient,2,"Togo, Akata Dzokpé: Build a permanent Computer workshop for ","Akata Dzokpé, Région des Plateaux, Togo, completed, 25 students",city
GHA,6.38479,-0.376333,recipient,18,"Ghana, Begoro: Laptops for Ghana, Begoro - Anglican JHS","Begoro, Fanteakwa North District, Eastern Region, Ghana, open, 132 students",city
GHA,6.38479,-0.376333,recipient,17,"Ghana, Begoro: ","Begoro, Fanteakwa North District, Eastern Region, Ghana, open, 152 students",city
ARG,-34.9206797,-57.9537638,recipient,8,"Argentina, LA PLATA: To provide children in project 'La Maqu","La Plata, Partido de La Plata, Buenos Aires, Argentina, completed, 15 students",city
ECU,-2.1900572,-79.8868669,recipient,5,"Ecuador, Guayaquil: Yachana-huasi","Guayaquil, Guayas, Ecuador, completed, 530 students",city
ZMB,-15.4163395,28.2818414,recipient,60,"Zambia, Lusaka: Holy Cross Convent school | Förderverein Win","Lusaka, Lusaka District, Lusaka Province, 10101, Zambia, completed, 400 students",city
GTM,15.5855545,-90.345759,recipient,1,"Guatemala, Huehuetenango Cabecera: To provide the school (EL","Guatemala, completed, 492 students",city
GHA,7.3384389,-2.3309226,recipient,18,"Ghana, Sunyani: ","Sunyani, Sunyani West District, Bono Region, Ghana, open, 25 students",city
ECU,-1.2422413,-78.6287594,recipient,2,"Ecuador, Ambato, Tungurahua: ","Ambato, Tungurahua, Ecuador, completed, 60 students",city
THA,19.7589517,99.6734592,recipient,6,"Thailand, Chiang Rai: 把Ｅ化教育帶到泰北,為學校進行環境改善作業","จังหวัดเชียงราย, ประเทศไทย, completed, 94 students",city
GHA,9.2727455,-2.4139258,recipient,35,"Ghana, Sawla: NASCO ICT Feeding minds to help provide univer","Sawla, Sawla-Tuna-Kalba District, Savannah Region, Ghana, completed, 876 students",city
MEX,19.3207722,-99.1514678,recipient,0,"Mexico, Mexico City: Digital art workshops for kids and adol","Ciudad de México, México, open, 10 students",city
MEX,18.9914959,-99.1025453,recipient,4,"Mexico, Tepoztlán: Give development tools to young people, r","Tepoztlán, Morelos, México, open, 20 students",city
BIH,43.1133536,17.705039,recipient,15,"Bosnia and Herzegovina, Capljina: Computer room for a primar","Čapljina, Grad Čapljina, Hercegovačko-neretvanska županija (kanton), Federacija Bosne i Hercegovine, 88300, Bosna i Hercegovina / Босна и Херцеговина, completed, 310 students",city
NPL,27.9833691,84.6372153,recipient,3,"Nepal, Ghyampesal: Shree Dullav Higher Secondary School","Gorkha-Ghyampesal Road, Gorkha-08, गोरखा, गण्डकी प्रदेश, नेपाल, open, 120 students",city
KHM,11.5730391,104.857807,recipient,19,"Cambodia, Phnom Penh: Introduce IT skills to students (Toul ","រាជធានីភ្នំពេញ, ព្រះរាជាណាចក្រ​កម្ពុជា, completed, 250 students",city
ZMB,-12.9693056,28.6365894,recipient,23,"Zambia, Ndola: Chisankana Community Primary School","Ndola, Ndola District, Copperbelt Province, Zambia, completed, 190 students",city
MEX,19.3207722,-99.1514678,recipient,2,"Mexico, Distrito Federal: Adolescents and young adults promo","Ciudad de México, México, open, 10 students",city
PRY,-25.4046805,-57.2857757,recipient,2,"Paraguay, Ypacarai: Computer Lab","Distrito de Ypacarai, Central, Región Oriental, Paraguay / Paraguái, completed, 20 students",city
GTM,15.6469632,-90.4018411,recipient,9,"Guatemala, Chitocán II: laboratorio de computación auto-sost","Aldea Chitocán, Cobán, Alta Verapaz, Guatemala, completed, 200 students",city
MAR,28.3347722,-10.3713379,recipient,10,"Morocco, Tafrauot: computer lab in a school with disadvantag","Maroc ⵍⵎⵖⵔⵉⴱ المغرب, completed, 10 students",city
CMR,6.2484436,10.5058304,recipient,0,"Cameroon, Elak-Oku: Computer centre of Elak-Okuon on the pur","Oku, Elak, Bui, Northwest, Cameroun, open, 40 students",city
NAM,-22.6768424,14.528972,recipient,10,"Namibia, Swakopmund: Schule Swakopmund","Swakopmund, Erongo Region, 13001, Namibia, completed, 200 students",city
AFG,34.783333,70.183333,recipient,10,"Afghanistan, Laghmani: school in Laghmani (DAI)","لغمان ولايت, افغانستان, completed, 100 students",city
BIH,44.9801369,16.7123704,recipient,10,"Bosnia and Herzegovina, Prijedor: school at Prijedor","Prijedor, MZ Prijedor centar, Grad Prijedor, Република Српска / Republika Srpska, 79000, Bosna i Hercegovina / Босна и Херцеговина, completed, 60 students",city
BIH,44.3053476,17.5961467,recipient,10,"Bosnia and Herzegovina, Srebrenica / Srebrenik: Computer lab","Bosna i Hercegovina / Босна и Херцеговина, completed, 70 students",city
BIH,44.1507747,17.7915356,recipient,12,"Bosnia and Herzegovina, Vitez: Roma project and school (Merh","Vitez, Općina Vitez, Srednjobosanski kanton / Županija Središnja Bosna, Federacija Bosne i Hercegovine, 72250, Bosna i Hercegovina / Босна и Херцеговина, completed, 85 students",city
CMR,3.8689867,11.5213344,recipient,20,"Cameroon, Yaoundé: Deutsche Schule Jaunde","Communauté urbaine de Yaoundé, Mfoundi, Centre, Cameroun, completed, 40 students",city
DEU,51.3517924,6.7398776,recipient,20,"Germany, Duisburg - Huckingen: Bertold-Brecht-Berufsschule","Duisburg-Huckingen, A 524, Ungelsheim, Duisburg-Süd, Duisburg, Nordrhein-Westfalen, 47259, Deutschland, completed, 2100 students",city
DEU,51.434999,6.759562,recipient,4,"Germany, Duisburg: Kunstpause e.V. - Children and youth proj","Duisburg, Nordrhein-Westfalen, Deutschland, completed, 12 students",city
DEU,51.4272925,6.8829192,recipient,8,"Germany, Mülheim an der Ruhr: CVJM / YMCA, new computer room","Mülheim an der Ruhr, Nordrhein-Westfalen, Deutschland, completed, 15 students",city
GHA,8.0300284,-1.0800271,recipient,16,"Ghana, Botianor: Future Now, Krokobite school ","Ghana, completed, 280 students",city
DEU,50.9575459,6.8914429,recipient,5,"Germany, Köln / Cologne: Kölner Flüchtlingszentrum Fliehkraf","HFC Prestige Manufacturing Cologne Germany GmbH, Bickendorf, Ehrenfeld, Köln, Nordrhein-Westfalen, Deutschland, completed, 15 students",city
BIH,44.3053476,17.5961467,recipient,10,"Bosnia and Herzegovina, Srebrenica / Srebrenik: hospital","Bosna i Hercegovina / Босна и Херцеговина, completed, 20 students",city
TJK,39.9080152,68.9956351,recipient,15,"Tajikistan, Istaravshan: home and school for handicaped peop","Истаравшан, Ноҳияи Истаравшан, Вилояти Суғд, 735610, Тоҷикистон, completed, 88 students",city
TJK,39.9080152,68.9956351,recipient,15,"Tajikistan, Istaravshan: NGO SADOQA, school for young women","Истаравшан, Ноҳияи Истаравшан, Вилояти Суғд, 735610, Тоҷикистон, completed, 30 students",city
THA,16.714992,98.5695528,recipient,2,"Thailand, Mae Sot: The laptops will allow to create a comput","แม่สอด, เทศบาลนครแม่สอด, อำเภอแม่สอด, จังหวัดตาก, 63110, ประเทศไทย, completed, 400 students",city
GHA,5.6596409,-0.0096771,recipient,45,"Ghana, Tema, Accra: Computer lab (African Angel eV)","Tema, Tema Metropolitan District, Greater Accra Region, Ghana, open, 97 students",city
GMB,13.470062,-15.4900464,recipient,2,"Gambia, Fulladu West: Boraba Youth Development Association (","Gambia, open, 60 students",city
NPL,28.209538,83.991402,recipient,0,"Nepal, Pokhara: ","Pokhara, कास्की, गण्डकी प्रदेश, नेपाल, open, 20 students",city
ALB,41.3281482,19.8184435,recipient,9,"Albania, Tirana: Fan S. Noli school","Tiranë, Bashkia Tiranë, Qarku i Tiranës, Shqipëria Qendrore, 1001-1028, Shqipëria, completed, 900 students",city
MEX,17.1259125,-96.0290761,recipient,1,"Mexico, Santa María Tlahuitoltepec: Laboratory of indigenous","Santa María Tlahuitoltepec, Oaxaca, 70265, México, open, 30 students",city
GMB,13.2804046,-16.5899201,recipient,0,"Gambia, Mandinaba: nursery school","Mandina Ba, Kombo Central, Brikama, West Coast, Gambia, open, 142 students",city
KGZ,42.2089502,75.6295334,recipient,0,"Kyrgyzstan, Kochkor: school 02 in Kochkor Zhündübaeva","Кочкор, Ак-Жар, Кочкор району, Нарын облусу, Кыргызстан, open, 1300 students",city
KGZ,41.5089324,74.724091,recipient,3,"Kyrgyzstan, Kochkor -  Ak-Talaa: school 01 in Kochkor Ak-Tal","Кыргызстан, open, 173 students",city
NPL,27.9257991,85.248672,recipient,0,"Nepal, Nuwakot: Shree Mahendra Higher Secondary School","नुवाकोट जिल्ला, बागमती प्रदेश, नेपाल, open, 559 students",city
MEX,19.4421727,-99.1524393,recipient,8,"Mexico, Delegación Cuauhtémoc.  : Exilio Colectivo is puttin","Delegación Cuauhtémoc, Calle Buenavista, Buenavista, Ciudad de México, Cuauhtémoc, Ciudad de México, 06350, México, completed, 25 students",city
KEN,-1.2569762,36.7481694,recipient,26,"Kenya, Nairobi Kangemi: Kangemi Hupendo school","Kenya Agricultural & Livestock Research Organization headquarters, Kitisuru ward, Kangemi division, Westlands, Nairobi, Kenya, open, 570 students",city
CMR,3.8689867,11.5213344,recipient,18,"Cameroon, Yaoundé: lab-village schools","Communauté urbaine de Yaoundé, Mfoundi, Centre, Cameroun, completed, 90 students",city
GTM,14.5303191,-90.7400494,recipient,1,"Guatemala, San Pedro Las Huertas: To construct a computer la","San Pedro Las Huertas, Antigua Guatemala, Sacatepéquez, 01101, Guatemala, completed, 40 students",city
BIH,44.4388706,18.1458239,recipient,10,"Bosnia and Herzegovina, Zavidovici: To support 2 association","Zavidovići, Grad Zavidovići, Zeničko-dobojski kanton, Federacija Bosne i Hercegovine, 72220, Bosna i Hercegovina / Босна и Херцеговина, completed, 78 students",city
ZMB,-15.4163395,28.2818414,recipient,53,"Zambia, Lusaka: St. Pauls Primary and Secondary School ","Lusaka, Lusaka District, Lusaka Province, 10101, Zambia, open, 1650 students",city
NPL,28.3780464,83.9999901,recipient,6,"Nepal, Kathmandu - Handigaun: Primary school in Handigaun","नेपाल, completed, 70 students",city
IND,10.7873692,76.4742172,recipient,0,"India, Palakkad: To provide laptops for hearing-impaired chi","Palakkad, Kerala, India, open, 158 students",city
GNB,12.1348512,-14.750361,recipient,4,"Guinea-Bissau, Bafata: Dotar tecnologia para aulas informati","Região de Bafatá, Província Leste, Guiné-Bissau, completed, 400 students",city
POL,50.4337118,16.6422465,recipient,11,"Poland, Kłodzko: Kinder- und Jugendbildung","Kłodzko, powiat kłodzki, województwo dolnośląskie, Polska, completed, 100 students",city
GHA,7.271234,-2.873259,recipient,49,"Ghana, Dormaa-Ahenkro: Onipa Nti Education and ICT Centre","Dormaa Ahenkro, Dormaa Central Municipal District, Bono Region, Ghana, completed, 1000 students",city
MEX,20.7211203,-103.3913671,recipient,4,"Mexico, Zapopan: Escuela para adultos o jóvenes que trabajan","Zapopan, Región Centro, Jalisco, 45101, México, open, 22 students",city
MEX,15.666921,-96.5524967,recipient,2,"Mexico, El Mazunte, Santa María Tonameca: Espacio de experim","El Mazunte, Avenida San Agustinillo, Mazunte, Santa María Tonameca, Oaxaca, 70947, México, open, 400 students",city
SYR,35.9919311,36.3938433,recipient,6,"Syria, Darkush: Syria, Darkush: Camp school","دركوش, ناحية دركوش, منطقة جسر الشغور, محافظة إدلب, سوريا, completed, 900 students",city
AFG,33.7680065,66.2385139,recipient,17,"Afghanistan, Bedmoschk: Afghanistan, Wardak, Jaghatu: Primar","افغانستان, completed, 100 students",city
IND,9.967569,76.2421901,recipient,2,"India, Fort Cochin: Cottolengo Special School for intellectu","Fort Kochi, Kochi, Ernakulam, Kerala, 682001, India, completed, 62 students",city
LBR,5.7499721,-9.3658524,recipient,28,"Liberia, Brewerville / Monrovia: Diana E. Davies, Elementary","Liberia, open, 600 students",city
ECU,-1.2422413,-78.6287594,recipient,17,"Ecuador, Ambato, Tungurahua: Computer Lab in Luis Vivero Esp","Ambato, Tungurahua, Ecuador, completed, 200 students",city
ECU,-1.2422413,-78.6287594,recipient,4,"Ecuador, Ambato, Tungurahua: To equip the local rural school","Ambato, Tungurahua, Ecuador, completed, 20 students",city
THA,13.7379826,100.6445632,recipient,10,"Thailand, Hua Mak: Hua Mak School","หัวหมาก, ถนนสถานีหัวหมาก, แขวงพัฒนาการ, เขตสวนหลวง, กรุงเทพมหานคร, 10250, ประเทศไทย, completed, 10 students",city
NPL,28.209538,83.991402,recipient,0,"Nepal, Pokhara: Nepal, Pokhara: IEC Inclusion Empowerment Ce","Pokhara, कास्की, गण्डकी प्रदेश, नेपाल, open, 20 students",city
MEX,18.893826,-99.4941623,recipient,1,"Mexico, Malinalco: Imaginalco is a program for young people ","Malinalco, Estado de México, México, open, 30 students",city
MEX,19.3207722,-99.1514678,recipient,2,"Mexico, Mexico City: Promote popular culture projects and th","Ciudad de México, México, open, 60 students",city
MEX,21.880487,-102.2967195,recipient,1,"Mexico, Aguascalientes: The young people working in the coll","Aguascalientes, Municipio de Aguascalientes, Aguascalientes, 20000, México, open, 4 students",city
UGA,1.0022373,32.1758087,recipient,13,"Uganda, Nakaseke: Nakseke schools P.T.C staff students, indi","Nakaseke, Central Region, Uganda, completed, 100 students",city
NGA,6.6496458,6.3889698,recipient,20,"Nigeria, Ubiaja: Edeikholor Mixed Secondary School","Ubiaja, Esan South-East, Edo, Nigeria, completed, 450 students",city
DEU,51.434999,6.759562,recipient,9,"Germany, Duisburg: Kindergärten und Kindertagesstätten","Duisburg, Nordrhein-Westfalen, Deutschland, completed, 200 students",city
THA,19.5600361,99.493742,recipient,10,"Thailand, Maesuai: Laptops for Maesuai High School Students ","Doi Chaang Café, 118, บ้านป่าถ่อน, เจดีย์หลวง, อำเภอแม่สรวย, จังหวัดเชียงราย, ประเทศไทย, completed, 340 students",city
KEN,-1.2680073,36.7522966,recipient,6,"Kenya, Kangemi: Educating the vulnerable children using comp","Kangemi, Kangemi division, Westlands, Nairobi, 23318, Kenya, completed, 311 students",city
MWI,-13.990296,34.5153346,recipient,23,"Malawi, Chipoka: Primary and Secondary School in Chipoka | S","Chipoka, Salima, Central Region, Malawi, open, 1200 students",city
KEN,-1.2569762,36.7481694,recipient,27,"Kenya, Nairobi Kangemi: school and street kids project in Ka","Kenya Agricultural & Livestock Research Organization headquarters, Kitisuru ward, Kangemi division, Westlands, Nairobi, Kenya, completed, 200 students",city
PRY,-25.4046805,-57.2857757,recipient,24,"Paraguay, Ypacarai: laptops for Norma Hogar","Distrito de Ypacarai, Central, Región Oriental, Paraguay / Paraguái, completed, 150 students",city
VNM,16.068,108.212,recipient,8,"Vietnam, Danang: support and help create  conditions for the","Thành phố Đà Nẵng, Việt Nam, completed, 40 students",city
BIH,43.8570713,18.4126147,recipient,5,"Bosnia and Herzegovina, Sarajevo: UZOPI support refugees and","Grad Sarajevo, Kanton Sarajevo, Federacija Bosne i Hercegovine, Bosna i Hercegovina / Босна и Херцеговина, completed, 4 students",city
NGA,6.6496458,6.3889698,recipient,20,"Nigeria, Ubiaja: Nigeria, Ubiaja: St. John Boscos College","Ubiaja, Esan South-East, Edo, Nigeria, completed, 400 students",city
ESP,41.3241016,2.0511278,recipient,11,"Spain, Sant Boi: Projecte de reinseció social al centre Salu","Sant Boi de Llobregat, Baix Llobregat, Barcelona, Catalunya, 08830, España, completed, 100 students",city
DEU,51.5623618,6.7345106,recipient,5,"Germany, Dinslaken: Friedensdorf Oberhausen, Lernhaus | COVI","Dinslaken, Kreis Wesel, Nordrhein-Westfalen, Deutschland, completed, 150 students",city
NPL,27.618086,84.4536201,recipient,6,"Nepal, Chitwan: These computers will be used in our village ","चितवन जिल्ला, बागमती प्रदेश, नेपाल, completed, 500 students",city
BIH,43.0830587,17.9580026,recipient,15,"Bosnia and Herzegovina, Stolac: School in Stolac","Stolac, Grad Stolac, Hercegovačko-neretvanska županija (kanton), Federacija Bosne i Hercegovine, 88360, Bosna i Hercegovina / Босна и Херцеговина, completed, 150 students",city
DEU,51.4818111,7.2196635,recipient,4,"Germany, Bochum: Die Brücke eV","Bochum, Nordrhein-Westfalen, Deutschland, completed, 70 students",city
DEU,51.5110321,7.0960124,recipient,7,"Germany, Gelsenkirchen: Förderverein Krebsberatung","Gelsenkirchen, Nordrhein-Westfalen, Deutschland, completed, 7 students",city
DEU,51.4582235,7.0158171,recipient,1,"Germany, Essen: WAKIGA Waldkindergarten","Essen, Nordrhein-Westfalen, Deutschland, completed, 20 students",city
DEU,51.4582235,7.0158171,recipient,9,"Germany, Essen: Storp9 Haus für Bildung und Kultur","Essen, Nordrhein-Westfalen, Deutschland, completed, 9 students",city
KEN,0.2249147,34.7126614,recipient,33,"Kenya, Shiamusinjiri: The laptops will be used to educate lo","Shiamusinjiri Market, E237, Khayega, Isukha South ward, Ikolomani, Kakamega, Kenya, completed, 30 students",city
KGZ,42.8761424,74.6036724,recipient,5,"Kyrgyzstan, Bishkek  city: Friedensdorf Pre-School education","Бишкек шаары, Кыргызстан, completed, 20 students",city
MWI,-11.2644272,33.7820125,recipient,15,"Malawi, Madisi: School in Madisi","Madisi, Mzimba, Northern Region, Malawi, completed, 1000 students",city
KHM,11.5730391,104.857807,recipient,2,"Cambodia, Phnom Penh: Comped Home","រាជធានីភ្នំពេញ, ព្រះរាជាណាចក្រ​កម្ពុជា, completed, 45 students",city
ALB,41.3372628,19.8108552,recipient,8,"Albania, Preza: school","Rruga Bajram Preza, Brraka, Njësia Bashkiake Nr. 9, Tiranë, Bashkia Tiranë, Qarku i Tiranës, Shqipëria Qendrore, 1016, Shqipëria, completed, 320 students",city
ROU,46.1278493,25.1098981,recipient,4,"Romania, Roades / Radeln: Dorfschule Radeln - Peter Maffay S","Roadeș, Bunești, Brașov, 507038, România, completed, 30 students",city
ROU,46.1278493,25.1098981,recipient,4,"Romania, Roades / Radeln: Schutzburg Radeln - Peter Maffay S","Roadeș, Bunești, Brașov, 507038, România, completed, 14 students",city
BIH,44.3053476,17.5961467,recipient,16,"Bosnia and Herzegovina, Kakanj (Visoko): Primary school in K","Bosna i Hercegovina / Босна и Херцеговина, completed, 150 students",city
MEX,18.552778,-96.941667,recipient,5,"Mexico, Tepetlampa, Municipio Zongolica: Primary school, TEC","Tepetlampa, Temaxcalapa, Zongolica, Veracruz, México, open, 115 students",city
BIH,43.8570713,18.4126147,recipient,10,"Bosnia and Herzegovina, Sarajevo: Bosnia Herzegovina, Saraje","Grad Sarajevo, Kanton Sarajevo, Federacija Bosne i Hercegovine, Bosna i Hercegovina / Босна и Херцеговина, completed, 10 students",city
BIH,44.2252216,18.6940672,recipient,5,"Bosnia and Herzegovina, Kladanj: Bosnia Herzegovina, Kladanj","Kladanj, Općina Kladanj, Tuzlanski kanton, Federacija Bosne i Hercegovine, Bosna i Hercegovina / Босна и Херцеговина, completed, 60 students",city
ESP,41.3825802,2.177073,recipient,7,"Spain, Barcelona: Provisioning of laptops for children in Ce","Barcelona, Barcelonès, Barcelona, Catalunya, España, completed, 60 students",city
BIH,44.4916604,19.0027278,recipient,12,"Bosnia and Herzegovina, Sapna: High School Sapna","Sapna, Općina Sapna, Tuzlanski kanton, Federacija Bosne i Hercegovine, Bosna i Hercegovina / Босна и Херцеговина, completed, 600 students",city
NIC,11.3692021,-86.1191456,recipient,2,"Nicaragua, Tola: escuelita Tola","Tola, Rivas, 48500, Nicaragua, completed, 45 students",city
BIH,42.8873119,17.9645863,recipient,5,"Bosnia and Herzegovina, RAVNO: UDRUENJE MLADIH ENA POVRATNIK","Ravno, Općina Ravno, Hercegovačko-neretvanska županija (kanton), Federacija Bosne i Hercegovine, Bosna i Hercegovina / Босна и Херцеговина, completed, 20 students",city
TZA,-3.3445412,37.3495621,recipient,6,"Tanzania, Moshi-Kilimanjaro: FASO FUMBUKA AGRO SOLUTION ORGA","Moshi - Kilimanjaro, Tanzanite Avenue, Moshi, Moshi Urban, Kilimanjaro, Northern Zone, 25107, Tanzania, completed, 30 students",city
TZA,-3.4285515,36.7896868,recipient,22,"Tanzania, Tengeru: Livestock Training Agency (LITA)","Tengeru, Arusha, Northern Zone, Tanzania, completed, 150 students",city
GMB,13.258513,-16.4999051,recipient,19,"Gambia, Brikama: Secondary School O4EF","Brikama, West Coast, Gambia, open, 500 students",city
BIH,44.1848287,17.9670235,recipient,12,"Bosnia and Herzegovina, Perin Han: Laptops for primary schoo","Perin Han, Zenica, Grad Zenica, Zeničko-dobojski kanton, Federacija Bosne i Hercegovine, 72215, Bosna i Hercegovina / Босна и Херцеговина, completed, 550 students",city
MWI,-13.2687204,33.9301963,recipient,3,"Malawi, Dedza / Bembeke: Ngonoonda school (MIM stichting)","Malawi, open, 65 students",city
CPV,17.2013338,-25.0910546,recipient,3,"Cape Verde, Ponta do Sol: Casa Encontrar in Ponta do Sol","Ponta do Sol, Ribeira Grande, 1120, Cabo Verde, open, 4 students",city
SYR,34.6401861,39.0494106,recipient,4,"Syria, Atmeh / Atima: Syria, Atmeh / Atima: Camp school Amal","سوريا, completed, 200 students",city
MAR,28.9863852,-10.0574351,recipient,31,"Morocco, Guelmim: student dormitory Exellence","Guelmim ⴳⵍⵎⵉⵎ كلميم, Pachalik de Guelmim باشوية كلميم, Province de Guelmim ⵜⴰⵙⴳⴰ ⵏ ⴳⵍⵎⵉⵎ إقليم كلميم, Guelmim-Oued Noun ⵜⴰⵙⴳⴰ-ⵡⴰⴷ ⵏⵓⵏ كلميم وادي نون, Maroc ⵍⵎⵖⵔⵉⴱ المغرب, completed, 370 students",city
MAR,31.0999166,-4.0140878,recipient,20,"Morocco, Merzouga: Morocco, Merzouga: Sable D´Or primary sch","Merzouga ⵎⴰⵔⵣⵓⴳⴰ مرزوكة, Et-taous ⵟⴰⵡⵙ الطاوس, Caïdat de Taouz, Cercle d'Er-Rissani, Province d'Errachidia إقليم الرشيدية, Drâa-Tafilalet ⴷⴰⵔⵄⴰ-ⵜⴰⴼⵉⵍⴰⵍⵜ درعة تافيلالت, Maroc ⵍⵎⵖⵔⵉⴱ المغرب, completed, 300 students",city
MAR,35.7696302,-5.8033522,recipient,4,"Morocco, Tanger: Morocco, Tanger: DRAGON TANGER OPEN PROJECT","Tanger طنجة, Pachalik de Tanger باشوية طنجة, Préfecture de Tanger-Assilah عمالة طنجة-أصيلة, Tanger-Tétouan-Al Hoceïma ⵟⴰⵏⵊ-ⵟⵉⵜⴰⵡⵉⵏ-ⵍⵃⵓⵙⵉⵎⴰ طنجة تطوان الحسيمة, Maroc ⵍⵎⵖⵔⵉⴱ المغرب, open, 60 students",city
THA,8.6880346,98.4081942,recipient,23,"Thailand, Kapong: Yaowawit School","กะปง, อำเภอกะปง, จังหวัดพังงา, 82170, ประเทศไทย, open, 110 students",city
GTM,15.5721191,-90.2014497,recipient,0,"Guatemala, San Pedro Carchá: Prorcionamos servicios educativ","San Pedro Carchá, Alta Verapaz, 16009, Guatemala, completed, 1800 students",city
DEU,51.4818111,7.2196635,recipient,2,"Germany, Bochum: Germany, Bochum: Lebensarchitekten e,V,","Bochum, Nordrhein-Westfalen, Deutschland, completed, 7 students",city
TZA,-6.4422075,38.9062189,recipient,9,"Tanzania, Bagamoyo: Our goal is to build up computer classes","Bagamoyo, Pwani, Coastal Zone, Tanzania, completed, 900 students",city
GTM,15.9874734,-90.7811164,recipient,2,"Guatemala, Playa Grande, Ixcán: GESTIÓN DE COMPUTADORAS PARA","Playa Grande Ixcán, Ixcán, Quiché, Guatemala, completed, 50 students",city
DEU,51.4582235,7.0158171,recipient,34,"Germany, Essen: Computainer","Essen, Nordrhein-Westfalen, Deutschland, completed, 40 students",city
ZAF,-28.8166236,24.991639,recipient,10,"South Africa, Nelspruit Village: SASA Scout Centre in Nelspr","South Africa, completed, 150 students",city
ECU,-1.2422413,-78.6287594,recipient,4,"Ecuador, Ambato, Tungurahua: Promover el desarrollo integral","Ambato, Tungurahua, Ecuador, completed, 299 students",city
THA,12.9366924,100.8865002,recipient,2,"Thailand, Pattaya: School No 4","เมืองพัทยา, อำเภอบางละมุง, จังหวัดชลบุรี, ประเทศไทย, completed, 51 students",city
CMR,5.9614117,10.1516505,recipient,693,"Cameroon, Bamenda: 'Informatik für Afrika' (InfA)","Communauté urbaine de Bamenda, Mezam, Northwest, Cameroun, completed, 3500 students",city
DEU,51.5142273,7.4652789,recipient,15,"Germany, Dortmund: Africa Positive e.V. Computerkurse für Mi","Dortmund, Nordrhein-Westfalen, Deutschland, completed, 60 students",city
MEX,19.3207722,-99.1514678,recipient,3,"Mexico, Mexico City: ICT workshops for kids and adolescents ","Ciudad de México, México, open, 40 students",city
BIH,43.8568489,18.3849891,recipient,10,"Bosnia and Herzegovina, Novo Sarajevo: Laptops for volunteer","Općina Novo Sarajevo, Grad Sarajevo, Kanton Sarajevo, Federacija Bosne i Hercegovine, Bosna i Hercegovina / Босна и Херцеговина, completed, 200 students",city
KGZ,41.5089324,74.724091,recipient,0,"Kyrgyzstan, Kochkor - Arabaev: school 03 in Kochkor","Кыргызстан, open, 1005 students",city
BIH,43.1595932,17.6712612,recipient,30,"Bosnia and Herzegovina, Zvirovici: To implement a computer l","Zvirovići, Grad Čapljina, Hercegovačko-neretvanska županija (kanton), Federacija Bosne i Hercegovine, 88266, Bosna i Hercegovina / Босна и Херцеговина, completed, 200 students",city
SEN,13.1291507,-14.4181474,recipient,2,"Senegal, Kolda: OFTALKOLDA, An eye-health project in Senegal","Région de Kolda, Sénégal, open, 200 students",city
THA,19.3927456,98.2031112,recipient,24,"Thailand, Mae Hong Son: The Buddha Kasettra School","จังหวัดแม่ฮ่องสอน, ประเทศไทย, open, 120 students",city
VEN,10.5060934,-66.9146008,recipient,6,"Venezuela, Caracas: To provide 16 laptops to the 8 schools i","Caracas, Parroquia Catedral, Municipio Libertador, Distrito Metropolitano de Caracas, Distrito Capital, Venezuela, completed, 200 students",city
GTM,14.5567814,-90.7337346,recipient,13,"Guatemala, Antigua: Implementation of a Labdoo laptop librar","Antigua Guatemala, Sacatepéquez, Guatemala, completed, 200 students",city
HND,14.8211028,-85.9549881,recipient,3,"Honduras, Olancho: To connect over 500 students to the Inter","Olancho, Honduras, completed, 200 students",city
KEN,1.4419683,38.4313975,recipient,2,"Kenya, Endana: To provide the community with alternatives to","Kenya, completed, 200 students",city
NIC,12.8884114,-86.5430832,recipient,0,"Nicaragua, Subtiava: Equip a local school with a computer la","Subtiava, El Sauce, León, 22800, Nicaragua, completed, 200 students",city
NGA,5.5489029,6.5865142,recipient,30,"Nigeria, Ndoni: To Bring Laptops And Internet To The Childre","Ndoni, Ogba/Egbema/Ndoni, Rivers, Nigeria, completed, 200 students",city
KHM,13.3617562,103.8590321,recipient,21,"Cambodia, Siem Reap: To provide laptops for high school tech","ក្រុងសៀមរាប, សៀមរាប, ខេត្តសៀមរាប, 123456, ព្រះរាជាណាចក្រ​កម្ពុជា, completed, 200 students",city
TZA,-6.4422075,38.9062189,recipient,2,"Tanzania, Bagamoyo: computer classroom at Marian High School","Bagamoyo, Pwani, Coastal Zone, Tanzania, completed, 200 students",city
ESP,41.3825802,2.177073,recipient,10,"Spain, Barcelona: To equip the hospital with laptops loaded ","Barcelona, Barcelonès, Barcelona, Catalunya, España, completed, 200 students",city
GTM,14.5446696,-90.7995891,recipient,5,"Guatemala, Santiago Zamora: Provisioning of laptops to Profe","Santiago Zamora, Santa Catarina Barahona, Sacatepéquez, 03015, Guatemala, completed, 200 students",city
KEN,0.607628,34.7687756,recipient,10,"Kenya, Webuye: EWB Western Massachusetts is implementing a c","Webuye, Webuye West, Bungoma, Kenya, completed, 200 students",city
CMR,6.0056298,10.1038897,recipient,19,"Cameroon, Mankon Bamenda: NWR - Educare Africa","Mankon, Communauté urbaine de Bamenda, Mezam, Northwest, Cameroun, open, 200 students",city
BIH,44.0353277,17.1586717,recipient,5,"Bosnia and Herzegovina, Blagaj: Returnees aid ","Blagaj, Općina Kupres, Hercegbosanska županija, Federacija Bosne i Hercegovine, 80320, Bosna i Hercegovina / Босна и Херцеговина, completed, 200 students",city
ECU,-1.2422413,-78.6287594,recipient,5,"Ecuador, Ambato, Tungurahua: ","Ambato, Tungurahua, Ecuador, open, 200 students",city
ECU,-1.2422413,-78.6287594,recipient,2,"Ecuador, Ambato, Tungurahua: ","Ambato, Tungurahua, Ecuador, completed, 200 students",city
TGO,6.130419,1.215829,recipient,0,"Togo, Lome: School Project","Lomé, Région Maritime, Togo, completed, 12 students",city
BIH,44.7048957,18.4912709,recipient,3,"Bosnia and Herzegovina, Srebrenik: Kinderkarawane project (M","Srebrenik, Grad Srebrenik, Tuzlanski kanton, Federacija Bosne i Hercegovine, 75350, Bosna i Hercegovina / Босна и Херцеговина, completed, 20 students",city
DEU,51.2254018,6.7763137,recipient,6,"Germany, Düsseldorf: SOS Kinder- und Jugendhilfen Düsseldorf","Düsseldorf, Nordrhein-Westfalen, Deutschland, completed, 30 students",city
THA,18.7882778,98.9858802,recipient,5,"Thailand, Chiang Mai: Children's Shelter Foundation","เทศบาลนครเชียงใหม่, ฟ้าฮ่าม, อำเภอเมืองเชียงใหม่, จังหวัดเชียงใหม่, ประเทศไทย, completed, 200 students",city
DEU,51.2254018,6.7763137,recipient,5,"Germany, Düsseldorf: Several projects in Germany, focused on","Düsseldorf, Nordrhein-Westfalen, Deutschland, completed, 20 students",city
LAO,19.8887438,102.135898,recipient,8,"Laos, Luang Prabang: LELC LEOT English Learning Centre","ຫຼວງພະບາງ, ເມືອງຫຼວງພະບາງ, ຫລວງພະບາງ, 10554, ປະເທດລາວ, completed, 100 students",city
ZAF,-34.0140004,18.6509154,recipient,2,"South Africa, Khayelitsha (Cape Town): AMANDLA EduFootball","The Philani Child Health & Nutrition Project, Site C Khayelitsha, Phaphani Street, Cape Town Ward 87, Cape Town, City of Cape Town, Western Cape, 7783, South Africa, completed, 1500 students",city
UGA,0.3177137,32.5813539,recipient,5,"Uganda, Kampala: To provide laptops to the children of In Mo","Kampala, Central Region, Uganda, completed, 200 students",city
PER,-8.0516808,-79.0016911,recipient,2,"Peru, El Porvenir, Trujillo: Nuestro objetivo principal es d","El Porvenir, Trujillo, La Libertad, Perú, completed, 295 students",city
BRA,-22.3061661,-42.4934183,recipient,2,"Brazil, Nova Friburgo, Centenario: Haus des Wissens (Kinderd","Nova Friburgo, Rio de Janeiro, Região Sudeste, Brasil, completed, 20 students",city
ESP,39.490845,2.8913179,recipient,6,"Spain, Llucmajor: SI – Mallorca","Llucmajor, Migjorn, Illes Balears, España, completed, 40 students",city
UGA,0.3177137,32.5813539,recipient,5,"Uganda, Kampala: Laptops for a dedicated subset of mobile st","Kampala, Central Region, Uganda, open, 250 students",city
KEN,-0.1029109,34.7541761,recipient,10,"Kenya, Kisumu: The laptops will serve the community towards ","Kisumu, City of Kisumu, Kisumu, Kenya, completed, 400 students",city
DEU,51.4582235,7.0158171,recipient,23,"Germany, Essen: Krähennest DIe Perspektive e.V.","Essen, Nordrhein-Westfalen, Deutschland, completed, 60 students",city
MAR,31.6258257,-7.9891608,recipient,10,"Morocco, Marrakech: Morocco, Marrakech: ABURY Laptop Challen","Marrakech ⵎⵕⵕⴰⴽⵯⵛ مراكش, Pachalik de Marrakech, Préfecture de Marrakech عمالة مراكش, Marrakech-Safi ⵎⵕⵕⴰⴽⵛ-ⴰⵙⴼⵉ مراكش-أسفي, Maroc ⵍⵎⵖⵔⵉⴱ المغرب, completed, 55 students",city
DEU,51.2254018,6.7763137,recipient,13,"Germany, Düsseldorf: Diakonie Jump Jugendhilfe für minderjäh","Düsseldorf, Nordrhein-Westfalen, Deutschland, completed, 15 students",city
KEN,0.7829245,34.7191681,recipient,18,"Kenya, Bungoma: Bungoma Street Kids Project","Bungoma, Kenya, completed, 30 students",city
POL,51.250559,22.5701022,recipient,2,"Poland, Lublin: Fundacja Szczesliwe Dziecinstwo Jugendakadem","Lublin, województwo lubelskie, Polska, completed, 80 students",city
COG,1.4308379,16.1834897,recipient,10,"Congo (Brazzaville), Ngombé: Dans la ville de Ngombé, située","Ngombé, District de Mokeko, Sangha, Congo, completed, 2000 students",city
TJK,38.5767045,68.785433,recipient,10,"Tajikistan, Duschanbe: Friedensdorf Dehkadaji Sulh Derewnija","Душанбе, Тоҷикистон, completed, 20 students",city
DEU,51.434999,6.759562,recipient,10,"Germany, Duisburg: Ganztags-Waldorfschule Duisburg","Duisburg, Nordrhein-Westfalen, Deutschland, completed, 140 students",city
SEN,12.9980832,-16.721371,recipient,0,"Senegal, Abéné: Collège d'Enseignement Moyen de Abéné","Abene, Communauté rurale de Kafountine, Arrondissement de Kataba 1, Département de Bignona, Région de Ziguinchor, Sénégal, open, 301 students",city
KEN,-1.302398,36.8288509,recipient,15,"Kenya, Nairobi: MUMO Education & Orphanage Centre (Mpito eV)","Nairobi, Zimmerman, Soko ya Mawe, Nairobi, Kenya, completed, 70 students",city
COD,-4.366774,15.3477726,recipient,77,"Congo (Kinshasa), Kinshasa Limete: WOCHOP Women and Children","Université Libre de Kinshasa, 36, 15ème Rue, Industriel, Limete, Kinshasa, République démocratique du Congo, completed, 300 students",city
COD,-2.9814344,23.8222636,recipient,37,"Congo (Kinshasa), Kinshasa Musangu Mont-Ngafula: INAVM Inter","République démocratique du Congo, completed, 150 students",city
ALB,41.6848768,20.4287139,recipient,5,"Albania, Peshkopia: University - YEP Youth Employment Projec","Peshkopi, Bashkia Dibër, Qarku i Dibrës, Shqipëria Veriore, 8301, Shqipëria, completed, 2500 students",city
IND,19.054999,72.8692035,recipient,3,"India, Mumbai: Palms Care Childrens Home","Mumbai, Mumbai Suburban District, Maharashtra, 400051, India, open, 100 students",city
PAK,34.0123846,71.5787458,recipient,0,"Pakistan, Peshawar: Chand welfare foundation","پيښور ښار تحصیل, ضلع پشاور‎, پشاور ڈویژن, خیبر پختونخوا, پاکستان, open, 15 students",city
MAR,28.3347722,-10.3713379,recipient,6,"Morocco, Pam Ahadaf-Azrou: Une école en milieu rural en moye","Maroc ⵍⵎⵖⵔⵉⴱ المغرب, open, 278 students",city
NAM,-22.4171828,14.9757055,recipient,26,"Namibia, Arandis: Talitha Kumi Christian Academy","Arandis, Erongo Region, Namibia, completed, 100 students",city
COL,4.9523895,-74.0790067,recipient,3,"Colombia, Tabio: Institutión Educativa Departamental José de","Tabio, Sabana Centro, Cundinamarca, RAP (Especial) Central, 250237, Colombia, open, 700 students",city
BLZ,16.9497897,-88.8940646,recipient,5,"Belize, Cayo: To teach the children in Cayo, Belize to use t","Cayo, Belize, open, 60 students",city
ZMB,-15.4163395,28.2818414,recipient,47,"Zambia, Lusaka: City of Hope School | Förderverein Windeck","Lusaka, Lusaka District, Lusaka Province, 10101, Zambia, completed, 800 students",city
ALB,41.000028,19.9999619,recipient,5,"Albania, Visoke, Mallakaster : Primary school in Visoke (Alb","Shqipëria, completed, 150 students",city
GRC,37.9755648,23.7348324,recipient,0,"Greece, Athen: KRASS eV children project","Αθήνα, Δήμος Αθηναίων, Περιφερειακή Ενότητα Κεντρικού Τομέα Αθηνών, Περιφέρεια Αττικής, Αποκεντρωμένη Διοίκηση Αττικής, 105 57, Ελλάς, completed, 0 students",city
KHM,13.7989147,102.8862666,recipient,7,"Cambodia, Meanchey: KRASS eV children project","ខេត្តបន្ទាយមានជ័យ, ព្រះរាជាណាចក្រ​កម្ពុជា, open, 100 students",city
CHN,31.2312707,121.4700152,recipient,7,"China, Shanghai: KRASS eV children project","上海市, 中国, completed, 0 students",city
PAK,34.0123846,71.5787458,recipient,36,"Pakistan, Peshawar: Pak German Model School","پيښور ښار تحصیل, ضلع پشاور‎, پشاور ڈویژن, خیبر پختونخوا, پاکستان, completed, 560 students",city
GIN,9.916026,-12.4375939,recipient,9,"Guinea, Kagbélén: Schule La Lumiere | Hilfe-für-Guinea e.V.","Kagbélen, Préfecture de Kindia, Kindia, Guinée, open, 200 students",city
HND,15.3157045,-87.9932276,recipient,15,"Honduras, Villanueva: Cortés Hogar San Rafael","Villanueva, Cortés, Honduras, completed, 180 students",city
PAK,30.3308401,71.247499,recipient,3,"Pakistan, Baleywala (Gujranwala): Gujranwala Saint Thomas Hi","پاکستان, completed, 500 students",city
PAK,33.6938118,73.0651511,recipient,12,"Pakistan, Islamabad, Meer Koh: Meer Koh Yamin Saya School | ","اسلام آباد, زون 1, وفاقی دارالحکومت اسلام آباد, 44000, پاکستان, completed, 150 students",city
ZAF,-25.3468469,31.1091701,recipient,28,"South Africa, Kabokweni: Mpumalanga Mlilo Primary School and","Kabokweni Road, Mbombela Ward 32, Mbombela, Ehlanzeni, Mpumalanga, 1245, South Africa, completed, 480 students",city
IND,9.9679032,76.2444378,recipient,13,"India, Cochin: Palluruthy DON BOSCO WELFARE CENTRE","Kochi, Ernakulam, Kerala, 682001, India, open, 200 students",city
IRQ,34.8728743,44.6183478,recipient,2,"Iraq, Tuz-al-askari: Salahaddin primary school","مدرسة شمس العراق الابتدائية, شارع حلوة, حي العسكري, طوز خورماتو, ناحية مرکز قضاء طوز خورماتو, قضاء طوز خورماتو, محافظة صلاح الدين, 34009, العراق, completed, 20 students",city
TZA,-6.1773364,39.223289,recipient,10,"Tanzania, Mwanakwerekwe, Stone Town: ZASO Zanzibar Aids Asso","Mwanakwerekwe, Kwa Mchina Mwanzo, Magharibi B, Unguja Mjini Magharibi, Zanzibar زنجبار, 71201, Tanzania, completed, 30 students",city
TZA,-6.1626528,39.1896552,recipient,15,"Tanzania, Stone Town: Zanzibar PLCI school","Stone Town مدينة زنجبار الحجرية, Mkunazini, Mjini, Unguja Mjini Magharibi, Zanzibar زنجبار, 71101, Tanzania, completed, 130 students",city
TGO,8.7800265,1.0199765,recipient,4,"Togo, Balanka via Tchamba: School Library in Balanka, Togo","Togo, open, 2000 students",city
MAR,31.0999166,-4.0140878,recipient,5,"Morocco, Merzouga: This is a Berber women project - learn to","Merzouga ⵎⴰⵔⵣⵓⴳⴰ مرزوكة, Et-taous ⵟⴰⵡⵙ الطاوس, Caïdat de Taouz, Cercle d'Er-Rissani, Province d'Errachidia إقليم الرشيدية, Drâa-Tafilalet ⴷⴰⵔⵄⴰ-ⵜⴰⴼⵉⵍⴰⵍⵜ درعة تافيلالت, Maroc ⵍⵎⵖⵔⵉⴱ المغرب, completed, 25 students",city
PAK,35.2974594,75.6411195,recipient,7,"Pakistan, SKARDU (BALTISTAN, GILGIT BALTISTAN): Aid program ","نیشنل بینک آف پاکستان, Hameed Garh Road, سکردو, سکردو تحصیل, ضلع سکردو, بلتستان ڈویژن, گلگت بلتستان, پاکستان, completed, 18 students",city
SEN,14.693425,-17.447938,recipient,40,"Senegal, Dakar: Ecole Elémentaire Joseph Gomis | Donaly Malu","Dakar, Région de Dakar, Sénégal, completed, 300 students",city
KEN,-1.2790046,37.3952698,recipient,0,"Kenya, Machakos: Pascal Machakos is an Information Technolog","Machakos, Kenya, open, 60 students",city
KHM,13.3617562,103.8590321,recipient,7,"Cambodia, Siem Reap: Using computer to assist teaching Engli","ក្រុងសៀមរាប, សៀមរាប, ខេត្តសៀមរាប, 123456, ព្រះរាជាណាចក្រ​កម្ពុជា, completed, 500 students",city
SLE,7.8859723,-11.1863832,recipient,7,"Sierra Leone, Kenema: Computer resources for the computer la","Kenema, Kenema District, Eastern Province, Sierra Leone, completed, 1000 students",city
PHL,14.5904492,120.9803621,recipient,2,"Philippines, Manila: Providing computer education & internet","Manila, Capital District, Metro Manila, Philippines, completed, 35 students",city
THA,19.9480922,99.8794568,recipient,15,"Thailand, Chiangrai: 提供筆電讓學校的同學老師使用，除了讓學生更加熟悉電腦的操作之外，也能提供給老師","ท่าอากาศยานเชียงราย, 404, ถนน เวียงบูรพา, บ้านป่าแดง, คลองหวาย, เทศบาลนครเชียงราย, นางแล, อำเภอเมืองเชียงราย, จังหวัดเชียงราย, 57100, ประเทศไทย, completed, 278 students",city
KHM,10.9358547,104.7796413,recipient,1,"Cambodia, Takeo: To provide computer education & internet ac","ខេត្តតាកែវ, ព្រះរាជាណាចក្រ​កម្ពុជា, completed, 40 students",city
BLZ,17.5002768,-88.1988737,recipient,14,"Belize, Belize City: Computer Training Program on Ubuntu and","Belize City, Belize District, Belize, completed, 15 students",city
KHM,12.6783017,106.0581733,recipient,1,"Cambodia, Kratie: To provide computer education & internet a","ខេត្តក្រចេះ, ព្រះរាជាណាចក្រ​កម្ពុជា, completed, 60 students",city
TZA,-3.3696827,36.6880794,recipient,2,"Tanzania, Arusha: Enhancing the Quality of Teaching and Lear","Arusha, Arusha Municipal, Arusha, Northern Zone, 23103, Tanzania, completed, 450 students",city
TZA,-1.4998186,33.8083018,recipient,5,"Tanzania, Musoma: Enabling the production of Audio Visual Le","Musoma, Musoma Municipal, Mara, Lake Zone, 31100, Tanzania, completed, 40 students",city
KHM,13.3599016,103.8614609,recipient,2,"Cambodia, Krong Siem Reap: Kid Drop Out Project & computer t","PHARMACY YEUNG KRONG SIEM REAP (OUR PHARMACY), វិថី អាចារ្យហែមចៀវ, ក្រុងសៀមរាប, សៀមរាប, ខេត្តសៀមរាប, 171209, ព្រះរាជាណាចក្រ​កម្ពុជា, completed, 900 students",city
NIC,11.3692021,-86.1191456,recipient,2,"Nicaragua, Tola:  Formación Fenix uses powerpoint presentati","Tola, Rivas, 48500, Nicaragua, completed, 22 students",city
KEN,0.2558,34.2258,recipient,0,"Kenya, Sega Town: Improve the living standards of communitie","Sega, North Ugenya ward, Ugenya, Siaya, Kenya, open, 16 students",city
NIC,13.2623394,-86.6858039,recipient,2,"Nicaragua, Cusmapa: Apoyar a la población infantil de la esc","San José de Cusmapa, Madriz, 35600, Nicaragua, completed, 200 students",city
KEN,-1.302398,36.8288509,recipient,9,"Kenya, Nairobi: Shiroz Library & Resource Centre","Nairobi, Zimmerman, Soko ya Mawe, Nairobi, Kenya, completed, 200 students",city
ESP,41.3825802,2.177073,recipient,9,"Spain, Barcelona: Sant Joan de Déu Serveis Socials Barcelona","Barcelona, Barcelonès, Barcelona, Catalunya, España, completed, 10 students",city
SLE,8.687062,-12.5437429,recipient,18,"Sierra Leone, Lunsar: Saint John of God Catholic Hospital","Lunsar, Marampa Chiefdom, Port Loko District, North Western Province, Sierra Leone, completed, 256 students",city
KEN,-1.2584151,36.8712653,recipient,3,"Kenya, Mathare, Nairobi: Keepod Unite Mathare Project | Phas","Mathare, Nairobi, Zimmerman, Soko ya Mawe, Nairobi, Kenya, open, 0 students",city
GIN,9.5170602,-13.6998434,recipient,8,"Guinea, Conakry: ecole franco arabe Matoto Marché","Conakry, Guinée, open, 117 students",city
NAM,-21.4028663,20.4359601,recipient,1,"Namibia, Epukiro: Epukiro Post 3 Junior Secondary School","Epukiro, Namibia, open, 200 students",city
NAM,-22.4495283,18.9724666,recipient,2,"Namibia, Gobabis: Cheeky Cheetah Kids Harnas.org","Gobabis, Omaheke Region, 11001, Namibia, completed, 200 students",city
KEN,-1.2584151,36.8712653,recipient,10,"Kenya, Mathare, Nairobi: Keepod Unite Mathare Project","Mathare, Nairobi, Zimmerman, Soko ya Mawe, Nairobi, Kenya, completed, 1500 students",city
LAO,18.1331499,101.6436662,recipient,10,"Laos, Vientiane and Luang Prabang: help for pupils and stude","this road is sealed from vientiane to sayaboury and up to luang prabang. this particular part till bridge at Pak Lay in potholed, 11, ນາສັກ, ຊະນະຄາມ, ວຽງຈັນ, ປະເທດລາວ, completed, 10 students",city
MMR,16.7967129,96.1609916,recipient,2,"Myanmar, Yangon: help for pupils and students Asienhilfe (W.","ရန်ကုန်မြို့, ရန်ကုန်တိုင်းဒေသကြီး, မြန်မာ, completed, 3 students",city
UGA,0.3177137,32.5813539,recipient,8,"Uganda, Kampala: Her Tomorrow Project","Kampala, Central Region, Uganda, open, 10 students",city
COD,-4.3196982,15.3424196,recipient,111,"Congo (Kinshasa), Kinshasa: Leadership Academia University |","Kinshasa, République démocratique du Congo, completed, 1030 students",city
PER,-12.121498,-77.0259064,recipient,12,"Peru, Miraflores: Estamos creando bibliotecas y necesitamos ","Miraflores, Lima, Lima Metropolitana, Lima, Perú, completed, 100 students",city
IND,22.3511148,78.6677428,recipient,3,"India, Sutrehar: Dhauladhar Convent School (World Unite)","India, open, 250 students",city
MEX,31.8658887,-116.602983,recipient,2,"Mexico, Ensenada: Support indigenous communities from Baja C","Ensenada, Municipio de Ensenada, Baja California, México, completed, 32 students",city
TZA,-1.56333,31.12111,recipient,39,"Tanzania, Ihanda Karagwe: Community Secondary school in Ihan","Ihanda, Karagwe, Kagera, Lake Zone, Tanzania, completed, 480 students",city
KEN,-4.05052,39.667169,recipient,1,"Kenya, Mombasa: Bright Montessori Junior Centre in Ukunda","Mombasa, Tononoka ward, Mvita, Mombasa, 80100, Kenya, open, 35 students",city
BIH,44.199828,17.9093012,recipient,4,"Bosnia and Herzegovina, Zenica: LOTOS Informationszentrum fü","Zenica, Grad Zenica, Zeničko-dobojski kanton, Federacija Bosne i Hercegovine, 72000, Bosna i Hercegovina / Босна и Херцеговина, completed, 50 students",city
BIH,44.199828,17.9093012,recipient,4,"Bosnia and Herzegovina, Zenica: Organisation Pomozi.ba","Zenica, Grad Zenica, Zeničko-dobojski kanton, Federacija Bosne i Hercegovine, 72000, Bosna i Hercegovina / Босна и Херцеговина, completed, 150 students",city
POL,50.9597094,16.6264079,recipient,21,"Poland, Bystrzyca: ZSO Bystrzyca Kłodzka ","Bystrzyca, województwo dolnośląskie, Polska, completed, 600 students",city
LKA,6.7681528,80.9602296,recipient,4,"Sri Lanka, Haputale: Sri Lanka, Haputale: Schools Support Fa","Haputale, Badulla District, Uva Province, 90160, Sri Lanka, completed, 20 students",city
ARM,40.1777112,44.5126233,recipient,5,"Armenia, Yerevan: Children Association of Armenia (Friedensd","Երևան, Հայաստան, completed, 10 students",city
TZA,-3.3486456,37.3435249,recipient,23,"Tanzania, Moshi: Computer Training Centre MIT TAREO (World U","Moshi, Moshi Urban, Kilimanjaro, Northern Zone, 25107, Tanzania, completed, 60 students",city
MEX,18.4658011,-97.3978348,recipient,0,"Mexico, Tehuacán: Somos una organización de mujeres trabajad","Tehuacán, Puebla, México, open, 24 students",city
PHL,12.7503486,122.7312101,recipient,27,"Philippines, Panabo City (Mindanao): Mindanao Life Enrichmen","Philippines, completed, 129 students",city
ROU,45.63984,21.2599292,recipient,11,"Romania, Timis: Romania, Timis: Educational Center in Church","Timiș, România, completed, 20 students",city
LKA,6.140753,80.1028181,recipient,11,"Sri Lanka, Hikkaduwa: The project 'THARUMUTHU preschool' gav","Hikkaduwa, Galle District, Southern Province, Sri Lanka, completed, 55 students",city
GHA,5.085879,-1.350578,recipient,0,"Ghana, Elmina, Eguafo: Sankofa Preparatory School (World Uni","Elmina, Komenda/Edina/Eguafo/Abirem Municipal District, Central Region, Ghana, open, 450 students",city
TZA,-6.1626528,39.1896552,recipient,1,"Tanzania, Stone Town: Amani ZAFSA Zansibar Football Standard","Stone Town مدينة زنجبار الحجرية, Mkunazini, Mjini, Unguja Mjini Magharibi, Zanzibar زنجبار, 71101, Tanzania, open, 50 students",city
ZAF,-25.8762409,29.2099962,recipient,12,"South Africa, Witbank: Blessings Childrens ministry | GS Mei","eMalahleni, Emalahleni Local Municipality, Nkangala, Mpumalanga, 1034, South Africa, completed, 250 students",city
GMB,13.438762,-16.674807,recipient,6,"Gambia, Serrekunda: AIM project for blind students","Serrekunda, Kanifing, Gambia, completed, 10 students",city
MOZ,-25.966213,32.56745,recipient,4,"Mozambique, Maputo: Eye health training to students from Moz","Cidade de Maputo, Zona Sul, Moçambique, completed, 30 students",city
MEX,18.7465102,-96.9667561,recipient,3,"Mexico, Poxcautla, Tequila: Acceso a las TICs de escuela ind","Poxcautla, Tequila, Veracruz, 95016, México, open, 49 students",city
GHA,5.288944,-2.772551,recipient,13,"Ghana, Elubo: Volunteering destination changed from Sierra L","Elubo, Jomoro Municipal District, Western Region, Ghana, completed, 1000 students",city
KEN,0.01403,37.074632,recipient,0,"Kenya, Nanyuki: Computers will be given to Club Rafiki to su","Nanyuki, Laikipia East, Laikipia, Kenya, open, 100 students",city
TZA,-3.3486456,37.3435249,recipient,0,"Tanzania, Moshi: Create new class room for the little school","Moshi, Moshi Urban, Kilimanjaro, Northern Zone, 25107, Tanzania, completed, 40 students",city
RWA,-1.4608823,29.8011989,recipient,8,"Rwanda, Burera: Desarrollar el conocimiento de nuestros alum","Burera District, Northern Province, Rwanda, completed, 55 students",city
MMR,21.9596834,96.0948743,recipient,34,"Myanmar, Mandalay: Stiftunglife Students Project","မန္တလေး, မန္တလေးမြို့, မန္တလေးတိုင်း, 05024, မြန်မာ, completed, 88 students",city
GHA,5.1301756,-1.2039271,recipient,26,"Ghana, Moree: Moree Senior High Technical School | St. Hilde","Moree, Abura/Asebu/Kwamankese District, Central Region, Ghana, completed, 200 students",city
DEU,51.434999,6.759562,recipient,8,"Germany, Duisburg: Private Familien- und Flüchtlingshilfe","Duisburg, Nordrhein-Westfalen, Deutschland, completed, 10 students",city
NPL,27.708317,85.3205817,recipient,9,"Nepal, Kathmandu: Manjushree Community School","काठमाडौँ महानगरपालिका, काठमाडौं जिल्ला, बागमती प्रदेश, नेपाल, open, 80 students",city
LAO,18.0276541,104.6551617,recipient,36,"Laos, Ban Nakang: Introduce/educate secondary school student","Ban Nakang, ເມືອງຄູນຄຳ, ຄໍາມ່ວນ, ປະເທດລາວ, open, 400 students",city
ECU,-1.2422413,-78.6287594,recipient,2,"Ecuador, Ambato, Tungurahua: ","Ambato, Tungurahua, Ecuador, completed, 100 students",city
GHA,5.1054516,-1.2840499,recipient,1692,"Ghana, Cape Coast Ghana: The Laptops will be used to train e","Univeristy (Cape Coast) Post Office, Apewosika Road, Apewosika, Cape Coast, Cape Coast Metropolitan District, Central Region, CC145, Ghana, completed, 2560 students",city
ECU,-2.1900572,-79.8868669,recipient,2,"Ecuador, Guayaquil: Hogar der Nazareth Casa de acogida (eviv","Guayaquil, Guayas, Ecuador, completed, 15 students",city
SEN,14.4750607,-14.4529612,recipient,62,"Senegal, Zinguinchor: Primary school Zinguinchor","Sénégal, open, 800 students",city
KEN,-1.302398,36.8288509,recipient,0,"Kenya, Nairobi: The computers will serve the community by us","Nairobi, Zimmerman, Soko ya Mawe, Nairobi, Kenya, open, 500 students",city
IND,22.3511148,78.6677428,recipient,3,"India, Tiruvanamalai: WIDE Children's Home","India, open, 20 students",city
UGA,1.5661927,31.1480968,recipient,13,"Uganda, Hoima, Uganda: Education That Changes Lives of Refug","Hoima, Western Region, Uganda, open, 100 students",city
SEN,14.693425,-17.447938,recipient,2,"Senegal, Dakar: This project is to improve the quality of li","Dakar, Région de Dakar, Sénégal, completed, 19 students",city
CRI,9.6743365,-84.3740393,recipient,3,"Costa Rica, Mastatal: UCI Global Sustainability Group","Mastatal, Chires, Puriscal, San José, 10409, Costa Rica, completed, 9 students",city
CMR,5.4758844,10.4217852,recipient,4,"Cameroon, Bafoussam: Promote access to information technolog","Bafoussam, Bafoussam I, Communauté Urbaine de Bafoussam, Mifi, Ouest, Cameroun, open, 200 students",city
UGA,0.1869795,32.1382184,recipient,40,"Uganda, Mpigi Town: SINA Social Innovation Academy Magero Ch","Sempiira Church of Uganda Primary School, Kibibi - Bulo Road, Bugoye, Butambala, Central Region, Uganda, completed, 400 students",city
TUN,33.8669395,10.8841975,recipient,1,"Tunisia, Fatou Djerba: Tunesienhilfe Hr Schmidt","فاتو, معتمدية جربة حومة السوق, ولاية مدنين, 4180, تونس, completed, 2 students",city
ECU,-1.2740408,-78.6385736,recipient,3,"Ecuador, Ambato  - Tungurahua: ","Pontificia Universidad Católica del Ecuador Sede Ambato, Abelardo Moncayo, Ambato, Tungurahua, 180212, Ecuador, completed, 50 students",city
ECU,-1.2740408,-78.6385736,recipient,4,"Ecuador, Ambato  - Tungurahua: Promover el desarrollo integr","Pontificia Universidad Católica del Ecuador Sede Ambato, Abelardo Moncayo, Ambato, Tungurahua, 180212, Ecuador, completed, 100 students",city
ECU,-1.2740408,-78.6385736,recipient,4,"Ecuador, Ambato  - Tungurahua: ","Pontificia Universidad Católica del Ecuador Sede Ambato, Abelardo Moncayo, Ambato, Tungurahua, 180212, Ecuador, completed, 60 students",city
ECU,-1.2740408,-78.6385736,recipient,0,"Ecuador, Ambato  - Tungurahua: ","Pontificia Universidad Católica del Ecuador Sede Ambato, Abelardo Moncayo, Ambato, Tungurahua, 180212, Ecuador, completed, 60 students",city
ECU,-1.2740408,-78.6385736,recipient,2,"Ecuador, Ambato  - Tungurahua: Promover el desarrollo integr","Pontificia Universidad Católica del Ecuador Sede Ambato, Abelardo Moncayo, Ambato, Tungurahua, 180212, Ecuador, completed, 100 students",city
KEN,-1.2851452,36.7543879,recipient,2,"Kenya, Kawangware / Nairobi : Less Fortunatate Children Proj","VFC kenya, Amboseli Road, Gatina location, Gatina ward, Kawangware division, Dagoretti, Nairobi, Zimmerman, Nairobi, 54102, Kenya, open, 170 students",city
KEN,-4.05052,39.667169,recipient,22,"Kenya, Mombasa: Matterhorn Children Center","Mombasa, Tononoka ward, Mvita, Mombasa, 80100, Kenya, open, 250 students",city
IRL,52.6506255,-7.2514438,recipient,10,"Ireland, Kilkenny: Fr McGrath Centre - Homework Club","Kilkenny, County Kilkenny, Leinster, Éire / Ireland, completed, 110 students",city
ECU,-1.2422413,-78.6287594,recipient,7,"Ecuador, Ambato, Tungurahua: Fundación Don Bosco","Ambato, Tungurahua, Ecuador, completed, 200 students",city
CMR,5.6895254,9.4377028,recipient,20,"Cameroon, Bachuo Akagbe: Mamfe St. Ignatius of Loyola’s Coll","Bachuo Akagbe, Mamfé, Manyu, Southwest, Cameroun, completed, 64 students",city
TWN,22.7553667,121.1506,recipient,2,"Taiwan, Taitung: 推動環境教育，讓地球更美好","臺東縣, 臺灣, completed, 120 students",city
NPL,26.9328236,86.5196953,recipient,8,"Nepal, Udayapur: Nepal, Udayapur:  Shree Mahendra secondary ","उदयपुर जिल्ला, कोशी प्रदेश, 56300, नेपाल, completed, 213 students",city
PER,-16.3988667,-71.5369607,recipient,7,"Peru, Arequipa: Colegio Villa Independiente","Arequipa, 04001, Perú, open, 80 students",city
BLR,52.7581667,29.1036833,recipient,15,"Belarus, Dobrin: Sommerschule Dobrin (Initiative Tschernobyl","Добрын, Пратасаўскі сельскі Савет, Акцябрскі раён, Гомельская вобласць, 247319, Беларусь, completed, 135 students",city
BLR,54.0963334,28.3224192,recipient,15,"Belarus, Zhodino: Jugendzentrum Zhodino (Initiative Tscherno","Жодзіна, Мінская вобласць, Беларусь, completed, 200 students",city
BIH,44.7651882,16.6656827,recipient,5,"Bosnia and Herzegovina, Sanski Most: CIM Education for the y","Sanski Most, Općina Sanski Most, Unsko-sanski kanton, Federacija Bosne i Hercegovine, 79260, Bosna i Hercegovina / Босна и Херцеговина, completed, 50 students",city
CMR,5.7527723,9.315211,recipient,15,"Cameroon, Mamfe, Fotabong, Lewoh: Mamfe Blessed John XXIII C","Mamfé, Manyu, Southwest, Cameroun, completed, 80 students",city
CMR,5.7527723,9.315211,recipient,25,"Cameroon, Mamfe, Manyu Division: St. John College","Mamfé, Manyu, Southwest, Cameroun, completed, 125 students",city
CZE,49.7439047,15.3381061,recipient,4,"Czech Republic, Bartošovice v Orl.h. 84: Sdružení Neratov sc","Česko, completed, 12 students",city
KEN,-4.2945099,39.571219,recipient,100,"Kenya, Ukunda: UJUZI na UFUNDI Vocational Training Institute","Ukunda, Diani Beach Road, Gombato, Ukunda ward, Msambweni, Kwale, 80400, Kenya, completed, 100 students",city
NIC,11.930367,-85.9535387,recipient,5,"Nicaragua, Granada: Los Gusanitos - Education and care cente","Granada, 43000, Nicaragua, completed, 35 students",city
POL,49.5609053,22.207028,recipient,15,"Poland, Sanok: Zespó³ Szkó³ (Primary School and Middle Schoo","Sanok, powiat sanocki, województwo podkarpackie, 38-500, Polska, completed, 86 students",city
POL,50.7212452,23.2595799,recipient,7,"Poland, Zamość: Youth club in the old town","Zamość, województwo lubelskie, Polska, completed, 30 students",city
TZA,-3.3486456,37.3435249,recipient,10,"Tanzania, Moshi: NAFGEM","Moshi, Moshi Urban, Kilimanjaro, Northern Zone, 25107, Tanzania, completed, 100 students",city
THA,12.9243379,100.9372893,recipient,4,"Thailand, Nongprue: Nongprue school","สนามกีฬาหนองปรือ, ถนนหนองไม้แก่น, หนองปรือ, ห้วยใหญ่, อำเภอบางละมุง, จังหวัดชลบุรี, 20150, ประเทศไทย, completed, 700 students",city
UZB,42.4600229,59.6176603,recipient,6,"Uzbekistan, Nukus City: Friedensdorf SAU Soglom Avlod Uchun","Nókis, Nókis qalası hákimiyatı, Qaraqalpaqstan Respublikası, 230100, Oʻzbekiston, completed, 217 students",city
ZMB,-14.4434056,28.4465166,recipient,10,"Zambia, Kabwe: AIDS-Orphans and School Project BOCCS","Kabwe, Kabwe District, Central Province, Zambia, completed, 2000 students",city
HND,14.4527976,-87.6379227,recipient,4,"Honduras, Comayagua: A small contribution to create a better","Comayagua, Honduras, completed, 100 students",city
GHA,10.525509,-0.370179,recipient,8,"Ghana, Nalerigu, Northern Region: Miracle Brain School Compl","Nalerigu, East Mamprusi Municipal District, North East Region, Ghana, completed, 700 students",city
SOM,2.0349312,45.3419183,recipient,0,"Somalia, Mogadishu: Al-Jazeera Primary & Secondary School (A","Muqdisho مقديشو, Hamar Weyne حي حمروين, Banaadir بنادر, BN 09010, Soomaaliya الصومال, completed, 530 students",city
MAR,30.470651,-8.877922,recipient,2,"Morocco, Taroudant: The laptops will be used to provide cour","Taroudant تارودانت, Pachalik de Taroudant باشوية تارودانت, Province de Taroudant ⵜⴰⵙⴳⴰ ⵏ ⵜⴰⵔⵓⴷⴰⵏⵜ إقليم تارودانت, Souss-Massa ⵙⵓⵙⵙ-ⵎⴰⵙⵙⴰ سوس-ماسة, Maroc ⵍⵎⵖⵔⵉⴱ المغرب, open, 15 students",city
MAR,34.0218454,-6.8408929,recipient,2,"Morocco, Rabat: The laptops will be used in a two-days a wee","Rabat ⵔⴱⴰⵟ الرباط, باشوية الرباط, Préfecture de Rabat عمالة الرباط, Rabat-Salé-Kénitra ⵔⴱⴰⵟ-ⵙⵍⴰ-ⵇⵏⵉⵟⵔⴰ الرباط-سلا-القنيطرة, Maroc ⵍⵎⵖⵔⵉⴱ المغرب, open, 15 students",city
MAR,34.0218454,-6.8408929,recipient,2,"Morocco, Rabat: The laptops will be used in an association f","Rabat ⵔⴱⴰⵟ الرباط, باشوية الرباط, Préfecture de Rabat عمالة الرباط, Rabat-Salé-Kénitra ⵔⴱⴰⵟ-ⵙⵍⴰ-ⵇⵏⵉⵟⵔⴰ الرباط-سلا-القنيطرة, Maroc ⵍⵎⵖⵔⵉⴱ المغرب, open, 20 students",city
MEX,19.8407045,-97.5792998,recipient,0,"Mexico, Zacapoaxtla: A creative space for high school studen","Zacapoaxtla, Puebla, 73680, México, open, 53 students",city
CMR,3.4647431,12.0671921,recipient,16,"Cameroon, Medjémé (Endom): Les Retrouvailles Gemeinschaftspr","Medjeme I, Endom, Nyong-et-Foumou, Centre, Cameroun, completed, 193 students",city
THA,13.7524938,100.4935089,recipient,1,"Thailand, Bangkok: Asienhilfe (Hr Schmidt)","กรุงเทพมหานคร, ประเทศไทย, completed, 1 students",city
IND,26.8105777,73.7684549,recipient,29,"India, Rajasthan: Connect children with online teachers","Rajasthan, India, completed, 100 students",city
KHM,12.5433216,104.8144914,recipient,1,"Cambodia, Knat Commune: Computer resources for students to l","ព្រះរាជាណាចក្រ​កម្ពុជា, open, 147 students",city
NPL,27.6014624,86.7192321,recipient,20,"Nepal, Kharikhola: Nepal, Kharikhola: Kharikhola Higher seco","Kharikhola, Khumbupasanglahmu-01, Bupsa, खुम्बु पासाङल्हामु गाउँपालिका, सोलुखुम्बु जिल्ला, कोशी प्रदेश, नेपाल, open, 450 students",city
KEN,-1.302398,36.8288509,recipient,7,"Kenya, Nairobi: Mathare Slums, Mabatini, St. Michael Childre","Nairobi, Zimmerman, Soko ya Mawe, Nairobi, Kenya, completed, 300 students",city
TGO,6.8377994,0.7141511,recipient,2,"Togo, Agou Gare: Togo, Agou Nyogbo: Laptops for the library ","CEG Agou Gare, Route d'Atigbe Dzogbefeme, Agou Gadzépé, Région des Plateaux, Togo, completed, 600 students",city
IND,12.8641071,77.5544164,recipient,4,"India, Bangalore South : Project Defy","Bangalore South, Bengaluru Urban, Karnataka, India, completed, 25 students",city
MAR,31.2496355,-7.980004,recipient,8,"Morocco, Asni: La maison des filles scolarise à ASNI dans la","Asni ⴰⵙⵏⵉ أسني, Caïdat d'Asni, Cercle d'Asni, Province d'Al Haouz ⵜⴰⵙⴳⴰ ⵏ ⵍⵃⵓⵣ إقليم الحوز, Marrakech-Safi ⵎⵕⵕⴰⴽⵛ-ⴰⵙⴼⵉ مراكش-أسفي, Maroc ⵍⵎⵖⵔⵉⴱ المغرب, completed, 54 students",city
COD,-4.3196982,15.3424196,recipient,58,"Congo (Kinshasa), Kinshasa: Association Bana Foncobel Kimban","Kinshasa, République démocratique du Congo, completed, 250 students",city
CMR,4.1567895,9.2315915,recipient,20,"Cameroon, Buea: IT training for Dispossed (H4BFSCOOPS)","Buea, Fako, Southwest, Cameroun, completed, 655 students",city
CMR,3.4647431,12.0671921,recipient,16,"Cameroon, Medjémé (Endom): Ecole Publique de Medjémé 2","Medjeme I, Endom, Nyong-et-Foumou, Centre, Cameroun, completed, 259 students",city
TGO,6.9106565,0.6323982,recipient,9,"Togo, Kpalime, Plateaux Region: Kpalimé - Togo 'All for a be","Kpalimé, Région des Plateaux, Togo, completed, 28 students",city
NAM,-19.6284083,14.8433584,recipient,3,"Namibia, Kamanjab: Blydskap-Vorschule auf der Farm Marienhöh","Kamanjab, Kunene Region, 21004, Namibia, completed, 20 students",city
KHM,13.3617562,103.8590321,recipient,2,"Cambodia, Siem Reap: To provide computer education & interne","ក្រុងសៀមរាប, សៀមរាប, ខេត្តសៀមរាប, 123456, ព្រះរាជាណាចក្រ​កម្ពុជា, completed, 40 students",city
KHM,12.9256791,103.2317136,recipient,12,"Cambodia, Battambang: Teaching  Battambang children some bas","ខេត្តបាត់ដំបង, ព្រះរាជាណាចក្រ​កម្ពុជា, completed, 220 students",city
LKA,8.9812896,79.9043942,recipient,2,"Sri Lanka, Mannar: Thadchanamaruthamadhu School","Mannar, Mannar District, Northern Province, Sri Lanka, open, 305 students",city
DEU,51.4272925,6.8829192,recipient,13,"Germany, Mülheim an der Ruhr: BBWE Bildungswerk Mülheim an d","Mülheim an der Ruhr, Nordrhein-Westfalen, Deutschland, completed, 200 students",city
DEU,51.4272925,6.8829192,recipient,5,"Germany, Mülheim an der Ruhr: Katharinenschule Förderung Mig","Mülheim an der Ruhr, Nordrhein-Westfalen, Deutschland, completed, 200 students",city
UGA,0.9765706,34.2021869,recipient,8,"Uganda, Mbale: Nurses-Training school in Uganda","Mbale, Eastern Region, Uganda, completed, 140 students",city
ESP,39.5695818,2.6500745,recipient,1,"Spain, Palma de Mallorca: Fundación INDIG (SI Mallorca)","Palma, Illes Balears, España, completed, 50 students",city
ESP,39.5695818,2.6500745,recipient,8,"Spain, Palma de Mallorca: IMAS Centros de acogida y protecci","Palma, Illes Balears, España, completed, 360 students",city
COD,-1.6665685,29.225652,recipient,2,"Congo (Kinshasa), Goma: Yolé!Africa The Art of Empowering Yo","Goma, Nord-Kivu, République démocratique du Congo, open, 100 students",city
DEU,51.434999,6.759562,recipient,3,"Germany, Duisburg: Tausche Bildung für Wohnen","Duisburg, Nordrhein-Westfalen, Deutschland, completed, 70 students",city
MWI,-15.7862543,35.0035694,recipient,0,"Malawi, Blantyre: Teachers Support Blantyre","Blantyre, Southern Region, Malawi, open, 100 students",city
NPL,26.9328236,86.5196953,recipient,9,"Nepal, Udayapur: Nepal, Udayapur: Udaysi English Higher seco","उदयपुर जिल्ला, कोशी प्रदेश, 56300, नेपाल, open, 1028 students",city
NPL,27.9059127,85.7563055,recipient,8,"Nepal, Sindhupalchok: Nepal, Helambu: Yangrima School E-ICT ","सिन्धुपाल्चोक जिल्ला, बागमती प्रदेश, नेपाल, open, 185 students",city
NPL,28.9881272,80.5527199,recipient,16,"Nepal, Salleri: Nepal, Salleri: White Hills Higher Secondary","Salleri, Chure-06, Chure, कैलाली, सुदूरपश्चिम प्रदेश, नेपाल, open, 377 students",city
NPL,26.9328236,86.5196953,recipient,6,"Nepal, Udayapur: Nepal, Udayapur:  Shree Majkharka scecondar","उदयपुर जिल्ला, कोशी प्रदेश, 56300, नेपाल, open, 362 students",city
LAO,20.0171109,103.378253,recipient,31,"Laos, Ban Phone Ngeng: Introduce elementary school students ","ປະເທດລາວ, open, 100 students",city
ESP,37.9752568,-1.0711116,recipient,0,"Spain, Beniaján-Murcia: Montar un aula de informática para d","Beniaján, Murcia, Área Metropolitana de Murcia, Región de Murcia, 30570, España, open, 225 students",city
NPL,27.708317,85.3205817,recipient,9,"Nepal, Kathmandu: Nepal, Kathmandu: Parizat Nestling Home Or","काठमाडौँ महानगरपालिका, काठमाडौं जिल्ला, बागमती प्रदेश, नेपाल, open, 50 students",city
NPL,28.344498,83.566635,recipient,10,"Nepal, Beni, Tumbuk village - Solu Khumbu: Nepal, Beni: Budd","Beni, म्याग्दी, गण्डकी प्रदेश, नेपाल, open, 45 students",city
NPL,28.2708368,84.8407583,recipient,0,"Nepal, Gorkha: Nepal, Gorkha: Chaturmala higher secondary Sc","गोरखा, गण्डकी प्रदेश, नेपाल, open, 770 students",city
TUR,38.4680354,27.0964325,recipient,6,"Turkey, Demirköprü: Barada Schule der Hoffnung (Barada Syrie","Demirköprü, 1671.Sokak, Şemikler Mahallesi, Karşıyaka, İzmir, Ege Bölgesi, 35560, Türkiye, open, 120 students",city
ESP,40.416782,-3.703507,recipient,8,"Spain, Madrid: Ofrece a los chicos y chicas recursos que fav","Madrid, Comunidad de Madrid, España, open, 19 students",city
MEX,20.6720375,-103.338396,recipient,2,"Mexico, Guadalajara, Jalisco: Crear una aula virtual para qu","Guadalajara, Región Centro, Jalisco, 44450, México, open, 100 students",city
MAR,34.9465601,-4.8376536,recipient,7,"Morocco, Azemour: groupe d ecole dans une region rurale d az","Azemour أزمور, Bab Berred ⴱⴰⴱ ⴱⵔⵔⴷ باب برد, Caïdat de Bab Berred, Cercle de Bab Berred, Province de Chefchaouen ⵜⵛⴻⴼⵜⵛⴰⵡⴻⵏ إقليم شفشاون, Tanger-Tétouan-Al Hoceïma ⵟⴰⵏⵊ-ⵟⵉⵜⴰⵡⵉⵏ-ⵍⵃⵓⵙⵉⵎⴰ طنجة تطوان الحسيمة, Maroc ⵍⵎⵖⵔⵉⴱ المغرب, open, 222 students",city
NIC,12.8854646,-86.555125,recipient,11,"Nicaragua, El Sauce: Public School Ruben Darío from el Sauce","El Sauce, León, 22800, Nicaragua, open, 78 students",city
AUT,47.6821521,13.0956313,recipient,0,"Austria, Hallein: Asyl, Hayat Hallein","Hallein, Bezirk Hallein, Salzburg, 5400, Österreich, completed, 20 students",city
TZA,-3.3696827,36.6880794,recipient,7,"Tanzania, Arusha: The Engilanget school was found by Anna Mo","Arusha, Arusha Municipal, Arusha, Northern Zone, 23103, Tanzania, open, 210 students",city
CHN,34.749075,113.0160586,recipient,20,"China, GongYi Shi: future4children","巩义市, 郑州市, 河南省, 451200, 中国, open, 100 students",city
DEU,51.521581,6.929204,recipient,1,"Germany, Bottrop: Wegweiser","Bottrop, Nordrhein-Westfalen, Deutschland, completed, 10 students",city
KEN,-1.302398,36.8288509,recipient,16,"Kenya, Nairobi: YSK Youth Support Kenya Skills Centre","Nairobi, Zimmerman, Soko ya Mawe, Nairobi, Kenya, completed, 60 students",city
ZWE,-18.4554963,29.7468414,recipient,3,"Zimbabwe, Community of Hopely: School Project","Zimbabwe, completed, 100 students",city
GHA,5.814382,-0.345786,recipient,20,"Ghana, Nsawam: Ghana, Nsawam: African School of Hope","Nsawam, Nsawam Adoagyire Municipal District, Eastern Region, EG-218-7250, Ghana, open, 110 students",city
ZMB,-12.8203689,28.2155973,recipient,23,"Zambia, Kitwe: Copperbelt Health Education Project (CHEP) - ","Kitwe, Kitwe District, Copperbelt Province, 1001, Zambia, open, 50 students",city
DEU,51.4272925,6.8829192,recipient,19,"Germany, Mülheim an der Ruhr: Sprachförderungsraum für Flüch","Mülheim an der Ruhr, Nordrhein-Westfalen, Deutschland, completed, 40 students",city
GEO,41.6934591,44.8014495,recipient,14,"Georgia, Tibilisi: Union Healthy children (Friedensdorf)","თბილისი, საქართველო, completed, 26 students",city
DEU,51.521581,6.929204,recipient,1,"Germany, Bottrop: Kreuzbund Suchtprävention an Schulen","Bottrop, Nordrhein-Westfalen, Deutschland, completed, 20 students",city
DEU,52.4009309,13.0591397,recipient,25,"Germany, Potsdam: Germany, Potsdam: Refugees Emancipation Pr","Potsdam, Brandenburg, Deutschland, completed, 300 students",city
LAO,19.8887438,102.135898,recipient,10,"Laos, Luang Prabang: Kinderkulturzentrum Deutsch-Laotische G","ຫຼວງພະບາງ, ເມືອງຫຼວງພະບາງ, ຫລວງພະບາງ, 10554, ປະເທດລາວ, completed, 80 students",city
UGA,0.3391907,32.7586723,recipient,9,"Uganda, LWEZA: SKY KIDS UGANDA EDUCATION PROJECT","Lweza, Mukono, Central Region, Uganda, completed, 80 students",city
UGA,0.2105412,32.5426683,recipient,31,"Uganda, Kajjansi, Lweza, Zone B: St. Pauls school","Kajjansi, Entebbe City, Central Region, Uganda, completed, 500 students",city
BLR,54.0963334,28.3224192,recipient,15,"Belarus, Zhodino: Mädchengymnasium (Initiative Tschernobyl-H","Жодзіна, Мінская вобласць, Беларусь, completed, 170 students",city
DEU,51.4272925,6.8829192,recipient,20,"Germany, Mülheim an der Ruhr: Flüchtlingshilfe Mülheim an de","Mülheim an der Ruhr, Nordrhein-Westfalen, Deutschland, completed, 284 students",city
NPL,27.9177691,85.1445617,recipient,14,"Nepal, Gerkhutar: Om Mane Public School","Gerkhutar Youth Club-Nepal (GEYC-Nepal), Pasang Lhamu Highway, बटार बजार, Bidur-02, बिदुर, बिदुर नगरपालिका, नुवाकोट जिल्ला, बागमती प्रदेश, 44900, नेपाल, open, 100 students",city
NPL,27.8979278,85.1150773,recipient,2,"Nepal, Charghare: New Nepal Primary School","चारघरे, Bidur-12, बिदुर, बिदुर नगरपालिका, नुवाकोट जिल्ला, बागमती प्रदेश, 44900, नेपाल, open, 67 students",city
ZAF,-32.7060195,26.2950503,recipient,27,"South Africa, Adelaide: Adelaide Primary School","Adelaide, Nxuba Local Municipality, Amathole District Municipality, Eastern Cape, 5760, South Africa, open, 841 students",city
MWI,-11.4607518,34.0226422,recipient,12,"Malawi, Mzuzu: With the help of computers, we can display id","Mzuzu, Mzimba, Northern Region, Malawi, completed, 240 students",city
MWI,-11.4607518,34.0226422,recipient,13,"Malawi, Mzuzu: Use the laptops to help the Malawian create a","Mzuzu, Mzimba, Northern Region, Malawi, open, 260 students",city
DEU,51.4696137,6.8514435,recipient,2,"Germany, Oberhausen: wellcome - Evangelisches Familienhilfsw","Oberhausen, Nordrhein-Westfalen, Deutschland, completed, 40 students",city
LKA,7.698211,80.660908,recipient,3,"Sri Lanka, Matale: Vocational training center for carpenter ","Matale District, Central Province, Sri Lanka, completed, 15 students",city
GHA,5.5822343,-0.1135104,recipient,17,"Ghana, Teshie, Accra: Bethel Bridge Int.School | Deutsch-Gha","Teshie, Accra, Ledzokuku Municipal District, Greater Accra Region, GL-070-5368, Ghana, open, 175 students",city
ESH,24.1797324,-13.7667848,recipient,6,"Western Sahara, Dajla: Dajla - Refugees Camp in Western Saha","الصحراء الغربية, Oum Dreyga ⵓⵎ ⴷⵔⵉⴳⴰ أم ادريكة, caïdat d’Oum Dreyga قيادة أم ادريكة, Dakhla-Oued Ed-Dahab ⴷⴰⵅⵍⴰ-ⵡⴰⴷ ⴷⴰⵀⴰⴱ الداخلة-وادي الذهب, Maroc ⵍⵎⵖⵔⵉⴱ المغرب, open, 0 students",city
BIH,44.3053476,17.5961467,recipient,30,"Bosnia and Herzegovina, Bosanska Krupa (Nähe Bihac): Druga o","Bosna i Hercegovina / Босна и Херцеговина, completed, 800 students",city
TGO,6.130419,1.215829,recipient,501,"Togo, Lome: Des sourires pour le Togo","Lomé, Région Maritime, Togo, open, 1000 students",city
DEU,51.4696137,6.8514435,recipient,5,"Germany, Oberhausen: Die Kurbel Zentrum für Integration und ","Oberhausen, Nordrhein-Westfalen, Deutschland, completed, 20 students",city
DEU,47.790025,11.8335417,recipient,11,"Germany, Miesbach: KOMM Schule für junge Flüchtlinge in Holz","Miesbach, Landkreis Miesbach, Bayern, 83714, Deutschland, completed, 30 students",city
PHL,12.5204987,121.4389813,recipient,4,"Philippines, Mansalay: Stiftunglife Students Project","Mansalay, Oriental Mindoro, Mimaropa, 5213, Philippines, open, 51 students",city
UGA,-1.2824768,29.7087299,recipient,5,"Uganda, Kisoro Town council : Peace Friends of Hope Foundati","Kisoro High School, Kisoro Road, Chahi, Kamonyi, Cyanika, Kisoro, Western Region, Uganda, completed, 200 students",city
BLR,54.0963334,28.3224192,recipient,31,"Belarus, Zhodino: Schule Nr 2 (Tschernobylhilfe eV)","Жодзіна, Мінская вобласць, Беларусь, completed, 200 students",city
CMR,3.8689867,11.5213344,recipient,20,"Cameroon, Yaoundé: CENTRE D’ACCUEIL ET DE VOLONTARIAT POUR O","Communauté urbaine de Yaoundé, Mfoundi, Centre, Cameroun, completed, 70 students",city
MLI,12.6132656,-7.9847391,recipient,25,"Mali, Bamako: MOURDIAH NIETA | AGT Africa GreenTec","Bamako, Cercle de Kati, Mali, completed, 300 students",city
TZA,-10.6990264,39.0217984,recipient,19,"Tanzania, Mtwara: Call and Vision Secondary School","Mtwara, Coastal Zone, Tanzania, completed, 297 students",city
DEU,51.4818111,7.2196635,recipient,14,"Germany, Bochum: LPE NRW Computerkurse","Bochum, Nordrhein-Westfalen, Deutschland, completed, 60 students",city
UGA,0.3979365,32.0373815,recipient,21,"Uganda, Mityana Town: JULINA MEMORIAL SCHOOL FOR THE DEAF (R","Mityana Town Secondary School, Fort Portal - Kampala Road, Kayunga Central, Mityana, Central Region, Uganda, completed, 105 students",city
UGA,0.3979365,32.0373815,recipient,26,"Uganda, Mityana town: FREMMA DAY AND BOARDING PRIMARY SCHOOL","Mityana Town Secondary School, Fort Portal - Kampala Road, Kayunga Central, Mityana, Central Region, Uganda, completed, 380 students",city
DEU,51.434999,6.759562,recipient,7,"Germany, Duisburg: Eventus Bildungszentrum","Duisburg, Nordrhein-Westfalen, Deutschland, completed, 60 students",city
KEN,4.200256,34.384942,recipient,2,"Kenya, Lopiding: Kenya machakos primary school  Machakos ","Lopiding, A1 Lokichokio - Lokitaung - Kibish Road, Lokichogio, Turkana, Kenya, completed, 537 students",city
KEN,-0.3212105,36.9295615,recipient,0,"Kenya, Nyeri: Computer Lab for St. Anne's Ihithe Ranges Scho","Nyeri, Kenya, completed, 170 students",city
ZAF,-25.8762409,29.2099962,recipient,8,"South Africa, Witbank: Sarahs Children „Something out of not","eMalahleni, Emalahleni Local Municipality, Nkangala, Mpumalanga, 1034, South Africa, completed, 20 students",city
USA,25.4718946,-80.4759905,recipient,8,"United States, Homestead: In our Community Learning Center h","Homestead, Miami-Dade County, Florida, United States, completed, 20 students",city
DEU,51.434999,6.759562,recipient,17,"Germany, Duisburg: Elly-Heuss-Knapp-Gymnasium","Duisburg, Nordrhein-Westfalen, Deutschland, completed, 1000 students",city
TGO,8.9874176,1.1357852,recipient,20,"Togo, Sokodé: CENTRE GLOBAL | Aurore eV","Sokodé, Tchaoudjo, Région Centrale, Togo, open, 380 students",city
KEN,4.2050673,34.3600434,recipient,2,"Kenya, Lokichoggio: St. Mathews Nadome Pr School","Lokichogio, Turkana, Kenya, completed, 703 students",city
KEN,4.2050673,34.3600434,recipient,3,"Kenya, Lokichoggio: St.Cosmas Napopongoit Pr.School.","Lokichogio, Turkana, Kenya, completed, 703 students",city
DEU,51.521581,6.929204,recipient,3,"Germany, Bottrop: Nachhilfe und Jugendarbeit Helvalti eV","Bottrop, Nordrhein-Westfalen, Deutschland, completed, 20 students",city
KEN,3.1165858,35.6022943,recipient,3,"Kenya, Lodwar: Kanamkemer Primary School","Lodwar, Turkana, 30500, Kenya, completed, 2254 students",city
KEN,3.1165858,35.6022943,recipient,3,"Kenya, Lodwar: Primary School","Lodwar, Turkana, 30500, Kenya, completed, 1400 students",city
BIH,44.9790882,16.0904626,recipient,25,"Bosnia and Herzegovina, Jezerski: Computerraum Schule Jezers","Jezerski, Grad Bosanska Krupa, Unsko-sanski kanton, Federacija Bosne i Hercegovine, 77241, Bosna i Hercegovina / Босна и Херцеговина, completed, 520 students",city
BIH,44.9219253,16.1819344,recipient,18,"Bosnia and Herzegovina, Veliki Badic: Druga osnovna skola","Veliki Badić, Grad Bosanska Krupa, Unsko-sanski kanton, Federacija Bosne i Hercegovine, 77240, Bosna i Hercegovina / Босна и Херцеговина, completed, 112 students",city
NPL,26.6602708,86.2126153,recipient,12,"Nepal, Siraha-1: Chandra Secondary School (Nepali Samaj e.V.","सिराहा, सिराहा नगरपालिका, सिराहा जिल्ला, मधेश प्रदेश, नेपाल, completed, 1400 students",city
NPL,27.708317,85.3205817,recipient,5,"Nepal, Kathmandu: The laptops will be used to enable a compu","काठमाडौँ महानगरपालिका, काठमाडौं जिल्ला, बागमती प्रदेश, नेपाल, completed, 3 students",city
DEU,51.5718665,6.9877343,recipient,6,"Germany, Gladbeck: Primus Bildungszentrum","Gladbeck, Kreis Recklinghausen, Nordrhein-Westfalen, Deutschland, completed, 80 students",city
PSE,31.9308,35.2425,recipient,0,"Palestinian Territory, Gaza: Computer room in a school","Palestinian Territory, completed, 240 students",country
CPV,16.0000552,-24.0083947,recipient,10,"Cape Verde, Sal Rel: Schule Sal Rel","Cabo Verde, completed, 40 students",city
KEN,-1.302398,36.8288509,recipient,2,"Kenya, Nairobi: Amani Music School","Nairobi, Zimmerman, Soko ya Mawe, Nairobi, Kenya, open, 280 students",city
ZMB,-15.4163395,28.2818414,recipient,30,"Zambia, Lusaka: Morningstar Bible College","Lusaka, Lusaka District, Lusaka Province, 10101, Zambia, completed, 180 students",city
CIV,5.320357,-4.016107,recipient,4,"Ivory Coast, Abidjan : Reciclem tecnologia, compartim solida","Abidjan, Côte d’Ivoire, completed, 4 students",city
VUT,-19.4857785,169.3345014,recipient,28,"Vanuatu, Tanna Island: Collège Technique et Lycée de Lowanat","Tanna, Tafea, Vanuatu, completed, 240 students",city
TZA,-6.8160837,39.2803583,recipient,5,"Tanzania, Dar es Salaam: Agape College","Dar es Salaam, Coastal Zone, Tanzania, open, 55 students",city
KEN,3.1165858,35.6022943,recipient,2,"Kenya, Lodwar: Kenya, Lokichoggio: Comboni Girls Primary Sch","Lodwar, Turkana, 30500, Kenya, completed, 477 students",city
KEN,4.2050673,34.3600434,recipient,2,"Kenya, Lokichoggio: Kenya, Lokichoggio: Lopiding Girls Secon","Lokichogio, Turkana, Kenya, completed, 470 students",city
KEN,4.2050673,34.3600434,recipient,2,"Kenya, Lokichoggio: Kenya, Lokichoggio: AIC Songot Secondary","Lokichogio, Turkana, Kenya, completed, 457 students",city
TZA,-3.0552508,37.6136574,recipient,0,"Tanzania, Kahe: Tansania, Kahe, Mpirani Secondary School","Kahe, Rombo, Kilimanjaro, Northern Zone, Tanzania, open, 400 students",city
ALB,41.3281482,19.8184435,recipient,10,"Albania, Tirane: HOPE Charity Center","Tiranë, Bashkia Tiranë, Qarku i Tiranës, Shqipëria Qendrore, 1001-1028, Shqipëria, completed, 70 students",city
DEU,51.434999,6.759562,recipient,1,"Germany, Duisburg: Regenbogen","Duisburg, Nordrhein-Westfalen, Deutschland, completed, 30 students",city
BRA,-22.7696833,-43.3098451,recipient,6,"Brazil, Nova Friburgo - Centenario: Portas Abertas Conselhei","Rua Nova Friburgo, Lagoinha, Centenário, Duque de Caxias, Rio de Janeiro, Região Sudeste, 25060-280, Brasil, completed, 20 students",city
UGA,0.3177137,32.5813539,recipient,4,"Uganda, Kampala: help for Uganda (Rev Jjumba)","Kampala, Central Region, Uganda, completed, 12 students",city
MWI,-13.9877897,33.8032308,recipient,10,"Malawi, Tsabango: Don Bosco Youth Technical Institute","Tsabango Link, Lilongwe, Central Region, Malawi, open, 875 students",city
KEN,-1.302398,36.8288509,recipient,20,"Kenya, Nairobi: Africa Nazarene University","Nairobi, Zimmerman, Soko ya Mawe, Nairobi, Kenya, completed, 4000 students",city
TUR,40.564326,43.2496959,recipient,0,"Turkey, Ölçülü / Kars: Dorfschule Ölçülü bei Kars","Ölçülü, Kars Merkez, Kars, Doğu Anadolu Bölgesi, Türkiye, open, 175 students",city
GMB,13.470062,-15.4900464,recipient,1,"Gambia, Kuwonku: agriculture and education","Gambia, open, 250 students",city
MAR,32.111,-6.709,recipient,4,"Morocco, AIT ATTAB: AZILAL un groupe d ecole dans la rural r","Ait Attab, Centre Ait Attab. Quartier Administratif MOULAY AISSA BEN DRISS, Azilal ⴰⵣⵉⵍⴰⵍ أزيلال, Moulay Aissa Ben Driss مولاي عيسى بن إدريس, caïdat d'Aït Aatab, cercle de Bzou, Province d'Azilal إقليم أزيلال, Béni Mellal-Khénifra ⴰⵢⵜ ⵎⵍⵍⴰⵍ-ⵅⵏⵉⴼⵕⴰ بني ملال-خنيفرة, 22102, Maroc ⵍⵎⵖⵔⵉⴱ المغرب, open, 198 students",city
DEU,51.4696137,6.8514435,recipient,10,"Germany, Oberhausen: Seiteneinsteigerkinder Elsa-Brändström-","Oberhausen, Nordrhein-Westfalen, Deutschland, completed, 1060 students",city
BIH,44.3053476,17.5961467,recipient,30,"Bosnia and Herzegovina, Bosanska Otoka (Nähe Bihac): JU Osno","Bosna i Hercegovina / Босна и Херцеговина, completed, 564 students",city
TZA,-1.3270082,31.8169196,recipient,15,"Tanzania, Bukoba Kagera: Mugeza Mseto Primary School","Seven-up Bottling Company Tanzania LTD, Miembeni, Bukoba, Kagera, Lake Zone, Tanzania, completed, 39 students",city
UGA,0.3177137,32.5813539,recipient,1,"Uganda, Kampala: computer literacy at the child and elderly ","Kampala, Central Region, Uganda, open, 150 students",city
UKR,51.864355,33.4728542,recipient,6,"Ukraine, Shostka: Computer class for disabled children","Шостка, Шосткинська міська громада, Шосткинський район, Сумська область, 41100, Україна, completed, 21 students",city
DEU,50.938361,6.959974,recipient,5,"Germany, Köln:  SprachFreude Flüchtlingsheim Mado","Köln, Nordrhein-Westfalen, Deutschland, completed, 25 students",city
HRV,46.4939735,16.3982282,recipient,8,"Croatia, Selnica: Grundschule Selnica","Općina Selnica, Međimurska županija, 40314, Hrvatska, completed, 301 students",city
MWI,-13.9875107,33.768144,recipient,0,"Malawi, Lilongwe : Taste of Malawi","Lilongwe, Central Region, Malawi, open, 10 students",city
GEO,41.6934591,44.8014495,recipient,4,"Georgia, Tiflis: Michael School","თბილისი, საქართველო, completed, 250 students",city
ECU,-0.2201641,-78.5123274,recipient,9,"Ecuador, Quito: Centro Educativo y Solidario La Bota ","Quito, Pichincha, 170130, Ecuador, completed, 53 students",city
TZA,-6.8160837,39.2803583,recipient,7,"Tanzania, Dar es Salaam: Kigamboni Community Center","Dar es Salaam, Coastal Zone, Tanzania, open, 320 students",city
KHM,10.6314754,104.132637,recipient,1,"Cambodia, Kampot: help for pupils and students Asienhilfe (W","ខេត្តកំពត, ព្រះរាជាណាចក្រ​កម្ពុជា, completed, 2 students",city
BIH,44.8824428,16.1577,recipient,30,"Bosnia and Herzegovina, Bosanska Krupa: Prva Osnovna skola (","Bosanska Krupa, Grad Bosanska Krupa, Unsko-sanski kanton, Federacija Bosne i Hercegovine, 77240, Bosna i Hercegovina / Босна и Херцеговина, completed, 654 students",city
DEU,51.521581,6.929204,recipient,3,"Germany, Bottrop: InNatura","Bottrop, Nordrhein-Westfalen, Deutschland, completed, 3 students",city
NPL,28.3780464,83.9999901,recipient,3,"Nepal, kanku 9 mera chhyngmiteng  Solukhumbu : Chhyngmiteng ","नेपाल, open, 45 students",city
CUB,21.3791765,-77.9183681,recipient,12,"Cuba, Camaguey: Kinderhilfsorganisation Camaquito","Camagüey, Cuba, completed, 50 students",city
DEU,51.434999,6.759562,recipient,5,"Germany, Duisburg: Rhein Ruhr Bildungsverein eV","Duisburg, Nordrhein-Westfalen, Deutschland, completed, 50 students",city
NPL,27.7262537,86.7812043,recipient,10,"Nepal, Solukhumbu: Shree  Juving Secondary School Jubing  2 ","सोलुखुम्बु जिल्ला, कोशी प्रदेश, नेपाल, completed, 285 students",city
UGA,1.5333554,32.2166578,recipient,23,"Uganda, Kyengere: St. Aloysius-Schule | Menschenbrücke e.V.","Uganda, open, 508 students",city
BIH,44.8146563,15.86896,recipient,31,"Bosnia and Herzegovina, Bihac: Hauptschule Harmani 2","Bihać, Grad Bihać, Unsko-sanski kanton, Federacija Bosne i Hercegovine, Bosna i Hercegovina / Босна и Херцеговина, completed, 800 students",city
BIH,45.1843299,15.8069257,recipient,21,"Bosnia and Herzegovina, Velika Kladuša: Prva osnovna škola V","Velika Kladuša, Općina Velika Kladuša, Unsko-sanski kanton, Federacija Bosne i Hercegovine, 77230, Bosna i Hercegovina / Босна и Херцеговина, completed, 70 students",city
TZA,-10.6990264,39.0217984,recipient,50,"Tanzania, Mtwara: Montessori Teachers Training College | Kon","Mtwara, Coastal Zone, Tanzania, completed, 100 students",city
DEU,51.5718665,6.9877343,recipient,0,"Germany, Gladbeck: Deutsch für Asylbewerber im Dietrich-Bonh","Gladbeck, Kreis Recklinghausen, Nordrhein-Westfalen, Deutschland, completed, 70 students",city
ESP,41.5863002,2.2391397,recipient,25,"Spain, Lliçà de Vall: Sala de Informática  FUNDACIO PRIVADA ","Lliçà de Vall, Vallès Oriental, Barcelona, Catalunya, 08185, España, open, 24 students",city
CPV,16.5986926,-22.9050314,recipient,11,"Cape Verde, Santa Maria: Hilfe für die Kinder von Terra Boa","Santa Maria, Sal, 4111, Cabo Verde, completed, 60 students",city
ZMB,-16.8141943,26.9778589,recipient,18,"Zambia, CHOMA: NJASE COMPUTER LAB","Choma, Choma District, Southern Province, Zambia, open, 925 students",city
TZA,-3.0552508,37.6136574,recipient,0,"Tanzania, Kahe: Tansania, Moshi, Kahe, Mapogini Secondary Sc","Kahe, Rombo, Kilimanjaro, Northern Zone, Tanzania, completed, 500 students",city
TZA,-3.0552508,37.6136574,recipient,0,"Tanzania, Kahe: Tansania, Moshi, Kahe, Orissa Primary School","Kahe, Rombo, Kilimanjaro, Northern Zone, Tanzania, completed, 1500 students",city
VNM,11.5460993,106.9568813,recipient,10,"Vietnam, Tam Phuoc Village, Long Thanh District: Laptops for","Phước Tâm, Xã Đồng Tâm, Thành phố Đồng Nai, Việt Nam, completed, 100 students",city
VNM,10.7737261,106.7166008,recipient,20,"Vietnam, Ho Chi Minh: Laptops for Viet Orphans","Thành phố Hồ Chí Minh, Việt Nam, completed, 100 students",city
DEU,51.4272925,6.8829192,recipient,47,"Germany, Mülheim an der Ruhr: Home Schooling , Integrationss","Mülheim an der Ruhr, Nordrhein-Westfalen, Deutschland, completed, 60 students",city
PHL,14.5904492,120.9803621,recipient,0,"Philippines, Manila: Cacao Plantation Philippines support","Manila, Capital District, Metro Manila, Philippines, open, 500 students",city
BIH,44.8824428,16.1577,recipient,11,"Bosnia and Herzegovina, Bosanska Krupa: Ausbildungsförderung","Bosanska Krupa, Grad Bosanska Krupa, Unsko-sanski kanton, Federacija Bosne i Hercegovine, 77240, Bosna i Hercegovina / Босна и Херцеговина, completed, 30 students",city
TZA,-3.34987,37.3470121,recipient,25,"Tanzania, Moshi Urban: Kilimanjaro Vicoba Network (KIVINET)","Moshi Urban, Kilimanjaro, Northern Zone, Tanzania, completed, 15000 students",city
DEU,51.434999,6.759562,recipient,88,"Germany, Duisburg: Förderung Duisburger Schulklassen (Bürger","Duisburg, Nordrhein-Westfalen, Deutschland, completed, 100 students",city
TZA,-3.0552508,37.6136574,recipient,0,"Tanzania, Kahe: Tansania, Moshi, Kahe, Mpirani Secondary Sch","Kahe, Rombo, Kilimanjaro, Northern Zone, Tanzania, completed, 400 students",city
SLE,8.479004,-13.26795,recipient,1,"Sierra Leone, Freetown: Sierra Leone, Landwirtschaftsuni,Stu","Freetown, Western Area Urban, Western Area, Sierra Leone, completed, 2500 students",city
TZA,-8.8439753,34.8229945,recipient,35,"Tanzania, Makambako: Sigrid Primary School","Makambako, Makambako Town, Njombe, Southern Highlands Zone, Tanzania, completed, 800 students",city
ETH,10.2116702,38.6521203,recipient,10,"Ethiopia, Fessa: Digital Literacy for Fessa Primary School S","ኢትዮጵያ, completed, 195 students",city
GNB,11.861324,-15.583055,recipient,21,"Guinea-Bissau, Bissau: IOGT-Jes Primarschule","Bissau, Sector autónomo de Bissau, 1021, Guiné-Bissau, open, 100 students",city
DEU,51.3406321,12.3747329,recipient,0,"Germany, Leipzig: Students for Students – Refugees welcome@H","Leipzig, Sachsen, Deutschland, completed, 7 students",city
KEN,1.4419683,38.4313975,recipient,20,"Kenya, Mitume: Community Capacity Building through ICT (Leap","Kenya, completed, 200 students",city
KEN,-1.0775718,37.246066,recipient,5,"Kenya, Donyo-Sabuk at Thika: Empowerment of young people (Le","Ol Donyo Sabuk Park Road, Gatuanyaga ward, Thika Town, Kiambu, Kenya, completed, 40 students",city
IRL,52.6506255,-7.2514438,recipient,4,"Ireland, Kilkenny: TASK Involvement Centre Kilkenny","Kilkenny, County Kilkenny, Leinster, Éire / Ireland, open, 80 students",city
DEU,48.9395572,11.0043589,recipient,10,"Germany, Pappenheim: Learning with digital support, above al","Pappenheim, Landkreis Weißenburg-Gunzenhausen, Bayern, 91788, Deutschland, completed, 190 students",city
BLR,54.0963334,28.3224192,recipient,22,"Belarus, Zhodino: Sozialstation Jugendbetreuung (Tschernobyl","Жодзіна, Мінская вобласць, Беларусь, completed, 50 students",city
DEU,51.5110321,7.0960124,recipient,5,"Germany, Gelsenkirchen: Primus Bildungszentrum e.V.","Gelsenkirchen, Nordrhein-Westfalen, Deutschland, completed, 40 students",city
DEU,49.453872,11.077298,recipient,4,"Germany, Nürnberg: Hilfe für Eltern und Kind Nürnberg","Nürnberg, Bayern, Deutschland, completed, 6 students",city
DEU,51.4642219,6.7684355,recipient,4,"Germany, Duisburg-Meiderich: Förderung Schüler_innen GGS Hei","Duisburg-Meiderich, A 59, Mittelmeiderich, Meiderich/Beeck, Duisburg, Nordrhein-Westfalen, 47137, Deutschland, completed, 308 students",city
CMR,4.0429389,9.7062018,recipient,2,"Cameroon, Douala: HELP EXTENSION GROUP(HEG)","Douala, Douala II, Communauté urbaine de Douala, Wouri, Littoral, Cameroun, completed, 40 students",city
COD,-2.9814344,23.8222636,recipient,10,"Congo (Kinshasa), Ville d'Aru, Province de l'Ituri, North-DR","République démocratique du Congo, open, 70 students",city
TZA,-2.5196915,32.9014417,recipient,4,"Tanzania, Mwanza: Huruma School and Education - INTERTEAM","Mwanza, Nyamagana, Mwanza, Lake Zone, 33214, Tanzania, open, 48 students",city
NGA,6.5536094,7.4143061,recipient,50,"Nigeria, Enugu: Aru-Ngwa Community High School","Enugu, Nigeria, completed, 200 students",city
BIH,44.2451225,19.1117628,recipient,35,"Bosnia and Herzegovina, Konjevic Polje: Education Center Nov","Konjević Polje, Коњевићи, Konjevići, Opština Bratunac, Република Српска / Republika Srpska, Bosna i Hercegovina / Босна и Херцеговина, completed, 120 students",city
DEU,50.7352621,7.1024635,recipient,15,"Germany, Bonn: Ferienfreizeiten des Teckids e.V. (FrogLabs u","Bonn, Nordrhein-Westfalen, Deutschland, completed, 800 students",city
ZMB,-15.4163395,28.2818414,recipient,20,"Zambia, Lusaka: Ramah Naioth Christian School","Lusaka, Lusaka District, Lusaka Province, 10101, Zambia, completed, 350 students",city
PRY,-22.4286454,-60.532366,recipient,7,"Paraguay, Primavera: Primavera Indio Center","Primavera, Mariscal Estigarribia, Boquerón, Región Occidental, Paraguay / Paraguái, open, 130 students",city
THA,14.8971921,100.83273,recipient,0,"Thailand, Omkoi Chiangmai: Jaluntam Internat","ประเทศไทย, open, 186 students",city
TZA,-6.5247123,35.7878438,recipient,20,"Tanzania, Zansibar: EDEN International School","Tanzania, completed, 138 students",city
UGA,0.3177137,32.5813539,recipient,20,"Uganda, Kampala: Ebenezer Christian Secondary School","Kampala, Central Region, Uganda, completed, 320 students",city
ZMB,-15.4163395,28.2818414,recipient,20,"Zambia, Lusaka: Chalom Montessori School","Lusaka, Lusaka District, Lusaka Province, 10101, Zambia, completed, 284 students",city
ZMB,-15.4697764,28.1776073,recipient,20,"Zambia, Lusaka Makeni: Bayuni School","Zambia Branch Office Jehovah's Witnesses, Makeni Road, Chilanga District, Lusaka Province, Zambia, completed, 2100 students",city
MEX,20.6720375,-103.338396,recipient,1,"Mexico, Guadalajara: ATENCIÓN INTEGRAL A LOS HIJOS DE LOS PR","Guadalajara, Región Centro, Jalisco, 44450, México, open, 0 students",city
GMB,13.4340325,-16.6855042,recipient,16,"Gambia, Serekunda: Millora de les condicions de vida dels in","Serekunda and London Corner, Serrekunda, Kanifing, Gambia, open, 150 students",city
DEU,51.3331205,6.5623343,recipient,0,"Germany, Krefeld: Integration von Flüchtlingskindern an der ","Krefeld, Nordrhein-Westfalen, Deutschland, completed, 352 students",city
DEU,52.2467665,10.6537261,recipient,5,"Germany, Cremlingen: Flüchtlingshilfe Schandelah","Cremlingen, Landkreis Wolfenbüttel, Niedersachsen, 38162, Deutschland, completed, 50 students",city
DEU,52.5173885,13.3951309,recipient,22,"Germany, Berlin: Refugees on Rails","Berlin, Deutschland, completed, 50 students",city
DEU,53.6288297,11.4148038,recipient,9,"Germany, Schwerin: Deutsch- und Integrationsunterricht für G","Schwerin, Mecklenburg-Vorpommern, Deutschland, completed, 23 students",city
MMR,16.8889164,96.1072223,recipient,3,"Myanmar, Thazin: Thazin Secondary School (Hilfswerk Myanmar ","သဇင် Thazin, အင်းစိန်လမ်း, နံ့သာကုန်း ရပ်ကွက်, အင်းစိန်, အင်းစိန်ခရိုင်, ရန်ကုန်မြို့, ရန်ကုန်တိုင်းဒေသကြီး, 11012, မြန်မာ, open, 90 students",city
MMR,16.8889164,96.1072223,recipient,2,"Myanmar, Thazin: Thazin Primary School (Hilfswerk Myanmar eV","သဇင် Thazin, အင်းစိန်လမ်း, နံ့သာကုန်း ရပ်ကွက်, အင်းစိန်, အင်းစိန်ခရိုင်, ရန်ကုန်မြို့, ရန်ကုန်တိုင်းဒေသကြီး, 11012, မြန်မာ, open, 40 students",city
MMR,17.1750495,95.9999652,recipient,2,"Myanmar, Tit Phyu Village: Tit Phyu Village School (Hilfswer","မြန်မာ, completed, 80 students",city
MMR,17.1750495,95.9999652,recipient,4,"Myanmar, Stone Village: Stone Village School (Hilfswerk Myan","မြန်မာ, open, 50 students",city
TZA,-6.7862801,39.1674449,recipient,1,"Tanzania, Dar es Saalam: Bunju B Primary school","Tanzania postal bank, Morogoro Road, Kimara, Ubungo Municipal, Dar es Salaam, Coastal Zone, 69588, Tanzania, open, 400 students",city
KHM,13.3617562,103.8590321,recipient,17,"Cambodia, Siem Reap: Computer Room for Teryao Elementary Sch","ក្រុងសៀមរាប, សៀមរាប, ខេត្តសៀមរាប, 123456, ព្រះរាជាណាចក្រ​កម្ពុជា, completed, 1500 students",city
GHA,6.38479,-0.376333,recipient,4,"Ghana, Begoro: Rehabilitation Centre The Salvation Army","Begoro, Fanteakwa North District, Eastern Region, Ghana, open, 69 students",city
ESP,41.3825802,2.177073,recipient,6,"Spain, Barcelona: Centre Obert Joan Salvador Gavina","Barcelona, Barcelonès, Barcelona, Catalunya, España, open, 135 students",city
CPV,16.0000552,-24.0083947,recipient,0,"Cape Verde, Sal Rei / Capo Verde: escola primaria Joao Galeg","Cabo Verde, completed, 44 students",city
DEU,52.2414052,7.9625883,recipient,15,"Germany, Hasbergen: Flüchtlingsforum Hasbergen","Hasbergen, Landkreis Osnabrück, Niedersachsen, 49205, Deutschland, completed, 20 students",city
NPL,28.3780464,83.9999901,recipient,18,"Nepal, Kathmandu Bodnath: Kailash Bodhi Secondar y Boarding ","नेपाल, open, 1000 students",city
KEN,-1.302398,36.8288509,recipient,26,"Kenya, Nairobi: Kenya, Nairobi, Street Boys in Dagoretti","Nairobi, Zimmerman, Soko ya Mawe, Nairobi, Kenya, completed, 180 students",city
KEN,-1.302398,36.8288509,recipient,5,"Kenya, Nairobi: Bright Education Centre (Mpito eV)","Nairobi, Zimmerman, Soko ya Mawe, Nairobi, Kenya, completed, 72 students",city
KEN,-1.302398,36.8288509,recipient,7,"Kenya, Nairobi: Daystar Junior Educational Centre Mabatini (","Nairobi, Zimmerman, Soko ya Mawe, Nairobi, Kenya, completed, 320 students",city
KEN,-1.302398,36.8288509,recipient,8,"Kenya, Nairobi: Destiny Community Education Centre (Mpito eV","Nairobi, Zimmerman, Soko ya Mawe, Nairobi, Kenya, completed, 509 students",city
KEN,-1.302398,36.8288509,recipient,0,"Kenya, Nairobi: Mathare Wisdom Care Centre (Mpito eV)","Nairobi, Zimmerman, Soko ya Mawe, Nairobi, Kenya, completed, 274 students",city
KEN,-1.302398,36.8288509,recipient,5,"Kenya, Nairobi: Star Educational Centre (Mpito eV)","Nairobi, Zimmerman, Soko ya Mawe, Nairobi, Kenya, completed, 251 students",city
KEN,-1.302398,36.8288509,recipient,5,"Kenya, Nairobi: Success Care Centre (Mpito eV)","Nairobi, Zimmerman, Soko ya Mawe, Nairobi, Kenya, completed, 274 students",city
DEU,50.7698784,7.56213,recipient,12,"Germany, Windeck-Leuscheid: Flüchtlingshilfe Evgl Kirchengem","Feuerwehr Windeck - Löschzug Leuscheid, 28, Saaler Straße, Leuscheid, Reidershof, Saal, Windeck, Rhein-Sieg-Kreis, Nordrhein-Westfalen, 51570, Deutschland, completed, 80 students",city
DEU,48.1794705,11.2547202,recipient,15,"Germany, Fürstenfeldbruck: Erstaufnahmelager (Refugees Onlin","Fürstenfeldbruck, Landkreis Fürstenfeldbruck, Bayern, 82256, Deutschland, completed, 1600 students",city
MDG,-19.871403,47.034667,recipient,41,"Madagascar, Antsirabe: Kinderhilfe Madagaskar","Antsirabe, Antsirabe I, Vakinankaratra, Province d’Antananarivo, 110, Madagasikara / Madagascar, open, 400 students",city
LBR,6.6053676,-10.1758429,recipient,46,"Liberia, Margibi: TVET HELOG Academy","Margibi County, Liberia, open, 60 students",city
NPL,28.0398917,84.8931621,recipient,1,"Nepal, Phulkharka: Mandali-Technical-School (for Agriculture","Belun Phulkharka Road, म्याथ्लो कालेरी, Gangajamuna-05, गङ्गाजमुना गाउँपालिका, धादिङ जिल्ला, बागमती प्रदेश, नेपाल, completed, 9 students",city
NAM,-21.996963,15.5874,recipient,23,"Namibia, Usakos: Anistémi College and Training Centre (Kinde","Usakos, Erongo Region, Namibia, completed, 40 students",city
GMB,13.470062,-15.4900464,recipient,19,"Gambia, Sanyany: Projekte des Kindergarten Meschede eV in Ga","Gambia, completed, 20 students",city
DEU,51.434999,6.759562,recipient,20,"Germany, Duisburg:  Deutsch-Sprachkurse für Geflüchtete aus ","Duisburg, Nordrhein-Westfalen, Deutschland, completed, 35 students",city
BIH,44.9665331,15.9422967,recipient,30,"Bosnia and Herzegovina, Cazin: JUI SREDNJA SKOLA (Leben und ","Cazin, Grad Cazin, Unsko-sanski kanton, Federacija Bosne i Hercegovine, 77220, Bosna i Hercegovina / Босна и Херцеговина, completed, 730 students",city
DEU,52.4526275,9.8602096,recipient,11,"Germany, Isernhagen: Politik zum Anfassen eV","Isernhagen, Region Hannover, Niedersachsen, 30916, Deutschland, completed, 1000 students",city
EGY,30.0443879,31.2357257,recipient,15,"Egypt, Cairo: Community Center - Bildung für Kinder der Müll","القاهرة, مصر, completed, 35 students",city
GHA,6.100334,-0.2614572,recipient,4,"Ghana, Koforidua: Catholic School","Koforidua, New Juaben South Municipal District, Eastern Region, Ghana, completed, 50 students",city
DEU,51.6143815,7.1978546,recipient,12,"Germany, Recklinghausen: Flüchtlingscafe (Freifunk)","Recklinghausen, Kreis Recklinghausen, Nordrhein-Westfalen, Deutschland, completed, 24 students",city
BOL,-17.3753795,-66.3669653,recipient,7,"Bolivia, Quillacollo: Berufsschule Sayarinapaj (Bildung blei","Quillacollo, Cochabamba, Bolivia, completed, 15 students",city
DEU,51.2254018,6.7763137,recipient,5,"Germany, Düsseldorf: Computerkurse Düssel-buntu eV","Düsseldorf, Nordrhein-Westfalen, Deutschland, completed, 10 students",city
COL,3.4108435,-76.5812127,recipient,9,"Colombia, Cali: Schule für Strassenkinder (Schule fürs Leben","Cali, Sur, Valle del Cauca, RAP Pacífico, Colombia, open, 300 students",city
DEU,51.2841166,7.2924712,recipient,0,"Germany, Schwelm: Willkommensinitiative Schwelm","Schwelm, Ennepe-Ruhr-Kreis, Nordrhein-Westfalen, 58332, Deutschland, completed, 500 students",city
SEN,14.791461,-16.925605,recipient,7,"Senegal, Thiès:  École Saint-Anne","Thiès, Commune de Thiès Ouest, Arrondissement de Thiès Sud, Département de Thiès, Région de Thiès, Sénégal, completed, 197 students",city
DEU,51.1981778,6.6916476,recipient,6,"Germany, Neuss: Computerkurse für Flüchtlings- und Tages-Obd","Neuss, Rhein-Kreis Neuss, Nordrhein-Westfalen, Deutschland, completed, 70 students",city
DEU,50.9929303,7.1277379,recipient,20,"Germany, Bergisch Gladbach: Deutschkurse Flüchtlingsunterkun","Bergisch Gladbach, Rheinisch-Bergischer Kreis, Nordrhein-Westfalen, Deutschland, completed, 60 students",city
DEU,51.434999,6.759562,recipient,16,"Germany, Duisburg: James-Rizzi Schule","Duisburg, Nordrhein-Westfalen, Deutschland, completed, 214 students",city
DEU,50.938361,6.959974,recipient,3,"Germany, Köln: Betreuung unbegleiteter minderjähriger Flücht","Köln, Nordrhein-Westfalen, Deutschland, completed, 14 students",city
SEN,16.652705,-14.958669,recipient,12,"Senegal, Podor: Projecte d’equipament informàtic per a l’ins","Podor, Département de Podor, Région de Saint-Louis, Sénégal, completed, 411 students",city
SEN,16.652705,-14.958669,recipient,8,"Senegal, Podor: Projecte d’equipament informàtic per a l’esc","Podor, Département de Podor, Région de Saint-Louis, Sénégal, open, 371 students",city
CHL,-33.422295,-70.6554648,recipient,0,"Chile, Independencia: CORPORACIÓN COLECTIVO SIN FRONTERAS","Independencia, Santiago, Provincia de Santiago, Región Metropolitana de Santiago, 8320000, Chile, open, 60 students",city
DEU,51.4272925,6.8829192,recipient,8,"Germany, Mülheim an der Ruhr: Netzwerk Broich","Mülheim an der Ruhr, Nordrhein-Westfalen, Deutschland, completed, 40 students",city
ROU,46.3814028,23.8577354,recipient,0,"Romania, Ocna Mures: Orphanage and Youth Welfare Training an","Ocna Mureș, Alba, România, completed, 280 students",city
DEU,51.434999,6.759562,recipient,20,"Germany, Duisburg: Hans-Christian-Andersen Gemeinschaftsgrun","Duisburg, Nordrhein-Westfalen, Deutschland, completed, 191 students",city
BIH,44.5543706,16.3686978,recipient,60,"Bosnia and Herzegovina, Bosanski Petrovac: Grundschule Ahmet","Bosanski Petrovac, Općina Bosanski Petrovac, Unsko-sanski kanton, Federacija Bosne i Hercegovine, Bosna i Hercegovina / Босна и Херцеговина, completed, 627 students",city
HTI,18.7104049,-72.3444893,recipient,0,"Haiti, Titanyen: Haiti Community Work","Titanyen, Commune Cabaret, Arrondissement de l’Arcahaie, Département de l'Ouest, Ayiti, open, 300 students",city
SEN,16.0280445,-16.5048686,recipient,2,"Senegal, St.Louis: Lycée Cheikh Omar Foutiyou Tall LCOFT (Er","Saint-Louis, Département de Saint-Louis, Région de Saint-Louis, Sénégal, open, 2000 students",city
GMB,13.692398,-14.878805,recipient,0,"Gambia, Wassu: Niani Upper and Senior Secondary School and N","Wassu, Niani, Kuntaur, Central River, Gambia, open, 700 students",city
CMR,5.062822,10.468748,recipient,0,"Cameroon, Bazou: Lycee Bilingue de Bazou","Bazou, Ndé, Ouest, Cameroun, open, 900 students",city
TZA,-1.5924464,31.1407066,recipient,7,"Tanzania, Bugene, Karagwe-Kagera: BUSHANGARO COMMUNITY POVER","Bugene, Karagwe, Kagera, Lake Zone, Tanzania, completed, 40 students",city
PHL,10.602556,124.0246163,recipient,4,"Philippines, Luyang, Carmen: Luyang Elementary School","Luyang, Cebu, Central Visayas, 6005, Philippines, open, 130 students",city
NGA,6.4550575,3.3941795,recipient,16,"Nigeria, Lagos: Bishop Ajayi Crowther Memorial Grammar Schoo","Lagos, Lagos Island, Lagos, 100242, Nigeria, open, 300 students",city
AUT,47.7981346,13.0464806,recipient,2,"Austria, Salzburg: Austria, Salzburg, technical support","Salzburg, 5020, Österreich, completed, 30 students",city
DEU,51.4272925,6.8829192,recipient,14,"Germany, Mülheim an der Ruhr: Betreuung und Begleitung von m","Mülheim an der Ruhr, Nordrhein-Westfalen, Deutschland, completed, 14 students",city
TZA,-1.3311508,31.8125605,recipient,2,"Tanzania, Bukoba: Nyaishozi Primary School Jambo Bukoba e.V.","Bukoba, Kagera, Lake Zone, 35101, Tanzania, open, 952 students",city
NPL,27.6682633,85.3230753,recipient,13,"Nepal, Lagankhel: Hilfe für Dorfschulen und Kinderdorf Kalan","लागेनखेलदेखि मंगल बजार सडक, थईना, Lalitpur-12, ललितपुर, ललितपुर महानगरपालिका, ललितपुर जिल्ला, बागमती प्रदेश, 44702, नेपाल, open, 15 students",city
ESP,40.416782,-3.703507,recipient,11,"Spain, madrid: Queremos introducir la robótica en nuestro co","Madrid, Comunidad de Madrid, España, open, 150 students",city
DEU,50.9320015,7.2839042,recipient,3,"Germany, Overath: Flüchtlingsprojekt Overath","Overath, Rheinisch-Bergischer Kreis, Nordrhein-Westfalen, 51491, Deutschland, completed, 5 students",city
TGO,6.130419,1.215829,recipient,0,"Togo, Lomé: Shelter 'Casa de Acogida Alegría'","Lomé, Région Maritime, Togo, open, 25 students",city
DEU,50.9929303,7.1277379,recipient,5,"Germany, Bergisch Gladbach: Q1 Jugend-Kulturzentrum und Q1st","Bergisch Gladbach, Rheinisch-Bergischer Kreis, Nordrhein-Westfalen, Deutschland, completed, 15 students",city
KHM,12.5433216,104.8144914,recipient,15,"Cambodia, Pangna Villay: Eine Schule für Pang Na (Enactus Un","ព្រះរាជាណាចក្រ​កម្ពុជា, completed, 85 students",city
KEN,-1.2834369,36.8928409,recipient,3,"Kenya, Umoja: Primary School Umoja Muehlbauer Academy","Umoja, Umoja II ward, Embakasi, Nairobi, Zimmerman, Soko ya Mawe, Nairobi, 56744, Kenya, open, 87 students",city
MEX,32.5317397,-117.019529,recipient,2,"Mexico, Tijuana : Orphanage supported by Global Youth Missio","Tijuana, Municipio de Tijuana, Baja California, 22320, México, completed, 20 students",city
TZA,-6.7862801,39.1674449,recipient,5,"Tanzania, Dar es Saalam: MIYOSHA Computer Lab","Tanzania postal bank, Morogoro Road, Kimara, Ubungo Municipal, Dar es Salaam, Coastal Zone, 69588, Tanzania, open, 150 students",city
TGO,8.7800265,1.0199765,recipient,0,"Togo, Noepe-Demime: Noepe-Demime School","Togo, open, 30 students",city
ESP,40.0322289,-3.6040097,recipient,8,"Spain, Aranjuez: Rincón informático del aula: articular un e","Aranjuez, Comunidad de Madrid, 28300, España, open, 450 students",city
HTI,19.7595236,-72.2008068,recipient,15,"Haiti, Cap-Haitien: Kinderhilfeprojekt Waisenhaus (action fi","Cap-Haïtien, Commune Cap-Haïtien, Arrondissement de Cap-Haïtien, Département du Nord, 1110, Ayiti, completed, 423 students",city
DEU,51.434999,6.759562,recipient,15,"Germany, Duisburg: Otfried-Preußler-Schule Sprachförderung v","Duisburg, Nordrhein-Westfalen, Deutschland, completed, 288 students",city
DEU,52.2576212,10.0660066,recipient,10,"Germany, Hohenhameln: Deutschkurse und Integrationshilfe für","Hohenhameln, Landkreis Peine, Niedersachsen, 31249, Deutschland, completed, 125 students",city
DEU,49.9732762,6.524947,recipient,5,"Germany, Bitburg: Workshop Jugendmedienschutz (Kinderlachen-","Bitburg, Eifelkreis Bitburg-Prüm, Rheinland-Pfalz, Deutschland, completed, 10 students",city
AUT,47.7981346,13.0464806,recipient,3,"Austria, Salzburg: Salzburg Fluechtlingsquartier","Salzburg, 5020, Österreich, completed, 50 students",city
DEU,51.4272925,6.8829192,recipient,3,"Germany, Mülheim an der Ruhr: CIIC Zentrum für Integration u","Mülheim an der Ruhr, Nordrhein-Westfalen, Deutschland, completed, 25 students",city
GHA,5.5571096,-0.2012376,recipient,6,"Ghana, Accra: Jerremmites Academy","Accra, Korle-Klottey Municipal District, Greater Accra Region, Ghana, open, 100 students",city
CRI,10.4597586,-85.7708177,recipient,2,"Costa Rica, Potrero: Abriendo Mentes","Potrero, Tempate, Santa Cruz, Guanacaste, 50304, Costa Rica, open, 80 students",city
CHE,47.052144,8.3058123,recipient,0,"Switzerland, Luzern: @ctive Asyl","Luzern, Schweiz/Suisse/Svizzera/Svizra, completed, 200 students",city
IND,34.0747444,74.8204443,recipient,21,"India, Srinagar: Syed Sahab Memorial School","Srinagar, Srinagar (South), Srinagar, Jammu and Kashmir, 190001, India, open, 150 students",city
PAK,32.1525312,74.1933745,recipient,4,"Pakistan, Gujranwala: Zephaniah Free School to raise the sta","تحصیل گوجرانوالہ شہر, ضلع گوجرانوالہ, گوجرانوالہ ڈویژن, پنجاب, پاکستان, completed, 100 students",city
DEU,51.1638175,10.4478313,recipient,8,"Germany, Bonner Raum: Runder Tisch Flüchtlinge Bonn/ Bad God","Deutschland, completed, 450 students",city
DEU,51.434999,6.759562,recipient,55,"Germany, Duisburg: Landfermann Gymnasium, Gelingende Integra","Duisburg, Nordrhein-Westfalen, Deutschland, completed, 1200 students",city
TGO,6.4300908,1.5093083,recipient,0,"Togo, Sagada: Centre informatique villageois des jeunes mill","Sagada, Région Maritime, Togo, open, 210 students",city
BLZ,16.9497897,-88.8940646,recipient,19,"Belize, Cayo District: 2016 Belize Educational Service Group","Cayo, Belize, open, 150 students",city
DEU,48.7784485,9.1800132,recipient,6,"Germany, Stuttgart: Flüchtlings-Computerwerkstatt","Stuttgart, Baden-Württemberg, Deutschland, completed, 100 students",city
SEN,14.7407477,-17.1390778,recipient,3,"Senegal, Sebikotane: School-Project Sebikotane, Senegal","Commune de Sébikhotane, Arrondissement de Diamniadio, Département de Rufisque, Région de Dakar, Sénégal, completed, 166 students",city
DEU,51.434999,6.759562,recipient,35,"Germany, Duisburg: Aletta-Haniel-Gesamtschule Förderung Seit","Duisburg, Nordrhein-Westfalen, Deutschland, completed, 1000 students",city
TZA,-6.7862801,39.1674449,recipient,2,"Tanzania, Dar es Saalam: Bahari Nursery and Primary School","Tanzania postal bank, Morogoro Road, Kimara, Ubungo Municipal, Dar es Salaam, Coastal Zone, 69588, Tanzania, open, 800 students",city
GHA,6.0422,-0.797137,recipient,14,"Ghana, Akwatia: Free Heart Complex Academy","Akwatia, Denkyembour District, Eastern Region, Ghana, completed, 235 students",city
UKR,51.864355,33.4728542,recipient,25,"Ukraine, Shostka: Charity Foundation 'Life' Computer class f","Шостка, Шосткинська міська громада, Шосткинський район, Сумська область, 41100, Україна, completed, 360 students",city
DEU,51.434999,6.759562,recipient,15,"Germany, Duisburg: Zentrum für Integrations- und Migrationsa","Duisburg, Nordrhein-Westfalen, Deutschland, completed, 30 students",city
DEU,50.9929303,7.1277379,recipient,4,"Germany, Bergisch Gladbach: Neue Heimat Begegnungscafe für F","Bergisch Gladbach, Rheinisch-Bergischer Kreis, Nordrhein-Westfalen, Deutschland, completed, 40 students",city
SLE,8.479004,-13.26795,recipient,4,"Sierra Leone, Freetown: Josmariam Junior Secondary School","Freetown, Western Area Urban, Western Area, Sierra Leone, open, 90 students",city
KEN,1.018076,35.000236,recipient,5,"Kenya, Kitale: Child Welfare Society of Kenya (CWSOK)","Kitale, Saboti, Trans Nzoia, Kenya, completed, 50 students",city
DEU,51.264018,7.1780374,recipient,1,"Germany, Wuppertal: Flüchtlingshilfe OT Höhe (Stadt Wupperta","Wuppertal, Nordrhein-Westfalen, Deutschland, completed, 2 students",city
CMR,3.8891269,11.4728976,recipient,4,"Cameroon, Arrondissement VII,Yaoundé: École Bilingue Les phi","Centre Médical D'arrondissement D'oyom-abam, Rue 6.335, Oyom Abang, Nkolbisson, Yaoundé VII, Communauté urbaine de Yaoundé, Mfoundi, Centre, Cameroun, open, 350 students",city
DEU,50.938361,6.959974,recipient,3,"Germany, Köln: 180 Grad Wende (JubiGO eV)","Köln, Nordrhein-Westfalen, Deutschland, completed, 12 students",city
DEU,50.9929303,7.1277379,recipient,1,"Germany, Bergisch Gladbach: Sprachkurse für Flüchtlingsheime","Bergisch Gladbach, Rheinisch-Bergischer Kreis, Nordrhein-Westfalen, Deutschland, completed, 40 students",city
DEU,51.5110321,7.0960124,recipient,1,"Germany, Gelsenkirchen: Suizidprävention für Jugendliche","Gelsenkirchen, Nordrhein-Westfalen, Deutschland, completed, 10 students",city
DEU,51.521581,6.929204,recipient,5,"Germany, Bottrop: Ausbildung und Bewerbertraining für Flücht","Bottrop, Nordrhein-Westfalen, Deutschland, completed, 20 students",city
DEU,51.4272925,6.8829192,recipient,2,"Germany, Mülheim an der Ruhr: Drogenhilfe für Jugendliche","Mülheim an der Ruhr, Nordrhein-Westfalen, Deutschland, completed, 50 students",city
DEU,51.4818111,7.2196635,recipient,9,"Germany, Bochum: Flüchtlingshilfe SkF eV","Bochum, Nordrhein-Westfalen, Deutschland, completed, 18 students",city
DEU,51.4272925,6.8829192,recipient,2,"Germany, Mülheim an der Ruhr: esCor Weiterbildung Betreuer F","Mülheim an der Ruhr, Nordrhein-Westfalen, Deutschland, completed, 10 students",city
DEU,51.4818111,7.2196635,recipient,1,"Germany, Bochum: Integrative Kindergemeinschaft","Bochum, Nordrhein-Westfalen, Deutschland, completed, 30 students",city
DEU,51.4272925,6.8829192,recipient,10,"Germany, Mülheim an der Ruhr: Sprachkurse für Flüchtlinge (C","Mülheim an der Ruhr, Nordrhein-Westfalen, Deutschland, completed, 30 students",city
DEU,51.434999,6.759562,recipient,4,"Germany, Duisburg: Lebenshilfe Duisburg","Duisburg, Nordrhein-Westfalen, Deutschland, completed, 10 students",city
CHE,47.3226925,8.7980939,recipient,15,"Switzerland, Wetzikon: REMAR S.O.S Flüchtlingshilfe","Wetzikon (ZH), Bezirk Hinwil, Zürich, Schweiz/Suisse/Svizzera/Svizra, completed, 300 students",city
DEU,51.5110321,7.0960124,recipient,2,"Germany, Gelsenkirchen: Lern-PC Kleiderstube Caritas","Gelsenkirchen, Nordrhein-Westfalen, Deutschland, completed, 10 students",city
DEU,51.4582235,7.0158171,recipient,5,"Germany, Essen: Integrations- und Sprachkurse für Jugendlich","Essen, Nordrhein-Westfalen, Deutschland, completed, 20 students",city
IND,26.8105777,73.7684549,recipient,8,"India, Rajasthan: Connect children with online teachers (Pro","Rajasthan, India, completed, 100 students",city
BFA,12.3681873,-1.5270944,recipient,3,"Burkina Faso, Ouagadougou: Gerry School Faso","Ouagadougou, Kadiogo, Centre, Burkina Faso, open, 20 students",city
CHN,31.8085053,98.5796462,recipient,4,"China, Ganzi County, Ganzi Tibetan Autonomous Prefecture: fr","中国农业银行, G317, 各戈, 更庆镇, 德格县 སྡེ་དགེ་རྫོང།, 甘孜藏族自治州 དཀར་མཛེས་བོད་རིགས་རང་སྐྱོང་ཁུལ།, 四川省, 627200, 中国, open, 450 students",city
DEU,51.5110321,7.0960124,recipient,1,"Germany, Gelsenkirchen: Quartiersprojekt Gelsenkirchen-Schol","Gelsenkirchen, Nordrhein-Westfalen, Deutschland, completed, 10 students",city
DEU,50.7352621,7.1024635,recipient,10,"Germany, Bonn:   Flüchtlingsprojekt:DRK-Betreuungsdienste We","Bonn, Nordrhein-Westfalen, Deutschland, completed, 500 students",city
BIH,44.3396706,17.2711786,recipient,20,"Bosnia and Herzegovina, Jajce: škola „13. RUJAN“ Jajce","Jajce, Općina Jajce, Srednjobosanski kanton / Županija Središnja Bosna, Federacija Bosne i Hercegovine, 70101, Bosna i Hercegovina / Босна и Херцеговина, completed, 700 students",city
DEU,51.4375559,6.6803468,recipient,7,"Germany, Duisburg Rheinhausen: Deutsch- und Integrationskurs","Duisburg-Rheinhausen, A 40, Hochheide, Homberg/Ruhrort/Baerl, Duisburg, Nordrhein-Westfalen, 47198, Deutschland, completed, 84 students",city
MLI,12.3406439,-8.2230209,recipient,41,"Mali, Dalakana: 2 schools | AGT Africa GreenTec","Dalakana, Cercle de Kati, Koulikoro, Mali, completed, 120 students",city
MLI,12.3421627,-8.1408298,recipient,40,"Mali, Djoliba: 2 village schools | AGT Africa GreenTec","Djoliba, Cercle de Kati, Koulikoro, Mali, completed, 120 students",city
MLI,14.5574197,-9.2335254,recipient,20,"Mali, Nafadji: village school | AGT Africa GreenTec","Nafadji, Diéma, Kayes, Mali, open, 120 students",city
IND,28.6138954,77.2090057,recipient,2,"India, New Dehli: Sharing Experiences – India 2016 - CNI SHI","New Delhi, Delhi, India, completed, 70 students",city
BDI,-3.2751181,29.6307855,recipient,43,"Burundi, Muramvya: Lycee de Muramvya","Muramvya, Burundi, completed, 800 students",city
MWI,-11.4607518,34.0226422,recipient,6,"Malawi, Mzuzu: Computer education for :Mzuzu government seco","Mzuzu, Mzimba, Northern Region, Malawi, open, 360 students",city
SLB,-9.4310769,159.9552552,recipient,2,"Solomon Islands, Honiara: Computer Education for isale Prima","Honiara, Solomon Islands, completed, 400 students",city
MMR,16.783333,94.733333,recipient,10,"Myanmar, Pathein: Computer education for Pathein School","ပုသိမ်မြို့, ပုသိမ်မြို့နယ်, ပုသိမ်ခရိုင်, ဧရာဝတီတိုင်းဒေသကြီး, 10011, မြန်မာ, completed, 200 students",city
MNG,46.8250388,103.8499736,recipient,16,"Mongolia, Ulgii Soum: College of Education","Монгол улс ᠮᠤᠩᠭᠤᠯ ᠤᠯᠤᠰ, open, 490 students",city
MNG,46.8250388,103.8499736,recipient,13,"Mongolia, Nogoonnuur Soum: Nogoonnuur High School","Монгол улс ᠮᠤᠩᠭᠤᠯ ᠤᠯᠤᠰ, open, 1000 students",city
MNG,46.8250388,103.8499736,recipient,14,"Mongolia, Sagsai Soum: Sagsai Secondary School","Монгол улс ᠮᠤᠩᠭᠤᠯ ᠤᠯᠤᠰ, open, 350 students",city
DEU,53.6893717,10.5322354,recipient,15,"Germany, Lüchow: Integrationshaus Wendland","Lüchow, Sandesneben-Nusse, Kreis Herzogtum Lauenburg, Schleswig-Holstein, 23898, Deutschland, completed, 35 students",city
DEU,48.2737512,8.8557862,recipient,1,"Germany, Balingen: Raum Balingen Kulturelle Vielfalt und Int","Balingen, VVG der Stadt Balingen, Zollernalbkreis, Baden-Württemberg, 72336, Deutschland, completed, 20 students",city
MNG,46.8250388,103.8499736,recipient,7,"Mongolia, Ulgii Soum: Zayed Secondary School","Монгол улс ᠮᠤᠩᠭᠤᠯ ᠤᠯᠤᠰ, open, 400 students",city
NGA,9.6000359,7.9999721,recipient,25,"Nigeria, Umunohu: Ikperejere, Ihitte/Uboma L.G.A. Umunohu","Nigeria, completed, 1000 students",city
AFG,34.5269503,69.1850584,recipient,1,"Afghanistan, Kabul: Hospital with workshop","کابل, کابل ښاروالۍ, ولایت كابل, 1001, افغانستان, completed, 10 students",city
BFA,11.1765796,-4.2961436,recipient,11,"Burkina Faso, Bobo-Dioulasso: ONG CAT SYA Suport educatiu pe","Bobo-Dioulasso, Houet, Hauts-Bassins, Burkina Faso, open, 75 students",city
COL,6.3773809,-75.4459762,recipient,0,"Colombia, Girardota: Aula digital 'Conectados por la paz'","Girardota, Valle de Aburrá, Antioquia, RAP del Agua y la Montaña, 051037, Colombia, open, 100 students",city
DOM,19.8921308,-70.9615913,recipient,22,"Dominican Republic, Luperón: Centro Educativo Liceo El Higo","Luperón, Puerto Plata, 32105, República Dominicana, completed, 200 students",city
CHE,47.4331806,9.6365141,recipient,0,"Switzerland, Au: Stiftung Kinderheim Grünau","Au (SG), Wahlkreis Rheintal, St. Gallen, Schweiz/Suisse/Svizzera/Svizra, completed, 16 students",city
COL,6.2697324,-75.6025597,recipient,2,"Colombia, Medellin: Colaboratorio para la Paz ","Medellín, Valle de Aburrá, Antioquia, RAP del Agua y la Montaña, 0500, Colombia, completed, 20 students",city
DEU,51.8428202,8.2985615,recipient,1,"Germany, Rheda-Wiedenbrück: Weltreise durch Wohnzimmer","Rheda-Wiedenbrück, Kreis Gütersloh, Nordrhein-Westfalen, 33378, Deutschland, completed, 10 students",city
BLR,53.9024716,27.5618225,recipient,19,"Belarus, Minsk: Green Cross SocMed","Мінск, Беларусь, completed, 200 students",city
CHL,-33.4765918,-70.5418308,recipient,2,"Chile, Peñalolén: Tres escuelas municipales de la Comuna de ","Peñalolén, Santiago, Provincia de Santiago, Región Metropolitana de Santiago, 8320000, Chile, open, 75 students",city
DEU,50.6850682,7.156323,recipient,2,"Germany, Bad Godesberg: Flüchtlingsprojekt 'Cafe Kontakt', B","Bad Godesberg, Bonn, Nordrhein-Westfalen, Deutschland, completed, 130 students",city
IND,19.054999,72.8692035,recipient,2,"India, Mumbai: Gao Yi North India Service Group","Mumbai, Mumbai Suburban District, Maharashtra, 400051, India, open, 400 students",city
IRQ,36.8542598,42.9924528,recipient,30,"Iraq, Dohuk:  Computertraining für Kinder und Jugendliche | ","دھۆک, ناحیەی ناوەندەکەی قەزای دهۆك, قەزای دهۆک, پارێزگای دھۆک, هەرێمی کوردستان, 42001, العراق, completed, 350 students",city
ETH,14.1220982,38.7321749,recipient,4,"Ethiopia, axum: Laptops für die Hawelti-Schule im nordäthiop","ኣኽሱም / Axum, Central Tigray, ትግራይ تجراى, ኢትዮጵያ, open, 530 students",city
BOL,-17.0568696,-64.9912286,recipient,6,"Bolivia, San Pedro de Buenavista, Posito: Berufsschule 'Inst","Bolivia, completed, 200 students",city
UGA,0.3177137,32.5813539,recipient,24,"Uganda, Kampala: Out of school youth empowerment project","Kampala, Central Region, Uganda, open, 0 students",city
VNM,10.7737261,106.7166008,recipient,6,"Vietnam, Ho Chi Minh City: Computer Room for Vinh Phuoc Budd","Thành phố Hồ Chí Minh, Việt Nam, open, 20 students",city
GHA,6.9313793,-1.6671002,recipient,49,"Ghana, Offinso: Reverence Preparatory School and Junior High","Offinso, Offinso Municipal District, Ashanti Region, Ghana, completed, 600 students",city
CMR,3.8689867,11.5213344,recipient,0,"Cameroon, Yaoundé: Centre LIKALO","Communauté urbaine de Yaoundé, Mfoundi, Centre, Cameroun, open, 40 students",city
PHL,14.5904492,120.9803621,recipient,10,"Philippines, Manila: Student Center for street children","Manila, Capital District, Metro Manila, Philippines, completed, 112 students",city
SEN,12.355976,-16.716683,recipient,1,"Senegal, Kabrousse: College Kabrousse ","Kabrousse, Communauté rurale de Diembéring, Arrondissement de Kabrousse, Département d'Oussouye, Région de Ziguinchor, Sénégal, open, 1000 students",city
DEU,50.7352621,7.1024635,recipient,10,"Germany, Bonn: Flüchtlings Projekt: Internet Cafe Caritsverb","Bonn, Nordrhein-Westfalen, Deutschland, completed, 180 students",city
DEU,51.1981778,6.6916476,recipient,6,"Germany, Neuss: Geschwister-Scholl-Haus","Neuss, Rhein-Kreis Neuss, Nordrhein-Westfalen, Deutschland, completed, 40 students",city
MDG,-18.9249604,46.4416422,recipient,14,"Madagascar, Cobara: Comunication, Information and Education ","Madagasikara / Madagascar, completed, 700 students",city
CRI,10.5348547,-85.6102538,recipient,2,"Costa Rica, Tablazo de Sardinal: Lakeside International Scho","El Tablazo, Sardinal, Carrillo, Guanacaste, 50503, Costa Rica, open, 8 students",city
UKR,51.5201397,30.7562301,recipient,24,"Ukraine, Slavutych: Green Cross of Ukraine","Славутич, Славутицька міська громада, Вишгородський район, Київська область, 07101, Україна, completed, 250 students",city
DEU,49.453872,11.077298,recipient,2,"Germany, Nürnberg: Deutschland, Nürnberg: Asylothek Kohlenho","Nürnberg, Bayern, Deutschland, completed, 10 students",city
TZA,-10.6990264,39.0217984,recipient,8,"Tanzania, Mtwara: Ordensausbildung junger Frauen in Luagala ","Mtwara, Coastal Zone, Tanzania, completed, 18 students",city
NIC,12.3506436,-85.7841006,recipient,7,"Nicaragua, Puerta Cabezas: Associació Amics de Puerto Cabeza","Nicaragua, completed, 0 students",city
ESP,41.3463825,1.6995213,recipient,4,"Spain, Vilafranca del Penedés: Atendemos la discapacidad, fo","Vilafranca del Penedès, Alt Penedès, Barcelona, Catalunya, 08720, España, completed, 4 students",city
KEN,-4.05052,39.667169,recipient,14,"Kenya, Mombasa: School and orphanage homes Twaayf Foundation","Mombasa, Tononoka ward, Mvita, Mombasa, 80100, Kenya, open, 45 students",city
MAR,31.0137158,-6.4854097,recipient,15,"Morocco, Sidi Flah / Skoura: school III Chemins sans Frontiè","Sidi Flah, Skoura Ahl El Oust سكورة أهل الوسط, caïdat de Skoura, cercle d'Ouarzazate, Province d'Ouarzazate ⵜⴰⵙⴳⴰ ⵏ ⵡⴰⵔⵣⴰⵣⴰⵜ إقليم ورززات, Drâa-Tafilalet ⴷⴰⵔⵄⴰ-ⵜⴰⴼⵉⵍⴰⵍⵜ درعة تافيلالت, Maroc ⵍⵎⵖⵔⵉⴱ المغرب, completed, 100 students",city
ALB,41.3372628,19.8108552,recipient,0,"Albania, Preza: Albanienhilfe e.V.","Rruga Bajram Preza, Brraka, Njësia Bashkiake Nr. 9, Tiranë, Bashkia Tiranë, Qarku i Tiranës, Shqipëria Qendrore, 1016, Shqipëria, completed, 30 students",city
MNG,48.0688183,114.5241352,recipient,15,"Mongolia, Tschoibalsan: Dornod Polytechnic College","Чойбалсан ᠴᠣᠶᠢ ᠪᠠᠯᠰᠠᠩ, Хэрлэн ᠬᠡᠷᠦᠯᠦᠨ, Дорнод ᠳᠣᠷᠤᠨᠠᠳᠤ, 21000, Монгол улс ᠮᠤᠩᠭᠤᠯ ᠤᠯᠤᠰ, open, 956 students",city
NGA,6.5269033,3.5774005,recipient,2,"Nigeria, Lagos State: Star of Hope Transformation Center","Lagos, Nigeria, open, 300 students",city
CHE,47.3744489,8.5410422,recipient,6,"Switzerland, Zurich: Action from Switzerland / Action for Wo","Zürich, Bezirk Zürich, Zürich, Schweiz/Suisse/Svizzera/Svizra, open, 50 students",city
GHA,8.0300284,-1.0800271,recipient,1,"Ghana, Kumasi / Santasi: Maria Montessori School (UMAWA)","Ghana, open, 1300 students",city
NPL,27.9257991,85.248672,recipient,4,"Nepal, Nuwakot: Learn to Learn","नुवाकोट जिल्ला, बागमती प्रदेश, नेपाल, completed, 20 students",city
KEN,-4.05052,39.667169,recipient,0,"Kenya, Mombasa: KiD Kenia Diani","Mombasa, Tononoka ward, Mvita, Mombasa, 80100, Kenya, open, 87 students",city
CHE,47.3694291,8.5176005,recipient,0,"Switzerland, Mobil: Papa-Help","mobil-mac.ch, 177, Zweierstrasse, Alt-Wiedikon, Kreis 3, Zürich, Bezirk Zürich, Zürich, 8003, Schweiz/Suisse/Svizzera/Svizra, completed, 10 students",city
GTM,16.3301185,-89.4194214,recipient,9,"Guatemala, Poptun: Ixobobo School","Poptún, Petén, 17012, Guatemala, completed, 78 students",city
DEU,51.2254018,6.7763137,recipient,6,"Germany, Düsseldorf: Flüchtlingshilfe Düsseldorf (Private In","Düsseldorf, Nordrhein-Westfalen, Deutschland, completed, 20 students",city
DEU,50.6850682,7.156323,recipient,14,"Germany, bad godesberg: Flüchtlings-Projekt 'Karl-Finkelnbur","Bad Godesberg, Bonn, Nordrhein-Westfalen, Deutschland, completed, 180 students",city
ROU,46.0912516,21.6935996,recipient,11,"Romania, Lipova: Jakobushaus Lipova (Elsa-Brändström-Gymnasi","Lipova, Arad, România, completed, 24 students",city
MEX,20.9333726,-89.018267,recipient,22,"Mexico, Izamal: Schoolprojeht: Bethel International Christia","Izamal, Yucatán, México, completed, 160 students",city
GHA,6.4361731,-1.5336768,recipient,0,"Ghana, Abodom: Teaching Computer Basics (TCB) ","Abodom, Bekwai Municipal District, Ashanti Region, Ghana, open, 1913 students",city
BIH,44.8146563,15.86896,recipient,10,"Bosnia and Herzegovina, Bihac: Udruzenje 'Radosti druzenja' ","Bihać, Grad Bihać, Unsko-sanski kanton, Federacija Bosne i Hercegovine, Bosna i Hercegovina / Босна и Херцеговина, completed, 20 students",city
NPL,28.3780464,83.9999901,recipient,2,"Nepal, Bhuthamod Rajmarg, Dhulikhel: Project CodeForNepal","नेपाल, open, 40 students",city
DEU,47.7429888,7.7887913,recipient,6,"Germany, Kleines Wiesental: Wohngruppe Gretherhof WIESE Kind","Kleines Wiesental, Landkreis Lörrach, Baden-Württemberg, 79692, Deutschland, completed, 20 students",city
BOL,-17.7834217,-63.1820853,recipient,5,"Bolivia, Santa Cruz de la Sierra: Kinderheim „Hogar de Niños","Municipio Santa Cruz de la Sierra, Provincia Andrés Ibáñez, Santa Cruz, Bolivia, open, 152 students",city
DEU,51.434999,6.759562,recipient,0,"Germany, Duisburg: Lernangebot an der Flüchtlingsunterkunft ","Duisburg, Nordrhein-Westfalen, Deutschland, completed, 120 students",city
MEX,32.5317397,-117.019529,recipient,8,"Mexico, Tijuana : Laptops for Boys Orphanage","Tijuana, Municipio de Tijuana, Baja California, 22320, México, completed, 15 students",city
GHA,5.5571096,-0.2012376,recipient,1,"Ghana, Accra: Saint  Martin de Porres School (UMAWA)","Accra, Korle-Klottey Municipal District, Greater Accra Region, Ghana, open, 1300 students",city
PRY,-23.3165935,-58.1693445,recipient,8,"Paraguay, Puerto Barra (bei Naranjal): Puerto Barra (IoG Aac","Paraguay / Paraguái, completed, 822 students",city
DEU,51.1721629,7.0845893,recipient,1,"Germany, Solingen: Flüchtlings- / Integrationsprojekte (Priv","Solingen, Nordrhein-Westfalen, Deutschland, completed, 10 students",city
DEU,51.3331205,6.5623343,recipient,40,"Germany, Krefeld: Flüchtlings- / Integrationsprojekte (Priva","Krefeld, Nordrhein-Westfalen, Deutschland, completed, 420 students",city
GHA,5.5571096,-0.2012376,recipient,0,"Ghana, Accra: iTeach DreamOval Foundation","Accra, Korle-Klottey Municipal District, Greater Accra Region, Ghana, completed, 250 students",city
IDN,-8.3587533,115.5472993,recipient,0,"Indonesia, Karangasem: International Humanity Foundation (IH","Karangasem, Bali, Nusa Tenggara, Indonesia, completed, 50 students",city
DEU,51.451283,6.62843,recipient,1,"Germany, Moers: Flüchtlings- / Integrationsprojekte (Private","Moers, Kreis Wesel, Nordrhein-Westfalen, Deutschland, completed, 5 students",city
UGA,1.0836785,31.6704779,recipient,0,"Uganda, Kabagaya A, Kiboga District: Martyr´s Primary School","Kabagaya, Kyankwanzi, Central Region, Uganda, open, 100 students",city
DEU,51.434999,6.759562,recipient,1,"Germany, Duisburg: Sprachförderung GGS Laar","Duisburg, Nordrhein-Westfalen, Deutschland, completed, 205 students",city
DEU,51.4272925,6.8829192,recipient,6,"Germany, Mülheim an der Ruhr: Welcome “Bros and Sis' (Afro M","Mülheim an der Ruhr, Nordrhein-Westfalen, Deutschland, completed, 20 students",city
IND,12.4289282,78.99915,recipient,12,"India, Tiruvannamalai: Arunachala Rising Sun","Tiruvannamalai, Tamil Nadu, India, open, 530 students",city
KEN,0.4957104,34.8015489,recipient,4,"Kenya, Kakamega: Bildungshaus fürs Waisenhaus ( In Our Own Q","Kakamega, Kenya, completed, 50 students",city
KEN,-2.6927925,37.469904,recipient,15,"Kenya, Loitokitok: village school ( Big Life Foundation )","Loitokitok, Kajiado, 00209, Kenya, completed, 132 students",city
GHA,8.0300284,-1.0800271,recipient,2,"Ghana, Adaklu Kodzobi : Volta Aid Foundation, High School co","Ghana, completed, 80 students",city
ESP,41.3825802,2.177073,recipient,0,"Spain, Barcelona: Apoyo en el proceso de aprendizaje de una ","Barcelona, Barcelonès, Barcelona, Catalunya, España, completed, 1 students",city
GHA,9.4051992,-0.8423986,recipient,10,"Ghana, Tamale: Neesim Community Children Education and Libra","Tamale, Tamale Metropolitan District, Northern Region, NT-0148-3057, Ghana, completed, 34 students",city
LKA,6.9388614,79.8542005,recipient,4,"Sri Lanka, Colombo: NETHRA - Vision through wisdom","Colombo, Colombo District, Western Province, Sri Lanka, completed, 15 students",city
GMB,13.470062,-15.4900464,recipient,17,"Gambia, Sukuta-Nema: Holland Gambian Foundation Ding Ding Be","Gambia, completed, 150 students",city
ETH,7.0481029,38.47861,recipient,6,"Ethiopia, Hawassa: Inside Travel Yirgalem","ሀዋሳ Hawassa  حواسا, ሲዳማ ክልል Sidama سيداما, 1923, ኢትዮጵያ, completed, 3981 students",city
KEN,-4.2945099,39.571219,recipient,25,"Kenya, Ukunda: Computer School Diani for all and also handic","Ukunda, Diani Beach Road, Gombato, Ukunda ward, Msambweni, Kwale, 80400, Kenya, completed, 40 students",city
NAM,-22.6768424,14.528972,recipient,10,"Namibia, Swakopmund: Mondesa Youth Opportunities","Swakopmund, Erongo Region, 13001, Namibia, open, 120 students",city
DEU,51.4272925,6.8829192,recipient,26,"Germany, Mülheim an der Ruhr: Grundschule am Dichterviertel ","Mülheim an der Ruhr, Nordrhein-Westfalen, Deutschland, completed, 160 students",city
DEU,50.938361,6.959974,recipient,1,"Germany, Köln: dib e. V. - Projekt MINT Flucht/Migration Fra","Köln, Nordrhein-Westfalen, Deutschland, completed, 20 students",city
DEU,51.3331205,6.5623343,recipient,20,"Germany, Krefeld: Bischöfliche Maria-Montessori-Gesamtschule","Krefeld, Nordrhein-Westfalen, Deutschland, completed, 1000 students",city
TZA,-3.1865265,32.0855702,recipient,2,"Tanzania, Geita: Children education by Alliance Care for Ini","Geita, Lake Zone, Tanzania, open, 63 students",city
COL,1.2140275,-77.2785096,recipient,0,"Colombia, San Juan de Pasto: INSTITUCIÓN EDUCATIVA MUNICIPAL","Perímetro Urbano Pasto, Pasto, Centro, Nariño, RAP Pacífico, Colombia, completed, 994 students",city
ESP,41.5629623,2.0100492,recipient,4,"Spain, Terrassa: ASOCIACION CULTURAL HOPE","Terrassa, Vallès Occidental, Barcelona, Catalunya, España, open, 12 students",city
BLR,54.0963334,28.3224192,recipient,2,"Belarus, Zhodino: Behindertenzentrum und Augenklinik (Tscher","Жодзіна, Мінская вобласць, Беларусь, open, 25 students",city
NGA,10.3825318,7.8533226,recipient,4,"Nigeria, Kaduna: ICT4GENDEREQUALITY ( Deltawomen.org )","Kaduna, Nigeria, open, 370 students",city
GHA,6.6985605,-1.6233086,recipient,10,"Ghana, Kumasi: Ashanti Community Libraries Little Angels Aca","Kumasi, Kumasi Metropolitan District, Ashanti Region, AK-010-1295, Ghana, open, 290 students",city
KEN,-0.1473006,34.3856666,recipient,8,"Kenya, Nyilima: Kar Geno Teachers2Teachers International Pro","Nyilima, Owimbi-Ndori Rd., East Asembo ward, Rarieda, Siaya, Kenya, completed, 6118 students",city
DEU,50.938361,6.959974,recipient,1,"Germany, Köln: Flüchtlingshilfe und Integrationsprojekte ( P","Köln, Nordrhein-Westfalen, Deutschland, completed, 10 students",city
UGA,0.4560686,32.0768024,recipient,15,"Uganda, Mityana: St. Noas Senior Secondary School Mityana","Mityana, Central Region, Uganda, completed, 60 students",city
UGA,0.3760928,32.4561265,recipient,15,"Uganda, Wakiso: Padre Pio Nursery and Primary School","Wakiso, Central Region, Uganda, completed, 200 students",city
UGA,0.4560686,32.0768024,recipient,20,"Uganda, Mityana: Naama Senior Secondary School","Mityana, Central Region, Uganda, completed, 80 students",city
TZA,-9.1954842,34.7883925,recipient,41,"Tanzania, Kibena bei Njombe, Ortsteil Idunditali: Josephine ","Kibena Tea Ldt., Wanging'ombe, Njombe, Southern Highlands Zone, Tanzania, open, 500 students",city
ROU,45.9852129,24.6859225,recipient,9,"Romania, Sinnicolau Mare: Schule Theodor Bucurescu ( Frieden","România, completed, 17 students",city
DEU,51.5142273,7.4652789,recipient,34,"Germany, Dortmund: Integrationsarbeit Projekt Ankommen e.V.","Dortmund, Nordrhein-Westfalen, Deutschland, completed, 50 students",city
DEU,51.4696137,6.8514435,recipient,67,"Germany, Oberhausen: Lernförderung der städtischen Gemeinsch","Oberhausen, Nordrhein-Westfalen, Deutschland, completed, 125 students",city
DEU,51.434999,6.759562,recipient,1,"Germany, Duisburg: Repaircafe Duisburg Ruhrort","Duisburg, Nordrhein-Westfalen, Deutschland, completed, 10 students",city
NGA,8.0285326,3.3585943,recipient,7,"Nigeria, Kajola: Oyo-State Irepodun High School Ilero","Kajola, Oyo, Nigeria, completed, 300 students",city
DEU,51.4696137,6.8514435,recipient,26,"Germany, Oberhausen:  Lernförderung für Geflüchtete „Unbegle","Oberhausen, Nordrhein-Westfalen, Deutschland, completed, 85 students",city
DEU,51.4696137,6.8514435,recipient,21,"Germany, Oberhausen:  Lernförderung für Geflüchtete im priva","Oberhausen, Nordrhein-Westfalen, Deutschland, completed, 40 students",city
NGA,8.0285326,3.3585943,recipient,4,"Nigeria, kajola: Oyo-State Illero  Baptist High School","Kajola, Oyo, Nigeria, completed, 300 students",city
IND,22.3511148,78.6677428,recipient,55,"India, Varanasi OT Aurangabad: Badi Asha School | Learn for ","India, open, 250 students",city
NGA,8.0285326,3.3585943,recipient,2,"Nigeria, Kajola: Oyo-State Ansaru-Deen Comprehensive middle ","Kajola, Oyo, Nigeria, completed, 300 students",city
COD,-4.3962878,15.244077,recipient,0,"Congo (Kinshasa), Kinshasa - Ngaliema: Miniis  Charité","Avenue Kinshasa, Bumba, Ngaliema, Kinshasa, République démocratique du Congo, open, 30 students",city
IND,25.5736998,92.8216572,recipient,2,"India, Umrangso: Computers for Vidya Bharati School ","Umrangso, Dima Hasao, Assam, 788931, India, open, 210 students",city
DEU,51.4582235,7.0158171,recipient,10,"Germany, Essen: Freie Schule Essen e.V.","Essen, Nordrhein-Westfalen, Deutschland, completed, 30 students",city
BIH,44.8824428,16.1577,recipient,40,"Bosnia and Herzegovina, Bosanska Krupa: U MSŠ „Safet Krupić“","Bosanska Krupa, Grad Bosanska Krupa, Unsko-sanski kanton, Federacija Bosne i Hercegovine, 77240, Bosna i Hercegovina / Босна и Херцеговина, completed, 650 students",city
DEU,51.4272925,6.8829192,recipient,1,"Germany, Mülheim an der Ruhr: Aufwind - Christliche Drogensu","Mülheim an der Ruhr, Nordrhein-Westfalen, Deutschland, completed, 20 students",city
ETH,8.1356666,38.0034521,recipient,10,"Ethiopia, Agena Town: Digital Literacy for Agena secondary a","Agena, Guraghe, ማዕከላዊ ኢትዮጵያ ክልላዊ መንግስት Central Ethiopia Regional State ولاية مركز إثيوبيا الإقليمية, ኢትዮጵያ, open, 1342 students",city
MMR,17.1750495,95.9999652,recipient,3,"Myanmar, Aleyar: Aleyar Education in the Ayeyarwady Division","မြန်မာ, open, 110 students",city
DEU,51.1638175,10.4478313,recipient,11,"Germany, Korschenbroich-Glehn : Integrationsarbeit TZG und W","Deutschland, completed, 25 students",city
RUS,58.7407612,29.8478394,recipient,9,"Russia, г. Луга / Luga: Lugskaya Internatsschule","Луга - город воинской славы, улица Алексея Яковлева, Черёмушки, Луга, Лужское городское поселение, Лужский район, Ленинградская область, Северо-Западный федеральный округ, 188230, Россия, open, 211 students",city
CHE,47.307465,8.5546421,recipient,1,"Switzerland, Rüschlikon: Diakonie Nidelbad Flüchtlingshilfe","Rüschlikon, Bezirk Horgen, Zürich, 8803, Schweiz/Suisse/Svizzera/Svizra, completed, 5 students",city
MEX,32.5317397,-117.019529,recipient,31,"Mexico, Tijuana: Laptops for El Nino Public School Study Roo","Tijuana, Municipio de Tijuana, Baja California, 22320, México, completed, 50 students",city
DEU,53.3986896,9.7040723,recipient,1,"Germany, Moisburg: Integrations-/Flüchtlingsprojekt (private","Moisburg, Samtgemeinde Hollenstedt, Landkreis Harburg, Niedersachsen, 21647, Deutschland, completed, 8 students",city
BOL,-19.0477251,-65.2594306,recipient,2,"Bolivia, Sucre: Fundación Amazonía","Sucre, Municipio Sucre, Provincia Oropeza, Chuquisaca, Bolivia, completed, 45 students",city
BOL,-19.0126204,-65.3087035,recipient,0,"Bolivia, Lajastambo: Bolivia, Lajastambo, Musug Sunqu","Mercado de Lajastambo, RN6: Sucre-Oruro, La Jastambo, Kuchu Tambo, Municipio Sucre, Provincia Oropeza, Chuquisaca, Bolivia, open, 10 students",city
BOL,-16.5048228,-68.1624337,recipient,1,"Bolivia, El Alto: Inthi Phajsi","El Alto, Provincia Pedro Domingo Murillo, La Paz, Bolivia, completed, 100 students",city
BOL,-17.7834217,-63.1820853,recipient,13,"Bolivia, Santa Cruz: Plataforma Solidaria","Municipio Santa Cruz de la Sierra, Provincia Andrés Ibáñez, Santa Cruz, Bolivia, completed, 70 students",city
MAR,33.5945144,-7.6200284,recipient,12,"Morocco, Casablanca: Transit to Labdoo Hub-Casablanca, Moroc","Casablanca ⵜⴰⴷⴷⴰⵔⵜ ⵜⵓⵎⵍⵉⵍⵜ الدار البيضاء, Pachalik de Casablanca باشوية الدار البيضاء, Préfecture de Casablanca عمالة الدار البيضاء, Casablanca-Settat ⵜⴰⴷⴷⴰⵔⵜ ⵜⵓⵎⵍⵉⵍⵜ-ⵙⵟⵟⴰⵜ الدار البيضاء-سطات, Maroc ⵍⵎⵖⵔⵉⴱ المغرب, completed, 400 students",city
RWA,-1.693545,29.259855,recipient,0,"Rwanda, Gisenyi: Friends of Ruanda  - Ausbildung in Gastrono","Gisenyi, Rubavu District, Western Province, Rwanda, completed, 200 students",city
SEN,14.4750607,-14.4529612,recipient,2,"Senegal, cabrousse: Senegal Ziguinchor, Carbousse,  Student ","Sénégal, completed, 63 students",city
DEU,51.1674417,6.9307271,recipient,2,"Germany, Hilden: UMA Betreuung Sozialpädagogische Einrichtun","Hilden, Kreis Mettmann, Nordrhein-Westfalen, Deutschland, completed, 25 students",city
TZA,-9.274658,34.1295114,recipient,6,"Tanzania, Makete: Iringa Njombe Makete-School","Makete, Njombe, Southern Highlands Zone, Tanzania, open, 0 students",city
ECU,-2.1900572,-79.8868669,recipient,9,"Ecuador, Guayaquil: escuela Reino Unido","Guayaquil, Guayas, Ecuador, open, 200 students",city
BOL,-15.6946194,-67.3920699,recipient,5,"Bolivia, Caranavi:  Casa Esperanza","Caranavi, La Paz, Bolivia, completed, 100 students",city
BOL,-19.0477251,-65.2594306,recipient,2,"Bolivia, Sucre: ONG Musuq Sunqu","Sucre, Municipio Sucre, Provincia Oropeza, Chuquisaca, Bolivia, completed, 50 students",city
BGD,25.1238305,90.6781412,recipient,1,"Bangladesh, durgapur: Bangladesh, Durgapur, Nomuna","দূর্গাপুর, দুর্গাপুর উপজেলা, নেত্রকোনা জেলা, ময়মনসিংহ বিভাগ, বাংলাদেশ, completed, 150 students",city
BOL,-19.0477251,-65.2594306,recipient,2,"Bolivia, Sucre:  Musuq Sunqu, Lajastambo:","Sucre, Municipio Sucre, Provincia Oropeza, Chuquisaca, Bolivia, completed, 25 students",city
KEN,-1.302398,36.8288509,recipient,0,"Kenya, nairobi: The Laptops are in Salzburg office, some top","Nairobi, Zimmerman, Soko ya Mawe, Nairobi, Kenya, open, 0 students",city
BOL,-19.0477251,-65.2594306,recipient,2,"Bolivia, Sucre: 'CEMVA  Centro Educativo Multifuncional Vill","Sucre, Municipio Sucre, Provincia Oropeza, Chuquisaca, Bolivia, completed, 65 students",city
BOL,-19.0477251,-65.2594306,recipient,1,"Bolivia, Sucre: Fundación Wiñay","Sucre, Municipio Sucre, Provincia Oropeza, Chuquisaca, Bolivia, completed, 60 students",city
BOL,-19.0477251,-65.2594306,recipient,1,"Bolivia, Sucre: Hogar de Niñas Santa Clotilde","Sucre, Municipio Sucre, Provincia Oropeza, Chuquisaca, Bolivia, completed, 60 students",city
BOL,-17.7834217,-63.1820853,recipient,3,"Bolivia, Santa Cruz: Centro San Isidro","Municipio Santa Cruz de la Sierra, Provincia Andrés Ibáñez, Santa Cruz, Bolivia, completed, 15 students",city
NPL,28.8177139,83.8497392,recipient,0,"Nepal, Jharkot: Labdoo it, Jharkot Kids!","Jharkot, Barhagaun Muktikhsetra, मुस्ताङ, गण्डकी प्रदेश, 33100, नेपाल, completed, 30 students",city
MNG,46.8250388,103.8499736,recipient,12,"Mongolia, Umnugobi: Umnugobi School","Монгол улс ᠮᠤᠩᠭᠤᠯ ᠤᠯᠤᠰ, open, 1260 students",city
MNG,49.4922428,105.9361613,recipient,20,"Mongolia, Darkhan: New Darkhan City School #19","Дархан ᠳᠠᠷᠬᠠᠨ, Дархан-Уул ᠳᠠᠷᠬᠠᠨ ᠠᠭᠤᠯᠠ, Монгол улс ᠮᠤᠩᠭᠤᠯ ᠤᠯᠤᠰ, open, 400 students",city
ALB,41.000028,19.9999619,recipient,0,"Albania, Rembec: Shkolla e mesme e Bashkuar „Dhimitraq Gjata","Shqipëria, open, 267 students",city
KEN,1.4419683,38.4313975,recipient,2,"Kenya, Misewani Sub-Location Kitui: Kwa-Ukungu Joylight Acad","Kenya, open, 72 students",city
ESP,41.2492881,1.2957338,recipient,7,"Spain, Nulles: Robòtica a l’escola de Nulles (Alt Camp)","Nulles, Alt Camp, Tarragona, Catalunya, 43887, España, open, 53 students",city
TGO,9.2501955,0.7718031,recipient,7,"Togo, bassar: Togo, Bassar, Bikotiba-Schule (Grund-, Real- u","Bassar, Région de la Kara, Togo, open, 800 students",city
TGO,9.2501955,0.7718031,recipient,7,"Togo, bassar: Togo, Bassar, Bassar-Krankenhaus ","Bassar, Région de la Kara, Togo, open, 0 students",city
GHA,6.5850449,0.3062761,recipient,1,"Ghana, Awudome Kwanta: Primary School Awudome Kwanta","Awudome Kwanta, Ho West District, Volta Region, Ghana, completed, 99 students",city
NPL,27.980713,82.9531851,recipient,28,"Nepal, Lumbini: Action Missions","लुम्बिनी प्रदेश, नेपाल, completed, 200 students",city
KHM,11.5765881,104.9254224,recipient,2,"Cambodia, Phnom Penh Post: Wat Opot Children’s Community","Tribe Phnom Penh Post Office Square, វិថី ព្រះអង្គអេង (១៣), សង្កាត់វត្តភ្នំ, ខណ្ឌដូនពេញ, រាជធានីភ្នំពេញ, 120211, ព្រះរាជាណាចក្រ​កម្ពុជា, completed, 10 students",city
SEN,14.4750607,-14.4529612,recipient,4,"Senegal, Kafountine Commune: School centre Kafountine","Sénégal, open, 27 students",city
ESP,41.6756178,2.7932391,recipient,3,"Spain, Blanes : ESCOLA JOAQUIM RUYRA - Atenció a la diversit","Blanes, la Selva, Girona, Catalunya, 17300, España, open, 292 students",city
GRC,37.9755648,23.7348324,recipient,12,"Greece, Athens: 'Educational laptops for refugee students in","Αθήνα, Δήμος Αθηναίων, Περιφερειακή Ενότητα Κεντρικού Τομέα Αθηνών, Περιφέρεια Αττικής, Αποκεντρωμένη Διοίκηση Αττικής, 105 57, Ελλάς, completed, 9 students",city
TZA,-6.3106787,39.4304708,recipient,9,"Tanzania, Muungoni: Muungoni Village – Zanzibar Turtle and T","Skuli ya Maandalizi na Msingi Muungoni, Mangrove Forest Boardwalk, Jozani, Kusini, Unguja Kusini, Zanzibar زنجبار, Tanzania, open, 150 students",city
SDN,15.6338228,32.5407794,recipient,9,"Sudan, Karthum: Privatschule","محطة قطار بحري, شارع الشهيد محمد هاشم مطر, حلفاية الملوك, بحري, ولاية الخرطوم, 13311, السودان, completed, 1000 students",city
ESP,37.1734995,-3.5995337,recipient,18,"Spain, Granada: Aldeas Infantiles SOS: Equipamiento informát","Granada, Comarca de la Vega de Granada, Granada, Andalucía, España, completed, 120 students",city
NIC,12.3021275,-86.9679698,recipient,1,"Nicaragua, Leon: Escuela Hermanos de Salzburgo ","León, 21000, Nicaragua, open, 600 students",city
UGA,0.3177137,32.5813539,recipient,19,"Uganda, Kampala: Berufschule für Straßenkindern - SAI","Kampala, Central Region, Uganda, completed, 60 students",city
ZWE,-17.3431736,30.4209716,recipient,7,"Zimbabwe, Zvimba: Computer laboratory Chikambi Primary Schoo","Zvimba, Mashonaland West, Zimbabwe, open, 350 students",city
SRB,44.7708247,19.6547859,recipient,37,"Serbia, Majur: Primary School Majur","Мајур, Град Шабац, Мачвански управни округ, Централна Србија, 15353, Србија, open, 743 students",city
TZA,-3.1504524,36.9337398,recipient,0,"Tanzania, Lekrimuni: NAFGEM Play School | Robert-Bosch-Gesam","Lekrimuni, Karansi, Siha, Kilimanjaro, Northern Zone, 23100, Tanzania, open, 90 students",city
TZA,-3.1504524,36.9337398,recipient,0,"Tanzania, Lekrimuni: Primary School | Robert-Bosch-Gesamtsch","Lekrimuni, Karansi, Siha, Kilimanjaro, Northern Zone, 23100, Tanzania, open, 250 students",city
TZA,-3.1504524,36.9337398,recipient,0,"Tanzania, Lekrimuni: Hospital and village development center","Lekrimuni, Karansi, Siha, Kilimanjaro, Northern Zone, 23100, Tanzania, open, 100 students",city
ZAF,-26.205,28.049722,recipient,38,"South Africa, Johannesburg: ADET - African Digital Education","Johannesburg, City of Johannesburg Metropolitan Municipality, Gauteng, 2001, South Africa, open, 246 students",city
DEU,51.4582235,7.0158171,recipient,8,"Germany, Essen: Förderung Seiteneinsteigerkinder Franz-Dinne","Essen, Nordrhein-Westfalen, Deutschland, completed, 450 students",city
TZA,-3.9427304,35.1646284,recipient,5,"Tanzania, Mbulu: Utwari school","Mbulu, Manyara, Northern Zone, Tanzania, completed, 231 students",city
BLZ,17.1527588,-89.0761718,recipient,30,"Belize, San Ignacio: 2017 Belize Educational Service Group, ","San Ignacio, San Ignacio & Santa Elena, Cayo, Belize, completed, 120 students",city
DEU,51.1981778,6.6916476,recipient,18,"Germany, Neuss: UMA Betreuung Geulenstrasse | Neukirchener E","Neuss, Rhein-Kreis Neuss, Nordrhein-Westfalen, Deutschland, completed, 18 students",city
TZA,-3.8343216,36.7175069,recipient,17,"Tanzania, Komolo, Simanjiro: Komolo community | E.ON Off Gri","Komolo, Simanjiro, Manyara, Northern Zone, Tanzania, completed, 552 students",city
IND,25.357815,72.7525762,recipient,3,"India, BHENSWARA / TEHSIL - AHORE: ADARSH - Goverment School","Ravla Bhenswara, NH325, Godan, Ahore Tehsil, Jalore, Rajasthan, India, open, 226 students",city
TZA,-6.5767859,39.1304557,recipient,31,"Tanzania, Mbweni: Willey Academy | home of talents","Mbweni, Dar es Salaam, Coastal Zone, Tanzania, completed, 500 students",city
NPL,27.708317,85.3205817,recipient,10,"Nepal, Kathmandu: Triveni Public School","काठमाडौँ महानगरपालिका, काठमाडौं जिल्ला, बागमती प्रदेश, नेपाल, open, 250 students",city
BRA,-3.771737,-38.7905693,recipient,4,"Brazil, Caucaia: CRIANÇA LEVANTA-TE","Caucaia, Ceará, Região Nordeste, Brasil, completed, 15 students",city
PHL,14.6510546,121.0486254,recipient,18,"Philippines, Quezon City, Metro Manila: Aiducation Philippin","Quezon City, Eastern Manila District, Metro Manila, Philippines, open, 453 students",city
GRC,37.9755648,23.7348324,recipient,5,"Greece, Athens: Action from Switzerland","Αθήνα, Δήμος Αθηναίων, Περιφερειακή Ενότητα Κεντρικού Τομέα Αθηνών, Περιφέρεια Αττικής, Αποκεντρωμένη Διοίκηση Αττικής, 105 57, Ελλάς, open, 15 students",city
UGA,1.0150537,34.3851132,recipient,5,"Uganda, Buloba: Christ Secure Orphans","Buloba, Bugisa sub-region, Bududa, Eastern Region, Uganda, open, 33 students",city
SEN,14.791461,-16.925605,recipient,209,"Senegal, Thiès: Hand für Afrika","Thiès, Commune de Thiès Ouest, Arrondissement de Thiès Sud, Département de Thiès, Région de Thiès, Sénégal, open, 10000 students",city
KEN,-0.9,34.5333,recipient,0,"Kenya, Sare-Awendo: Nyota Day Care Centre","Sare, Central Sakwa ward, Awendo, Migori, Kenya, open, 3 students",city
MLI,13.5270139,-4.4464747,recipient,0,"Mali, Fangasso: Ecole Fondamentale Kecouta Diallo de Fangass","Fangasso, Cercle de Tominian, Ségou, Mali, open, 1200 students",city
CPV,17.0174637,-25.2004042,recipient,0,"Cape Verde, Porto Novo: ONG Dar as Mãos","Porto Novo, 1310, Cabo Verde, open, 5 students",city
NPL,27.6325422,84.4884944,recipient,0,"Nepal, Kaparphori: Kaparphori Lower Secondary school (Freund","Shree Kaparphori Secondary School, महेन्द्र राज्मार्ग्, Ratnanagar-09, भरतपुर, रत्ननगर नगरपालिका, चितवन जिल्ला, बागमती प्रदेश, 44200, नेपाल, open, 380 students",city
NPL,27.6325422,84.4884944,recipient,0,"Nepal, Kaparphori: Support N Care Rehabilitation Centerl (Fr","Shree Kaparphori Secondary School, महेन्द्र राज्मार्ग्, Ratnanagar-09, भरतपुर, रत्ननगर नगरपालिका, चितवन जिल्ला, बागमती प्रदेश, 44200, नेपाल, open, 3 students",city
CMR,5.9614117,10.1516505,recipient,8,"Cameroon, Bamenda: GEH – Garden of Education and Healing","Communauté urbaine de Bamenda, Mezam, Northwest, Cameroun, open, 100 students",city
BDI,-3.3638125,29.3675028,recipient,10,"Burundi, Bujumbura: Petit Séminaire Notre Dame de Fatima de ","Bujumbura, Bujumbura Mairie, Burundi, open, 220 students",city
CMR,3.515197,11.503114,recipient,0,"Cameroon, Mbalmayo: Pour la class d’Informatique du collège ","Mbalmayo, Nyong-et-So'o, Centre, Cameroun, open, 410 students",city
ROU,45.9852129,24.6859225,recipient,83,"Romania, Sanjob: Orphanage and Youth Welfare Training and So","România, open, 280 students",city
DEU,51.4272925,6.8829192,recipient,0,"Germany, Mülheim an der Ruhr: Hospiz Mülheim","Mülheim an der Ruhr, Nordrhein-Westfalen, Deutschland, completed, 1 students",city
DEU,51.4272925,6.8829192,recipient,2,"Germany, Mülheim an der Ruhr: Luisenschule","Mülheim an der Ruhr, Nordrhein-Westfalen, Deutschland, completed, 1000 students",city
ETH,7.0481029,38.47861,recipient,12,"Ethiopia, Awassa: Edget Baandnet Children Center e.V.","ሀዋሳ Hawassa  حواسا, ሲዳማ ክልል Sidama سيداما, 1923, ኢትዮጵያ, open, 120 students",city
TZA,-3.3696827,36.6880794,recipient,2,"Tanzania, Arusha: Pippi House - Foundation for girls","Arusha, Arusha Municipal, Arusha, Northern Zone, 23103, Tanzania, open, 56 students",city
DEU,51.2254018,6.7763137,recipient,10,"Germany, Düsseldorf: Hispi Das Lernhaus - Flüchtlingsunterku","Düsseldorf, Nordrhein-Westfalen, Deutschland, completed, 20 students",city
SLE,7.357212,-11.7228935,recipient,19,"Sierra Leone, Pujehun: community library Kindernetzwerk Sier","Pujehun District, Southern Province, Sierra Leone, completed, 300 students",city
GRC,37.9755648,23.7348324,recipient,0,"Greece, Athens: City Plaza Computer School","Αθήνα, Δήμος Αθηναίων, Περιφερειακή Ενότητα Κεντρικού Τομέα Αθηνών, Περιφέρεια Αττικής, Αποκεντρωμένη Διοίκηση Αττικής, 105 57, Ελλάς, open, 5 students",city
UGA,-0.483142,31.8318895,recipient,21,"Uganda, Masaka: St. Mark VII School for the Deaf Bwanda","Masaka, Central Region, Uganda, completed, 170 students",city
CMR,3.8689867,11.5213344,recipient,0,"Cameroon, Yaoundé: J’apprends par moi même","Communauté urbaine de Yaoundé, Mfoundi, Centre, Cameroun, open, 140 students",city
DEU,51.4582235,7.0158171,recipient,22,"Germany, Essen: Gemeinsam sind wir stark | Serge Menga","Essen, Nordrhein-Westfalen, Deutschland, completed, 30 students",city
THA,18.7882778,98.9858802,recipient,16,"Thailand, Chiang Mai: School for Life.org ","เทศบาลนครเชียงใหม่, ฟ้าฮ่าม, อำเภอเมืองเชียงใหม่, จังหวัดเชียงใหม่, ประเทศไทย, open, 120 students",city
NPL,27.1743038,87.0934775,recipient,2,"Nepal, Bhojpur: Shree Shabitra higher secondary school | Fre","भोजपुर जिल्ला, कोशी प्रदेश, नेपाल, open, 42 students",city
NPL,28.3780464,83.9999901,recipient,0,"Nepal, Rashwa: Barahi primary school | Freunde Nepals e.V.","नेपाल, open, 55 students",city
NPL,27.82377,86.2214665,recipient,13,"Nepal, Dolakha: Sunrise Academy English Boarding School | Fr","दोलखा जिल्ला, बागमती प्रदेश, नेपाल, completed, 352 students",city
TZA,-3.3714009,36.8582197,recipient,19,"Tanzania, Usa River: Maasai Vision Medium English Academy | ","Usa River, Meru, Arusha, Northern Zone, Tanzania, completed, 270 students",city
NGA,9.6000359,7.9999721,recipient,10,"Nigeria, Ukpor Onitsha: Bishop Okoye Memorial Nursery and Pr","Nigeria, open, 680 students",city
DEU,51.434999,6.759562,recipient,20,"Germany, Duisburg: UMA´s in der Jugendhilfe | Sankt Josef Ki","Duisburg, Nordrhein-Westfalen, Deutschland, completed, 40 students",city
TZA,-3.1504524,36.9337398,recipient,35,"Tanzania, Lekrimuni Karansi: Secondary School Karansi und Do","Lekrimuni, Karansi, Siha, Kilimanjaro, Northern Zone, 23100, Tanzania, open, 420 students",city
DEU,51.451283,6.62843,recipient,8,"Germany, Moers: sci:Moers Jugendwohnen umF","Moers, Kreis Wesel, Nordrhein-Westfalen, Deutschland, completed, 27 students",city
CMR,10.1500001,14.4,recipient,15,"Cameroon, Boboyo: Lycée de Boboyo | ident.africa e.V.","Boboyo, Kaélé, Mayo-Kani, Extrême-Nord, Cameroun, open, 600 students",city
DEU,51.1981778,6.6916476,recipient,10,"Germany, Neuss: Sprachtraining + Hausaufgabenhilfe mit den I","Neuss, Rhein-Kreis Neuss, Nordrhein-Westfalen, Deutschland, completed, 50 students",city
GIN,9.5170602,-13.6998434,recipient,10,"Guinea, Conakry: Integration Rückkehrer und Geflüchtete | ON","Conakry, Guinée, completed, 40 students",city
COD,-1.6740497,29.2334961,recipient,31,"Congo (Kinshasa), Murara Goma: Maison Amani-Paix | Haus Aman","Murara, Karisimbi, Goma, Nord-Kivu, République démocratique du Congo, open, 2060 students",city
COD,-1.6665685,29.225652,recipient,24,"Congo (Kinshasa), Goma: Collège Mwanga | Haus Amani – Wir he","Goma, Nord-Kivu, République démocratique du Congo, completed, 1876 students",city
DEU,47.9477942,11.1049697,recipient,5,"Germany, Dießen am Ammersee: Flüchtlingshilfe Dießen am Amme","Dießen am Ammersee, Landkreis Landsberg am Lech, Bayern, 86911, Deutschland, completed, 5 students",city
MMR,19.674167,97.2094441,recipient,0,"Myanmar, Loikaw:  Waisenhaus St. Paul's Home der Schwestern ","လွိုင်ကော်မြို့, လွိုင်ကော်မြို့နယ်, လွိုင်ကော်‌ခရိုင်, ကယားပြည်နယ်, 09011, မြန်မာ, open, 35 students",city
MMR,19.3896504,97.0639207,recipient,4,"Myanmar, Hoya: Kinderheim St. Joseph der Schwestern vom St. ","ဟိုယာလမ်း, မော်သီဒို, ဖရူဆိုမြို့နယ်, ဒီးမော့ဆိုခရိုင်, ကယားပြည်နယ်, မြန်မာ, open, 80 students",city
DEU,51.2254018,6.7763137,recipient,4,"Germany, Düsseldorf: Begegnungscafé ","Düsseldorf, Nordrhein-Westfalen, Deutschland, completed, 10 students",city
IND,22.6459816,93.023837,recipient,8,"India, Sangau: Mangili Library at Sangau, Mizoram, India","Sangau, Lawngtlai, Mizoram, 796810, India, open, 200 students",city
NPL,28.3780464,83.9999901,recipient,11,"Nepal,  Bamti Bhandar / Ramechap:  Sherpa Secondary School |","नेपाल, open, 300 students",city
DEU,51.4582235,7.0158171,recipient,7,"Germany, Essen: Gymnasium Essen Nord-Ost Integrationsprojekt","Essen, Nordrhein-Westfalen, Deutschland, completed, 56 students",city
MAR,33.5945144,-7.6200284,recipient,2,"Morocco, Casablanca: HOPITAL ABDERRAHIM EL HAROUCHI CASABLAN","Casablanca ⵜⴰⴷⴷⴰⵔⵜ ⵜⵓⵎⵍⵉⵍⵜ الدار البيضاء, Pachalik de Casablanca باشوية الدار البيضاء, Préfecture de Casablanca عمالة الدار البيضاء, Casablanca-Settat ⵜⴰⴷⴷⴰⵔⵜ ⵜⵓⵎⵍⵉⵍⵜ-ⵙⵟⵟⴰⵜ الدار البيضاء-سطات, Maroc ⵍⵎⵖⵔⵉⴱ المغرب, open, 10 students",city
MAR,33.8984131,-5.5321582,recipient,0,"Morocco, MEKNES: Ecole MEKNES","Meknès ⴰⵎⴽⵏⴰⵙ مكناس, Pachalik de Meknes, Prefecture de Meknès عمالة مكناس, Fès-Meknès ⴼⴰⵙ-ⵎⴽⵏⴰⵙ فاس-مكناس, Maroc ⵍⵎⵖⵔⵉⴱ المغرب, open, 188 students",city
MAR,31.8358768,-7.3133564,recipient,3,"Morocco, El attaouia: Ecole Centre sahrij El attaouia","Laattaouia ⵍⵄⵟⵟⴰⵡⵢⵢⴰ العطاوية, Pachalik de El Attaouia, Province d'El Kelâat Es-Sraghna إقليم قلعة السراغنة, Marrakech-Safi ⵎⵕⵕⴰⴽⵛ-ⴰⵙⴼⵉ مراكش-أسفي, Maroc ⵍⵎⵖⵔⵉⴱ المغرب, open, 270 students",city
MAR,33.002397,-7.619867,recipient,4,"Morocco, SETTAT: Ecole SETTAT","Settat ⵥⵟⵟⴰⵟ سطات, Pachalik de Settat باشوية سطات, Province de Settat إقليم سطات, Casablanca-Settat ⵜⴰⴷⴷⴰⵔⵜ ⵜⵓⵎⵍⵉⵍⵜ-ⵙⵟⵟⴰⵜ الدار البيضاء-سطات, Maroc ⵍⵎⵖⵔⵉⴱ المغرب, open, 119 students",city
MAR,33.6228983,-7.1267176,recipient,3,"Morocco, Benslimane: Ecole Benslimane","Benslimane ابن سليمان, Pachalik de Benslimane باشوية ابن سليمان, Province de Benslimane إقليم ابن سليمان, Casablanca-Settat ⵜⴰⴷⴷⴰⵔⵜ ⵜⵓⵎⵍⵉⵍⵜ-ⵙⵟⵟⴰⵜ الدار البيضاء-سطات, 13000, Maroc ⵍⵎⵖⵔⵉⴱ المغرب, open, 152 students",city
DEU,51.5110321,7.0960124,recipient,1,"Germany, Gelsenkirchen: Flüchtlingshilfe Gelsenkirchen | Pri","Gelsenkirchen, Nordrhein-Westfalen, Deutschland, completed, 1 students",city
CHE,47.4949559,7.823229,recipient,2,"Switzerland, Wintersingen: AsyLex","Wintersingen, Bezirk Sissach, Basel-Landschaft, 4451, Schweiz/Suisse/Svizzera/Svizra, completed, 2 students",city
COD,-4.3219402,15.3118474,recipient,22,"Congo (Kinshasa), Kinshasa - Gombe: Ambassadrice des enfants","Kinshasa, Mongala, Kinshasa, République démocratique du Congo, completed, 900 students",city
GHA,6.9313793,-1.6671002,recipient,18,"Ghana, Offinso: Namong Methodist Primary & Junior High Schoo","Offinso, Offinso Municipal District, Ashanti Region, Ghana, open, 335 students",city
TGO,8.9522037,1.213199,recipient,5,"Togo, Yelivo: Les Amis des Populations Vulnérables du Togo","Yélivo, Tchaoudjo, Région Centrale, Togo, completed, 200 students",city
COD,-2.9814344,23.8222636,recipient,6,"Congo (Kinshasa), Kinshasa - Maluku: École primaire Elikya n","République démocratique du Congo, completed, 360 students",city
COD,-4.4213478,15.3109945,recipient,1,"Congo (Kinshasa), Kinshasa - Kisenso: Maison des enfants Bom","Université de Kinshasa, Rue Piwa, Mbuku, Kisenso, Kinshasa, République démocratique du Congo, completed, 20 students",city
COD,-2.9814344,23.8222636,recipient,1,"Congo (Kinshasa), Kinshasa - Maluku: Maison des enfants Kiki","République démocratique du Congo, completed, 20 students",city
COD,-4.4213478,15.3109945,recipient,1,"Congo (Kinshasa), Kinshasa - Kisenso: Administration de l’ON","Université de Kinshasa, Rue Piwa, Mbuku, Kisenso, Kinshasa, République démocratique du Congo, completed, 10 students",city
NGA,6.3330586,5.6221058,recipient,7,"Nigeria, Benin: Support Education for IDP camp in Benin","Benin City, Oredo, Edo, 300241, Nigeria, completed, 3000 students",city
TGO,6.6568096,0.9725093,recipient,0,"Togo, Gapé: Togo – Gapé – Teaching Computer Basics","Gape yerodo, Région Maritime, Togo, completed, 200 students",city
ETH,13.4966644,39.4768259,recipient,15,"Ethiopia,  Mekelle: Mekelle Adventist School | Initiative „L","Mekelle, ትግራይ تجراى, ኢትዮጵያ, completed, 265 students",city
TZA,-10.691113,39.7997834,recipient,15,"Tanzania, Nanyamba: Haushaltungsschule St. Ursula Nanyamba V","Nanyamba, Nanyamba Town, Mtwara, Coastal Zone, Tanzania, completed, 60 students",city
MMR,22.9418628,97.745165,recipient,0,"Myanmar, Lashio: Ethnic minority education in Myanmar","လားရှိုးမြို့, ရှမ်းပြည်နယ်, 06301, မြန်မာ, open, 40 students",city
LKA,6.8304821,80.9888204,recipient,18,"Sri Lanka, Bandarawela: SKILLS","Bandarawela, Badulla District, Uva Province, 90100, Sri Lanka, completed, 100 students",city
UGA,0.3177137,32.5813539,recipient,0,"Uganda, Kampala: Refugee Children Online Education for their","Kampala, Central Region, Uganda, open, 75 students",city
TZA,-2.5196915,32.9014417,recipient,2,"Tanzania, Mwanza: FONELISCO Orphanage","Mwanza, Nyamagana, Mwanza, Lake Zone, 33214, Tanzania, open, 7 students",city
UGA,1.4565401,33.9219127,recipient,20,"Uganda, Kumi: St. Charles Borromeo Akulony | Kumi-Freunde e.","Kumi, Eastern Region, Uganda, completed, 60 students",city
GHA,10.5366328,-2.7008646,recipient,45,"Ghana, Jirapa: St. Joseph Junior High School and St. Joseph ","Jirapa, Jirapa Municipal District, Upper West Region, Ghana, open, 420 students",city
DOM,19.3110142,-69.543067,recipient,8,"Dominican Republic, Las Terrenas: Fundación Aldeas de Paz Co","Las Terrenas, Samaná, 82201, República Dominicana, completed, 200 students",city
ETH,10.2116702,38.6521203,recipient,21,"Ethiopia, Duramba: Duramba School | Etiopia Witten e.V.","ኢትዮጵያ, completed, 480 students",city
ETH,10.2116702,38.6521203,recipient,21,"Ethiopia, Laley Segen: Laley Segen School | Etiopia Witten e","ኢትዮጵያ, completed, 440 students",city
ETH,10.2116702,38.6521203,recipient,21,"Ethiopia, Bassale: Bassale Holzkamp School | Etiopia Witten ","ኢትዮጵያ, completed, 420 students",city
ETH,10.2116702,38.6521203,recipient,21,"Ethiopia, Chekon: Chekon School | Etiopia Witten e.V.","ኢትዮጵያ, completed, 840 students",city
ROU,46.0912516,21.6935996,recipient,20,"Romania, Lipova: Kinderheime Pupils of the Poor | Ruhrdax 20","Lipova, Arad, România, completed, 100 students",city
DEU,51.434999,6.759562,recipient,4,"Germany, Duisburg: Gedächtnistraining Fliedner Stiftung | Ru","Duisburg, Nordrhein-Westfalen, Deutschland, completed, 134 students",city
DEU,51.4582235,7.0158171,recipient,2,"Germany, Essen: Waldbienen Waldkindergarten e.V. | Ruhrdax 2","Essen, Nordrhein-Westfalen, Deutschland, completed, 21 students",city
DEU,51.4272925,6.8829192,recipient,0,"Germany, Mülheim an der Ruhr: Infopoints Eppinghofer Bürgerv","Mülheim an der Ruhr, Nordrhein-Westfalen, Deutschland, completed, 100 students",city
DEU,51.4582235,7.0158171,recipient,3,"Germany, Essen: Aidshilfe Essen e.V. | Ruhrdax 2017","Essen, Nordrhein-Westfalen, Deutschland, completed, 100 students",city
DEU,51.6143815,7.1978546,recipient,11,"Germany, Recklinghausen: SkF Sozialarbeit Katholischer Fraue","Recklinghausen, Kreis Recklinghausen, Nordrhein-Westfalen, Deutschland, completed, 580 students",city
DEU,51.434999,6.759562,recipient,12,"Germany, Duisburg: Deutscher Kinderschutzbund | Ruhrdax 2017","Duisburg, Nordrhein-Westfalen, Deutschland, completed, 200 students",city
CHE,46.9484742,7.4521749,recipient,5,"Switzerland, Bern: Eritreischer Medienbund Schweiz","Bern, Verwaltungskreis Bern-Mittelland, Verwaltungsregion Bern-Mittelland, Bern/Berne, Schweiz/Suisse/Svizzera/Svizra, open, 15 students",city
BEN,6.3676953,2.4252507,recipient,8,"Benin, Cotonou: Fondation NADCA","Cotonou, Littoral, Bénin, completed, 25 students",city
IND,26.8105777,73.7684549,recipient,8,"India, Rajasthan: Escuela RAJASTHAN BAL VIDYA MANDIR - KOLAM","Rajasthan, India, open, 235 students",city
DEU,51.4778832,6.8471815,recipient,2,"Germany, Oberhausen (Rhld.): Mädchenmobil 'Flotte Lotte' Evg","DRK Kreisverband Oberhausen (Rhld.)e .V., 14, Theresenstraße, Lirich-Süd, Lirich, Alt-Oberhausen, Oberhausen, Nordrhein-Westfalen, 46049, Deutschland, completed, 50 students",city
TGO,8.7800265,1.0199765,recipient,6,"Togo, Défalé Animadé: Schule EPC-Amaidé-Worodé | Jürgen Wahn","Togo, open, 72 students",city
ZAF,-26.904354,27.456125,recipient,5,"South Africa, Parys: LBF - Edoovillage on the move | Südafri","Parys, Ngwathe Local Municipality, Fezile Dabi District Municipality, Free State, 1907, South Africa, open, 80 students",city
DEU,51.434999,6.759562,recipient,95,"Germany, Duisburg: GS Globus am Dellplatz | COVID-19-DE","Duisburg, Nordrhein-Westfalen, Deutschland, completed, 300 students",city
ESP,41.3825802,2.177073,recipient,4,"Spain, Barcelona: Servei de préstec de portàtils per a joves","Barcelona, Barcelonès, Barcelona, Catalunya, España, open, 10 students",city
BIH,44.9595456,16.181055,recipient,15,"Bosnia and Herzegovina, Otoka Bosanska: Ausbildungszentrum F","Otoka, Grad Bosanska Krupa, Unsko-sanski kanton, Federacija Bosne i Hercegovine, 77244, Bosna i Hercegovina / Босна и Херцеговина, completed, 25 students",city
BIH,44.3396706,17.2711786,recipient,1,"Bosnia and Herzegovina, Jajce: Grundschule „Berta Kučera“ Ba","Jajce, Općina Jajce, Srednjobosanski kanton / Županija Središnja Bosna, Federacija Bosne i Hercegovine, 70101, Bosna i Hercegovina / Босна и Херцеговина, completed, 6 students",city
BIH,44.3396706,17.2711786,recipient,1,"Bosnia and Herzegovina, Jajce: Grundschule „Berta Kučera“ Bi","Jajce, Općina Jajce, Srednjobosanski kanton / Županija Središnja Bosna, Federacija Bosne i Hercegovine, 70101, Bosna i Hercegovina / Босна и Херцеговина, completed, 8 students",city
BIH,44.3396706,17.2711786,recipient,4,"Bosnia and Herzegovina, Jajce: Grundschule „Berta Kučera“ Bu","Jajce, Općina Jajce, Srednjobosanski kanton / Županija Središnja Bosna, Federacija Bosne i Hercegovine, 70101, Bosna i Hercegovina / Босна и Херцеговина, completed, 18 students",city
BIH,44.3396706,17.2711786,recipient,3,"Bosnia and Herzegovina, Jajce: Grundschule „Berta Kučera“ Ca","Jajce, Općina Jajce, Srednjobosanski kanton / Županija Središnja Bosna, Federacija Bosne i Hercegovine, 70101, Bosna i Hercegovina / Босна и Херцеговина, completed, 7 students",city
BIH,44.3396706,17.2711786,recipient,15,"Bosnia and Herzegovina, Jajce: Grundschule „Berta Kučera“ Fr","Jajce, Općina Jajce, Srednjobosanski kanton / Županija Središnja Bosna, Federacija Bosne i Hercegovine, 70101, Bosna i Hercegovina / Босна и Херцеговина, completed, 330 students",city
BIH,44.3396706,17.2711786,recipient,10,"Bosnia and Herzegovina, Jajce: Grundschule „Berta Kučera“ Ši","Jajce, Općina Jajce, Srednjobosanski kanton / Županija Središnja Bosna, Federacija Bosne i Hercegovine, 70101, Bosna i Hercegovina / Босна и Херцеговина, completed, 40 students",city
BIH,44.3396706,17.2711786,recipient,25,"Bosnia and Herzegovina, Jajce: Grundschule „Berta Kučera“ Vi","Jajce, Općina Jajce, Srednjobosanski kanton / Županija Središnja Bosna, Federacija Bosne i Hercegovine, 70101, Bosna i Hercegovina / Босна и Херцеговина, completed, 150 students",city
BIH,44.3396706,17.2711786,recipient,12,"Bosnia and Herzegovina, Jajce: Grundschule „Berta Kučera“ Vl","Jajce, Općina Jajce, Srednjobosanski kanton / Županija Središnja Bosna, Federacija Bosne i Hercegovine, 70101, Bosna i Hercegovina / Босна и Херцеговина, completed, 50 students",city
DEU,51.4696137,6.8514435,recipient,25,"Germany, Oberhausen: DRK Flüchtlingsgemeinschaftsunterkünfte","Oberhausen, Nordrhein-Westfalen, Deutschland, completed, 300 students",city
PHL,9.824334,124.1983784,recipient,4,"Philippines, Carmen: Carmen National High School","Carmen, Bohol, Central Visayas, 6319, Philippines, completed, 2500 students",city
MOZ,-25.966213,32.56745,recipient,8,"Mozambique, Maputo: Millora de les condicions de vida al Dis","Cidade de Maputo, Zona Sul, Moçambique, completed, 20 students",city
DEU,51.5110321,7.0960124,recipient,21,"Germany, Gelsenkirchen: Flüchtlingshilfe im Quartier im Anku","Gelsenkirchen, Nordrhein-Westfalen, Deutschland, completed, 21 students",city
MNG,50.4442293,100.1579353,recipient,30,"Mongolia, Hatgal: Hatgal High School","Хатгал ᠬᠠᠳᠭᠠᠯ, Алаг-Эрдэнэ ᠠᠯᠠᠭ ᠡᠷᠳᠡᠨᠢ, Хөвсгөл ᠬᠥᠪᠰᠦᠭᠦᠯ, Монгол улс ᠮᠤᠩᠭᠤᠯ ᠤᠯᠤᠰ, open, 680 students",city
MNG,46.3643389,96.2532498,recipient,20,"Mongolia, Altai: Khantaishir-Erdem Complex School","Алтай ᠠᠯᠲᠠᠢ, Есөнбулаг ᠶᠢᠰᠤᠨ ᠪᠤᠯᠠᠭ, Говь-Алтай ᠭᠣᠪᠢ ᠠᠯᠲᠠᠢ, Монгол улс ᠮᠤᠩᠭᠤᠯ ᠤᠯᠤᠰ, open, 800 students",city
MNG,48.5470083,89.8549358,recipient,40,"Mongolia, Bayan-Ulgii: Vocational Training School","Баян-Өлгий ᠪᠠᠶ᠋ᠠᠨ ᠥᠯᠦᠭᠡᠢ, Монгол улс ᠮᠤᠩᠭᠤᠯ ᠤᠯᠤᠰ, open, 650 students",city
GHA,5.7980928,0.0051816,recipient,0,"Ghana, Afienya: ICT for National Youth Authority projects","Afienya, Ningo-Prampram District, Greater Accra Region, Ghana, completed, 176 students",city
ESP,37.1734995,-3.5995337,recipient,6,"Spain, Granada: La Aldea - Aldea Infantil","Granada, Comarca de la Vega de Granada, Granada, Andalucía, España, open, 66 students",city
MAR,31.0351174,-4.0072527,recipient,5,"Morocco, khamlia: Bringing computer technologies in the remo","Khamlia ⵅⵎⵍⵢⵢⴰ خملية, Et-taous ⵟⴰⵡⵙ الطاوس, Caïdat de Taouz, Cercle d'Er-Rissani, Province d'Errachidia إقليم الرشيدية, Drâa-Tafilalet ⴷⴰⵔⵄⴰ-ⵜⴰⴼⵉⵍⴰⵍⵜ درعة تافيلالت, Maroc ⵍⵎⵖⵔⵉⴱ المغرب, completed, 20 students",city
NIC,14.2851718,-83.1952027,recipient,3,"Nicaragua, Puerto Cabezas: Projecte Educatiu d'Agermanament ","Puerto Cabezas, Costa Caribe Norte, 71000, Nicaragua, completed, 1106 students",city
MAR,35.7696302,-5.8033522,recipient,10,"Morocco, TANGER: Ecole ABDELHADI BOUTALEB ","Tanger طنجة, Pachalik de Tanger باشوية طنجة, Préfecture de Tanger-Assilah عمالة طنجة-أصيلة, Tanger-Tétouan-Al Hoceïma ⵟⴰⵏⵊ-ⵟⵉⵜⴰⵡⵉⵏ-ⵍⵃⵓⵙⵉⵎⴰ طنجة تطوان الحسيمة, Maroc ⵍⵎⵖⵔⵉⴱ المغرب, completed, 1200 students",city
BDI,-3.426449,29.9324519,recipient,27,"Burundi, Gitaramkua: Lycée St. Augustin de Gitaramkua | St. ","Burundi, open, 500 students",city
MNG,47.9184676,106.9177016,recipient,12,"Mongolia, Ulaanbaatar: ASRAL","Улаанбаатар ᠤᠯᠠᠭᠠᠨ ᠪᠠᠭᠠᠲᠤᠷ, Монгол улс ᠮᠤᠩᠭᠤᠯ ᠤᠯᠤᠰ, open, 0 students",city
ESP,36.7647913,-4.4422005,recipient,0,"Spain, Málaga: La Aldea - Centro de Día Málaga","Málaga, Málaga-Costa del Sol, Málaga, Andalucía, España, open, 50 students",city
ESP,37.1734995,-3.5995337,recipient,2,"Spain, Granada: La Aldea - Centros de Día Granada","Granada, Comarca de la Vega de Granada, Granada, Andalucía, España, open, 120 students",city
ESP,37.1734995,-3.5995337,recipient,0,"Spain, Granada: La Aldea - Programa de jóvenes","Granada, Comarca de la Vega de Granada, Granada, Andalucía, España, open, 127 students",city
UGA,1.5333554,32.2166578,recipient,21,"Uganda, Adjumani Town (Minia Village): School Project | Ugan","Uganda, open, 640 students",city
UGA,3.3567627,31.8552176,recipient,15,"Uganda, Pakele Adjumani: Monsignore Bala Secondary School","PAKELE, Pakelle, Adjumani, Northern Region, Uganda, open, 300 students",city
SEN,14.1041064,-15.7977983,recipient,6,"Senegal, Ndangane: Una lectura, un somriure per Senegal. ","Ndangane, Communauté rurale de Diamal, Arrondissement de Keur Mboucki, Département de Birkelane, Région de Kaffrine, Sénégal, open, 1000 students",city
NIC,12.5556556,-85.1549856,recipient,8,"Nicaragua, Camoapa: Soporte TIC en Camoapa y Bilwi (Nicaragu","Camoapa, Boaco, 52100, Nicaragua, open, 65 students",city
NPL,27.8509747,85.749509,recipient,7,"Nepal, Selang: Projecte TIC a la vall de Selang, Nepal","सेलाङ, Jugal-01, जुगल गाउँपालिका, सिन्धुपाल्चोक जिल्ला, बागमती प्रदेश, नेपाल, open, 281 students",city
KEN,-1.312218,36.8068773,recipient,3,"Kenya, Nairobi Mbagathi: Trompetenschule Nairobi | DIGUNA eV","Lynx Apartments, KENYA, Mbagathi Way, High Rise, Nyayo Highrise ward, Langata, Nairobi, Zimmerman, Soko ya Mawe, Nairobi, 00202, Kenya, completed, 65 students",city
KEN,-1.312218,36.8068773,recipient,3,"Kenya, Nairobi Mbagathi: New Scent Centre International | DI","Lynx Apartments, KENYA, Mbagathi Way, High Rise, Nyayo Highrise ward, Langata, Nairobi, Zimmerman, Soko ya Mawe, Nairobi, 00202, Kenya, completed, 26 students",city
ZAF,-33.643055,19.010556,recipient,9,"South Africa, Wellington: Education on after-Care children i","Wellington, Drakenstein Local Municipality, Cape Winelands District Municipality, Western Cape, 7655, South Africa, completed, 104 students",city
ETH,8.151843,38.821087,recipient,1,"Ethiopia, Meki:  Suport TIC Meki Ethiopia","Meki, East Shewa, ኦሮሚያ ክልል Oromia أوروميا, ኢትዮጵያ, open, 110 students",city
UGA,0.5751567,33.2805299,recipient,20,"Uganda, Jinja: Tandem Partner | Global Match eV","Jinja, Eastern Region, Uganda, open, 20 students",city
UGA,0.3177137,32.5813539,recipient,44,"Uganda, Kampala: Kitokolo Projekt Grundschule und Berufsschu","Kampala, Central Region, Uganda, completed, 629 students",city
DEU,51.6149389,7.6362876,recipient,0,"Germany, Bergkamen: Flüchtlings- / Integrationsprojekte (Pri","Bergkamen, Kreis Unna, Nordrhein-Westfalen, 59192, Deutschland, completed, 1 students",city
TZA,-1.5302676,31.1511361,recipient,1,"Tanzania, Kayanga Karagwe: Computer Training  Project for th","Kayanga, Karagwe, Kagera, Lake Zone, Tanzania, open, 50 students",city
TWN,23.2796774,120.4151779,recipient,2,"Taiwan, Chu Dong: Hao Shang Orphanage After School Program ","東山牛肉崎警察官吏派出所, 南103, 崁下寮, 水雲里, 東山區, 臺南市, 733, 臺灣, completed, 8 students",city
MWI,-15.8074399,35.0525005,recipient,0,"Malawi, Limbe: James Chiona Catholic High School","Limbe, Blantyre, Southern Region, Malawi, open, 304 students",city
TZA,-10.3381462,39.2919761,recipient,18,"Tanzania, Nyangao: Nurse training school Nyangao Hospital","Nyangao, T6, Chipite, Newala, Mtwara, Coastal Zone, Tanzania, open, 57 students",city
TZA,-2.508228,35.605799,recipient,20,"Tanzania, Malambo: Secondary School Naserian | Hilfe für die","Malambo, Ngorongoro, Arusha, Northern Zone, Tanzania, completed, 140 students",city
UKR,46.1147226,29.9567193,recipient,8,"Ukraine, Odessa Oblast: Empowerment Lab","Одеська область, Україна, completed, 7 students",city
KEN,-0.3212105,36.9295615,recipient,8,"Kenya, Nyeri: Nyeri German Childsupport","Nyeri, Kenya, completed, 50 students",city
GIN,9.5170602,-13.6998434,recipient,35,"Guinea, Conakry: Hoffnungsstern über Conakry","Conakry, Guinée, completed, 35 students",city
COL,4.6533817,-74.0836331,recipient,1,"Colombia, Bogotá: Aula digital aeioTU - La Estrella","Bogotá, Bogotá, Distrito Capital, RAP (Especial) Central, Colombia, completed, 300 students",city
COL,4.6533817,-74.0836331,recipient,1,"Colombia, Bogotá: Aula digital aeioTU - Suba","Bogotá, Bogotá, Distrito Capital, RAP (Especial) Central, Colombia, open, 495 students",city
BRA,-23.7778474,-46.3012913,recipient,5,"Brazil, Alto da Serra : Colors Beyond Artistlove Petrópolis ","Paranapiacaba, Santo André, São Paulo, Região Sudeste, Brasil, completed, 40 students",city
IND,28.6138954,77.2090057,recipient,4,"India,  New Delhi: Bright Futures","New Delhi, Delhi, India, completed, 100 students",city
MAR,30.920193,-6.910923,recipient,37,"Morocco,  Ouarzazate:  Ecole communautaire | Asso cooperatio","Ouarzazate ورزازات, Pachalik d'Ouarzazate, Province d'Ouarzazate ⵜⴰⵙⴳⴰ ⵏ ⵡⴰⵔⵣⴰⵣⴰⵜ إقليم ورززات, Drâa-Tafilalet ⴷⴰⵔⵄⴰ-ⵜⴰⴼⵉⵍⴰⵍⵜ درعة تافيلالت, Maroc ⵍⵎⵖⵔⵉⴱ المغرب, completed, 500 students",city
SYR,34.7333334,36.7166667,recipient,13,"Syria, Homs: Um Al-Zenar Relief & Development Center | Syria","حمص, ناحية مركز حمص, منطقة حمص, محافظة حمص, سوريا, open, 50 students",city
SYR,36.19924,37.1637253,recipient,17,"Syria, Aleppo: St. Aphrem Suryoyo Church | Syrian Orthodox A","حلب, ناحية مركز جبل سمعان, منطقة جبل سمعان, محافظة حلب, سوريا, open, 50 students",city
MOZ,-19.302233,34.9144977,recipient,1,"Mozambique, Aldea de Masaca (Distrito de Boane): Casa di Gai","Moçambique, completed, 800 students",city
GHA,5.4540263,-1.1563744,recipient,43,"Ghana, ASSIN NGRESI: Laptop laboratory for Adankwaman Commun","Assin Ngresi, Nsuaem Kyekyewere, Assin South District, Central Region, Ghana, completed, 524 students",city
NAM,-19.5644204,18.1040894,recipient,2,"Namibia, Grootfontein: Feith Kindergarten | Lilli eV","Grootfontein, Otjozondjupa Region, 12010, Namibia, completed, 75 students",city
NAM,-19.5644204,18.1040894,recipient,1,"Namibia, Grootfontein: Immanuel Kindergarten | Lilli eV","Grootfontein, Otjozondjupa Region, 12010, Namibia, completed, 26 students",city
NAM,-19.5644204,18.1040894,recipient,1,"Namibia, Grootfontein: Vanona Garden Kindergarten | Lilli eV","Grootfontein, Otjozondjupa Region, 12010, Namibia, completed, 39 students",city
GHA,4.887401,-1.7519316,recipient,48,"Ghana, Takoradi: Nkotompo Community Lab | Ghana Union Düssel","Takoradi, Sekondi Takoradi Metropolitan District, Western Region, Ghana, completed, 500 students",city
GHA,8.0300284,-1.0800271,recipient,25,"Ghana, Ajumako Bisease: St. Luke Anglican Basic School | Gha","Ghana, completed, 2000 students",city
THA,14.8971921,100.83273,recipient,16,"Thailand, Nunmapran: Ban Nunmaprang School","ประเทศไทย, open, 1500 students",city
UKR,49.9923181,36.2310146,recipient,8,"Ukraine, Kharkiv: Versorgung des Kinder-Rehazentrums für Seh","Харків, Харківська міська громада, Харківський район, Харківська область, Україна, completed, 60 students",city
GHA,5.534454,-0.700763,recipient,23,"Ghana, Agona Swedru: Saint Germain School | Ghana Union Düss","Agona Swedru, Agona West Municipal District, Central Region, Ghana, completed, 200 students",city
THA,14.8971921,100.83273,recipient,8,"Thailand, Pitsanoluk: Ban Langkhao School","ประเทศไทย, completed, 200 students",city
NPL,26.9328236,86.5196953,recipient,19,"Nepal, Udayapur: Nepal, Udayapur:Secondary School Balamta","उदयपुर जिल्ला, कोशी प्रदेश, 56300, नेपाल, open, 435 students",city
GHA,10.5594059,-0.8319654,recipient,12,"Ghana, Karimenga: School The Green House Karimenga | Reveren","Kariminga, West Mamprusi Municipal District, North East Region, Ghana, completed, 168 students",city
CHE,47.421817,8.316452,recipient,8,"Switzerland, Oberrohrdorf: Asylunterkunft (COVID-19-CH)","Oberrohrdorf, Bezirk Baden, Aargau, 5452, Schweiz/Suisse/Svizzera/Svizra, completed, 8 students",city
CHE,46.2017559,6.1466014,recipient,18,"Switzerland, Geneva: Project Integration","Genève, Schweiz/Suisse/Svizzera/Svizra, completed, 35 students",city
MNG,47.9184676,106.9177016,recipient,3,"Mongolia, Ulaanbaatar: Recreation Center for Children","Улаанбаатар ᠤᠯᠠᠭᠠᠨ ᠪᠠᠭᠠᠲᠤᠷ, Монгол улс ᠮᠤᠩᠭᠤᠯ ᠤᠯᠤᠰ, open, 80 students",city
SEN,14.138815,-16.076391,recipient,0,"Senegal, Kaolack: Senegal, Kaolack, Complexe socio-éducatif ","Kaolack, Département de Kaolack, Région de Kaolack, 24000, Sénégal, open, 68 students",city
TZA,-1.7233488,31.0125665,recipient,0,"Tanzania, Karagwe: Ascar Community project","Karagwe, Kagera, Lake Zone, Tanzania, open, 30 students",city
DEU,51.434999,6.759562,recipient,34,"Germany, Duisburg: Willkommen in Duisburg - Patenschaften mi","Duisburg, Nordrhein-Westfalen, Deutschland, completed, 90 students",city
GHA,6.9288141,-1.6837257,recipient,7,"Ghana, MPEHI Offinso: BISHOP SARPONG R/C (Roman Catholic) Ju","Mpehi, Offinso Municipal District, Ashanti Region, Ghana, completed, 300 students",city
GHA,6.9383658,-1.6713172,recipient,7,"Ghana, Ashanti Offinso: Namong Methodist Primary & Junior Hi","Ghana Police Service, R52, New Offinso, Kokote, Offinso Municipal District, Ashanti Region, Ghana, completed, 335 students",city
GHA,6.9288141,-1.6837257,recipient,7,"Ghana, MPEHI Offinso: Maase Roman/Catholic Junior High Schoo","Mpehi, Offinso Municipal District, Ashanti Region, Ghana, completed, 325 students",city
COG,-4.2694407,15.2712256,recipient,10,"Congo (Brazzaville), Brazzaville: Ausbildungszentrum Soeurs ","Brazzaville (commune), Brazzaville (département), Congo, completed, 20 students",city
KHM,13.8449473,103.784141,recipient,8,"Edoovillage #1003 - Cambodia, Tumneab Svay, Distrikt Varin: ","Tumneab Svay Sreymoms House, ស្រុកវ៉ារិន, វ៉ារិន, ខេត្តសៀមរាប, ព្រះរាជាណាចក្រ​កម្ពុជា, completed, 50 students",city
MWI,-9.9728541,33.4120243,recipient,13,"Edoovillage #1004 - Malawi, Chitipa: Kaseye Girls' Secondary","Chitipa, Northern Region, Malawi, completed, 368 students",city
UGA,-1.3359666,30.036886,recipient,12,"Edoovillage #1005 - Uganda, Kabale: African College of Comme","Kabale, Western Region, Uganda, open, 710 students",city
SOM,9.7619733,43.679231,recipient,14,"Edoovillage #1006 - Somalia, gabiley: Sh. Muxumed Warsame Pr","Gabiley غابيلي, Woqooyi Galbeed, Soomaaliland أرض الصومال, Soomaaliya الصومال, open, 1900 students",city
TWN,22.9912348,120.184982,recipient,0,"Edoovillage #1007 - Taiwan, Tainan: PTWA After School Tutori","臺南市, 臺灣, completed, 0 students",city
DEU,51.4272925,6.8829192,recipient,31,"Edoovillage #1008 - Germany, Mülheim an der Ruhr: Integratio","Mülheim an der Ruhr, Nordrhein-Westfalen, Deutschland, completed, 35 students",city
IND,25.3356491,83.0076292,recipient,0,"Edoovillage #1009 - India, Varanasi: The Social Advancement ","Varanasi, Sadar, Varanasi, Uttar Pradesh, 221001, India, open, 18 students",city
KEN,1.4419683,38.4313975,recipient,2,"Edoovillage #1010 - Kenya, Machakas: Kenya machakos primary ","Kenya, completed, 500 students",city
ETH,8.5410261,39.2705461,recipient,0,"Edoovillage #1011 - Ethiopia,  Adama, Shewa: Berhan School |","Adama Special Zone, ኦሮሚያ ክልል Oromia أوروميا, 0408, ኢትዮጵያ, open, 575 students",city
GHA,9.4051992,-0.8423986,recipient,8,"Edoovillage #1012 - Ghana, Tamale: St. Charles Minor seminar","Tamale, Tamale Metropolitan District, Northern Region, NT-0148-3057, Ghana, completed, 602 students",city
CHE,46.2017559,6.1466014,recipient,6,"Edoovillage #1013 - Switzerland, Geneva: Association Europe-","Genève, Schweiz/Suisse/Svizzera/Svizra, completed, 30 students",city
ZAF,-26.205,28.049722,recipient,10,"Edoovillage #1014 - South Africa, Johannesburg: Green Busine","Johannesburg, City of Johannesburg Metropolitan Municipality, Gauteng, 2001, South Africa, completed, 15 students",city
LKA,8.0407932,80.5970669,recipient,24,"Edoovillage #1015 - Sri Lanka, Kekirawa: Kekirawa Learning C","Kekirawa, Anuradhapura District, North Central Province, Sri Lanka, completed, 2500 students",city
KEN,-0.0604013,34.200135,recipient,16,"Edoovillage #1016 - Kenya, Siaya: Siaya Kenya Children Found","Siaya, Kenya, completed, 58 students",city
TZA,-3.3832838,37.3381094,recipient,37,"Edoovillage #1017 - Tanzania, Dimani: Dimani Primary School","Dimani St, Pasua, Moshi Urban, Kilimanjaro, Northern Zone, 25106, Tanzania, completed, 600 students",city
GIN,9.5170602,-13.6998434,recipient,4,"Edoovillage #1018 - Guinea, Conakry: Fodeya - Guinea, Region","Conakry, Guinée, completed, 78 students",city
GIN,9.5170602,-13.6998434,recipient,3,"Edoovillage #1019 - Guinea, Conakry: Kanty School, Guinea, R","Conakry, Guinée, completed, 88 students",city
GIN,9.5170602,-13.6998434,recipient,3,"Edoovillage #1020 - Guinea, Conakry: Wondikhoure, Region Kin","Conakry, Guinée, completed, 93 students",city
ETH,14.1220982,38.7321749,recipient,24,"Edoovillage #1021 - Ethiopia, Axum: Laptops für die Megabit-","ኣኽሱም / Axum, Central Tigray, ትግራይ تجراى, ኢትዮጵያ, open, 1000 students",city
SEN,14.4207396,-16.971484,recipient,7,"Edoovillage #1022 - Senegal, M´bour: École Latir Diouf | Axa","M'bour, Département de M'bour, Région de Thiès, Sénégal, open, 136 students",city
DEU,51.4272925,6.8829192,recipient,0,"Edoovillage #1023 - Germany, Mülheim an der Ruhr: Flüchtling","Mülheim an der Ruhr, Nordrhein-Westfalen, Deutschland, completed, 76 students",city
NGA,5.55,7.05,recipient,21,"Edoovillage #1024 - Nigeria, Akabo: Father Philip Agu Spirit","Akabo, Mbaitoli, Imo, Nigeria, completed, 292 students",city
ETH,13.4966644,39.4768259,recipient,11,"Edoovillage #1025 - Ethiopia, Mekele : Ayder Elementary scho","Mekelle, ትግራይ تجراى, ኢትዮጵያ, open, 850 students",city
SOM,8.3676771,49.083416,recipient,5,"Edoovillage #1026 - Somalia, Gailey: Qalax Secondary School,","Soomaaliya الصومال, open, 980 students",city
NGA,6.2320345,6.9423697,recipient,48,"Edoovillage #1027 - Nigeria, Awkuzu: Mater Dei Secondary Sch","Awkuzu, Oyi, Anambra, Nigeria, completed, 230 students",city
TZA,-3.0290231,35.6912943,recipient,9,"Edoovillage #1028 - Tanzania, Nainokanoka: Maasai Community ","Nainokanoka, Ngorongoro, Arusha, Northern Zone, Tanzania, completed, 18 students",city
DOM,18.4936515,-69.8383703,recipient,99,"Edoovillage #1029 - Dominican Republic, Santo Domingo Este: ","Santo Domingo Este, Santo Domingo, 03006, República Dominicana, open, 27502 students",city
NPL,28.0398917,84.8931621,recipient,8,"Edoovillage #1030 - Nepal, Phulkharka: Montari School","Belun Phulkharka Road, म्याथ्लो कालेरी, Gangajamuna-05, गङ्गाजमुना गाउँपालिका, धादिङ जिल्ला, बागमती प्रदेश, नेपाल, completed, 8 students",city
DEU,52.5173885,13.3951309,recipient,5,"Edoovillage #1031 - Germany, Berlin: Villa Silvester (Träger","Berlin, Deutschland, completed, 4 students",city
UGA,0.2734188,33.3477484,recipient,0,"Edoovillage #1032 - Uganda, Zinga: Proyecto Zinga","Zinga, Buvuma, Central Region, Uganda, completed, 115 students",city
CHE,47.052144,8.3058123,recipient,19,"Edoovillage #1033 - Switzerland, Luzern: Universität Luzern ","Luzern, Schweiz/Suisse/Svizzera/Svizra, completed, 50 students",city
UGA,-0.6141908,32.375565,recipient,31,"Edoovillage #1034 - Uganda, Kalangala: Bbanga school in Ugan","Kalangala, Central Region, Uganda, open, 35 students",city
DEU,51.3331205,6.5623343,recipient,2,"Edoovillage #1035 - Germany, Krefeld: Redaktion Flüchtlingsz","Krefeld, Nordrhein-Westfalen, Deutschland, completed, 5 students",city
UGA,0.3177137,32.5813539,recipient,2,"Edoovillage #1001 - Uganda, Kampala: St. Paul Ggaba Demonstr","Kampala, Central Region, Uganda, open, 100 students",city
ZMB,-12.3681241,27.8357281,recipient,14,"Edoovillage #1002 - Zambia, Chililabombwe: ZAMBIA - Computer","Chililabombwe, Chililabombwe District, Copperbelt Province, Zambia, open, 250 students",city
KEN,-1.302398,36.8288509,recipient,8,"Edoovillage #1036 - Kenya, Nairobi: Bildung als Weg aus der ","Nairobi, Zimmerman, Soko ya Mawe, Nairobi, Kenya, completed, 10 students",city
GIN,10.7226226,-10.7083587,recipient,32,"Edoovillage #1037 - Guinea, Foderika: Realschule und dem Gym","Guinée, completed, 200 students",city
KOR,35.9679984,126.7369036,recipient,1,"Edoovillage #1038 - South Korea, kunsan: Computers for Child","군산시, 전북특별자치도, 대한민국, completed, 28 students",city
CHE,47.3744489,8.5410422,recipient,0,"Edoovillage #1039 - Switzerland, Zurich: Solinetz Zürich","Zürich, Bezirk Zürich, Zürich, Schweiz/Suisse/Svizzera/Svizra, completed, 20 students",city
ZWE,-17.969967,27.534469,recipient,13,"Edoovillage #1040 - Zimbabwe, Kariyangwe: Kariyangwe Mission","Kariyangwe, Binga, Matabeleland North, Zimbabwe, completed, 850 students",city
ESP,41.3825802,2.177073,recipient,1,"Edoovillage #1041 - Spain, Barcelona: Fundación Obinso Obra ","Barcelona, Barcelonès, Barcelona, Catalunya, España, completed, 1 students",city
DEU,51.5623618,6.7345106,recipient,1,"Edoovillage #1042 - Germany, Dinslaken: Flüchtlings- / Integ","Dinslaken, Kreis Wesel, Nordrhein-Westfalen, Deutschland, completed, 10 students",city
COD,-11.6798016,27.4744653,recipient,56,"Edoovillage #1043 - Congo (Kinshasa), Makomeno: Complexe sco","Makomeno, Salama, Lubumbashi, Ville de Lubumbashi, Haut-Katanga, République démocratique du Congo, completed, 940 students",city
TGO,6.130419,1.215829,recipient,145,"Edoovillage #1044 - Togo, Lome: Ecole CFPPS KINGs Tech | Don","Lomé, Région Maritime, Togo, completed, 1900 students",city
IND,23.7277631,92.7179947,recipient,5,"Edoovillage #1045 - India, Aizawl : Extension of Mangil's Li","Aizawl, Tlangnuam, Aizawl, Mizoram, 796190, India, open, 293 students",city
DEU,51.2209866,6.9056079,recipient,2,"Edoovillage #1046 - Germany, Erkrath: Mentoring und Integrat","Erkrath, Kreis Mettmann, Nordrhein-Westfalen, 40699, Deutschland, completed, 80 students",city
BLR,54.0963334,28.3224192,recipient,3,"Edoovillage #1047 - Belarus, Zhodino: Kinderisolator Zhodino","Жодзіна, Мінская вобласць, Беларусь, completed, 25 students",city
ROU,45.9852129,24.6859225,recipient,5,"Edoovillage #1048 - Romania, Baia Commune: Fundatia FARA - M","România, open, 25 students",city
BIH,44.3396706,17.2711786,recipient,35,"Edoovillage #1049 - Bosnia and Herzegovina, Jajce: Zentrale ","Jajce, Općina Jajce, Srednjobosanski kanton / Županija Središnja Bosna, Federacija Bosne i Hercegovine, 70101, Bosna i Hercegovina / Босна и Херцеговина, completed, 433 students",city
CHN,22.7828037,114.2874873,recipient,2,"Edoovillage #1050 - China, Shenzhen City: 中国娃俱乐部","深圳国际低碳城, 高桥社区, 坪地街道, 龙岗区, 深圳市, 广东省, 518100, 中国, completed, 0 students",city
KEN,-1.4027317,37.5112618,recipient,2,"Edoovillage #1051 - Kenya, Mwala: Kibau Primary School - Ord","Mwala, Machakos, Kenya, completed, 272 students",city
KEN,-1.4027317,37.5112618,recipient,2,"Edoovillage #1052 - Kenya, Mwala: Mussalani Primary School -","Mwala, Machakos, Kenya, completed, 272 students",city
MWI,-10.7909326,33.8507118,recipient,6,"Edoovillage #1053 - Malawi, Rumphi: Roscher Youth Developmen","Rumphi, Northern Region, Malawi, completed, 30 students",city
DEU,51.1947131,6.4353792,recipient,0,"Edoovillage #1054 - Germany, Mönchengladbach: GGS Gemeinscha","Mönchengladbach, Nordrhein-Westfalen, Deutschland, completed, 31 students",city
ZMB,-17.853135,25.861429,recipient,22,"Edoovillage #1055 - Zambia, Livingstone: Nekacheya School (P","Livingstone, Livingstone District, Southern Province, Zambia, completed, 280 students",city
IDN,-5.1342962,119.4124282,recipient,15,"Edoovillage #1056 - Indonesia, Makassar: Makassar Tourism Po","Makassar, Sulawesi Selatan, Sulawesi, Indonesia, completed, 180 students",city
BRA,-20.3582941,-40.3066068,recipient,21,"Edoovillage #1057 - Brazil, Sao Paulo - CEP: Arco Associatio","Comunidade São Vicente de Paulo, Rua Três, Região 02 - Grande IBES, Vila Velha, Espírito Santo, Região Sudeste, 29105-730, Brasil, completed, 600 students",city
MEX,32.365166,-117.0557923,recipient,17,"Edoovillage #1058 - Mexico, Rosarito: Castillo Fuerte Educat","Rosarito, Municipio de Playas de Rosarito, Baja California, 22703, México, completed, 43 students",city
DEU,49.4885711,10.9587203,recipient,1,"Edoovillage #1059 - Germany, Fürth: Fachakademie für Sozialp","Fürth, Bayern, Deutschland, completed, 130 students",city
KOR,37.4201556,127.1262092,recipient,5,"Edoovillage #1060 - South Korea, Seongnam-si: Heavenly Dream","성남시, 경기도, 대한민국, open, 65 students",city
CHE,46.2017559,6.1466014,recipient,10,"Edoovillage #1061 - Switzerland, Geneva: Association des Fam","Genève, Schweiz/Suisse/Svizzera/Svizra, completed, 10 students",city
CHE,46.2017559,6.1466014,recipient,3,"Edoovillage #1062 - Switzerland, Geneva: Codap","Genève, Schweiz/Suisse/Svizzera/Svizra, completed, 10 students",city
CHE,46.2017559,6.1466014,recipient,3,"Edoovillage #1063 - Switzerland, Geneva: Plateform Interreli","Genève, Schweiz/Suisse/Svizzera/Svizra, completed, 6 students",city
CHE,46.1616537,6.147819,recipient,13,"Edoovillage #1064 - Switzerland, Troinex: COS","Troinex, Genève, 1256, Schweiz/Suisse/Svizzera/Svizra, completed, 60 students",city
GRC,37.9755648,23.7348324,recipient,20,"Edoovillage #1065 - Greece, Athens: Match & Teach Me for Int","Αθήνα, Δήμος Αθηναίων, Περιφερειακή Ενότητα Κεντρικού Τομέα Αθηνών, Περιφέρεια Αττικής, Αποκεντρωμένη Διοίκηση Αττικής, 105 57, Ελλάς, completed, 20 students",city
MAR,31.929089,-4.4340807,recipient,20,"Edoovillage #1066 - Morocco, Errachidia: AL AKWAM de Taouz","Errachidia ⵉⵎⵜⵖⴻⵔⵏ الرشيدية, Pachalik de Er Rachidia باشوية الرشيدية, Province d'Errachidia إقليم الرشيدية, Drâa-Tafilalet ⴷⴰⵔⵄⴰ-ⵜⴰⴼⵉⵍⴰⵍⵜ درعة تافيلالت, Maroc ⵍⵎⵖⵔⵉⴱ المغرب, completed, 372 students",city
KEN,-4.05052,39.667169,recipient,2,"Edoovillage #1067 - Kenya, Mombasa: Tsunza Village - Compute","Mombasa, Tononoka ward, Mvita, Mombasa, 80100, Kenya, open, 5 students",city
GHA,6.5408465,-1.4768101,recipient,4,"Edoovillage #1068 - Ghana, Kuntanase: Catholic Basic School","Kuntanase, Bosomtwe District, Ashanti Region, Ghana, open, 360 students",city
LKA,6.9898705,79.8927094,recipient,9,"Edoovillage #1069 - Sri Lanka, Wattala: Paalam International","Wattala, Gampaha District, Western Province, 11300, Sri Lanka, completed, 200 students",city
LKA,9.665093,80.0093029,recipient,7,"Edoovillage #1070 - Sri Lanka, Jaffna: Paalam International ","Jaffna, Jaffna District, Northern Province, 40000, Sri Lanka, completed, 100 students",city
TWN,23.90235,120.6909167,recipient,1,"Edoovillage #1071 - Taiwan, NanTou : Nantou Kindness Home","南投縣, 臺灣, completed, 60 students",city
PER,-16.2793942,-71.4603116,recipient,4,"Edoovillage #1072 - Peru, Cayma: Arequipa School (PIECES)","Cayma, Arequipa, Perú, completed, 70 students",city
SEN,14.4750607,-14.4529612,recipient,13,"Edoovillage #1073 - Senegal, cabrousse: Senegal, Mädchen-Woh","Sénégal, completed, 20 students",city
MDG,-18.4997616,47.2509908,recipient,5,"Edoovillage #1075 - Madagascar, Talata: Kinder von Talata","Talata, Mahavelona, District d'Ankazobe, Analamanga, Province d’Antananarivo, Madagasikara / Madagascar, open, 750 students",city
GHA,5.6830164,-0.1511354,recipient,20,"Edoovillage #1076 - Ghana, Adenta Accra: Preparatory and Jun","Anointed Jewels Ministries International, Ghana, Oko Okini Street, Ogbojo, Accra, Adenta Municipal District, Greater Accra Region, GD-110-6313, Ghana, completed, 600 students",city
BGD,23.8388035,90.9857133,recipient,0,"Edoovillage #1077 - Bangladesh, Ibrahimpur: Village School |","Ibrahimpur, নবীনগর উপজেলা, ব্রাহ্মণবাড়িয়া জেলা, চট্টগ্রাম বিভাগ, 3461, বাংলাদেশ, open, 1250 students",city
BIH,44.8146563,15.86896,recipient,24,"Edoovillage #1078 - Bosnia and Herzegovina, Bihac: Schule Iz","Bihać, Grad Bihać, Unsko-sanski kanton, Federacija Bosne i Hercegovine, Bosna i Hercegovina / Босна и Херцеговина, completed, 534 students",city
CHE,47.5047036,8.5473259,recipient,0,"Edoovillage #1079 - Switzerland, Bachenbülach: PC-Kurs für A","Bachenbülach, Bezirk Bülach, Zürich, 8184, Schweiz/Suisse/Svizzera/Svizra, completed, 6 students",city
GHA,5.5571096,-0.2012376,recipient,13,"Edoovillage #1080 - Ghana, Accra: Perfect High Senior School","Accra, Korle-Klottey Municipal District, Greater Accra Region, Ghana, completed, 200 students",city
ESP,41.4493539,2.248254,recipient,2,"Edoovillage #1081 - Spain, Badalona: Projecte Coco - Comunic","Badalona, Barcelonès, Barcelona, Catalunya, España, completed, 20 students",city
GHA,6.1160471,1.1914021,recipient,25,"Edoovillage #1082 - Ghana,  Aflao:  Home of Brains | On The ","Aflao, Ketu South Municipal District, Volta Region, Ghana, open, 2326 students",city
DOM,19.1209358,-70.641932,recipient,0,"Edoovillage #1083 - Dominican Republic, Jarabacoa: OpenStree","Jarabacoa, La Vega, 71402, República Dominicana, completed, 7 students",city
KHM,13.3617562,103.8590321,recipient,0,"Edoovillage #1084 - Cambodia, Siem Reap: Rotary Club Angkor ","ក្រុងសៀមរាប, សៀមរាប, ខេត្តសៀមរាប, 123456, ព្រះរាជាណាចក្រ​កម្ពុជា, open, 2480 students",city
KHM,12.5433216,104.8144914,recipient,3,"Edoovillage #1085 - Cambodia, Wat Kor / Kampongseyma village","ព្រះរាជាណាចក្រ​កម្ពុជា, open, 145 students",city
PAK,32.1525312,74.1933745,recipient,4,"Edoovillage #1086 - Pakistan, Gujranwala: IT for Zeph Girls","تحصیل گوجرانوالہ شہر, ضلع گوجرانوالہ, گوجرانوالہ ڈویژن, پنجاب, پاکستان, open, 36 students",city
UGA,-0.8108917,30.94483,recipient,14,"Edoovillage #1087 - Uganda, Nakivale / Isingiro: Opportunity","Uganda Green Fire Ltd, Nakivale Settlement Camp, Kashumba, Buganza, Isingiro, Western Region, Uganda, completed, 42 students",city
KEN,-0.1029109,34.7541761,recipient,2,"Edoovillage #1088 - Kenya, Kisumu: Open Learning Exchange Ki","Kisumu, City of Kisumu, Kisumu, Kenya, open, 400 students",city
GHA,7.1132152,0.3221267,recipient,27,"Edoovillage #1089 - Ghana, Ahenkro: Ahenkro District Junior ","Ahenkro, Biakoye District, Oti Region, Ghana, open, 400 students",city
IND,23.6317319,93.3493185,recipient,6,"Edoovillage #1090 - India, Champhai: FOR LEARNING AND DEVELO","Champhai, Champhai district, Mizoram, 796321, India, open, 115 students",city
CMR,5.9614117,10.1516505,recipient,45,"Edoovillage #1091 - Cameroon, Bamenda: ACTWID vocational tra","Communauté urbaine de Bamenda, Mezam, Northwest, Cameroun, completed, 500 students",city
DEU,51.434999,6.759562,recipient,19,"Edoovillage #1092 - Germany, Duisburg: Duisentrieb - Offene ","Duisburg, Nordrhein-Westfalen, Deutschland, completed, 60 students",city
CHE,47.5172321,8.5407118,recipient,8,"Edoovillage #1093 - Switzerland, Bülach: OEKOWI","Bülach, Bezirk Bülach, Zürich, 8180, Schweiz/Suisse/Svizzera/Svizra, completed, 50 students",city
CMR,4.1591154,9.2805172,recipient,5,"Edoovillage #1094 - Cameroon, Molyko, Buae, : Technology for","Molyko, Buea, Fako, Southwest, Cameroun, completed, 75 students",city
SLE,8.479004,-13.26795,recipient,6,"Edoovillage #1095 - Sierra Leone, Freetown: The Vidya Projec","Freetown, Western Area Urban, Western Area, Sierra Leone, open, 200 students",city
KEN,-4.2945099,39.571219,recipient,0,"Edoovillage #1096 - Kenya, Ukunda: Diani Busara Junior Schoo","Ukunda, Diani Beach Road, Gombato, Ukunda ward, Msambweni, Kwale, 80400, Kenya, open, 400 students",city
KEN,-1.302398,36.8288509,recipient,10,"Edoovillage #1097 - Kenya, nairobi: Don Bosco Boys Town","Nairobi, Zimmerman, Soko ya Mawe, Nairobi, Kenya, completed, 400 students",city
KEN,-1.5642219,38.3728116,recipient,0,"Edoovillage #1098 - Kenya, Kitui: Primary School Kitui","Kitui, Kenya, completed, 78 students",city
GRC,39.2335169,25.9797911,recipient,0,"Edoovillage #1099 - Greece, Antissa, Lesbos: Senior High Sch","Άντισσα, Δήμος Δυτικής Λέσβου, Περιφερειακή Ενότητα Λέσβου, Περιφέρεια Βόρειου Αιγαίου, Αποκεντρωμένη Διοίκηση Αιγαίου, 811 03, Ελλάς, open, 93 students",city
ZAF,-33.9288301,18.4172197,recipient,22,"Edoovillage #1100 - South Africa, Kapstadt: Sammelprojekt Pf","Cape Town, City of Cape Town, Western Cape, 8001, South Africa, completed, 80 students",city
MAR,30.407119,-9.5412522,recipient,13,"Edoovillage #1101 - Morocco, CITE SALAM: Association de sauv","Cité universitaire الحي الجامعي, RN1, Tilila ⵟⵉⵍⵉⵍⴰ تيليلا, Ahlaka ⴰⵃⵍⴰⴽⴰ أحلاكا, Agadir ⴰⴳⴰⴷⵉⵔ أكادير, Pachalik d'Agadir ⵍⴱⴰⵛⴰⵡⵉⵢⴰ ⵏ ⴰⴳⴰⴷⵉⵔ باشوية أكادير, Préfecture d'Agadir Ida-Outanane ⵍⵄⴰⵎⴰⵍⴰ ⵏ ⴰⴳⴰⴷⵉⵔ ⵉⴷⴰ ⵡⵜⴰⵏⴰⵏ عمالة أكادير إدا وتنان, Souss-Massa ⵙⵓⵙⵙ-ⵎⴰⵙⵙⴰ سوس-ماسة, 80070, Maroc ⵍⵎⵖⵔⵉⴱ المغرب, open, 30 students",city
GHA,7.3779539,-2.3139014,recipient,66,"Edoovillage #1102 - Ghana, Odomase, Sunyani: Odomaseman Seni","Ghana Education Service, Odomase, Sunyani, Sunyani West District, Bono Region, Ghana, completed, 1226 students",city
KEN,-1.3015643,36.8128437,recipient,8,"Edoovillage #1103 - Kenya, Kibera Nairobi: Globle Foundation","Kenya Commercial Bank Plaza, Hospital Rd, Nairobi City, Kenya Road, Woodley/Kenyatta/Golf Course ward, Kibra, Nairobi, Zimmerman, Nairobi, 00202, Kenya, open, 530 students",city
IDN,-6.2349858,106.9945444,recipient,2,"Edoovillage #1104 - Indonesia, Bekasi  : Serving kids |  Lov","Bekasi, Jawa Barat, Jawa, Indonesia, completed, 100 students",city
BIH,43.137454,17.7801831,recipient,20,"Edoovillage #1105 - Bosnia and Herzegovina, Domanovici: Prim","Domanovići, Grad Čapljina, Hercegovačko-neretvanska županija (kanton), Federacija Bosne i Hercegovine, 88367, Bosna i Hercegovina / Босна и Херцеговина, completed, 295 students",city
ROU,46.3465604,21.5049578,recipient,2,"Edoovillage #1106 - Romania, Santana: Liceul Technologie 'St","Sântana, Arad, România, open, 380 students",city
CMR,5.052988,10.567979,recipient,6,"Edoovillage #1107 - Cameroon, Bassamba: Projecte Bandjuijong","Bassamba, Ndé, Ouest, Cameroun, open, 23 students",city
CMR,5.3134898,10.3241571,recipient,1,"Edoovillage #1108 - Cameroon, Batié: Intercanvi correspondèn","Batié, Hauts-Plateaux, Ouest, Cameroun, open, 0 students",city
MMR,19.7753289,96.1032552,recipient,8,"Edoovillage #1109 - Myanmar, Naypyitaw: Myanmar Women and Ch","နေပြည်တော်, ဇမ္ဗူသီရိမြို့နယ်, ပျဉ်းမနားခရိုင်, နေပြည်တော် ပြည်ထောင်စုနယ်မြေ, 15011, မြန်မာ, completed, 500 students",city
CRI,10.4523317,-84.4663284,recipient,1,"Edoovillage #1110 - Costa Rica, Alajuela: Sancarleños Empren","Alajuela, Costa Rica, open, 20 students",city
ROU,46.3465604,21.5049578,recipient,6,"Edoovillage #1111 - Romania, Santana: scoala-sfanta-ana","Sântana, Arad, România, open, 156 students",city
GBR,50.8214626,-0.1400561,recipient,1,"Edoovillage #1112 - United Kingdom, Brighton: Master’s thesi","Brighton, Brighton and Hove, England, BN1 1HJ, United Kingdom, completed, 1 students",city
IND,22.3511148,78.6677428,recipient,3,"Edoovillage #1113 - India, Dantu: Bridging the Digital empow","India, open, 260 students",city
KEN,-1.302398,36.8288509,recipient,9,"Edoovillage #1114 - Kenya, Nairobi: Judah Care Foundation St","Nairobi, Zimmerman, Soko ya Mawe, Nairobi, Kenya, open, 176 students",city
ESP,40.416782,-3.703507,recipient,3,"Edoovillage #1115 - Spain, Madrid: Asociación de mujeres uni","Madrid, Comunidad de Madrid, España, open, 6 students",city
KEN,-0.1029109,34.7541761,recipient,40,"Edoovillage #1116 - Kenya, Kisumu City: Home of Brains | On ","Kisumu, City of Kisumu, Kisumu, Kenya, completed, 2950 students",city
CMR,4.075571,9.3650187,recipient,0,"Edoovillage #1117 - Cameroon, Tiko: Educational Program for ","Tiko, Fako, Southwest, Cameroun, completed, 60 students",city
KHM,12.5433216,104.8144914,recipient,3,"Edoovillage #1118 - Cambodia, Bech Khlok: Primary School | S","ព្រះរាជាណាចក្រ​កម្ពុជា, completed, 70 students",city
DEU,48.1371079,11.5753822,recipient,10,"Edoovillage #1119 - Germany, München: Flüchtlings- / Integra","München, Bayern, Deutschland, completed, 30 students",city
GHA,8.0300284,-1.0800271,recipient,36,"Edoovillage #1120 - Ghana, Abesowa  Juaben Ashanti: ICT Cent","Ghana, completed, 150 students",city
DEU,51.3331205,6.5623343,recipient,24,"Edoovillage #1121 - Germany, Krefeld: Selbstlernzentren | Fl","Krefeld, Nordrhein-Westfalen, Deutschland, completed, 75 students",city
TZA,-8.6131228,33.3341957,recipient,12,"Edoovillage #1122 - Tanzania, Mbeya: Lunji Primary School | ","Mbeya, Southern Highlands Zone, Tanzania, completed, 300 students",city
KEN,-0.7666,37.3666,recipient,4,"Edoovillage #1123 - Kenya, karaba: Mwea Wango Institute of T","Karaba, Mbeere South, Embu, Kenya, open, 94 students",city
GMB,13.470062,-15.4900464,recipient,34,"Edoovillage #1124 - Gambia, Jamwelly: Holland Gambian Founda","Gambia, completed, 150 students",city
GHA,5.781638,0.633197,recipient,25,"Edoovillage #1125 - Ghana, Ada Foah: Creació d’una estructur","Ada Foah, Ada East District, Greater Accra Region, GY-0243-6529, Ghana, open, 4 students",city
UGA,0.3177137,32.5813539,recipient,16,"Edoovillage #1126 - Uganda, Kampala: Digital Literacy Progra","Kampala, Central Region, Uganda, completed, 40 students",city
TZA,-6.5247123,35.7878438,recipient,20,"Edoovillage #1127 - Tanzania, Mtware: Secondary/Highschool A","Tanzania, open, 523 students",city
DEU,53.9543267,14.1673508,recipient,5,"Edoovillage #1128 - Germany, Ostseebad Heringsdorf: Hort „Al","Heringsdorf, Vorpommern-Greifswald, Mecklenburg-Vorpommern, Deutschland, completed, 130 students",city
CMR,4.0297756,11.0341908,recipient,3,"Edoovillage #1129 - Cameroon, Nkoumissé-Sud: Brunnen- und Hy","Nkoumisse-Sud, Nguibassal, Nyong-et-Kéllé, Centre, Cameroun, completed, 100 students",city
ZAF,-34.0053057,18.5703832,recipient,1,"Edoovillage #1130 - South Africa, Philippi, 7750: Educationa","Philippi, Cape Town Ward 80, Cape Town, City of Cape Town, Western Cape, 7755, South Africa, open, 450 students",city
CHE,46.2017559,6.1466014,recipient,11,"Edoovillage #1131 - Switzerland, Geneva: Interactions","Genève, Schweiz/Suisse/Svizzera/Svizra, completed, 10 students",city
GHA,5.5571096,-0.2012376,recipient,40,"Edoovillage #1132 - Ghana, Accra: Advent Reformed Institute","Accra, Korle-Klottey Municipal District, Greater Accra Region, Ghana, completed, 719 students",city
UGA,-0.0523245,32.7262557,recipient,22,"Edoovillage #1133 - Uganda, Mukono: Martin Nkoyoyo Primary S","Mukono, Central Region, Uganda, open, 500 students",city
CMR,4.010289,9.207058,recipient,0,"Edoovillage #1134 - Cameroon, Limbe: Goddy Tabi Bilingual Nu","Limbé, Limbé I, Communauté urbaine de Limbé, Fako, Southwest, Cameroun, open, 250 students",city
JOR,31.9515694,35.9239625,recipient,1,"Edoovillage #1135 - Jordan, Amman: Hilfe für eine Schule zur","عمان, ناحية عمان, لواء قصبة عمان, عمان, 11110, الأردن, completed, 7 students",city
PER,-6.25,-78.833333,recipient,0,"Edoovillage #1136 - Peru, Cajamarca: Colegio San Agustin | B","Cajamarca, Perú, open, 152 students",city
COD,-4.9699217,19.5885243,recipient,78,"Edoovillage #1137 - Congo (Kinshasa), Idiofa:  Sainte Edith ","Idiofa, Kwilu, République démocratique du Congo, completed, 200 students",city
ETH,9.0358119,38.7524315,recipient,16,"Edoovillage #1138 - Ethiopia, Addis Ababa: PROJECT-E Hospita","አዲስ አበባ / Addis Ababa, Arada, አዲስ አበባ Addis Ababa أديس أبابا, አዲስ አበባ أديس أبابا, 3578, ኢትዮጵያ, completed, 40 students",city
VEN,9.7422774,-63.1888854,recipient,4,"Edoovillage #1139 - Venezuela, Maturin:                     ","Maturín, Parroquia San Simón, Municipio Maturín, Monagas, Venezuela, open, 400 students",city
GHA,7.153187,0.477735,recipient,0,"Edoovillage #1140 - Ghana, Hohoe: Royal Academy Preparation ","Hohoe, Hohoe Municipal District, Volta Region, Ghana, completed, 130 students",city
ZAF,-33.9288301,18.4172197,recipient,18,"Edoovillage #1141 - South Africa, Cape Town: 9miles project","Cape Town, City of Cape Town, Western Cape, 8001, South Africa, completed, 40 students",city
BLZ,17.1527588,-89.0761718,recipient,0,"Edoovillage #1142 - Belize, San Ignacio:  2018 Belize Educat","San Ignacio, San Ignacio & Santa Elena, Cayo, Belize, open, 120 students",city
GMB,13.4404292,-16.7155661,recipient,2,"Edoovillage #1143 - Gambia, Kololi: John Pickering School","Kololi, Kanifing, Kombo North, Brikama, West Coast, Gambia, completed, 600 students",city
BDI,-3.3638125,29.3675028,recipient,8,"Edoovillage #1144 - Burundi, Bujumbura: École Saint Michel A","Bujumbura, Bujumbura Mairie, Burundi, open, 30 students",city
DEU,51.2254018,6.7763137,recipient,3,"Edoovillage #1145 - Germany, Düsseldorf: Internationalen Kla","Düsseldorf, Nordrhein-Westfalen, Deutschland, completed, 45 students",city
NGA,6.5536094,7.4143061,recipient,35,"Edoovillage #1146 - Nigeria, Enugu: DDL Education Department","Enugu, Nigeria, completed, 70 students",city
MWI,-10.0847469,33.8661918,recipient,28,"Edoovillage #1147 - Malawi, Karonga: St. Mary’s Girls‘ Secon","Karonga, Northern Region, Malawi, completed, 600 students",city
MWI,-10.0847469,33.8661918,recipient,25,"Edoovillage #1148 - Malawi, Karonga: Chaminade Secondary Sch","Karonga, Northern Region, Malawi, open, 1300 students",city
SDN,13.513868,24.8612293,recipient,13,"Edoovillage #1149 - Sudan, Tawilah - Darfur: Secondery Boy S","طويلة, Tawila - طويلة, شمال دارفور  North Darfur, السودان, completed, 550 students",city
SEN,14.791461,-16.925605,recipient,6,"Edoovillage #1150 - Senegal, Thiès:  École Cem Nguinth","Thiès, Commune de Thiès Ouest, Arrondissement de Thiès Sud, Département de Thiès, Région de Thiès, Sénégal, completed, 170 students",city
KHM,13.4419925,103.7278284,recipient,6,"Edoovillage #1151 - Cambodia, Puok District: Camboya Sonríe","True Coffee (Puok District ), ផ្លូវជាតិលេខ៦, ស្រុក​ពួក, ពួក, ខេត្តសៀមរាប, +855, ព្រះរាជាណាចក្រ​កម្ពុជា, open, 220 students",city
MLI,12.5205282,-7.929262,recipient,30,"Edoovillage #1152 - Mali, Senou, Bamako: Ecole Tagnè","Sénou, Bamako, Mali, completed, 130 students",city
HKG,22.304723,113.8986393,recipient,1,"Edoovillage #1153 - Hong Kong S.A.R., China, Hong Kong: Refu","中國飛機服務有限公司 China Aircraft Services Limited, 南環路 South Perimeter Road, 赤鱲角 Chek Lap Kok, 大嶼山 Lantau, 離島區 Islands District, 新界 New Territories, 香港 Hong Kong, 中国, open, 10 students",city
MWI,-15.4452193,34.8618297,recipient,6,"Edoovillage #1154 - Malawi, Zalewa: FACE Secondary School Za","Zalewa, Neno, Southern Region, Malawi, open, 130 students",city
DEU,52.5173885,13.3951309,recipient,25,"Edoovillage #1155 - Germany, Berlin: Fondation Bolingo e.V.","Berlin, Deutschland, completed, 23 students",city
VIR,18.3429082,-64.9188997,recipient,2,"Edoovillage #1156 - U.S. Virgin Islands, St. Thomas,: Re-Cha","Saint Thomas, Charlotte Amalie, Saint Thomas - Saint John District, United States Virgin Islands, United States, completed, 365 students",city
MAR,32.2040805,-6.8381353,recipient,1,"Edoovillage #1157 - Morocco, Ouled MBarek: Union Nationale d","Ouled Mbarek أولاد امبارك, Had Boumoussa ⵃⴰⴷ ⴱⵓⵎⵓⵙⴰ أحد بوموسى, caïdat de Had Boumoussa, cercle de Ouled Ayad, Province de Fquih Ben Saleh إقليم الفقيه بن صالح, Béni Mellal-Khénifra ⴰⵢⵜ ⵎⵍⵍⴰⵍ-ⵅⵏⵉⴼⵕⴰ بني ملال-خنيفرة, 23402, Maroc ⵍⵎⵖⵔⵉⴱ المغرب, open, 0 students",city
SEN,14.4750607,-14.4529612,recipient,4,"Edoovillage #1158 - Senegal, cabrousse: Senegal Ziguinchor, ","Sénégal, completed, 18 students",city
DEU,51.434999,6.759562,recipient,48,"Edoovillage #1159 - Germany, Duisburg: Max-Planck-Gymnasium ","Duisburg, Nordrhein-Westfalen, Deutschland, completed, 950 students",city
IND,8.5495014,77.5805178,recipient,25,"Edoovillage #1160 - India, Tirunelveli: Friends of India","Tirunelveli, Tamil Nadu, India, open, 450 students",city
CMR,4.075571,9.3650187,recipient,6,"Edoovillage #1161 - Cameroon, Tiko: SABIBI FOUNDATION-Integr","Tiko, Fako, Southwest, Cameroun, completed, 600 students",city
UGA,0.3270762,32.4063867,recipient,7,"Edoovillage #1162 - Uganda, Mpigi Kampala: Technologies for ","Buyala Church of Uganda Primary School, Fort Portal - Kampala Road, Buyala, Mpigi, Central Region, Uganda, open, 30 students",city
KEN,-1.3015643,36.8128437,recipient,0,"Edoovillage #1163 - Kenya, Kibera Nairobi: Garden of Hope Fo","Kenya Commercial Bank Plaza, Hospital Rd, Nairobi City, Kenya Road, Woodley/Kenyatta/Golf Course ward, Kibra, Nairobi, Zimmerman, Nairobi, 00202, Kenya, open, 15 students",city
GMB,13.3813439,-16.751729,recipient,52,"Edoovillage #1164 - Gambia, Brufut: Scanaid Secondary School","Brufut, Kombo North, Brikama, West Coast, Gambia, completed, 930 students",city
MLI,12.6132656,-7.9847391,recipient,34,"Edoovillage #1165 - Mali, Bamako: Mädchenzentrum Jigiya Bon ","Bamako, Cercle de Kati, Mali, open, 70 students",city
IND,12.9767936,77.590082,recipient,5,"Edoovillage #1166 - India, Bengaluru: Morning Star Orphanage","Bengaluru, Bangalore North, Bengaluru Urban, Karnataka, India, completed, 100 students",city
NGA,7.0209686,5.0567477,recipient,23,"Edoovillage #1167 - Nigeria, Ondo: St Raphael’s Primary scho","Ondo, Nigeria, open, 758 students",city
MNG,48.0688183,114.5241352,recipient,20,"Edoovillage #1168 - Mongolia, Tschoibalsan: Dornod Province ","Чойбалсан ᠴᠣᠶᠢ ᠪᠠᠯᠰᠠᠩ, Хэрлэн ᠬᠡᠷᠦᠯᠦᠨ, Дорнод ᠳᠣᠷᠤᠨᠠᠳᠤ, 21000, Монгол улс ᠮᠤᠩᠭᠤᠯ ᠤᠯᠤᠰ, completed, 322 students",city
NGA,4.7676576,7.0188527,recipient,0,"Edoovillage #1169 - Nigeria, Port Harcourt: ATTEC – AfricanT","Port-Harcourt, Rivers, Nigeria, open, 400 students",city
UGA,0.3177137,32.5813539,recipient,4,"Edoovillage #1170 - Uganda, Kampala: Pearl farmers training","Kampala, Central Region, Uganda, open, 100 students",city
DEU,51.5380394,7.219985,recipient,4,"Edoovillage #1171 - Germany, Herne: 'Lern-Medien-Werkstatt' ","Herne, Nordrhein-Westfalen, Deutschland, completed, 65 students",city
UGA,0.3177137,32.5813539,recipient,3,"Edoovillage #1172 - Uganda, Kampala: Youth Empowerment, trai","Kampala, Central Region, Uganda, open, 120 students",city
UGA,0.1869795,32.1382184,recipient,6,"Edoovillage #1173 - Uganda, Mpigi Town: SINA Lazima Nipate","Sempiira Church of Uganda Primary School, Kibibi - Bulo Road, Bugoye, Butambala, Central Region, Uganda, completed, 30 students",city
HKG,22.304723,113.8986393,recipient,1,"Edoovillage #1174 - Hong Kong S.A.R., China, Hong Kong: Lens","中國飛機服務有限公司 China Aircraft Services Limited, 南環路 South Perimeter Road, 赤鱲角 Chek Lap Kok, 大嶼山 Lantau, 離島區 Islands District, 新界 New Territories, 香港 Hong Kong, 中国, open, 40 students",city
DEU,51.9418987,13.8963805,recipient,0,"Edoovillage #1175 - Germany, Lübben: Flüchtlingshilfe Diakon","Lübben (Spreewald), Dahme-Spreewald, Brandenburg, 15907, Deutschland, completed, 2 students",city
TZA,-7.7742718,35.4826339,recipient,0,"Edoovillage #1176 - Tanzania, Iringa Region: Mobile Computer","Iringa, Southern Highlands Zone, Tanzania, open, 1000 students",city
MEX,18.889332,-99.1245073,recipient,9,"Edoovillage #1177 - Mexico, La Joya: Children with Faith, Co","La Joya, Yautepec, Morelos, 62574, México, completed, 20 students",city
ZAF,-29.701556,31.00722,recipient,8,"Edoovillage #1178 - South Africa, Phoenix, Durban: Enhancing","Phoenix, eThekwini Metropolitan Municipality, KwaZulu-Natal, 4080, South Africa, open, 650 students",city
UGA,0.2241696,32.3263348,recipient,5,"Edoovillage #1179 - Uganda, Mpigi town: Kyaffe Farmers | SIN","Bessamaya Church of Uganda Primary School, Mpiigi Kabasanda Road, Bukakala, Mpigi, Central Region, Uganda, completed, 10 students",city
UGA,0.2241696,32.3263348,recipient,2,"Edoovillage #1180 - Uganda, Mpigi town: Training mechanics a","Bessamaya Church of Uganda Primary School, Mpiigi Kabasanda Road, Bukakala, Mpigi, Central Region, Uganda, open, 10 students",city
CMR,3.8689867,11.5213344,recipient,0,"Edoovillage #1181 - Cameroon, Yaoundé: Ecole des Sages","Communauté urbaine de Yaoundé, Mfoundi, Centre, Cameroun, open, 567 students",city
TZA,0.3215622,32.5862426,recipient,8,"Edoovillage #1182 - Tanzania, Kagera City: ICT Training for ","High Commission of the United Republic of Tanzania, Kagera Road, Nakasero, Central, Kampala Capital City, Kampala, Central Region, Uganda, open, 100 students",city
GHA,8.0300284,-1.0800271,recipient,25,"Edoovillage #1183 - Ghana, Akim-Awenare: ICT Center for Akim","Ghana, completed, 120 students",city
CHE,47.3338992,8.3843501,recipient,0,"Edoovillage #1184 - Switzerland, Oberwil-Lieli: Lieliputs Sc","Oberwil-Lieli, Bezirk Bremgarten, Aargau, 8966, Schweiz/Suisse/Svizzera/Svizra, completed, 30 students",city
CMR,3.8544908,11.6661179,recipient,35,"Edoovillage #1185 - Cameroon, Nkolafamba: Groupe Scolaire Bi","Nkolafamba, Méfou-et-Afamba, Centre, Cameroun, completed, 310 students",city
GHA,5.6368451,-0.725428,recipient,15,"Edoovillage #1186 - Ghana, Agona Duakwa: Saint Michael prep ","Duakwa, Agona East District, Central Region, Ghana, open, 292 students",city
GHA,5.6368451,-0.725428,recipient,3,"Edoovillage #1187 - Ghana, Agona Duakwa: Gift of Hope projec","Duakwa, Agona East District, Central Region, Ghana, open, 30 students",city
GHA,5.9059572,-1.8295463,recipient,5,"Edoovillage #1188 - Ghana, Asikuma: Catholic Girls School | ","Asikuma, Upper Denkyira East Municipal District, Central Region, Ghana, open, 785 students",city
GHA,5.5565304,-0.9796708,recipient,0,"Edoovillage #1189 - Ghana, NWOMASO: METHODIST PRIMARY SCHOOL","Breman Nwomaso, Asikuma/Odoben/Brakwa District, Central Region, Ghana, open, 386 students",city
GHA,6.6128305,-1.7184066,recipient,28,"Edoovillage #1190 - Ghana, Kokoben: PRESBY BASIC COMPUTER PR","Kokoben, Atwima-Kwanwoma District, Ashanti Region, Ghana, completed, 381 students",city
GHA,5.2296064,-0.7929879,recipient,28,"Edoovillage #1191 - Ghana, Gomoa  Dago: Basic School | Ghana","Gomoa Dago, Gomoa West District, Central Region, Ghana, completed, 1041 students",city
TGO,6.9106565,0.6323982,recipient,10,"Edoovillage #1192 - Togo, Kpalimé: Bildungszentrum ASTOVOT","Kpalimé, Région des Plateaux, Togo, open, 3000 students",city
DOM,19.2036865,-69.3389611,recipient,7,"Edoovillage #1193 - Dominican Republic, Santa Barbara de Sam","Samaná, 82202, República Dominicana, completed, 10 students",city
GHA,5.534454,-0.700763,recipient,28,"Edoovillage #1194 - Ghana, Agona Swedru: St. Anthony of Padu","Agona Swedru, Agona West Municipal District, Central Region, Ghana, completed, 400 students",city
GHA,6.6985605,-1.6233086,recipient,40,"Edoovillage #1195 - Ghana, Kumasi: Achiaa Greenlight School ","Kumasi, Kumasi Metropolitan District, Ashanti Region, AK-010-1295, Ghana, open, 800 students",city
DOM,18.415894,-70.1100515,recipient,3,"Edoovillage #1196 - Dominican Republic, San Cristobal: CHEJA","San Cristóbal, 92305, República Dominicana, completed, 30 students",city
DEU,51.434999,6.759562,recipient,12,"Edoovillage #1197 - Germany, Duisburg: DRK Flüchtlingsunterk","Duisburg, Nordrhein-Westfalen, Deutschland, completed, 12 students",city
GHA,8.0300284,-1.0800271,recipient,0,"Edoovillage #1198 - Ghana, Ayeduasei Kumasi: Peace and Love ","Ghana, open, 200 students",city
TZA,-6.5247123,35.7878438,recipient,57,"Edoovillage #1199 - Tanzania, Dar es Salaam Mbagala-Chamazi ","Tanzania, completed, 280 students",city
UGA,0.3177137,32.5813539,recipient,26,"Edoovillage #1200 - Uganda, Kampala: Nursery and Primary Sch","Kampala, Central Region, Uganda, completed, 217 students",city
DEU,51.4582235,7.0158171,recipient,3,"Edoovillage #1201 - Germany, Essen: Flüchtlings- / Integrati","Essen, Nordrhein-Westfalen, Deutschland, completed, 3 students",city
DEU,50.132881,8.9169797,recipient,0,"Edoovillage #1202 - Germany, Hanau: Flüchtlings- / Integrati","Hanau, Hessen, Deutschland, completed, 4 students",city
MWI,-13.2687204,33.9301963,recipient,20,"Edoovillage #1203 - Malawi, Eswazini: Eswazini Community Day","Malawi, completed, 230 students",city
KEN,-3.1507392,39.6750716,recipient,5,"Edoovillage #1204 - Kenya, Kilifi: Gapeka Children’s Hope Ce","Kilifi, Kenya, open, 666 students",city
GHA,5.814382,-0.345786,recipient,28,"Edoovillage #1206 - Ghana, Nsawam: Amanfo Presby Basic Schoo","Nsawam, Nsawam Adoagyire Municipal District, Eastern Region, EG-218-7250, Ghana, completed, 287 students",city
NPL,27.7646557,85.3000695,recipient,4,"Edoovillage #1207 - Nepal, Tarakeshwar : Teaching Computer S","तारकेश्वर, तारकेश्वर नगरपालिका, काठमाडौं जिल्ला, बागमती प्रदेश, 19975, नेपाल, open, 200 students",city
GHA,8.0300284,-1.0800271,recipient,12,"Edoovillage #1208 - Ghana, Kumawu Besoro: DA 2 Junior High S","Ghana, completed, 65 students",city
GHA,8.0300284,-1.0800271,recipient,12,"Edoovillage #1209 - Ghana, Kumawu Besoro: DA Primary school ","Ghana, completed, 280 students",city
GHA,8.0300284,-1.0800271,recipient,12,"Edoovillage #1210 - Ghana, Kumawu Besoro: RC Primary school ","Ghana, completed, 253 students",city
GHA,8.0300284,-1.0800271,recipient,14,"Edoovillage #1211 - Ghana, Kumawu Besoro: Methodists Junior ","Ghana, completed, 43 students",city
GHA,8.0300284,-1.0800271,recipient,12,"Edoovillage #1212 - Ghana, Kumawu Besoro: DA 1 Junior High S","Ghana, completed, 65 students",city
GHA,8.0300284,-1.0800271,recipient,14,"Edoovillage #1213 - Ghana, Kumawu Besoro: Methodists Primary","Ghana, completed, 65 students",city
GHA,8.262696,0.52143,recipient,13,"Edoovillage #1214 - Ghana, Nkwanta: AME Zion Junior High Sch","Nkwanta, Nkwanta South District, Oti Region, Ghana, completed, 45 students",city
GHA,8.0300284,-1.0800271,recipient,12,"Edoovillage #1215 - Ghana, Aninangya: Methodists Junior High","Ghana, completed, 50 students",city
GHA,8.0300284,-1.0800271,recipient,12,"Edoovillage #1216 - Ghana, Aninangya: Methodists Primary Sch","Ghana, completed, 158 students",city
GHA,7.49,-1.8856318,recipient,14,"Edoovillage #1217 - Ghana, Woraso: DA Junior High School | G","Woraso, Techiman Municipal District, Bono East Region, Ghana, completed, 81 students",city
GHA,7.49,-1.8856318,recipient,14,"Edoovillage #1218 - Ghana, Woraso: Presby Junior High School","Woraso, Techiman Municipal District, Bono East Region, Ghana, completed, 66 students",city
GHA,6.5951788,-1.0739096,recipient,16,"Edoovillage #1219 - Ghana, Atwidie: DA Junior High School | ","Atwidie, Asante-Akim South Municipal District, Ashanti Region, Ghana, completed, 80 students",city
TZA,-3.3486456,37.3435249,recipient,15,"Edoovillage #1220 - Tanzania, Moshi: Kilacha Production and ","Moshi, Moshi Urban, Kilimanjaro, Northern Zone, 25107, Tanzania, open, 452 students",city
UGA,-0.8108917,30.94483,recipient,0,"Edoovillage #1221 - Uganda, Nakivale / Isingiro: NYANDJA Art","Uganda Green Fire Ltd, Nakivale Settlement Camp, Kashumba, Buganza, Isingiro, Western Region, Uganda, open, 52 students",city
UGA,0.3177137,32.5813539,recipient,2,"Edoovillage #1222 - Uganda, Kampala: Marget’s Orphanage Cent","Kampala, Central Region, Uganda, open, 65 students",city
UGA,-0.9649354,30.2935007,recipient,13,"Edoovillage #1223 - Uganda, Rwera: School for the Deaf","Rwera, Ntungamo, Western Region, Uganda, completed, 115 students",city
GHA,5.5571096,-0.2012376,recipient,10,"Edoovillage #1224 - Ghana, Accra: Paullen Kids Academy","Accra, Korle-Klottey Municipal District, Greater Accra Region, Ghana, completed, 40 students",city
DEU,53.5501721,10.0013165,recipient,13,"Edoovillage #1225 - Germany, Hamburg: OUR NEWSTART NETWORK","Hamburg, Deutschland, completed, 120 students",city
COD,-1.6665685,29.225652,recipient,0,"Edoovillage #1226 - Congo (Kinshasa), Goma: Africa New Day U","Goma, Nord-Kivu, République démocratique du Congo, completed, 129 students",city
GHA,4.9409859,-1.7348593,recipient,28,"Edoovillage #1227 - Ghana, Adiembra: Kweikuma ITC Lab | Ghan","Adiembra, Sekondi Takoradi Metropolitan District, Western Region, Ghana, completed, 550 students",city
ROU,45.9852129,24.6859225,recipient,28,"Edoovillage #1228 - Romania, ciuhou: Rumania Bihor, ciuhoi-S","România, completed, 62 students",city
UGA,0.2241696,32.3263348,recipient,4,"Edoovillage #1229 - Uganda, Mpigi town: FASHIONABILITY Train","Bessamaya Church of Uganda Primary School, Mpiigi Kabasanda Road, Bukakala, Mpigi, Central Region, Uganda, open, 35 students",city
ARM,40.9330109,45.4738887,recipient,5,"Edoovillage #1230 - Armenia, Aygehovit: Aygehovit Kindergart","Այգեհովիտ, Բերդ-Այգեպար մայրուղի, Տավուշ, Բերդ համայնք, Տավուշի մարզ, 0045, Հայաստան, open, 101 students",city
CHE,47.3338992,8.3843501,recipient,0,"Edoovillage #1231 - Switzerland, Oberwil-Lieli: Projekt CROW","Oberwil-Lieli, Bezirk Bremgarten, Aargau, 8966, Schweiz/Suisse/Svizzera/Svizra, completed, 40 students",city
DZA,27.6721823,-8.1404163,recipient,1,"Edoovillage #1232 - Algeria, Tindouf: Escuela Ahmed Abdel Fa","Tindouf ⵜⵉⵏⴷⵓⴼ تندوف, دائرة تندوف ⴰⴷⴷⴰⵢⵔⵜ ⵏ ⵜⵉⵏⴷⵓⴼ, تندوف ⵜⵉⵏⴷⵓⴼ, 37000, ⵍⵣⵣⴰⵢⴻⵔ الجزائر, completed, 70 students",city
UGA,0.1869795,32.1382184,recipient,0,"Edoovillage #1233 - Uganda, Mpigi Town: Virtual Hostel | SIN","Sempiira Church of Uganda Primary School, Kibibi - Bulo Road, Bugoye, Butambala, Central Region, Uganda, open, 25 students",city
GHA,4.905991,-1.7472227,recipient,31,"Edoovillage #1234 - Ghana, Diabene: Diabene Community ICT Pr","Nana Diabene Avenue, New Takoradi, Sekondi-Takoradi, Sekondi Takoradi Metropolitan District, Western Region, Ghana, completed, 600 students",city
DEU,51.1947131,6.4353792,recipient,0,"Edoovillage #1235 - Germany, Mönchengladbach: Villa Humboldt","Mönchengladbach, Nordrhein-Westfalen, Deutschland, completed, 9 students",city
MWI,-13.2687204,33.9301963,recipient,13,"Edoovillage #1236 - Malawi, Tawuka: Takuwa School | SES Bonn","Malawi, completed, 300 students",city
HTI,18.547327,-72.3395928,recipient,9,"Edoovillage #1237 - Haiti, Port-au-Prince: Associazione Miss","Arrondissement de Port-au-Prince, Département de l'Ouest, Ayiti, completed, 1700 students",city
UGA,0.1273955,32.2527517,recipient,0,"Edoovillage #1238 - Uganda, Mpigi: Women of Destiny - Mpigi,","Mpigi, Central Region, Uganda, open, 20 students",city
GTM,14.6539748,-90.9272741,recipient,0,"Edoovillage #1239 - Guatemala, Chimaltenango: Comunidad La E","Chimaltenango, Guatemala, open, 58 students",city
UGA,0.1869795,32.1382184,recipient,0,"Edoovillage #1240 - Uganda, Mpigi Town: Kankobe Childrens Ho","Sempiira Church of Uganda Primary School, Kibibi - Bulo Road, Bugoye, Butambala, Central Region, Uganda, open, 96 students",city
BDI,-3.4284953,29.9249718,recipient,5,"Edoovillage #1241 - Burundi, Gitega: Lycée S. Kizito | Next ","Gitega, Burundi, completed, 742 students",city
GTM,14.6416142,-90.5132836,recipient,12,"Edoovillage #1242 - Guatemala, Guatemala: Jordi Project: for","Ciudad de Guatemala, Departamento de Guatemala, Guatemala, completed, 50 students",city
DEU,48.1371079,11.5753822,recipient,7,"Edoovillage #1243 - Germany, München: Flüchtlings- / Integra","München, Bayern, Deutschland, completed, 6 students",city
BFA,12.3681873,-1.5270944,recipient,2,"Edoovillage #1244 - Burkina Faso, Ouagadougou: AEV2D Associa","Ouagadougou, Kadiogo, Centre, Burkina Faso, open, 65 students",city
GHA,5.5571096,-0.2012376,recipient,2,"Edoovillage #1245 - Ghana, Accra: Solid Rock Association","Accra, Korle-Klottey Municipal District, Greater Accra Region, Ghana, open, 40 students",city
BOL,-16.374227,-68.2193309,recipient,2,"Edoovillage #1246 - Bolivia, Cochapampa Vilaque: Escuela Coc","Vilaque Cochapampa, Pucarani, Provincia Los Andes, La Paz, Bolivia, open, 18 students",city
GHA,6.1000242,-0.8382619,recipient,20,"Edoovillage #1247 - Ghana, KADE: ASTRA INTERNATIONAL SCHOOL ","Kade, Kwaebibirem Municipal District, Eastern Region, Ghana, completed, 675 students",city
TWN,24.839682,121.0040779,recipient,10,"Edoovillage #1248 - Taiwan, Zhubei City: 程式教育扎根計畫","竹北市, 新竹縣, 臺灣, completed, 10 students",city
UGA,0.1869795,32.1382184,recipient,6,"Edoovillage #1249 - Uganda, Mpigi Town: Totya Women | SINA |","Sempiira Church of Uganda Primary School, Kibibi - Bulo Road, Bugoye, Butambala, Central Region, Uganda, completed, 100 students",city
KEN,-0.7224425,36.4387834,recipient,32,"Edoovillage #1250 - Kenya, Naivasha: Milimani Primary School","Naivasha, Nakuru, Kenya, open, 3000 students",city
CHE,46.0038007,8.9512275,recipient,10,"Edoovillage #1252 - Switzerland, Lugano: Association Culture","Lugano, Circolo di Lugano ovest, Distretto di Lugano, Ticino, Schweiz/Suisse/Svizzera/Svizra, completed, 2000 students",city
DEU,52.2202557,7.8134148,recipient,10,"Edoovillage #1253 - Germany, Tecklenburg: MineHandy Evangeli","Tecklenburg, Kreis Steinfurt, Nordrhein-Westfalen, 49545, Deutschland, completed, 600 students",city
LBR,6.7986554,-10.3621695,recipient,28,"Edoovillage #1254 - Liberia, Bong Mines: Help-Liberia for nu","Bong mines, Nyenyen, Fuamah, Bong County, Liberia, open, 5 students",city
MAR,30.920193,-6.910923,recipient,14,"Edoovillage #1251 - Morocco, Ouarzazate: Collège Atlas El Ka","Ouarzazate ورزازات, Pachalik d'Ouarzazate, Province d'Ouarzazate ⵜⴰⵙⴳⴰ ⵏ ⵡⴰⵔⵣⴰⵣⴰⵜ إقليم ورززات, Drâa-Tafilalet ⴷⴰⵔⵄⴰ-ⵜⴰⴼⵉⵍⴰⵍⵜ درعة تافيلالت, Maroc ⵍⵎⵖⵔⵉⴱ المغرب, open, 900 students",city
MAR,30.920193,-6.910923,recipient,10,"Edoovillage #1255 - Morocco, Ouarzazate: Asso Cooperation Sc","Ouarzazate ورزازات, Pachalik d'Ouarzazate, Province d'Ouarzazate ⵜⴰⵙⴳⴰ ⵏ ⵡⴰⵔⵣⴰⵣⴰⵜ إقليم ورززات, Drâa-Tafilalet ⴷⴰⵔⵄⴰ-ⵜⴰⴼⵉⵍⴰⵍⵜ درعة تافيلالت, Maroc ⵍⵎⵖⵔⵉⴱ المغرب, open, 500 students",city
IND,21.1156497,77.4420553,recipient,2,"Edoovillage #1256 - India, Narsingpur, West Bengal: Pentecos","Narsingpur, Achalpur, Amravati, Maharashtra, India, open, 120 students",city
VNM,10.7737261,106.7166008,recipient,25,"Edoovillage #1257 - Vietnam, Ho Chi Minh: Laptops for Mai Am","Thành phố Hồ Chí Minh, Việt Nam, open, 35 students",city
VNM,10.4884252,107.1798917,recipient,2,"Edoovillage #1258 - Vietnam, Tinh Ba Ria: Laptops for Ngoc H","Trung tâm Hành chính Tỉnh Bà Rịa-Vũng Tàu, 1, Bà Rịa, Thành phố Hồ Chí Minh, Việt Nam, open, 25 students",city
PAN,8.6267764,-79.060795,recipient,3,"Edoovillage #1259 - Panama, Saboga: Formació en navegació so","Saboga, Balboa, Provincia de Panamá, Panamá, completed, 20 students",city
MOZ,-19.302233,34.9144977,recipient,0,"Edoovillage #1260 - Mozambique, Aldea de Masaca (Distrito de","Moçambique, open, 800 students",city
MOZ,-19.302233,34.9144977,recipient,0,"Edoovillage #1261 - Mozambique, Aldea de Masaca (Distrito de","Moçambique, open, 800 students",city
KEN,-11.6985289,27.484943,recipient,0,"Edoovillage #1262 - Kenya, Makutano: Makutano Primary School","Makutano, Lualaba, Kenya, Ville de Lubumbashi, Haut-Katanga, République démocratique du Congo, completed, 470 students",city
ROU,47.5456107,22.2031126,recipient,2,"Edoovillage #1263 - Romania, Curtuiseni: Érkörtvélyes Scoala","Curtuișeni, Bihor, România, open, 70 students",city
UGA,0.3177137,32.5813539,recipient,0,"Edoovillage #1264 - Uganda, Kampala: RFC Refugee Friends Car","Kampala, Central Region, Uganda, open, 200 students",city
KEN,1.4419683,38.4313975,recipient,10,"Edoovillage #1265 - Kenya, Ukanda: Diani Elite Educational C","Kenya, open, 100 students",city
KEN,-4.4333,39.1,recipient,20,"Edoovillage #1266 - Kenya, Mteza: Primary School Mteza | VER","Mteza, Mwereni ward, Lunga Lunga, Kwale, Kenya, completed, 629 students",city
LKA,6.0642688,80.8365159,recipient,14,"Edoovillage #1267 - Sri Lanka, Netolpitiya: Tangalle Canadap","Netolpitiya, Hambantota District, Southern Province, 82135, Sri Lanka, completed, 25 students",city
GTM,14.6388934,-91.2295526,recipient,2,"Edoovillage #1268 - Guatemala, Santiago Atitlán: Mano a Mano","Santiago Atitlán, Sololá, Guatemala, open, 13 students",city
GHA,10.3674841,-2.2622267,recipient,46,"Edoovillage #1269 - Ghana, Daffiama: Kay Roberts Memorial Ju","Daffiama Bussie Issa District, Upper West Region, Ghana, completed, 175 students",city
HUN,46.6487053,17.5774653,recipient,11,"Edoovillage #1270 - Hungary, Buzsak: Primary School","Buzsák, Fonyódi járás, Somogy vármegye, Dél-Dunántúl, Dunántúl, 8695, Magyarország, open, 152 students",city
HUN,46.3564692,17.7886886,recipient,18,"Edoovillage #1271 - Hungary, Kaposvár: Kaposvár Táncsics Mah","Kaposvár, Kaposvári járás, Somogy vármegye, Dél-Dunántúl, Dunántúl, Magyarország, completed, 150 students",city
HTI,19.6635608,-71.8367046,recipient,9,"Edoovillage #1272 - Haiti, Fort Liberté: Polytechnique Sales","Fort-Liberté, Commune Fort-Liberté, Arrondissement de Fort-Liberté, Département du Nord-Est, Ayiti, open, 361 students",city
DZA,36.1650239,5.6329377,recipient,10,"Edoovillage #1273 - Algeria, Smara, Campamento Refugiados Sa","Smara, El Eulma, Daïra El Eulma, سطيف, 19000, ⵍⵣⵣⴰⵢⴻⵔ الجزائر, open, 0 students",city
NGA,9.6000359,7.9999721,recipient,20,"Edoovillage #1274 - Nigeria, Okunoegbu Umudim, Nnewi: St. Jo","Nigeria, completed, 50 students",city
PAK,33.6938118,73.0651511,recipient,18,"Edoovillage #1275 - Pakistan, Islamabad: Saya School Maira A","اسلام آباد, زون 1, وفاقی دارالحکومت اسلام آباد, 44000, پاکستان, completed, 700 students",city
MWI,-13.2687204,33.9301963,recipient,7,"Edoovillage #1276 - Malawi, Yavundika Village:  St. Luke Sch","Malawi, open, 385 students",city
MWI,-13.2687204,33.9301963,recipient,7,"Edoovillage #1277 - Malawi, Lusangazi: Secondary School Capu","Malawi, open, 126 students",city
MWI,-13.2687204,33.9301963,recipient,7,"Edoovillage #1278 - Malawi, Bala: Primary School | Malawi-Hi","Malawi, open, 469 students",city
DEU,48.1371079,11.5753822,recipient,0,"Edoovillage #1279 - Germany, München: ArrivalAid","München, Bayern, Deutschland, completed, 40 students",city
NPL,27.5022074,85.6477927,recipient,9,"Edoovillage #1280 - Nepal, Lurpung: Shree Bhumestan Higher S","लुर्पुङ, Roshi-05, सिसाखानी, रोशी गाउँपालिका, काभ्रेपलाञ्चोक जिल्ला, बागमती प्रदेश, नेपाल, open, 160 students",city
UGA,1.787906,33.5007314,recipient,6,"Edoovillage #1281 - Uganda, Soroti: Tech for Matunda Hub","Soroti, Eastern Region, Uganda, completed, 40 students",city
DEU,48.1426663,11.5517123,recipient,1,"Edoovillage #1282 - Germany, Deutschland: Kinderhospize | St","Apple Deutschland GmbH, 19, Arnulfstraße, Ludwigsvorstadt, Ludwigsvorstadt-Isarvorstadt, München, Bayern, 80335, Deutschland, completed, 1 students",city
CIV,7.6890212,-5.0283552,recipient,7,"Edoovillage #1283 - Ivory Coast, Bouaké: AREBO","Bouaké, Gbêkê, Vallée du Bandama, Côte d’Ivoire, open, 120 students",city
ARM,40.5533712,44.9170837,recipient,14,"Edoovillage #1284 - Armenia, Varser: Mittelschule Varser","Վարսեր, Սևան համայնք, Գեղարքունիքի մարզ, Հայաստան, completed, 164 students",city
KEN,-1.302398,36.8288509,recipient,23,"Edoovillage #1285 - Kenya, Nairobi: New Horizon Home | Local","Nairobi, Zimmerman, Soko ya Mawe, Nairobi, Kenya, completed, 40 students",city
KEN,1.4419683,38.4313975,recipient,11,"Edoovillage #1286 - Kenya, Ukanda: CPU Cerebral Palsy | Fr. ","Kenya, completed, 37 students",city
KEN,-1.4796873,36.9571798,recipient,3,"Edoovillage #1287 - Kenya, Athi-Kitengela: Primary school of","Kenya Women Microfinance Bank, Kitengela., Namanga Road, Kitengela, Athi River, Kajiado East, Kajiado, Kenya, completed, 700 students",city
TGO,6.1691316,1.2925668,recipient,25,"Edoovillage #1288 - Togo, Adakpamé Lome: Ecole primaire publ","Eglise des Assemblées de Dieu du Togo Temple Bethlehem, Boulevard Malfakassa, Akodésséwa-Kponou, 2e Arrondissement, Lomé, Région Maritime, Togo, open, 500 students",city
NGA,5.6492083,7.3814958,recipient,12,"Edoovillage #1289 - Nigeria,  Ihitte-Uboma: MARGLEO Internat","Ihitte/Uboma, Imo, Nigeria, completed, 380 students",city
DEU,51.5142273,7.4652789,recipient,8,"Edoovillage #1291 - Germany, Dortmund: Flüchtlings- / Integr","Dortmund, Nordrhein-Westfalen, Deutschland, completed, 8 students",city
THA,12.5828399,99.8712454,recipient,18,"Edoovillage #1292 - Thailand, Hin Lek Fai, Hua Hin: X-cluesI","หินเหล็กไฟ, จังหวัดประจวบคีรีขันธ์, ประเทศไทย, completed, 190 students",city
ROU,47.0059038,27.8759352,recipient,15,"Edoovillage #1293 - Romania, Costuleni: Scoala Gimnaziala Co","Costuleni, Zona Metropolitană Iași, Iași, România, completed, 100 students",city
CHE,47.2579312,8.852696,recipient,50,"Edoovillage #1295 - Switzerland, Rüti: Freie Computer","Rüti (ZH), Bezirk Hinwil, Zürich, 8630, Schweiz/Suisse/Svizzera/Svizra, completed, 250 students",city
BIH,44.1063188,19.2952783,recipient,10,"Edoovillage #1296 - Bosnia and Herzegovina, Srebrenica: La T","Srebrenica, Opština Srebrenica, Република Српска / Republika Srpska, 75430, Bosna i Hercegovina / Босна и Херцеговина, completed, 10 students",city
CMR,3.8689867,11.5213344,recipient,6,"Edoovillage #1297 - Cameroon, Yaoundé: Lycée Technique de Ya","Communauté urbaine de Yaoundé, Mfoundi, Centre, Cameroun, open, 50 students",city
ZMB,-12.3681241,27.8357281,recipient,0,"Edoovillage #1298 - Zambia, Chililabombwe: Education - Zambi","Chililabombwe, Chililabombwe District, Copperbelt Province, Zambia, open, 50 students",city
UGA,0.3177137,32.5813539,recipient,1,"Edoovillage #1299 - Uganda, Kampala: Home care for women and","Kampala, Central Region, Uganda, open, 20 students",city
BFA,12.3681873,-1.5270944,recipient,29,"Edoovillage #1301 - Burkina Faso, Ouagadougou: Alpha Literac","Ouagadougou, Kadiogo, Centre, Burkina Faso, open, 4000 students",city
GMB,13.5500187,-16.4556594,recipient,27,"Edoovillage #1302 - Gambia, Medina Sotokoi: Smart Kids Acade","Medina Sotokoi, Lower Niumi, Kerewan, North Bank, Gambia, open, 250 students",city
UGA,0.3440212,32.6167227,recipient,0,"Edoovillage #1303 - Uganda, Nakawa: Innovation Nest - Kampal","Nakawa, Kampala Capital City, Kampala, Central Region, Uganda, open, 20 students",city
NGA,9.6000359,7.9999721,recipient,5,"Edoovillage #1304 - Nigeria, Umunohu: Servitenschule","Nigeria, open, 500 students",city
SYR,33.5130695,36.3095814,recipient,0,"Edoovillage #1305 - Syria, Damaskus: Rebuilt of School after","دمشق, بلدية دمشق القديمة, ناحية دمشق, منطقة دمشق, محافظة دمشق, سوريا, open, 230 students",city
ROU,45.9852129,24.6859225,recipient,6,"Edoovillage #1306 - Romania, Com Mariselu: Şcoala Gimnazială","România, completed, 300 students",city
ROU,45.8449461,24.9703211,recipient,70,"Edoovillage #1307 - Romania, Fagaras: Education for Life","Făgăraș, Brașov, 505200, România, open, 1500 students",city
KEN,1.4419683,38.4313975,recipient,25,"Edoovillage #1308 - Kenya, Maakani: Friends of Makaani","Kenya, completed, 40 students",city
LBN,33.8892265,35.5025585,recipient,52,"Edoovillage #1309 - Lebanon, Beirut: Beit bil Jnoub & Swiss4","بيروت, البسطة التحتا, باشورة, محافظة بيروت, لبنان, completed, 40 students",city
UGA,0.8456457,32.601848,recipient,5,"Edoovillage #1310 - Uganda, Luweero: LICSOU","Luweero, Central Region, Uganda, open, 350 students",city
MEX,32.365166,-117.0557923,recipient,9,"Edoovillage #1311 - Mexico, Rosarito: Study Room Centro Educ","Rosarito, Municipio de Playas de Rosarito, Baja California, 22703, México, completed, 20 students",city
DEU,51.4272925,6.8829192,recipient,7,"Edoovillage #1312 - Germany, Mülheim an der Ruhr: Discoverin","Mülheim an der Ruhr, Nordrhein-Westfalen, Deutschland, completed, 20 students",city
EGY,30.0443879,31.2357257,recipient,2,"Edoovillage #1313 - Egypt, Cairo: Center for Agricultural Re","القاهرة, مصر, completed, 0 students",city
COL,6.334997,-75.5582665,recipient,6,"Edoovillage #1314 - Colombia, Bello: Fundación Social Humani","Bello, Valle de Aburrá, Antioquia, RAP del Agua y la Montaña, 051053, Colombia, open, 420 students",city
GHA,8.0300284,-1.0800271,recipient,32,"Edoovillage #1315 - Ghana, Sekyedumasi Ash: Bruce Modern Int","Ghana, completed, 400 students",city
COD,-4.3196982,15.3424196,recipient,24,"Edoovillage #1316 - Congo (Kinshasa), Kinshasa: College Mate","Kinshasa, République démocratique du Congo, completed, 510 students",city
GHA,4.9538284,-1.7309381,recipient,23,"Edoovillage #1317 - Ghana, Ketan Sekondi: Youth Foundation L","Ketan Container Post Office, Ketan Road, Adiembra, Sekondi Takoradi Metropolitan District, Western Region, WS027, Ghana, completed, 200 students",city
UGA,0.6085124,33.4755214,recipient,2,"Edoovillage #1318 - Uganda, Kasokoso North: ICT Literacy Pro","Kasokoso North, Iganga, Eastern Region, Uganda, completed, 60 students",city
HKG,22.304723,113.8986393,recipient,0,"Edoovillage #1319 - Hong Kong S.A.R., China, Yuen Long, N.T:","中國飛機服務有限公司 China Aircraft Services Limited, 南環路 South Perimeter Road, 赤鱲角 Chek Lap Kok, 大嶼山 Lantau, 離島區 Islands District, 新界 New Territories, 香港 Hong Kong, 中国, open, 8 students",city
ZAF,-33.9288301,18.4172197,recipient,11,"Edoovillage #1320 - South Africa, Cape Town: Egoli Community","Cape Town, City of Cape Town, Western Cape, 8001, South Africa, completed, 24 students",city
UGA,0.3446092,33.8711361,recipient,9,"Edoovillage #1321 - Uganda, Namayingo district: Infants’ Hea","Namayingo District Local Government Headquarters, NDLG access road, Namayingo, Eastern Region, Uganda, open, 130 students",city
UGA,0.2896368,32.8052602,recipient,0,"Edoovillage #1322 - Uganda, Namakwa: Youth Post Uganda (YPU)","Namakwa, Mukono, Central Region, Uganda, open, 523 students",city
EGY,28.4963633,34.5145652,recipient,11,"Edoovillage #1323 - Egypt, Dahab: Kind & Kunst","دهب, جنوب سيناء, 45214, مصر, completed, 100 students",city
DEU,48.5162681,11.8969383,recipient,1,"Edoovillage #1325 - Germany, Mauern: Familienkrebshilfe Sonn","Mauern, Mauern (VGem), Landkreis Freising, Bayern, 85419, Deutschland, completed, 1 students",city
ECU,-1.0172477,-79.4454347,recipient,2,"Edoovillage #1326 - Ecuador, Libertad: Unidad de Educación M","Libertad, San Camilo, LOT. KARINA Mz. ""B"", Quevedo, Los Ríos, 120304, Ecuador, open, 150 students",city
CMR,4.6125522,13.1535811,recipient,2,"Edoovillage #1327 - Cameroon, Biem Assi, Yaoundé: Academi Cu","Cameroun, completed, 10 students",city
DEU,50.7352621,7.1024635,recipient,46,"Edoovillage #1328 - Germany, bonn: Projektkoordination Ost A","Bonn, Nordrhein-Westfalen, Deutschland, completed, 400 students",city
SYR,33.5130695,36.3095814,recipient,18,"Edoovillage #1329 - Syria, Damaskus: Schule Maaruneh | Korbg","دمشق, بلدية دمشق القديمة, ناحية دمشق, منطقة دمشق, محافظة دمشق, سوريا, open, 230 students",city
CHE,46.5218269,6.6327025,recipient,10,"Edoovillage #1330 - Switzerland, Lausanne: Terre des Hommes ","Lausanne, District de Lausanne, Vaud, Schweiz/Suisse/Svizzera/Svizra, completed, 5309 students",city
SEN,14.791461,-16.925605,recipient,12,"Edoovillage #1331 - Senegal, Thiès: LANS Lycée Ahmadou Ndack","Thiès, Commune de Thiès Ouest, Arrondissement de Thiès Sud, Département de Thiès, Région de Thiès, Sénégal, completed, 24 students",city
TZA,-5.7272268,39.2992016,recipient,6,"Edoovillage #1332 - Tanzania, Nungwi: Kwetu School Sansibar","Nungwi, Kaskazini A, Unguja Kaskazini, Zanzibar زنجبار, 73107, Tanzania, completed, 133 students",city
MAR,28.3347722,-10.3713379,recipient,0,"Edoovillage #1333 - Morocco, douar douagher lalla yetto kcei","Maroc ⵍⵎⵖⵔⵉⴱ المغرب, open, 540 students",city
UGA,0.1891272,30.0898006,recipient,26,"Edoovillage #1334 - Uganda, Kasese Municipality: Rwenzori Vo","Uganda Martyr's Nyakasanga Primary School, A5, Nyakasanga Lower, Kasese, Western Region, Uganda, open, 146 students",city
KEN,-0.509908,34.734576,recipient,0,"Edoovillage #1335 - Kenya, Oyugis: St. Marys School | Kaarst","Oyugis, West Kamagak ward, Kasipul, Homa Bay, 40222, Kenya, open, 400 students",city
GHA,10.372021,-2.664189,recipient,3,"Edoovillage #1336 - Ghana, Nadowli: St. Augustine Senior Hig","Nadowli, Nadowli-Kaleo District, Upper West Region, Ghana, open, 800 students",city
ZAF,-33.9288301,18.4172197,recipient,1,"Edoovillage #1337 - South Africa, Cape Town: Ubuntu Football","Cape Town, City of Cape Town, Western Cape, 8001, South Africa, open, 25 students",city
UGA,0.4307,33.1503623,recipient,17,"Edoovillage #1338 - Uganda, Njeru: Njeru Municiparity ARISE ","Njeru, Buikwe, Central Region, Uganda, completed, 30 students",city
UGA,0.1273955,32.2527517,recipient,6,"Edoovillage #1339 - Uganda, Mpigi: Tusafishe Clear Water Pro","Mpigi, Central Region, Uganda, completed, 8 students",city
UGA,-0.1082545,31.9965461,recipient,4,"Edoovillage #1340 - Uganda, Bukibira: Uganics Women empowerm","Bukibira, Mpigi, Central Region, Uganda, open, 9 students",city
GHA,10.5366328,-2.7008646,recipient,1,"Edoovillage #1341 - Ghana, Jirapa: Ghana, Power House Intern","Jirapa, Jirapa Municipal District, Upper West Region, Ghana, open, 93 students",city
PAK,32.8322272,73.9329261,recipient,2,"Edoovillage #1342 - Pakistan, PINDI HASHIM: FREE EAR CAMPS |","پنڈی ہاشم, تحصیل کھاریاں, ضلع گجرات, گجرات ڈویژن, پنجاب, 50151, پاکستان, completed, 50 students",city
UGA,0.1273955,32.2527517,recipient,0,"Edoovillage #1343 - Uganda, Mpigi: Kaleke Kasome Foundation ","Mpigi, Central Region, Uganda, open, 400 students",city
DEU,50.0165178,6.4184628,recipient,1,"Edoovillage #1344 - Germany, Hamm: Karlschule Hamm Integrati","Hamm, Bitburger Land, Eifelkreis Bitburg-Prüm, Rheinland-Pfalz, Deutschland, completed, 1 students",city
SEN,14.693425,-17.447938,recipient,6,"Edoovillage #1345 - Senegal, Dakar: Ekando Kumer; Studenteng","Dakar, Région de Dakar, Sénégal, open, 12 students",city
SEN,16.0915413,-14.7337786,recipient,4,"Edoovillage #1346 - Senegal, St Luis: Ekando Kumer; Studente","Région de Saint-Louis, Sénégal, open, 12 students",city
SEN,12.388451,-16.738502,recipient,10,"Edoovillage #1347 - Senegal, Cap Skirring: Ekando Kumer; Stu","Cap Skirring, Communauté rurale de Diembéring, Arrondissement de Kabrousse, Département d'Oussouye, Région de Ziguinchor, Sénégal, open, 12 students",city
NGA,8.0285326,3.3585943,recipient,27,"Edoovillage #1348 - Nigeria, kajola: Oyo-State Illero IREPOD","Kajola, Oyo, Nigeria, completed, 300 students",city
UGA,0.4573306,30.2785276,recipient,2,"Edoovillage #1349 - Uganda, Kimya: Kumwenya Eco-School","Kimya, Kabarole, Western Region, Uganda, open, 175 students",city
HND,15.6127426,-87.950694,recipient,5,"Edoovillage #1350 - Honduras, Choloma: Con la educación pode","Choloma, Cortés, 21112, Honduras, open, 598 students",city
MWI,-12.0657337,34.7316261,recipient,15,"Edoovillage #1351 - Malawi, Likoma Island: Computer Training","Likoma Island, Chiponde, Ilha Likoma, Likoma, Northern Region, Malawi, completed, 165 students",city
UGA,1.0528314,34.392673,recipient,16,"Edoovillage #1352 - Uganda, Bushiyi: Secondary School Bushiy","Bushiyi, Bugisa sub-region, Bududa, Eastern Region, Uganda, completed, 250 students",city
UGA,-0.5921473,30.6592204,recipient,28,"Edoovillage #1353 - Uganda, Busulwa: Secondary School Busulw","Busulwa Link III, Survey Camp, Mbarara City, Western Region, Uganda, completed, 250 students",city
TZA,-3.3696827,36.6880794,recipient,36,"Edoovillage #1354 - Tanzania, Arusha: Edmund Rice Sinon Seco","Arusha, Arusha Municipal, Arusha, Northern Zone, 23103, Tanzania, open, 1400 students",city
UGA,0.3177137,32.5813539,recipient,0,"Edoovillage #1355 - Uganda, Kampala: Start Hub Africa | Star","Kampala, Central Region, Uganda, completed, 200 students",city
SLE,8.479004,-13.26795,recipient,3,"Edoovillage #1356 - Sierra Leone, Freetown: LadooVillage Sch","Freetown, Western Area Urban, Western Area, Sierra Leone, open, 298 students",city
UGA,0.1273955,32.2527517,recipient,5,"Edoovillage #1357 - Uganda, Mpigi: Techforcommunity","Mpigi, Central Region, Uganda, open, 112 students",city
ROU,45.9852129,24.6859225,recipient,23,"Edoovillage #1358 - Romania, Sanjob: Village school close to","România, completed, 50 students",city
ARM,40.7696272,44.6736646,recipient,0,"Edoovillage #1359 - Armenia, Aghzk: Aghzk Mittelschule","Հայաստան, open, 187 students",city
CMR,3.8689867,11.5213344,recipient,2,"Edoovillage #1360 - Cameroon, Yaoundé: St Joseph’s Foundatio","Communauté urbaine de Yaoundé, Mfoundi, Centre, Cameroun, open, 603 students",city
GHA,6.7140825,-1.6272866,recipient,32,"Edoovillage #1361 - Ghana, Mamponteng Kumasi: Wadie Adwumaka","Ghana Water Company Limited, Ejura-Kumasi Road, Medoma, Mamponteng, Suame Municipal District, Ashanti Region, AK-010-1295, Ghana, completed, 300 students",city
GMB,13.470062,-15.4900464,recipient,15,"Edoovillage #1362 - Gambia, Lamin Daranka: John Pickering Up","Gambia, completed, 500 students",city
BEN,9.5293472,2.2584408,recipient,5,"Edoovillage #1363 - Benin, Houndjroto-Abomey:  Waisenhaus Ce","Bénin, open, 72 students",city
ROU,44.0186321,25.659884,recipient,15,"Edoovillage #1364 - Romania, Toporu: Scoala Gimnaziala Petre","Toporu, Giurgiu, România, completed, 119 students",city
KEN,-1.302398,36.8288509,recipient,0,"Edoovillage #1365 - Kenya, Nairobi: COTRR","Nairobi, Zimmerman, Soko ya Mawe, Nairobi, Kenya, completed, 30 students",city
GTM,14.8464612,-91.5194208,recipient,8,"Edoovillage #1366 - Guatemala, Quetzaltenango: Ninos en Xela","Quetzaltenango, Guatemala, completed, 80 students",city
CHE,47.3744489,8.5410422,recipient,4,"Edoovillage #1367 - Switzerland, Zurich: Winterstube (COVID-","Zürich, Bezirk Zürich, Zürich, Schweiz/Suisse/Svizzera/Svizra, completed, 10 students",city
TGO,8.7800265,1.0199765,recipient,5,"Edoovillage #1368 - Togo, Dangbéssito: Foyer Antonio","Togo, completed, 20 students",city
PRY,-25.2800459,-57.6343814,recipient,20,"Edoovillage #1369 - Paraguay, Asunción: Penguin Academy","Asunción, Distrito Capital, Región Oriental, 001013, Paraguay / Paraguái, completed, 30 students",city
CHE,46.9484742,7.4521749,recipient,7,"Edoovillage #1370 - Switzerland, Bern: Migrabe (COVID-19-CH)","Bern, Verwaltungskreis Bern-Mittelland, Verwaltungsregion Bern-Mittelland, Bern/Berne, Schweiz/Suisse/Svizzera/Svizra, completed, 7 students",city
CHE,47.034146,8.2807994,recipient,5,"Edoovillage #1371 - Switzerland, Kriens: Verein Hope (COVID-","Kriens, Luzern, Schweiz/Suisse/Svizzera/Svizra, completed, 40 students",city
CHE,46.9484742,7.4521749,recipient,48,"Edoovillage #1372 - Switzerland, Bern: VSS-UNES","Bern, Verwaltungskreis Bern-Mittelland, Verwaltungsregion Bern-Mittelland, Bern/Berne, Schweiz/Suisse/Svizzera/Svizra, completed, 50 students",city
ZAF,-29.060556,30.588889,recipient,10,"Edoovillage #1373 - South Africa, Greytown: Greytown Childre","Greytown, Umvoti Local Municipality, Umzinyathi District Municipality, KwaZulu-Natal, South Africa, completed, 165 students",city
TGO,6.9106565,0.6323982,recipient,0,"Edoovillage #1374 - Togo, Kpalime: Lycée de Nyveme |  Togo G","Kpalimé, Région des Plateaux, Togo, completed, 1020 students",city
GHA,5.5571096,-0.2012376,recipient,10,"Edoovillage #1375 - Ghana, Accra: Golden Sunbeam Pre- and JH","Accra, Korle-Klottey Municipal District, Greater Accra Region, Ghana, completed, 650 students",city
LAO,20.0171109,103.378253,recipient,10,"Edoovillage #1376 - Laos, Ban Phone Ngeng: Computer Classroo","ປະເທດລາວ, open, 500 students",city
DEU,51.1638175,10.4478313,recipient,2,"Edoovillage #1377 - Germany, Bundesweit: Private Hilfsinitia","Deutschland, completed, 1 students",city
CHE,46.3820585,6.2402791,recipient,5,"Edoovillage #1378 - Switzerland, Nyon: Water Inception","Nyon, District de Nyon, Vaud, 1260, Schweiz/Suisse/Svizzera/Svizra, completed, 30 students",city
SLE,8.479004,-13.26795,recipient,19,"Edoovillage #1379 - Sierra Leone, Freetown: Alpha Foundation","Freetown, Western Area Urban, Western Area, Sierra Leone, open, 35 students",city
ESP,41.3825802,2.177073,recipient,4,"Edoovillage #1380 - Spain, Barcelona: Institut Joan d'Àustri","Barcelona, Barcelonès, Barcelona, Catalunya, España, completed, 734 students",city
NPL,28.1732872,85.3576433,recipient,2,"Edoovillage #1381 - Nepal, Gosaikunda Khamjin: Childhome Kha","Shree Nepal Rastriya Pra Vi, Langtang Trek Trail, सुर्का, Gosaikunda-03, गोसाइँकुण्ड गाउँपालिका, रसुवा जिल्ला, बागमती प्रदेश, नेपाल, open, 8 students",city
ROU,45.3638476,25.7449103,recipient,12,"Edoovillage #1382 - Romania, Valea Doftanei: CoderDojo","Valea Doftanei, Prahova, România, open, 712 students",city
ZMB,-15.4163395,28.2818414,recipient,3,"Edoovillage #1383 - Zambia, Lusaka: DigiHub","Lusaka, Lusaka District, Lusaka Province, 10101, Zambia, completed, 20 students",city
GHA,8.4892994,0.3094664,recipient,11,"Edoovillage #1384 - Ghana, Kpassa: Fair River International ","Kpassa, Nkwanta North District, Oti Region, Ghana, completed, 80 students",city
TZA,-2.0554127,35.6219564,recipient,0,"Edoovillage #1385 - Tanzania, Loliondo: EMBUDEO","Loliondo, Ngorongoro, Arusha, Northern Zone, Tanzania, open, 40 students",city
CIV,5.7850195,-6.5933223,recipient,0,"Edoovillage #1386 - Ivory Coast, Soubré:  Groupe scolaire So","Soubré, Nawa, Bas-Sassandra, Côte d’Ivoire, open, 248 students",city
GHA,6.7676435,-1.6936487,recipient,15,"Edoovillage #1387 - Ghana, Asamang: Amoakohene  D/A Junior H","Asamang, Atwima-Nwabiagya North District, Ashanti Region, Ghana, completed, 187 students",city
GHA,6.7676435,-1.6936487,recipient,15,"Edoovillage #1388 - Ghana, Asamang: R/C Primary School | Una","Asamang, Atwima-Nwabiagya North District, Ashanti Region, Ghana, completed, 350 students",city
DEU,51.434999,6.759562,recipient,0,"Edoovillage #1389 - Germany, Duisburg: KGS Don Bosco","Duisburg, Nordrhein-Westfalen, Deutschland, completed, 280 students",city
BEN,9.5293472,2.2584408,recipient,0,"Edoovillage #1390 - Benin,  Kpozoun: Complexe scolaire Kpozo","Bénin, open, 308 students",city
UGA,0.3177137,32.5813539,recipient,27,"Edoovillage #1391 - Uganda, Kampala: Integrated Development ","Kampala, Central Region, Uganda, completed, 65 students",city
UGA,-0.9122143,29.616956,recipient,0,"Edoovillage #1392 - Uganda, Kyeshero: KYESHERO COMMUNITY VOC","Kyeshero, Nyakishojwa, Kayonza Sub-County, Kanungu, Western Region, Uganda, open, 160 students",city
GHA,5.5571096,-0.2012376,recipient,12,"Edoovillage #1393 - Ghana, Accra: Paradise Children Academy ","Accra, Korle-Klottey Municipal District, Greater Accra Region, Ghana, completed, 620 students",city
CIV,5.320357,-4.016107,recipient,1,"Edoovillage #1394 - Ivory Coast, Abidjan: AJECI Côte d’Ivoir","Abidjan, Côte d’Ivoire, open, 156 students",city
NPL,27.708317,85.3205817,recipient,20,"Edoovillage #1395 - Nepal, Kathmandu: Center for disabled ch","काठमाडौँ महानगरपालिका, काठमाडौं जिल्ला, बागमती प्रदेश, नेपाल, open, 34 students",city
NPL,27.7262537,86.7812043,recipient,25,"Edoovillage #1396 - Nepal, Solukhumbu: Classrooms in the Clo","सोलुखुम्बु जिल्ला, कोशी प्रदेश, नेपाल, open, 54 students",city
NGA,9.6000359,7.9999721,recipient,0,"Edoovillage #1397 - Nigeria, lokongoma Lokoja: Back2School","Nigeria, open, 30 students",city
ESP,41.9793006,2.8199439,recipient,5,"Edoovillage #1398 - Spain, Girona: CRAE nova llar de futur","Girona, Gironès, Girona, Catalunya, España, open, 10 students",city
GHA,5.5571096,-0.2012376,recipient,0,"Edoovillage #1399 - Ghana, Accra: AnyBodyCanDevelop (ABCD)","Accra, Korle-Klottey Municipal District, Greater Accra Region, Ghana, open, 50 students",city
ROU,45.9852129,24.6859225,recipient,21,"Edoovillage #1400 - Romania, Sanjob: Village school close to","România, completed, 50 students",city
CMR,4.0158819,9.1113969,recipient,10,"Edoovillage #1401 - Cameroon, Sokolo: Bildungszentrum | Afri","Sokolo new road, Mokundange, Limbé II, Communauté urbaine de Limbé, Fako, Southwest, Cameroun, completed, 20 students",city
DEU,53.86878,8.698286,recipient,0,"Edoovillage #1402 - Germany, Cuxhaven: Private Hilfsinitiati","Cuxhaven, Landkreis Cuxhaven, Niedersachsen, Deutschland, completed, 1 students",city
MWI,-13.8606246,33.3746677,recipient,64,"Edoovillage #1403 - Malawi, Majiga: Music Crossroads Malawi ","Majiga, Lilongwe, Central Region, Malawi, open, 6000 students",city
GHA,10.642831,-2.893139,recipient,4,"Edoovillage #1404 - Ghana, Lawra: Digitization Methodist Cli","Lawra, Lawra Municipal District, Upper West Region, Ghana, completed, 0 students",city
HTI,18.7849632,-73.060524,recipient,5,"Edoovillage #1405 - Haiti, Pointe, Grand-Bois/Cornillon: Ser","Pointe-à-Raquette, Commune Pointe-à-Raquette, Arrondissement de La Gonâve, Département de l'Ouest, Ayiti, completed, 50 students",city
GHA,5.532573,-0.437491,recipient,8,"Edoovillage #1406 - Ghana, Kasoa: Cosmic Academy | Plietsch ","Kasoa, Gomoa East District, Central Region, Ghana, open, 100 students",city
CMR,5.4469923,10.053309,recipient,18,"Edoovillage #1407 - Cameroon, Dschang: Computer literacy | A","Dschang, Menoua, Ouest, Cameroun, open, 233 students",city
CMR,3.8689867,11.5213344,recipient,25,"Edoovillage #1409 - Cameroon, Yaoundé: Groupe Scolaire Bilin","Communauté urbaine de Yaoundé, Mfoundi, Centre, Cameroun, open, 353 students",city
GHA,10.7853963,-0.8487322,recipient,19,"Edoovillage #1074 - Ghana, Bolgatanga:  Future For Africa (P","Bolgatanga, Upper East Region, Ghana, open, 230 students",city
DEU,51.2562118,6.3905476,recipient,1,"Edoovillage #1410 - Germany, Viersen: Flüchtlings- / Integra","Viersen, Kreis Viersen, Nordrhein-Westfalen, Deutschland, completed, 1 students",city
DZA,27.6721823,-8.1404163,recipient,7,"Edoovillage #1411 - Algeria, Tindouf: Technology Center in t","Tindouf ⵜⵉⵏⴷⵓⴼ تندوف, دائرة تندوف ⴰⴷⴷⴰⵢⵔⵜ ⵏ ⵜⵉⵏⴷⵓⴼ, تندوف ⵜⵉⵏⴷⵓⴼ, 37000, ⵍⵣⵣⴰⵢⴻⵔ الجزائر, open, 20 students",city
NGA,6.8561,7.3927,recipient,4,"Edoovillage #1412 - Nigeria, Nsukka: University primary scho","Nsukka, Enugu, Nigeria, open, 1250 students",city
COD,-1.6665685,29.225652,recipient,9,"Edoovillage #1413 - Congo (Kinshasa), Goma: Séminaire Propéd","Goma, Nord-Kivu, République démocratique du Congo, open, 50 students",city
ZWE,-17.922895,25.8476849,recipient,15,"Edoovillage #1414 - Zimbabwe, Victoria Falls: Umhambi Childr","Devil's Cataract, Victoria Falls, Hwange, Matabeleland North, Zimbabwe, completed, 30 students",city
DEU,51.434999,6.759562,recipient,38,"Edoovillage #1408 - Germany, Duisburg: GHS Ludgerusstraße Sp","Duisburg, Nordrhein-Westfalen, Deutschland, completed, 51 students",city
CMR,3.8996099,11.8834238,recipient,0,"Edoovillage #1415 - Cameroon, Awaé: Ecole Privée Bilingue le","Awaé, Méfou-et-Afamba, Centre, Cameroun, open, 890 students",city
IND,22.3913377,92.7397189,recipient,1,"Edoovillage #1416 - India, Lawngtlai: LAIRAM HIGHER ACADEMY ","Lawngtlai, Mizoram, India, open, 26 students",city
CMR,4.010289,9.207058,recipient,48,"Edoovillage #1417 - Cameroon, Limbe: Rising Hope Foundation ","Limbé, Limbé I, Communauté urbaine de Limbé, Fako, Southwest, Cameroun, completed, 2550 students",city
MNG,47.9184676,106.9177016,recipient,6,"Edoovillage #1418 - Mongolia, Ulaanbaatar: Mahrberg Library ","Улаанбаатар ᠤᠯᠠᠭᠠᠨ ᠪᠠᠭᠠᠲᠤᠷ, Монгол улс ᠮᠤᠩᠭᠤᠯ ᠤᠯᠤᠰ, completed, 20 students",city
SEN,14.4750607,-14.4529612,recipient,119,"Edoovillage #1419 - Senegal, Thionk Essyl : Foundawtion – CE","Sénégal, open, 500 students",city
PER,-18.01386,-70.2511032,recipient,2,"Edoovillage #1420 - Peru, Tacna,: Tech for Tacna","Tacna, 23001, Perú, completed, 40 students",city
KGZ,42.8761424,74.6036724,recipient,30,"Edoovillage #1421 - Kyrgyzstan, Bishkek: Technovation Kyrgyz","Бишкек шаары, Кыргызстан, completed, 150 students",city
MNG,48.5427225,99.4110136,recipient,16,"Edoovillage #1422 - Mongolia, Jargalant: Bulgan Soum School","Жаргалант ᠵᠢᠷᠭᠠᠯᠠᠩᠲᠤ, Хөвсгөл ᠬᠥᠪᠰᠦᠭᠦᠯ, Монгол улс ᠮᠤᠩᠭᠤᠯ ᠤᠯᠤᠰ, completed, 863 students",city
AGO,-8.8272699,13.2439512,recipient,51,"Edoovillage #1423 - Angola, Luanda: Ecole Primaire de Palank","Luanda, Município de Luanda, Luanda, Angola, completed, 700 students",city
KEN,-3.4005109,38.3647309,recipient,0,"Edoovillage #1424 - Kenya, Taita Bura: Primary School","Taita Research Station, Bura-A23 Shelemba - Msau-Mgange DWD, Sungululu, Wundanyi, Taita Taveta, Kenya, completed, 228 students",city
KEN,-11.6985289,27.484943,recipient,2,"Edoovillage #1425 - Kenya, Makutano: Hope Theatre","Makutano, Lualaba, Kenya, Ville de Lubumbashi, Haut-Katanga, République démocratique du Congo, completed, 40 students",city
KEN,-1.302398,36.8288509,recipient,4,"Edoovillage #1426 - Kenya, Nairobi: Fountain Youth Initiativ","Nairobi, Zimmerman, Soko ya Mawe, Nairobi, Kenya, completed, 100 students",city
KEN,0.0819339,36.2080925,recipient,2,"Edoovillage #1427 - Kenya, Kahawa: FRED KISEREM EPILEPTIC FO","Kahawa, Waseges ward, Subukia, Nakuru, Kenya, open, 3 students",city
BEN,6.3883739,2.4212064,recipient,19,"Edoovillage #1428 - Benin, Ahouansori Cotonou: ASSOCIATION L","Ahouansori-Agué, Dantokpa, 6ème Arrondissement, Cotonou, Littoral, Bénin, open, 303 students",city
BEN,6.3171425,5.5996506,recipient,2,"Edoovillage #1429 - Benin, Benin: ASSOCIATION DES FEMMES DU ","Benin City Airport, 1st Freedom Street, Benin City, Oredo, Edo, 300102, Nigeria, open, 30 students",city
SLE,8.479004,-13.26795,recipient,3,"Edoovillage #1430 - Sierra Leone, Freetown: Strassenkinderpr","Freetown, Western Area Urban, Western Area, Sierra Leone, open, 20 students",city
UGA,0.3177137,32.5813539,recipient,13,"Edoovillage #1431 - Uganda, Kampala: SINA LOKETA","Kampala, Central Region, Uganda, open, 30 students",city
NZL,-36.852095,174.7631803,recipient,13,"Edoovillage #1432 - New Zealand, Auckland: Shine Foundation","Auckland, Waitematā, Auckland, 1010, New Zealand / Aotearoa, open, 0 students",city
BIH,44.4429857,18.8756758,recipient,15,"Edoovillage #1433 - Bosnia and Herzegovina, Kalesija: Grunds","Kalesija, Općina Kalesija, Tuzlanski kanton, Federacija Bosne i Hercegovine, 75260, Bosna i Hercegovina / Босна и Херцеговина, completed, 703 students",city
BIH,44.0182913,18.2608652,recipient,25,"Edoovillage #1435 - Bosnia and Herzegovina, Breza: Osnovna S","Breza, Općina Breza, Zeničko-dobojski kanton, Federacija Bosne i Hercegovine, 71370, Bosna i Hercegovina / Босна и Херцеговина, completed, 687 students",city
BIH,44.0182913,18.2608652,recipient,29,"Edoovillage #1436 - Bosnia and Herzegovina, Breza: MSŠ Mehme","Breza, Općina Breza, Zeničko-dobojski kanton, Federacija Bosne i Hercegovine, 71370, Bosna i Hercegovina / Босна и Херцеговина, completed, 368 students",city
SEN,14.4750607,-14.4529612,recipient,6,"Edoovillage #1437 - Senegal, Marda: Projecte d’equipament in","Sénégal, open, 263 students",city
GHA,6.7864529,-1.5663592,recipient,25,"Edoovillage #1294 - Ghana, Mamponteng: FAWOADE R/C SCHOOL CO","Mamponteng, Kwabre East Municipal District, Ashanti Region, Ghana, completed, 400 students",city
UGA,0.9020591,34.2066034,recipient,8,"Edoovillage #1000 - Uganda, Bukaya: REACT NOW SAVE YOUNG MOT","Bukaya, Bugisa sub-region, Mbale, Eastern Region, Uganda, open, 42 students",city
CMR,6.0056298,10.1038897,recipient,9,"Edoovillage #999 - Cameroon, Mankon, Bamenda: UYO United You","Mankon, Communauté urbaine de Bamenda, Mezam, Northwest, Cameroun, open, 90 students",city
COD,-2.5055839,28.8594885,recipient,32,"Edoovillage #998 - Congo (Kinshasa), Bukavu: NHBH NEW HOPE F","Bukavu, Sud-Kivu, République démocratique du Congo, completed, 300 students",city
TGO,6.130419,1.215829,recipient,4,"Edoovillage #997 - Togo, Lomé: JUNA Jeunesse Unie pour une N","Lomé, Région Maritime, Togo, open, 30 students",city
TGO,8.7800265,1.0199765,recipient,0,"Edoovillage #996 - Togo, Tabligbo-Ville (Cité A): SOS-DEVEVE","Togo, open, 10 students",city
BEN,7.1820012,1.993632,recipient,0,"Edoovillage #995 - Benin, Abomey: Association SEGANHO des pe","Abomey, Zou, Bénin, open, 60 students",city
BEN,6.3676953,2.4252507,recipient,0,"Edoovillage #994 - Benin, Cotonou: AEIPED Association d’Entr","Cotonou, Littoral, Bénin, open, 30 students",city
TGO,6.5910348,1.4998082,recipient,0,"Edoovillage #993 - Togo, Tabligbo: ONG ADEAVE | HeidelbergCe","Tabligbo, Région Maritime, Togo, open, 250 students",city
UGA,0.3177137,32.5813539,recipient,3,"Edoovillage #992 - Uganda, Kampala: Auro Foundation | AMAIDI","Kampala, Central Region, Uganda, completed, 95 students",city
UGA,0.1891272,30.0898006,recipient,0,"Edoovillage #990 - Uganda, Kasese Municipality: Semuliki Voc","Uganda Martyr's Nyakasanga Primary School, A5, Nyakasanga Lower, Kasese, Western Region, Uganda, open, 120 students",city
CHE,47.4991723,8.7291498,recipient,20,"Edoovillage #989 - Switzerland, Winterthur: Primarschule Tal","Winterthur, Bezirk Winterthur, Zürich, Schweiz/Suisse/Svizzera/Svizra, completed, 24 students",city
ALB,40.5993375,19.7360208,recipient,22,"Edoovillage #988 - Albania, Ballsh: Grundschule 'Beselidhja'","Ballsh, Bashkia Mallakastër, Qarku i Fierit, Shqipëria Jugore, 9308, Shqipëria, open, 372 students",city
GAB,0.4086518,9.4418849,recipient,10,"Edoovillage #1438 - Gabon, Libreville: EL-ELYON Multimedia r","Libreville, Estuaire, Gabon, open, 100 students",city
GEO,41.9245899,44.4186645,recipient,0,"Edoovillage #1439 - Georgia, Kaspi: Public school #2 | Think","კასპი, კასპის მუნიციპალიტეტი, შიდა ქართლი, საქართველო, completed, 52 students",city
ROU,47.2628461,22.1301322,recipient,13,"Edoovillage #1440 - Romania, Saniob: Village school close to","Sâniob, Bihor, România, open, 60 students",city
DEU,51.5110321,7.0960124,recipient,4,"Edoovillage #1442 - Germany, Gelsenkirchen: Lebenstraum Kids","Gelsenkirchen, Nordrhein-Westfalen, Deutschland, completed, 30 students",city
KEN,-1.1438281,37.5484852,recipient,4,"Edoovillage #1443 - Kenya, Matuu: Kivingoni Primary School |","Matuu, Matuu ward, Yatta, Machakos, Kenya, open, 416 students",city
NAM,-22.5776104,17.0772739,recipient,45,"Edoovillage #1444 - Namibia, Windhoek: A. Shipena Secondary ","Windhoek, Khomas Region, Namibia, completed, 1100 students",city
GHA,7.0812752,-2.0269601,recipient,20,"Edoovillage #1445 - Ghana, Bechem Kumasi: Presbyterian Senio","Bechem School for the Deaf, Sunyani - Kumasi road, Fawumang, Tano South Municipal District, Ahafo Region, Ghana, completed, 2761 students",city
GHA,7.056139,-1.40425,recipient,25,"Edoovillage #1446 - Ghana, Mampong: Ejuraman Secondary Schoo","Mampong, Mampong Municipal District, Ashanti Region, Ghana, open, 450 students",city
ZAF,-28.8166236,24.991639,recipient,29,"Edoovillage #1447 - South Africa, Kwa-Guqa: Township-Schule ","South Africa, open, 1200 students",city
UGA,-0.0523245,32.7262557,recipient,0,"Edoovillage #1448 - Uganda, Mukono: KIDA KATOSI INTER-COMMUN","Mukono, Central Region, Uganda, open, 84 students",city
SOM,2.0349312,45.3419183,recipient,33,"Edoovillage #1449 - Somalia, Mogadishu: Darul Hikma Universi","Muqdisho مقديشو, Hamar Weyne حي حمروين, Banaadir بنادر, BN 09010, Soomaaliya الصومال, open, 950 students",city
USA,29.7589382,-95.3676974,recipient,2,"Edoovillage #1450 - United States, Houston: ASPIRE Tutorials","Houston, Harris County, Texas, United States, completed, 130 students",city
DEU,51.4582235,7.0158171,recipient,10,"Edoovillage #1451 - Germany, Essen: Zukunft Bildungswerk gUG","Essen, Nordrhein-Westfalen, Deutschland, completed, 40 students",city
ETH,9.0358119,38.7524315,recipient,20,"Edoovillage #1452 - Ethiopia, Addis Ababa: Hamlin College of","አዲስ አበባ / Addis Ababa, Arada, አዲስ አበባ Addis Ababa أديس أبابا, አዲስ አበባ أديس أبابا, 3578, ኢትዮጵያ, completed, 98 students",city
DEU,51.4582235,7.0158171,recipient,32,"Edoovillage #1453 - Germany, Essen: Grundschule Cranachschul","Essen, Nordrhein-Westfalen, Deutschland, completed, 350 students",city
GEO,42.5475257,42.308838,recipient,9,"Edoovillage #1454 - Georgia, Taleri / ტალერი: Dorfschule | B","ტალერი, მარტვილის მუნიციპალიტეტი, სამეგრელო-ზემო სვანეთი, 3100, საქართველო, open, 107 students",city
SLE,8.479004,-13.26795,recipient,10,"Edoovillage #1455 - Sierra Leone, Freetown: Sierra Leone, Fr","Freetown, Western Area Urban, Western Area, Sierra Leone, open, 100 students",city
KGZ,41.5089324,74.724091,recipient,2,"Edoovillage #1456 - Kyrgyzstan, Kaiyndy: Kaiyndy Aaly Tokomb","Кыргызстан, open, 700 students",city
DEU,54.105858,11.9026057,recipient,3,"Edoovillage #1457 - Germany, Bad Doberan: AWO Kita Uns Windr","Bad Doberan, Landkreis Rostock, Mecklenburg-Vorpommern, Deutschland, completed, 182 students",city
COD,-4.7572403,21.4761438,recipient,0,"Edoovillage #1458 - Congo (Kinshasa), Bulongo: BULONGO FRIEN","Bulongo, Kasaï, République démocratique du Congo, open, 40 students",city
UGA,0.3177137,32.5813539,recipient,11,"Edoovillage #1459 - Uganda, Kampala: Infants' Health Foundat","Kampala, Central Region, Uganda, open, 300 students",city
MEX,31.8658887,-116.602983,recipient,3,"Edoovillage #1460 - Mexico, Ensenada: LET'S BUILD A CHURCH","Ensenada, Municipio de Ensenada, Baja California, México, completed, 0 students",city
MEX,32.5317397,-117.019529,recipient,2,"Edoovillage #1461 - Mexico, Tijuana: Casa Hogar","Tijuana, Municipio de Tijuana, Baja California, 22320, México, completed, 21 students",city
DEU,51.5142273,7.4652789,recipient,1,"Edoovillage #991 - Germany, Dortmund: Integrationsprojekte S","Dortmund, Nordrhein-Westfalen, Deutschland, completed, 100 students",city
USA,37.4688273,-122.141075,recipient,14,"Edoovillage #1462 - United States, East Palo Alto: Aspire Tu","East Palo Alto, San Mateo County, California, United States, completed, 20 students",city
COD,-4.3543467,15.3466854,recipient,80,"Edoovillage #1463 - Congo (Kinshasa), Limete Kinshasa: Ecole","Limete, Kinshasa, République démocratique du Congo, completed, 1200 students",city
CHN,25.5969683,100.2468841,recipient,3,"Edoovillage #1464 - China, Dali Shi: Computer Learning for S","大理市, 大理白族自治州, 云南省, 中国, completed, 8 students",city
UGA,-0.4180848,30.5737374,recipient,20,"Edoovillage #1465 - Uganda, Mbarara: Sisters of our Lady of ","Mbarara, Western Region, Uganda, open, 30 students",city
SEN,12.4889623,-16.5432771,recipient,10,"Edoovillage #1466 - Senegal, Oussouye: Projecte d'aula infor","Oussouye, Département d'Oussouye, Région de Ziguinchor, Sénégal, open, 100 students",city
ETH,10.2116702,38.6521203,recipient,20,"Edoovillage #1467 - Ethiopia, Wotara: Junior Secondary Schoo","ኢትዮጵያ, completed, 1000 students",city
ROU,44.9306435,26.2094279,recipient,5,"Edoovillage #1441 - Romania, Vadu-Parului: Scratch Club","Vadu Părului, Albești-Paleologu, Prahova, 107013, România, completed, 180 students",city
VNM,10.7737261,106.7166008,recipient,15,"Edoovillage #1468 - Vietnam, Ho Chi Minh City: Mahrberg Libr","Thành phố Hồ Chí Minh, Việt Nam, completed, 195 students",city
CMR,4.0429389,9.7062018,recipient,0,"Edoovillage #1469 - Cameroon, Douala: CETIF | Afrika-Herne A","Douala, Douala II, Communauté urbaine de Douala, Wouri, Littoral, Cameroun, open, 70 students",city
UGA,-1.2083984,29.8192491,recipient,0,"Edoovillage #1470 - Uganda, Rubanda Kabale: St. Adrian’s Sem","Uganda Martyrs Nursery School, Kisoro - Kabale Road, Kigezi, Murukoro, Chahafi, Rubanda, Western Region, Uganda, open, 471 students",city
TUR,40.2770105,34.7153699,recipient,2,"Edoovillage #1471 - Turkey, Mahmudiye: Mahmudiye Primary Sch","Mahmudiye, Alaca, Çorum, Karadeniz Bölgesi, Türkiye, completed, 233 students",city
MOZ,-19.8340679,34.8358075,recipient,2,"Edoovillage #1472 - Mozambique, Beira: Residencia de estudia","Beira, Cidade da Beira, Sofala, Zona Centro, 2100, Moçambique, open, 10 students",city
GRC,39.1758419,25.9989135,recipient,6,"Edoovillage #1473 - Greece, Lesbos: Movement on the Ground /","Λέσβος, Αποκεντρωμένη Διοίκηση Αιγαίου, Ελλάς, open, 50 students",city
NPL,27.708317,85.3205817,recipient,9,"Edoovillage #1474 - Nepal, kathmandu: Shree Dudha Koshi Basi","काठमाडौँ महानगरपालिका, काठमाडौं जिल्ला, बागमती प्रदेश, नेपाल, open, 60 students",city
NPL,27.7114248,85.3118824,recipient,20,"Edoovillage #1475 - Nepal, Kerung: Baleshwar Basic School Ke","Kerung, Jyatha Marg, ठमेल, Kathmandu-26, काठमाडौँ महानगरपालिका, काठमाडौं जिल्ला, बागमती प्रदेश, 44600, नेपाल, open, 0 students",city
UGA,0.1869795,32.1382184,recipient,13,"Edoovillage #1476 - Uganda, Mpigi Town: Tusobola women","Sempiira Church of Uganda Primary School, Kibibi - Bulo Road, Bugoye, Butambala, Central Region, Uganda, completed, 40 students",city
UGA,0.3138978,32.6220405,recipient,7,"Edoovillage #1477 - Uganda, Bugolobi: Mercy Hands Primary Sc","Bugolobi, Nakawa, Kampala Capital City, Kampala, Central Region, Uganda, completed, 140 students",city
GHA,6.235981,-0.7887813,recipient,30,"Edoovillage #1478 - Ghana, Akim Krobo: ZION ITC Lab | Ghana ","Krobo, Kwaebibirem Municipal District, Eastern Region, Ghana, completed, 116 students",city
MAR,35.1952327,-6.152913,recipient,17,"Edoovillage #1479 - Morocco, Larache: College Abdelkrim el k","Larache العرائش, Pachalik de Larache باشوية العرائش, Province de Larache إقليم العرائش, Tanger-Tétouan-Al Hoceïma ⵟⴰⵏⵊ-ⵟⵉⵜⴰⵡⵉⵏ-ⵍⵃⵓⵙⵉⵎⴰ طنجة تطوان الحسيمة, Maroc ⵍⵎⵖⵔⵉⴱ المغرب, open, 760 students",city
UGA,0.6561907,30.2779432,recipient,3,"Edoovillage #1480 - Uganda, Fort Portal: Uganda, Fort Portal","Fort Portal City, Western Region, Uganda, completed, 1510 students",city
GHA,5.6337881,-2.2483906,recipient,50,"Edoovillage #1481 - Ghana, Manso Amenfi: Calvary Methodist C","Manso Amenfi, Amenfi Central District, Western Region, Ghana, completed, 520 students",city
GHA,8.0300284,-1.0800271,recipient,40,"Edoovillage #1483 - Ghana, Gomoa Kokofu: SACKEY ITC LAB | Gh","Ghana, completed, 250 students",city
GHA,5.0860314,-2.5264907,recipient,31,"Edoovillage #1484 - Ghana, TIKOBO: Nr. 2 Junior High School ","Tikobo No. 2, Jomoro Municipal District, Western Region, Ghana, completed, 150 students",city
GHA,5.459126,-0.597088,recipient,60,"Edoovillage #1485 - Ghana, Gomoa Potsin: Potsin D/A Primary ","Gomoa East District Asssembly, N1, Gomoa Dabayin, Potsin, Gomoa East District, Central Region, CG1936, Ghana, completed, 402 students",city
GHA,7.3682977,-2.3125567,recipient,25,"Edoovillage #1486 - Ghana, Odumase: Sereso Holy Trinity rc B","Odumase, Sunyani West District, Bono Region, Ghana, completed, 50 students",city
TZA,-2.5196915,32.9014417,recipient,23,"Edoovillage #1487 - Tanzania, Mwanza: NEW CHAPTER DEVELOPMEN","Mwanza, Nyamagana, Mwanza, Lake Zone, 33214, Tanzania, open, 92 students",city
UGA,0.1310412,30.0047968,recipient,10,"Edoovillage #1488 - Uganda, Kasese: YESI Africa - Increasing","Kasese, Western Region, Uganda, open, 30 students",city
CRI,10.0118771,-84.2304399,recipient,20,"Edoovillage #1489 - Costa Rica, La Trinidad de Alajuela: Sep","La Trinidad, San José, Alajuela, 20102, Costa Rica, completed, 200 students",city
KEN,-1.3395279,37.3549451,recipient,1,"Edoovillage #1490 - Kenya, Kangundo: Ktithunthi Primary Scho","Kangundo, Machakos, Kenya, open, 200 students",city
UGA,0.3177137,32.5813539,recipient,2,"Edoovillage #1491 - Uganda, Kampala: Ndejje University and S","Kampala, Central Region, Uganda, open, 3 students",city
NPL,27.708317,85.3205817,recipient,6,"Edoovillage #1492 - Nepal, Kathmandu: Haus der Hoffnung eV","काठमाडौँ महानगरपालिका, काठमाडौं जिल्ला, बागमती प्रदेश, नेपाल, open, 175 students",city
UGA,1.5333554,32.2166578,recipient,4,"Edoovillage #1493 - Uganda,  Kanyanya Parish, Kawempe Divisi","Uganda, open, 20 students",city
TZA,-6.8160837,39.2803583,recipient,11,"Edoovillage #1494 - Tanzania, Dar Es Salaam: WEEDO | Tabasam","Dar es Salaam, Coastal Zone, Tanzania, open, 35 students",city
MWI,-16.2153819,34.7228393,recipient,0,"Edoovillage #1495 - Malawi, Chikwawa: Sustainable Rural Comm","Chikwawa, Southern Region, Malawi, open, 30 students",city
ESP,41.3825802,2.177073,recipient,2,"Edoovillage #1496 - Spain, Barcelona: Open Cultural Center -","Barcelona, Barcelonès, Barcelona, Catalunya, España, open, 10 students",city
CIV,6.7269042,-3.4968431,recipient,0,"Edoovillage #1497 - Ivory Coast, Abengourou: Creer Africa Ce","Abengourou, Indénié-Djuablin, Comoé, Côte d’Ivoire, open, 30 students",city
TZA,-8.3266747,35.3159313,recipient,2,"Edoovillage #1498 - Tanzania, Luganga: Mafinga Lutheran Voca","Luganga, Mafinga Town, Iringa, Southern Highlands Zone, Tanzania, completed, 245 students",city
COD,-2.9814344,23.8222636,recipient,8,"Edoovillage #1499 - Congo (Kinshasa), Ville de Bukavu: CODDI","République démocratique du Congo, open, 200 students",city
NPL,27.708317,85.3205817,recipient,5,"Edoovillage #1500 - Nepal, Kathmandu: United World Schools","काठमाडौँ महानगरपालिका, काठमाडौं जिल्ला, बागमती प्रदेश, नेपाल, open, 354 students",city
SEN,14.693425,-17.447938,recipient,4,"Edoovillage #1501 - Senegal, Dakar: Gibei Village | wir für ","Dakar, Région de Dakar, Sénégal, completed, 3 students",city
UGA,0.6097408,33.531386,recipient,11,"Edoovillage #1502 - Uganda, Nyenga: CARDINAL NSUBUGA SECONDA","Nyenga, Iganga, Eastern Region, Uganda, open, 450 students",city
IRQ,33.0955793,44.1749775,recipient,0,"Edoovillage #1503 - Iraq, Xhanke / Duhok: Khanik Camp | Bild","العراق, open, 120 students",city
GHA,5.5571096,-0.2012376,recipient,3,"Edoovillage #1504 - Ghana, Accra: Tete Adehyemma Dance Theat","Accra, Korle-Klottey Municipal District, Greater Accra Region, Ghana, open, 25 students",city
TZA,-3.334738,35.2847083,recipient,1,"Edoovillage #1505 - Tanzania, Olpiro: Olpiro Dispensary | En","Olpiro, Ngorongoro, Arusha, Northern Zone, Tanzania, completed, 300 students",city
UGA,0.1891272,30.0898006,recipient,5,"Edoovillage #1506 - Uganda,  Kasese Municipality:  Daylight ","Uganda Martyr's Nyakasanga Primary School, A5, Nyakasanga Lower, Kasese, Western Region, Uganda, open, 300 students",city
GHA,8.0300284,-1.0800271,recipient,34,"Edoovillage #1507 - Ghana, Awutu-Bereku / Bosomabena: Farm o","Ghana, completed, 111 students",city
GHA,6.910457,-1.277911,recipient,12,"Edoovillage #1508 - Ghana, Kumawu: WORASO D/A Primary School","Kumawu, Sekyere Kumawu District, Ashanti Region, Ghana, completed, 345 students",city
GHA,6.910457,-1.277911,recipient,12,"Edoovillage #1509 - Ghana, Kumawu: WORASO D/A Presbyterian P","Kumawu, Sekyere Kumawu District, Ashanti Region, Ghana, completed, 412 students",city
GHA,6.910457,-1.277911,recipient,12,"Edoovillage #1510 - Ghana, Kumawu: Presbyterian Primary Scho","Kumawu, Sekyere Kumawu District, Ashanti Region, Ghana, completed, 560 students",city
GHA,6.910457,-1.277911,recipient,12,"Edoovillage #1511 - Ghana, Kumawu: Presbyterian JHS Junior H","Kumawu, Sekyere Kumawu District, Ashanti Region, Ghana, completed, 182 students",city
GHA,6.910457,-1.277911,recipient,13,"Edoovillage #1512 - Ghana, Kumawu: R/C Primary School | Ghan","Kumawu, Sekyere Kumawu District, Ashanti Region, Ghana, completed, 370 students",city
GHA,6.910457,-1.277911,recipient,12,"Edoovillage #1513 - Ghana, Kumawu: R/C JHS Junior High Schoo","Kumawu, Sekyere Kumawu District, Ashanti Region, Ghana, completed, 153 students",city
GHA,8.0300284,-1.0800271,recipient,12,"Edoovillage #1514 - Ghana, Kumawu Bodomase: Methodist JHS Ju","Ghana, completed, 150 students",city
GHA,8.0300284,-1.0800271,recipient,12,"Edoovillage #1515 - Ghana, Kumawu Bodomase: St. Stephen R/C ","Ghana, completed, 409 students",city
GHA,8.0300284,-1.0800271,recipient,12,"Edoovillage #1516 - Ghana, Kumawu Bodomase: Methodist Primar","Ghana, completed, 545 students",city
GHA,8.0300284,-1.0800271,recipient,12,"Edoovillage #1517 - Ghana, Kumawu Bodomase: D/A JHS Junior H","Ghana, completed, 78 students",city
GHA,8.0300284,-1.0800271,recipient,11,"Edoovillage #1518 - Ghana, Kumawu Bodomase: St. Stephen R/C ","Ghana, completed, 125 students",city
UGA,0.5751567,33.2805299,recipient,30,"Edoovillage #1519 - Uganda, Jinja: REINHARD FOUNDATION","Jinja, Eastern Region, Uganda, completed, 100 students",city
SLE,8.479004,-13.26795,recipient,22,"Edoovillage #1520 - Sierra Leone, Freetown: Light Salone Inn","Freetown, Western Area Urban, Western Area, Sierra Leone, completed, 15 students",city
MAR,30.9358993,-6.951367,recipient,31,"Edoovillage #1521 - Morocco, FEDRAGOUM OUARZAZATE: Ecole Fed","Fedragoum ⴼⴷⵔⴰⴳⵓⵎ فدراگوم, Ouarzazate ورزازات, Pachalik d'Ouarzazate, Province d'Ouarzazate ⵜⴰⵙⴳⴰ ⵏ ⵡⴰⵔⵣⴰⵣⴰⵜ إقليم ورززات, Drâa-Tafilalet ⴷⴰⵔⵄⴰ-ⵜⴰⴼⵉⵍⴰⵍⵜ درعة تافيلالت, 45010, Maroc ⵍⵎⵖⵔⵉⴱ المغرب, completed, 685 students",city
GHA,6.910457,-1.277911,recipient,8,"Edoovillage #1522 - Ghana, Kumawu: Administration and Traini","Kumawu, Sekyere Kumawu District, Ashanti Region, Ghana, completed, 20 students",city
UGA,1.5333554,32.2166578,recipient,2,"Edoovillage #1523 - Uganda, Nyatonzi: Mawejje Creations","Uganda, open, 10 students",city
TZA,-2.5196915,32.9014417,recipient,5,"Edoovillage #1524 - Tanzania, Mwanza: HOPE CHILDREN HOME","Mwanza, Nyamagana, Mwanza, Lake Zone, 33214, Tanzania, open, 22 students",city
TZA,-2.6277722,30.6364493,recipient,23,"Edoovillage #1525 - Tanzania, Ngara: Baramba Girls Secondary","Ngara, Kagera, Lake Zone, Tanzania, open, 160 students",city
ZAF,-34.4175,19.2361111,recipient,10,"Edoovillage #1526 - South Africa, Hermanus: Sparklekids Vars","Hermanus, Overstrand Local Municipality, Overberg District Municipality, Western Cape, 7200, South Africa, open, 100 students",city
NAM,-23.2335499,17.3231107,recipient,1,"Edoovillage #1527 - Namibia, Otovi: Schulheim Kohareb","Namibia, completed, 135 students",city
ROU,47.8461055,25.9181822,recipient,15,"Edoovillage #1528 - Romania, Rădăuţi: Settlement of Children","Rădăuți, Suceava, 725400, România, completed, 200 students",city
SRB,44.8444,20.4123996,recipient,15,"Edoovillage #1529 - Serbia, Zemun: Kreacije Savremenog Detin","Београд (Земун), Градска општина Земун, Град Београд, Централна Србија, Србија, completed, 50 students",city
DOM,18.4936515,-69.8383703,recipient,5,"Edoovillage #1530 - Dominican Republic, Santo Domingo Este: ","Santo Domingo Este, Santo Domingo, 03006, República Dominicana, open, 200 students",city
NGA,9.6000359,7.9999721,recipient,0,"Edoovillage #1531 - Nigeria, Amauzari: St. Theresa's Parish","Nigeria, open, 20 students",city
CHE,47.5581077,7.5878261,recipient,4,"Edoovillage #1532 - Switzerland, Basel: Primarschule Dreiros","Basel, Basel-Stadt, Schweiz/Suisse/Svizzera/Svizra, completed, 16 students",city
AFG,34.3491443,62.2163252,recipient,6,"Edoovillage #1533 - Afghanistan, Herat: Nachhilfeunterricht ","هرات, ولایت هرات, 3001, افغانستان, open, 600 students",city
TZA,-3.0735158,35.4205768,recipient,1,"Edoovillage #1534 - Tanzania, Ngorongoro: Endulen Buschkrank","Ngorongoro Conservation Area, Arusha, Northern Zone, Tanzania, completed, 70 students",city
CHE,46.2017559,6.1466014,recipient,5,"Edoovillage #1535 - Switzerland, Geneva: Empowerment Lab","Genève, Schweiz/Suisse/Svizzera/Svizra, completed, 10 students",city
ZWE,-20.7500478,30.4873004,recipient,10,"Edoovillage #1536 - Zimbabwe, Matibi: Friends for Matibi","Matibi Mission, Mwenezi, Masvingo, Zimbabwe, completed, 50 students",city
TGO,6.130419,1.215829,recipient,2,"Edoovillage #1537 - Togo, Lomé: School NET (School of the Ne","Lomé, Région Maritime, Togo, open, 1600 students",city
KEN,-4.1836067,39.105095,recipient,3,"Edoovillage #1538 - Kenya, Kwale: Boyani Pefa Academy | Iman","Kwale, Kenya, completed, 120 students",city
UGA,0.0335241,29.7593621,recipient,7,"Edoovillage #1539 - Uganda, Bwera: Rusese Pride Secondary Sc","Bwera, Kasese, Western Region, Uganda, open, 270 students",city
DEU,53.599794,9.475438,recipient,0,"Edoovillage #1540 - Germany, Stade: Private Hilfsinitiativen","Stade, Landkreis Stade, Niedersachsen, Deutschland, completed, 0 students",city
MMR,20.7870108,97.0387263,recipient,10,"Edoovillage #1541 - Myanmar, Taunggyi: St. Aloysius Gonzaga ","တောင်ကြီး, ဝဵင်းတူၼ်ႈတီး, တောင်ကြီးခရိုင်, ရှမ်းပြည်နယ်, 06011, မြန်မာ, completed, 100 students",city
UGA,0.3177137,32.5813539,recipient,27,"Edoovillage #1542 - Uganda, Kampala: Rhythm of Life","Kampala, Central Region, Uganda, completed, 50 students",city
IND,19.4426698,83.5873053,recipient,1,"Edoovillage #1543 - India, RAYAGADA: Free Computer Learning ","Rayagada, Odisha, India, open, 100 students",city
GHA,6.2034689,-0.0822106,recipient,2,"Edoovillage #1544 - Ghana, Klo Begoro: 3 schools | Heidelber","Klo-Begoro Community Gathering Place, Kobose, Begoro, Lower Manya Krobo Municipal District, Eastern Region, Ghana, open, 125 students",city
KEN,-0.0604013,34.200135,recipient,2,"Edoovillage #1545 - Kenya, Siaya : Schizophrenia Society Of ","Siaya, Kenya, open, 1500 students",city
DEU,51.4696137,6.8514435,recipient,10,"Edoovillage #1546 - Germany, Oberhausen: Chancen und Teilhab","Oberhausen, Nordrhein-Westfalen, Deutschland, completed, 12 students",city
DEU,53.5501721,10.0013165,recipient,29,"Edoovillage #1547 - Germany, Hamburg: Stadtteilschule Kirchw","Hamburg, Deutschland, completed, 1052 students",city
TZA,-2.5196915,32.9014417,recipient,10,"Edoovillage #1548 - Tanzania, Mwanza: Stipendienprogramm | E","Mwanza, Nyamagana, Mwanza, Lake Zone, 33214, Tanzania, completed, 11 students",city
ZAF,-33.9597212,22.4587148,recipient,2,"Edoovillage #1549 - South Africa, George: Education Center i","Garden Route District Municipality, Western Cape, South Africa, completed, 1000 students",city
TZA,-10.6990264,39.0217984,recipient,16,"Edoovillage #1550 - Tanzania, Mtwara: Ndanda school of Nursi","Mtwara, Coastal Zone, Tanzania, completed, 179 students",city
UGA,1.787906,33.5007314,recipient,0,"Edoovillage #1551 - Uganda, Soroti: Christian Hubs","Soroti, Eastern Region, Uganda, open, 120 students",city
COD,-11.6298538,27.5378624,recipient,0,"Edoovillage #1552 - Congo (Kinshasa), Lukala: Ecole Institut","Lukala, Kawama, Ruashi, Ville de Lubumbashi, Haut-Katanga, République démocratique du Congo, open, 36 students",city
COD,-11.6298538,27.5378624,recipient,0,"Edoovillage #1553 - Congo (Kinshasa), Lukala: Ecole Conventi","Lukala, Kawama, Ruashi, Ville de Lubumbashi, Haut-Katanga, République démocratique du Congo, open, 601 students",city
COD,-11.6298538,27.5378624,recipient,1,"Edoovillage #1554 - Congo (Kinshasa), Lukala: Ecole Institut","Lukala, Kawama, Ruashi, Ville de Lubumbashi, Haut-Katanga, République démocratique du Congo, open, 735 students",city
TZA,-2.5196915,32.9014417,recipient,0,"Edoovillage #1555 - Tanzania, Mwanza: STEP GROUP TANZANIA. I","Mwanza, Nyamagana, Mwanza, Lake Zone, 33214, Tanzania, open, 200 students",city
TZA,-3.6723621,33.4096907,recipient,0,"Edoovillage #1556 - Tanzania, Ndala Ward: Expansion Computer","Ndala Ward Office, Shinyanga, Shinyanga Urban, Shinyanga, Lake Zone, 37000, Tanzania, open, 20 students",city
DEU,51.4582235,7.0158171,recipient,28,"Edoovillage #1557 - Germany, Essen: Integrationsprojekt One ","Essen, Nordrhein-Westfalen, Deutschland, completed, 50 students",city
GHA,5.0660438,-1.4361162,recipient,8,"Edoovillage #1558 - Ghana, Ampenyi: School Ampenyi | ANAD eV","Ampenyi, Komenda/Edina/Eguafo/Abirem Municipal District, Central Region, Ghana, open, 50 students",city
GHA,6.6985605,-1.6233086,recipient,11,"Edoovillage #1559 - Ghana, Kumasi: School Economy For the Co","Kumasi, Kumasi Metropolitan District, Ashanti Region, AK-010-1295, Ghana, open, 100 students",city
SLE,8.479004,-13.26795,recipient,12,"Edoovillage #1560 - Sierra Leone, Freetown: EB Williams Muni","Freetown, Western Area Urban, Western Area, Sierra Leone, open, 825 students",city
COG,-4.2694407,15.2712256,recipient,66,"Edoovillage #1561 - Congo (Brazzaville), Brazzaville: Ecole ","Brazzaville (commune), Brazzaville (département), Congo, completed, 400 students",city
THA,17.5211917,102.6680012,recipient,7,"Edoovillage #1562 - Thailand, Udon Thani: Volunt2Thai Campus","จังหวัดอุดรธานี, ประเทศไทย, open, 100 students",city
DEU,51.2562118,6.3905476,recipient,2,"Edoovillage #1564 - Germany, Viersen: ZUE Zentrale Unterbrin","Viersen, Kreis Viersen, Nordrhein-Westfalen, Deutschland, completed, 100 students",city
TGO,6.6337412,1.5859856,recipient,1,"Edoovillage #1565 - Togo, Sika Kondji: CEG Sika Kondji | Hei","Sika Kondji, Région Maritime, Togo, open, 279 students",city
TGO,8.7800265,1.0199765,recipient,1,"Edoovillage #1566 - Togo, Atakpamede: CEG Atakpamede Kondji ","Togo, open, 311 students",city
ALB,42.0701304,20.0338708,recipient,3,"Edoovillage #1567 - Albania, Fushe Arrez: Missionsstation | ","Fushë-Arrëz, Bashkia Fushë-Arrëz, Qarku i Shkodrës, Shqipëria Veriore, 4402, Shqipëria, completed, 30 students",city
UGA,1.3583812,31.3929073,recipient,2,"Edoovillage #1568 - Uganda, Hoima Municipality:  Skilling un","Omugo Bisereko Church Of Uganda Primary School, Hoima - Kampala Road, Kinogozi East, Kikuube, Western Region, Uganda, completed, 75 students",city
GHA,8.0300284,-1.0800271,recipient,30,"Edoovillage #1569 - Ghana, Dumanafo Mamponteng: Solid Stone ","Ghana, completed, 390 students",city
MLI,14.559049,-4.0784591,recipient,3,"Edoovillage #1570 - Mali, Takoti: Ecole Fondamentale Verena ","Takouti, Cercle de Mopti, Mopti, Mali, open, 450 students",city
TGO,8.9874176,1.1357852,recipient,10,"Edoovillage #1571 - Togo, Sokodé: Association Didaurè BIYA","Sokodé, Tchaoudjo, Région Centrale, Togo, completed, 61 students",city
NPL,27.708317,85.3205817,recipient,5,"Edoovillage #1572 - Nepal, Kathmandu: Self-Help Group for Ce","काठमाडौँ महानगरपालिका, काठमाडौं जिल्ला, बागमती प्रदेश, नेपाल, open, 200 students",city
NPL,27.708317,85.3205817,recipient,4,"Edoovillage #1573 - Nepal, Kathmandu: Nepal Jesuit Social In","काठमाडौँ महानगरपालिका, काठमाडौं जिल्ला, बागमती प्रदेश, नेपाल, open, 200 students",city
IND,22.5726459,88.3638953,recipient,16,"Edoovillage #1574 - India, Kolkata: Institute for Indian Mot","Kolkata, Kolkata Metropolitan Area, Kolkata, West Bengal, India, open, 4000 students",city
TGO,9.2501955,0.7718031,recipient,3,"Edoovillage #1575 - Togo, Bassar: Berufsschulneubau in Bassa","Bassar, Région de la Kara, Togo, open, 249 students",city
TZA,-4.3430764,36.154696,recipient,0,"Edoovillage #1576 - Tanzania, Ngusero, Arusha: Good Hope Pre","Ngusero Oloirobi swamp, Babati, Manyara, Northern Zone, Tanzania, open, 1182 students",city
SEN,16.0280445,-16.5048686,recipient,14,"Edoovillage #1577 - Senegal, Saint-Louis: Origen DIADEM Open","Saint-Louis, Département de Saint-Louis, Région de Saint-Louis, Sénégal, open, 750 students",city
SEN,14.7054642,-17.4541088,recipient,8,"Edoovillage #1578 - Senegal, Grand Dakar: Origen Dunia Kato ","Commune de Grand-Dakar, Arrondissement de Grand Dakar, Dakar, Région de Dakar, Sénégal, open, 200 students",city
DEU,53.162999,12.4868962,recipient,0,"Edoovillage #1579 - Germany, Wittstock / Dosse: Volkssolidar","Wittstock/Dosse, Ostprignitz-Ruppin, Brandenburg, 16909, Deutschland, completed, 18 students",city
UGA,0.1310412,30.0047968,recipient,6,"Edoovillage #1580 - Uganda, Kasese: Liberty college of Manag","Kasese, Western Region, Uganda, completed, 356 students",city
GHA,6.910457,-1.277911,recipient,51,"Edoovillage #1581 - Ghana, Kumawu: TWENEBOA KODUA SENIOR HIG","Kumawu, Sekyere Kumawu District, Ashanti Region, Ghana, completed, 3300 students",city
UGA,-0.7818948,30.9475798,recipient,1,"Edoovillage #1582 - Uganda, Nakivale: SCHOOL FOR REFUGEE GIR","Nakivale Settlement Camp, Kashumba, Buganza, Isingiro, Western Region, Uganda, open, 100 students",city
NZL,-36.852095,174.7631803,recipient,13,"Edoovillage #1583 - New Zealand, Auckland: Woven Earth","Auckland, Waitematā, Auckland, 1010, New Zealand / Aotearoa, open, 0 students",city
GHA,6.7140825,-1.6272866,recipient,26,"Edoovillage #1584 - Ghana, Mamponteng Kumasi: Catholic Prima","Ghana Water Company Limited, Ejura-Kumasi Road, Medoma, Mamponteng, Suame Municipal District, Ashanti Region, AK-010-1295, Ghana, completed, 390 students",city
UGA,1.3102875,31.0001724,recipient,2,"Edoovillage #1585 - Uganda, Kikuube: SELF-WORTH FOUNDATION -","Kikuube, Western Region, Uganda, completed, 60 students",city
GHA,10.7868819,-2.730827,recipient,0,"Edoovillage #1586 - Ghana, Ko Parish: Yezu Tang Vocational C","Nativity of Our Lady Parish, Ko, R132, Ko, Nandom Municipal District, Upper West Region, Ghana, open, 40 students",city
ZWE,-17.8567035,31.0601584,recipient,9,"Edoovillage #1587 - Zimbabwe, Harare: St. Rupert Mayer Jesui","Harare Province, Zimbabwe, open, 50 students",city
UGA,0.3391907,32.7586723,recipient,6,"Edoovillage #1588 - Uganda, Lweza: Lake View High School","Lweza, Mukono, Central Region, Uganda, open, 120 students",city
BIH,44.7048957,18.4912709,recipient,15,"Edoovillage #1589 - Bosnia and Herzegovina, Srebrenik: JU Pr","Srebrenik, Grad Srebrenik, Tuzlanski kanton, Federacija Bosne i Hercegovine, 75350, Bosna i Hercegovina / Босна и Херцеговина, completed, 903 students",city
GHA,5.4207549,-0.4693429,recipient,28,"Edoovillage #1590 - Ghana, Gomoa Fetteh: Hope College | Hild","Gomoa Fetteh, Gomoa East District, Central Region, Ghana, open, 427 students",city
BRA,-16.2578606,-56.633926,recipient,19,"Edoovillage #1591 - Brazil, Poconé: Escola Fazenda Jofre Vel","Poconé, Mato Grosso, Região Centro-Oeste, 78175-000, Brasil, completed, 20 students",city
KHM,12.5433216,104.8144914,recipient,8,"Edoovillage #1592 - Cambodia, Toek Chum village, Ta An commu","ព្រះរាជាណាចក្រ​កម្ពុជា, open, 188 students",city
MRT,20.2540382,-9.2399263,recipient,4,"Edoovillage #1593 - Mauritania, Nouakchoot: Selam Schule | H","Mauritanie موريتانيا, open, 50 students",city
COD,-4.3196982,15.3424196,recipient,19,"Edoovillage #1594 - Congo (Kinshasa), Kinshasa: Centre de Fo","Kinshasa, République démocratique du Congo, completed, 175 students",city
COD,-6.4786095,16.8168133,recipient,0,"Edoovillage #1595 - Congo (Kinshasa), Kasongo-Lunda: College","Kasongo Lunda, Kwango, République démocratique du Congo, open, 415 students",city
COD,-4.3196982,15.3424196,recipient,0,"Edoovillage #1596 - Congo (Kinshasa), Kinshasa: Institut Lum","Kinshasa, République démocratique du Congo, open, 1230 students",city
COD,-4.3196982,15.3424196,recipient,0,"Edoovillage #1597 - Congo (Kinshasa), Kinshasa: ITC NDJILI |","Kinshasa, République démocratique du Congo, open, 615 students",city
COD,-4.3196982,15.3424196,recipient,0,"Edoovillage #1598 - Congo (Kinshasa), Kinshasa: Institut de ","Kinshasa, République démocratique du Congo, open, 944 students",city
COD,-4.3661666,15.3909815,recipient,0,"Edoovillage #1599 - Congo (Kinshasa), Masina: ISCOM MASINA |","Masina, Kinshasa, République démocratique du Congo, open, 617 students",city
COD,-4.3661666,15.3909815,recipient,0,"Edoovillage #1600 - Congo (Kinshasa), Masina: INSTITUT BAHUM","Masina, Kinshasa, République démocratique du Congo, open, 315 students",city
COD,-4.4417135,15.4035444,recipient,0,"Edoovillage #1601 - Congo (Kinshasa), Kimbanseke: I.T.C. MOK","Kimbanseke, Kinshasa, République démocratique du Congo, open, 417 students",city
COD,-4.3196982,15.3424196,recipient,0,"Edoovillage #1602 - Congo (Kinshasa), Kinshasa: I.T.C. CETA ","Kinshasa, République démocratique du Congo, open, 931 students",city
COD,-4.3196982,15.3424196,recipient,0,"Edoovillage #1603 - Congo (Kinshasa), Kinshasa: INSTITUT DE ","Kinshasa, République démocratique du Congo, open, 946 students",city
COD,-4.3196982,15.3424196,recipient,0,"Edoovillage #1604 - Congo (Kinshasa), Kinshasa: ECOLE D’AFRI","Kinshasa, République démocratique du Congo, open, 258 students",city
COD,-4.3865918,15.3943381,recipient,0,"Edoovillage #1605 - Congo (Kinshasa), Pelende: Ecole Primair","Pelende, Masina, Kinshasa, République démocratique du Congo, open, 343 students",city
GHA,6.1000242,-0.8382619,recipient,20,"Edoovillage #1606 - Ghana, Kade: Kade Mcneilus SDA Junior Hi","Kade, Kwaebibirem Municipal District, Eastern Region, Ghana, completed, 216 students",city
KEN,0.3331568,34.5830935,recipient,3,"Edoovillage #1607 - Kenya, Mumias East: People against Pover","Mumias East, Kakamega, Kenya, open, 1000 students",city
CHE,46.1002792,7.782412,recipient,25,"Edoovillage #1608 - Switzerland, Randa: Schulen Randa/Täsch ","Randa, Visp, Oberwallis, Valais/Wallis, 3928, Schweiz/Suisse/Svizzera/Svizra, completed, 100 students",city
CHE,47.3744489,8.5410422,recipient,2,"Edoovillage #1609 - Switzerland, Zurich: OFF (COVID-19-CH)","Zürich, Bezirk Zürich, Zürich, Schweiz/Suisse/Svizzera/Svizra, completed, 10 students",city
ROU,45.0317528,26.0309441,recipient,5,"Edoovillage #1610 - Romania, Boldesti-Scaeni: Mihai Viteazul","Boldești-Scăeni, Prahova, România, completed, 300 students",city
LBN,33.6711831,35.8276513,recipient,25,"Edoovillage #1611 - Lebanon, Ghaza: Damma Educational Centre","غزة, الخيارة, قضاء البقاع الغربي, محافظة البقاع, لبنان, completed, 456 students",city
PER,-8.3820737,-74.5387507,recipient,10,"Edoovillage #1612 - Peru, Pucallpa, Dedtriti de Yarina Cocha","Pucallpa, Callería, Coronel Portillo, Ucayali, 25000, Perú, open, 25 students",city
NPL,28.3780464,83.9999901,recipient,12,"Edoovillage #1613 - Nepal, Nishankhe, Okhaldungha: Mahrberg ","नेपाल, completed, 200 students",city
RWA,-2.0002051,30.0003963,recipient,26,"Edoovillage #1614 - Rwanda, Kirengeri: Gahengeri Primary Sch","Rwanda, completed, 825 students",city
IND,28.6138954,77.2090057,recipient,1,"Edoovillage #1615 - India, New Delhi: Sunshine Project of 'S","New Delhi, Delhi, India, completed, 100 students",city
IND,28.6138954,77.2090057,recipient,1,"Edoovillage #1616 - India, New Delhi: SVM Education Centre o","New Delhi, Delhi, India, completed, 100 students",city
TGO,8.7800265,1.0199765,recipient,0,"Edoovillage #1617 - Togo, Adetikopé-Awan: Schule Adetikopé-A","Togo, open, 100 students",city
BIH,44.4796859,18.7877369,recipient,19,"Edoovillage #1618 - Bosnia and Herzegovina, Tojšići: JU Osno","Tojšići, Općina Kalesija, Tuzlanski kanton, Federacija Bosne i Hercegovine, 75265, Bosna i Hercegovina / Босна и Херцеговина, completed, 187 students",city
MMR,16.29283,95.3951767,recipient,0,"Edoovillage #1619 - Myanmar,  Bogalay Township: D&D High Sch","Loka Ahlinn Bogalay, NH5, အမှတ် (၁၀) ရပ်ကွက်, ဘိုကလေး, ဘိုကလေးမြို့နယ်, ဖျာပုံခရိုင်, ဧရာဝတီတိုင်းဒေသကြီး, မြန်မာ, open, 50 students",city
GRC,40.9945865,22.572102,recipient,0,"Edoovillage #1620 - Greece, Polikastro : Open Cultural Cente","Πολύκαστρο, Δήμος Παιονίας, Περιφερειακή Ενότητα Κιλκίς, Περιφέρεια Κεντρικής Μακεδονίας, Αποκεντρωμένη Διοίκηση Μακεδονίας - Θράκης, 612 00, Ελλάς, open, 10 students",city
IND,26.1223198,75.6632235,recipient,2,"Edoovillage #1621 - India, Tonk: Rajasthan Tonk School","Tonk, Rajasthan, India, open, 151 students",city
GHA,8.0300284,-1.0800271,recipient,0,"Edoovillage #1622 - Ghana, Santrokofi-Bume (Sanko): Kids Cor","Ghana, open, 25 students",city
TZA,-11.3396338,37.073298,recipient,10,"Edoovillage #1623 - Tanzania, Mbesa: Handwerkerschule Nazare","Mbesa, Tunduru, Ruvuma, Southern Highlands Zone, Tanzania, open, 70 students",city
AGO,-5.056395,12.3211749,recipient,65,"Edoovillage #1482 - Angola,  Cabinda: Ecole des refugiés Reg","Cabinda, Angola, open, 900 students",city
ZAF,-25.7459277,28.1879101,recipient,31,"Edoovillage #1624 - South Africa, Pretoria: Down's Syndrome ","Pretoria, City of Tshwane Metropolitan Municipality, Gauteng, 0142, South Africa, open, 45 students",city
UGA,0.3177137,32.5813539,recipient,0,"Edoovillage #1625 - Uganda, kampala: ORPHANS SMILE UGANDA","Kampala, Central Region, Uganda, open, 23 students",city
SRB,43.3162736,21.9212335,recipient,0,"Edoovillage #1626 - Serbia, Nis: Inklusive Schule Carica Jel","Ниш (Медијана), Градска општина Медијана, Град Ниш, Нишавски управни округ, Централна Србија, Србија, completed, 650 students",city
GHA,8.0300284,-1.0800271,recipient,40,"Edoovillage #1627 - Ghana, Akatekyiwa: Vocational Centre in ","Ghana, completed, 90 students",city
GHA,5.5571096,-0.2012376,recipient,34,"Edoovillage #1628 - Ghana, Accra: Universal Wonderful Street","Accra, Korle-Klottey Municipal District, Greater Accra Region, Ghana, open, 150 students",city
UGA,1.5661927,31.1480968,recipient,2,"Edoovillage #1629 - Uganda, Hoima : VESCOD ICT for Training ","Hoima, Western Region, Uganda, completed, 12 students",city
MEX,19.4147269,-102.0522647,recipient,6,"Edoovillage #1630 - Mexico, Uruapan: taki mundo","Uruapan, Michoacán, 60050, México, open, 50 students",city
GHA,7.3846802,-1.355945,recipient,15,"Edoovillage #1631 - Ghana, Ejura: Bemi Municipal Assembly Pr","Ejura, Ejura/Sekyedumase Municipal District, Ashanti Region, Ghana, completed, 457 students",city
ZAF,-33.9288301,18.4172197,recipient,41,"Edoovillage #1632 - South Africa, Cape Town: Township-Kinder","Cape Town, City of Cape Town, Western Cape, 8001, South Africa, completed, 200 students",city
UGA,0.3177137,32.5813539,recipient,5,"Edoovillage #1633 - Uganda, Kampala: Good Time Nursery & Pri","Kampala, Central Region, Uganda, open, 280 students",city
MWI,-13.9875107,33.768144,recipient,52,"Edoovillage #1634 - Malawi, lilongwe: University students un","Lilongwe, Central Region, Malawi, open, 700 students",city
SLE,8.479004,-13.26795,recipient,0,"Edoovillage #1635 - Sierra Leone, Freetown: Girls Empowermen","Freetown, Western Area Urban, Western Area, Sierra Leone, open, 15 students",city
IRQ,36.8542598,42.9924528,recipient,49,"Edoovillage #1636 - Iraq, Dohuk:  Sprachkurse für Kinder/Jug","دھۆک, ناحیەی ناوەندەکەی قەزای دهۆك, قەزای دهۆک, پارێزگای دھۆک, هەرێمی کوردستان, 42001, العراق, completed, 80 students",city
MAR,32.341425,-4.073812,recipient,5,"Edoovillage #1637 - Morocco, gourrama: NOMADS UNIRAID","Gourrama ⴳⵯⵔⵔⴰⵎⴰ كرامة, Caïdat de Gourrama, Cercle d'Er-Rich, Province de Midelt إقليم ميدلت, Drâa-Tafilalet ⴷⴰⵔⵄⴰ-ⵜⴰⴼⵉⵍⴰⵍⵜ درعة تافيلالت, 52302, Maroc ⵍⵎⵖⵔⵉⴱ المغرب, open, 560 students",city
SRB,42.9652346,22.1281077,recipient,0,"Edoovillage #1638 - Serbia, Vlasotince: Kindergarten institu","Власотинце, Општина Власотинце, Јабланички управни округ, Централна Србија, 16210, Србија, completed, 650 students",city
TZA,-8.4817299,38.9211966,recipient,2,"Edoovillage #1639 - Tanzania, Kipatimu: St. Martin’s Mission","Kipatimu, Kilwa, Lindi, Coastal Zone, Tanzania, open, 36 students",city
UGA,1.0746869,34.1843464,recipient,8,"Edoovillage #1640 - Uganda, Nkokonjeru: Initiative for Rural","Nkokonjeru, Mbale City, Bugisa sub-region, Eastern Region, Uganda, completed, 25 students",city
CMR,6.3775255,10.3864171,recipient,0,"Edoovillage #1641 - Cameroon, Cameroon: Computer literacy ce","Northwest, Cameroun, open, 25 students",city
COD,-2.9814344,23.8222636,recipient,33,"Edoovillage #1642 - Congo (Kinshasa), Koka-Koli:  Petit  Sem","République démocratique du Congo, completed, 207 students",city
COD,4.106114,22.4449881,recipient,43,"Edoovillage #1643 - Congo (Kinshasa), Yakoma: Lycée Maman Le","Yakoma, Nord-Ubangi, République démocratique du Congo, completed, 588 students",city
COD,4.2812396,20.9999077,recipient,53,"Edoovillage #1644 - Congo (Kinshasa), Gbadolite: Collège de ","Gbadolite, Nord-Ubangi, République démocratique du Congo, completed, 786 students",city
UGA,0.3177137,32.5813539,recipient,27,"Edoovillage #1645 - Uganda, Kampala: Childrens kings School ","Kampala, Central Region, Uganda, completed, 170 students",city
GHA,7.3384389,-2.3309226,recipient,0,"Edoovillage #1646 - Ghana, Sunyani: UENR Outreach Programe","Sunyani, Sunyani West District, Bono Region, Ghana, open, 1000 students",city
KEN,-0.2802724,36.0712048,recipient,6,"Edoovillage #1647 - Kenya, Nakuru: Makungu Care Home","Nakuru, Nakuru West, Nakuru, 20100, Kenya, open, 8 students",city
MEX,17.3839425,-96.2956119,recipient,0,"Edoovillage #1648 - Mexico, Tanetze de Zaragoza: CEU-XHIDZA ","Tanetze de Zaragoza, Oaxaca, 68826, México, open, 16 students",city
BIH,43.8570713,18.4126147,recipient,10,"Edoovillage #1649 - Bosnia and Herzegovina, Sarajevo: NGO Pa","Grad Sarajevo, Kanton Sarajevo, Federacija Bosne i Hercegovine, Bosna i Hercegovina / Босна и Херцеговина, completed, 70 students",city
DEU,51.434999,6.759562,recipient,146,"Edoovillage #1650 - Germany, Duisburg: Werkkiste gGmbH | Bür","Duisburg, Nordrhein-Westfalen, Deutschland, completed, 300 students",city
NAM,-21.4173717,15.9514037,recipient,4,"Edoovillage #1651 - Namibia, Omaruru: Martin Luther Highscho","Omaruru, Erongo Region, 13009, Namibia, open, 246 students",city
GHA,10.0623261,-2.5054273,recipient,8,"Edoovillage #1652 - Ghana, Wa: Digitization Seventh Day Adve","Wa, Wa Municipal District, Upper West Region, Ghana, completed, 0 students",city
CMR,5.6557267,10.6122387,recipient,0,"Edoovillage #1653 - Cameroon, Kouoptamo: Cetic Kouopara | Ba","Kouoptamo, Noun, Ouest, Cameroun, open, 200 students",city
ZAF,-26.205,28.049722,recipient,0,"Edoovillage #1654 - South Africa, Johannesburg: Malapa Motse","Johannesburg, City of Johannesburg Metropolitan Municipality, Gauteng, 2001, South Africa, open, 350 students",city
CAF,4.3635118,18.5835913,recipient,21,"Edoovillage #1655 - Central African Republic, Bangui: CEFODE","Bangui, Ködörösêse tî Bêafrîka / République centrafricaine, completed, 21 students",city
ZAF,-26.2838678,28.406463,recipient,0,"Edoovillage #1656 - South Africa, Mphahlele village: Sefalao","Mr Mphahlele Street, Mthembu Village, Ekurhuleni Ward 77, Springs, City of Ekurhuleni Metropolitan Municipality, Gauteng, 1575, South Africa, open, 544 students",city
MAR,34.0346534,-5.0161926,recipient,0,"Edoovillage #1657 - Morocco, Fes: Association marocaine des ","Fès ⴼⴰⵙ فاس, Pachalik du Fes باشوية فاس, Préfecture de Fès عمالة فاس, Fès-Meknès ⴼⴰⵙ-ⵎⴽⵏⴰⵙ فاس-مكناس, Maroc ⵍⵎⵖⵔⵉⴱ المغرب, open, 650 students",city
UGA,0.0335241,29.7593621,recipient,4,"Edoovillage #1658 - Uganda, Bwera: Van Merode Skills Trainin","Bwera, Kasese, Western Region, Uganda, open, 125 students",city
NGA,9.6000359,7.9999721,recipient,103,"Edoovillage #1659 - Nigeria, Yenegua: Divine Image Kindergar","Nigeria, completed, 250 students",city
NGA,9.6000359,7.9999721,recipient,0,"Edoovillage #1660 - Nigeria, Mbato. Orlu Diözese: St. Theres","Nigeria, open, 250 students",city
NGA,9.6000359,7.9999721,recipient,29,"Edoovillage #1661 - Nigeria, Otulu: St. Anthony Nursery and ","Nigeria, completed, 150 students",city
NGA,5.1885313,5.8793916,recipient,0,"Edoovillage #1662 - Nigeria, Oboro: St. Michael Nursery and ","Oboro, Bomadi, Delta, Nigeria, open, 150 students",city
NGA,5.7291619,7.1164592,recipient,27,"Edoovillage #1663 - Nigeria, Amaigbo: St. Gregory Secondary ","Amaigbo, Nwangele, Imo, Nigeria, completed, 150 students",city
CMR,4.0429389,9.7062018,recipient,6,"Edoovillage #1664 - Cameroon, Douala: Innovative ICT Solutio","Douala, Douala II, Communauté urbaine de Douala, Wouri, Littoral, Cameroun, open, 750 students",city
MEX,22.5000001,-100.4949145,recipient,5,"Edoovillage #1665 - Mexico, San Luis Potosí: PROYECTO COMUNI","San Luis Potosí, México, open, 134 students",city
IND,19.054999,72.8692035,recipient,3,"Edoovillage #1666 - India, Mumbai: Apnalaya Project of 'Stif","Mumbai, Mumbai Suburban District, Maharashtra, 400051, India, completed, 50 students",city
GIN,9.5670274,-13.6347819,recipient,45,"Edoovillage #1667 - Guinea, Raka Fofana: Complexe Scolaire R","CS Raka Fofana, Autoroute Fidel Castro, Gbessia, Dabondy 2, Matoto, Conakry, 625, Guinée, completed, 850 students",city
MWI,-14.2836583,34.5110091,recipient,10,"Edoovillage #1668 - Malawi, Mua: Mua Primary School | Malawi","Mua, Dedza, Central Region, Malawi, completed, 30 students",city
UGA,0.1310412,30.0047968,recipient,5,"Edoovillage #1669 - Uganda, Kasese: Rwenzori Royal Institute","Kasese, Western Region, Uganda, completed, 170 students",city
NIC,12.1547116,-86.273725,recipient,9,"Edoovillage #1670 - Nicaragua, Managua: Stipendienprogramm B","Managua, 10000 (código maestro), Nicaragua, open, 10 students",city
ESP,41.3825802,2.177073,recipient,50,"Edoovillage #1671 - Spain, Barcelona: Acollida de persones r","Barcelona, Barcelonès, Barcelona, Catalunya, España, open, 200 students",city
GHA,5.9059572,-1.8295463,recipient,3,"Edoovillage #1672 - Ghana, Asikuma: Abehenase Cargill | Go4M","Asikuma, Upper Denkyira East Municipal District, Central Region, Ghana, open, 100 students",city
ESP,41.4707933,2.0848815,recipient,24,"Edoovillage #1673 - Spain, Sant Cugat del Vallès: PFI-PTT Sa","Sant Cugat del Vallès, Vallès Occidental, Barcelona, Catalunya, España, open, 45 students",city
AUT,47.7981346,13.0464806,recipient,9,"Edoovillage #1674 - Austria, Salzburg: Salzburg Lerncafe","Salzburg, 5020, Österreich, completed, 50 students",city
AUT,47.8414905,13.2535481,recipient,0,"Edoovillage #1675 - Austria, Thalgau: Mittelschule Thalgau","Thalgau, Bezirk Salzburg-Umgebung, Salzburg, 5303, Österreich, completed, 1222 students",city
ESP,41.4707933,2.0848815,recipient,6,"Edoovillage #1676 - Spain, Sant Cugat del Vallès: CRAE Lledo","Sant Cugat del Vallès, Vallès Occidental, Barcelona, Catalunya, España, open, 15 students",city
BFA,12.3681873,-1.5270944,recipient,0,"Edoovillage #1677 - Burkina Faso, Ouagadougou: Städtisches L","Ouagadougou, Kadiogo, Centre, Burkina Faso, open, 163 students",city
BFA,12.3681873,-1.5270944,recipient,0,"Edoovillage #1678 - Burkina Faso, Ouagadougou: Privatschulen","Ouagadougou, Kadiogo, Centre, Burkina Faso, open, 162 students",city
BFA,12.3681873,-1.5270944,recipient,0,"Edoovillage #1679 - Burkina Faso,  Ouagadougou: Grundschule ","Ouagadougou, Kadiogo, Centre, Burkina Faso, open, 100 students",city
BFA,12.3681873,-1.5270944,recipient,0,"Edoovillage #1680 - Burkina Faso, Ouagadougou: Komplex Scola","Ouagadougou, Kadiogo, Centre, Burkina Faso, open, 93 students",city
BFA,12.6626565,-0.5730914,recipient,0,"Edoovillage #1681 - Burkina Faso,  Boulsa: Provinzial-Hochsc","Boulsa, Namentenga, Centre-Nord, Burkina Faso, open, 90 students",city
ESP,41.3825802,2.177073,recipient,3,"Edoovillage #1682 - Spain, Barcelona: Institut Moisès Broggi","Barcelona, Barcelonès, Barcelona, Catalunya, España, open, 700 students",city
ESP,41.2835355,1.2473637,recipient,14,"Edoovillage #1683 - Spain, Valls: Serveis Social Municipals ","Valls, Alt Camp, Tarragona, Catalunya, España, open, 8 students",city
IND,22.3913377,92.7397189,recipient,0,"Edoovillage #1684 - India, Lawngtlai: Lawngtlai Government C","Lawngtlai, Mizoram, India, open, 0 students",city
IND,22.6192698,93.0096853,recipient,0,"Edoovillage #1685 - India, Lungpher: Lungpher Phawngpui Engl","S. Lungpher, Sangau, Lawngtlai, Mizoram, India, open, 0 students",city
MMR,22.6427551,93.6096217,recipient,0,"Edoovillage #1686 - Myanmar, Hakha: Chin Christian Universit","ဟားခါးမြို့, ဟားခါးမြို့နယ်, ဟားခါးခရိုင်, ချင်းပြည်နယ်, 03011, မြန်မာ, open, 0 students",city
IND,22.6459816,93.023837,recipient,0,"Edoovillage #1687 - India, Sangau: Sangau Primary-I","Sangau, Lawngtlai, Mizoram, 796810, India, open, 0 students",city
IND,23.7277631,92.7179947,recipient,0,"Edoovillage #1688 - India, Aizawl: North Point School","Aizawl, Tlangnuam, Aizawl, Mizoram, 796190, India, open, 380 students",city
DEU,53.5501721,10.0013165,recipient,1,"Edoovillage #1689 - Germany, Hamburg: Private Hilfsinitiativ","Hamburg, Deutschland, completed, 1 students",city
CHE,46.2017559,6.1466014,recipient,11,"Edoovillage #1690 - Switzerland, Geneva: THRIVE (COVID-19-CH","Genève, Schweiz/Suisse/Svizzera/Svizra, completed, 50 students",city
ZAF,-34.4175,19.2361111,recipient,6,"Edoovillage #1691 - South Africa, Hermanus: The Osanalerona ","Hermanus, Overstrand Local Municipality, Overberg District Municipality, Western Cape, 7200, South Africa, completed, 50 students",city
KEN,2.8579582,37.7154892,recipient,0,"Edoovillage #1692 - Kenya, Marsabit: Northern Pastoralist Yo","Marsabit, Kenya, open, 153 students",city
ESP,41.4909972,2.1405506,recipient,16,"Edoovillage #1693 - Spain, Cerdanyola: Itineraris de Protecc","Cerdanyola del Vallès, Vallès Occidental, Barcelona, Catalunya, España, open, 50 students",city
ESP,41.4707933,2.0848815,recipient,1,"Edoovillage #1694 - Spain, Sant Cugat del Vallès: Institut J","Sant Cugat del Vallès, Vallès Occidental, Barcelona, Catalunya, España, open, 480 students",city
AUT,47.59397,14.12456,recipient,3,"Edoovillage #1695 - Austria, 5411 Obralm: Seniorenheim Kahls","Österreich, completed, 120 students",city
AUT,47.4266166,12.8481048,recipient,6,"Edoovillage #1696 - Austria, Saalfelden: NMS: Mittelschule S","Saalfelden am Steinernen Meer, Bezirk Zell am See, Salzburg, 5760, Österreich, completed, 120 students",city
GHA,6.6401533,-0.7573324,recipient,13,"Edoovillage #1697 - Ghana, ADUAMOA - KWAHU: Aduamoa Presbyte","Aduamoa, Kwahu East District, Eastern Region, Ghana, completed, 65 students",city
GHA,6.6401533,-0.7573324,recipient,13,"Edoovillage #1698 - Ghana, ADUAMOA - KWAHU: Aduamoa R/C Basi","Aduamoa, Kwahu East District, Eastern Region, Ghana, completed, 65 students",city
DEU,51.9625101,7.6251879,recipient,19,"Edoovillage #1699 - Germany, Münster: Laptops für Auszubilde","Münster, Nordrhein-Westfalen, Deutschland, completed, 29 students",city
DEU,51.434999,6.759562,recipient,2,"Edoovillage #1700 - Germany, Duisburg: Abtei-Gymnasium Coron","Duisburg, Nordrhein-Westfalen, Deutschland, completed, 26 students",city
ESP,40.8110158,0.5209333,recipient,4,"Edoovillage #1701 - Spain, TORTOSA: UTE FMF-RESILIS (COVID-1","Tortosa, Baix Ebre, Tarragona, Catalunya, España, open, 16 students",city
ESP,41.3463825,1.6995213,recipient,31,"Edoovillage #1702 - Spain, Vilafranca del Penedes: Alt Pened","Vilafranca del Penedès, Alt Penedès, Barcelona, Catalunya, 08720, España, open, 17 students",city
ESP,41.3825802,2.177073,recipient,10,"Edoovillage #1703 - Spain, Barcelona: SICAR (COVID-19-CAT)","Barcelona, Barcelonès, Barcelona, Catalunya, España, open, 14 students",city
ESP,41.3825802,2.177073,recipient,6,"Edoovillage #1704 - Spain, Barcelona: Fundación Putxet (COVI","Barcelona, Barcelonès, Barcelona, Catalunya, España, open, 6 students",city
DEU,51.9625101,7.6251879,recipient,21,"Edoovillage #1705 - Germany, Münster: Geschwister-Scholl-Rea","Münster, Nordrhein-Westfalen, Deutschland, completed, 437 students",city
ESP,41.6079555,2.2876008,recipient,41,"Edoovillage #1706 - Spain, Granollers: Fundació Reir (COVID-","Granollers, Vallès Oriental, Barcelona, Catalunya, España, completed, 0 students",city
DEU,51.434999,6.759562,recipient,59,"Edoovillage #1707 - Germany, Duisburg: Kinderheime und Außen","Duisburg, Nordrhein-Westfalen, Deutschland, completed, 190 students",city
ESP,41.3463825,1.6995213,recipient,5,"Edoovillage #1708 - Spain, Vilafranca del Penedes: COVID19 -","Vilafranca del Penedès, Alt Penedès, Barcelona, Catalunya, 08720, España, open, 346 students",city
ESP,41.351427,2.0904553,recipient,55,"Edoovillage #1710 - Spain, Cornellà del Llobregat : Fundació","Novotel Cornellà, Avinguda del Maresme, Almeda, Cornellà de Llobregat, Baix Llobregat, Barcelona, Catalunya, 08940, España, open, 400 students",city
ESP,41.1172364,1.2546057,recipient,9,"Edoovillage #1711 - Spain, Tarragona: UTE FMF-RESILIS  (COVI","Tarragona, Tarragonès, Tarragona, Catalunya, España, open, 36 students",city
ESP,41.9793006,2.8199439,recipient,9,"Edoovillage #1712 - Spain, Girona: UTE FMF-RESILIS (COVID-19","Girona, Gironès, Girona, Catalunya, España, open, 24 students",city
DEU,48.17256,11.3223214,recipient,3,"Edoovillage #1713 - Germany, Eichenau: Pflegezentrum Eichena","Eichenau, Landkreis Fürstenfeldbruck, Bayern, 82223, Deutschland, completed, 100 students",city
ESP,41.3825802,2.177073,recipient,3,"Edoovillage #1714 - Spain, Barcelona: CRAE Elima  Sabadell (","Barcelona, Barcelonès, Barcelona, Catalunya, España, open, 18 students",city
DEU,51.434999,6.759562,recipient,21,"Edoovillage #1715 - Germany, Duisburg: St. Hildegardis-Gymna","Duisburg, Nordrhein-Westfalen, Deutschland, completed, 800 students",city
AUT,47.7869224,13.075615,recipient,3,"Edoovillage #1716 - Austria, 5026 Salzburg: Haus für Seniore","5026, Aigen, Salzburg, Österreich, completed, 120 students",city
AUT,47.7981346,13.0464806,recipient,3,"Edoovillage #1717 - Austria, Salzburg: Haus für Senioren,","Salzburg, 5020, Österreich, completed, 120 students",city
ESP,41.4707933,2.0848815,recipient,27,"Edoovillage #1718 - Spain, Sant Cugat del Vallès: Colegio El","Sant Cugat del Vallès, Vallès Occidental, Barcelona, Catalunya, España, open, 26 students",city
ESP,37.6330173,-1.0127959,recipient,7,"Edoovillage #1719 - Spain, MOLLERUSA: UTE FMF-RESILIS (COVID","Calle Mollerusa, Barriada Hispanoamérica, La Baña, El Plan, Cartagena, Campo de Cartagena y Mar Menor, Región de Murcia, 30310, España, open, 18 students",city
ESP,41.3825802,2.177073,recipient,15,"Edoovillage #1720 - Spain, Barcelona: Associació L'Esquitx (","Barcelona, Barcelonès, Barcelona, Catalunya, España, open, 14 students",city
DEU,53.5501721,10.0013165,recipient,12,"Edoovillage #1721 - Germany, Hamburg: DIE ARCHE Kinderstiftu","Hamburg, Deutschland, completed, 80 students",city
USA,33.6170092,-117.9294401,recipient,15,"Edoovillage #1722 - United States, Newport Beach: All Things","Newport Beach, Orange County, California, United States, completed, 45 students",city
COL,10.9977344,-74.7911478,recipient,25,"Edoovillage #1723 - Colombia, Baranquilla: IT/Sprachkurse fü","Baranquilla Cuidad Educadora, Calle 58, Modelo, Localidad Norte - Centro Histórico, Perímetro Urbano Barranquilla, Barranquilla, Atlántico, RAP Caribe, 080003, Colombia, completed, 25 students",city
COL,4.6533817,-74.0836331,recipient,44,"Edoovillage #1724 - Colombia, Bogota: IT/Sprachkurse für Kin","Bogotá, Bogotá, Distrito Capital, RAP (Especial) Central, Colombia, completed, 90 students",city
COL,6.2697324,-75.6025597,recipient,18,"Edoovillage #1725 - Colombia, Medellin: IT/Sprachkurse für K","Medellín, Valle de Aburrá, Antioquia, RAP del Agua y la Montaña, 0500, Colombia, completed, 40 students",city
DEU,47.9960901,7.8494005,recipient,3,"Edoovillage #1726 - Germany, Freiburg: Corona-Hilfe zur digi","Freiburg im Breisgau, Baden-Württemberg, Deutschland, completed, 3 students",city
DEU,51.2254018,6.7763137,recipient,5,"Edoovillage #1727 - Germany, Düsseldorf: Inklusionsteam der ","Düsseldorf, Nordrhein-Westfalen, Deutschland, completed, 27 students",city
ESP,41.4707933,2.0848815,recipient,25,"Edoovillage #1728 - Spain, Sant Cugat del Vallès: Institut A","Sant Cugat del Vallès, Vallès Occidental, Barcelona, Catalunya, España, open, 800 students",city
ESP,41.4707933,2.0848815,recipient,10,"Edoovillage #1729 - Spain, Sant Cugat del Vallès: Institut L","Sant Cugat del Vallès, Vallès Occidental, Barcelona, Catalunya, España, open, 500 students",city
ESP,41.4707933,2.0848815,recipient,7,"Edoovillage #1730 - Spain, Sant Cugat del Vallès: Institut A","Sant Cugat del Vallès, Vallès Occidental, Barcelona, Catalunya, España, open, 680 students",city
ESP,41.2199677,1.5348566,recipient,18,"Edoovillage #1731 - Spain, El Vendrell: Consell C. Baix Pene","el Vendrell, Baix Penedès, Tarragona, Catalunya, España, open, 0 students",city
ESP,41.5460801,2.1083214,recipient,0,"Edoovillage #1732 - Spain, Sabadell: Spaai Mestral - Fundaci","Sabadell, Vallès Occidental, Barcelona, Catalunya, España, completed, 12 students",city
ESP,41.3595118,2.0996318,recipient,5,"Edoovillage #1733 - Spain, L'Hospitalet de Llobregat: Espai ","l'Hospitalet de Llobregat, Barcelonès, Barcelona, Catalunya, España, open, 50 students",city
ESP,41.3825802,2.177073,recipient,5,"Edoovillage #1734 - Spain, Barcelona: Escola Jeroni de Morag","Barcelona, Barcelonès, Barcelona, Catalunya, España, open, 40 students",city
ESP,41.3825802,2.177073,recipient,9,"Edoovillage #1735 - Spain, Barcelona: Escola Diputacio (COVI","Barcelona, Barcelonès, Barcelona, Catalunya, España, open, 50 students",city
ESP,41.2835355,1.2473637,recipient,3,"Edoovillage #1736 - Spain, Valls:  Serveis d’Intervenció so","Valls, Alt Camp, Tarragona, Catalunya, España, open, 225 students",city
CHE,47.3338992,8.3843501,recipient,6,"Edoovillage #1737 - Switzerland, Oberwil-Lieli: Primarschule","Oberwil-Lieli, Bezirk Bremgarten, Aargau, 8966, Schweiz/Suisse/Svizzera/Svizra, completed, 221 students",city
CHE,47.3338992,8.3843501,recipient,0,"Edoovillage #1738 - Switzerland, Oberwil-Lieli: Primarschule","Oberwil-Lieli, Bezirk Bremgarten, Aargau, 8966, Schweiz/Suisse/Svizzera/Svizra, completed, 221 students",city
UGA,0.9765706,34.2021869,recipient,15,"Edoovillage #1739 - Uganda, Mbale: Dream School Internationa","Mbale, Eastern Region, Uganda, open, 70 students",city
UGA,0.9765706,34.2021869,recipient,6,"Edoovillage #1740 - Uganda, Mbale: ANA Daycare and Kindergar","Mbale, Eastern Region, Uganda, open, 30 students",city
ESP,41.2835355,1.2473637,recipient,4,"Edoovillage #1741 - Spain, VALLS: UEC Vallsgenera (COVID-19-","Valls, Alt Camp, Tarragona, Catalunya, España, open, 14 students",city
CHE,47.4736827,8.3086822,recipient,46,"Edoovillage #1742 - Switzerland, Baden: Schweizerisches Rote","Baden, Bezirk Baden, Aargau, Schweiz/Suisse/Svizzera/Svizra, completed, 50 students",city
CHE,47.4991723,8.7291498,recipient,5,"Edoovillage #1743 - Switzerland, Winterthur: Glocal Steps - ","Winterthur, Bezirk Winterthur, Zürich, Schweiz/Suisse/Svizzera/Svizra, completed, 13 students",city
DEU,49.64999,8.66768,recipient,20,"Edoovillage #1744 - Germany, Heppenheim: Nibelungenschule He","Heppenheim, Kreis Bergstraße, Hessen, 64646, Deutschland, completed, 250 students",city
DEU,48.1371079,11.5753822,recipient,17,"Edoovillage #1745 - Germany, München: Innere Mission - Sozia","München, Bayern, Deutschland, completed, 100 students",city
DEU,51.2254018,6.7763137,recipient,25,"Edoovillage #1746 - Germany, Düsseldorf: Digitale Nachhilfe ","Düsseldorf, Nordrhein-Westfalen, Deutschland, completed, 25 students",city
DEU,48.1371079,11.5753822,recipient,0,"Edoovillage #1747 - Germany, München: SFZ Sonderpädagogische","München, Bayern, Deutschland, completed, 170 students",city
ESP,41.4707933,2.0848815,recipient,41,"Edoovillage #1748 - Spain, Sant Cugat del Vallès: Institut F","Sant Cugat del Vallès, Vallès Occidental, Barcelona, Catalunya, España, open, 400 students",city
ESP,41.5629623,2.0100492,recipient,54,"Edoovillage #1749 - Spain, Terrassa: El Viver, reforç socioe","Terrassa, Vallès Occidental, Barcelona, Catalunya, España, open, 64 students",city
ECU,-0.7892338,-75.529155,recipient,5,"Edoovillage #1750 - Ecuador, Tiputini: Cuisine sans frontièr","Tiputini, Aguarico, Orellana, Ecuador, completed, 25 students",city
ESP,41.7288939,1.8286765,recipient,9,"Edoovillage #1434 - Spain, Manresa: Fundació del Convent San","Manresa, Bages, Barcelona, Catalunya, España, open, 7 students",city
ESP,41.4707933,2.0848815,recipient,16,"Edoovillage #1751 - Spain, Sant Cugat del Vallès: Escola San","Sant Cugat del Vallès, Vallès Occidental, Barcelona, Catalunya, España, open, 400 students",city
DEU,52.5173885,13.3951309,recipient,21,"Edoovillage #1752 - Germany, Berlin: Lebenswelt gGmbH interk","Berlin, Deutschland, completed, 28 students",city
ROU,46.9319894,26.3695046,recipient,10,"Edoovillage #1709 - Romania, Piatra Neamt: Fundatia Piatra N","Piatra-Neamț, Neamț, România, completed, 100 students",city
BGR,42.8674135,25.4924992,recipient,10,"Edoovillage #1753 - Bulgaria, Trjavna: Judo goes Orient - SO","Трявна, Габрово, 5350, България, completed, 80 students",city
KHM,10.6314754,104.132637,recipient,0,"Edoovillage #1754 - Cambodia, Kampot: Sonja Kill Memorial Ho","ខេត្តកំពត, ព្រះរាជាណាចក្រ​កម្ពុជា, completed, 3 students",city
DEU,48.1371079,11.5753822,recipient,4,"Edoovillage #1755 - Germany, Munich: Evangelisches Pflegezen","München, Bayern, Deutschland, completed, 0 students",city
ZWE,-20.1053948,28.5426856,recipient,10,"Edoovillage #1756 - Zimbabwe, Bulawayo: SwiZimAid - Bulawayo","Bulawayo Province, Zimbabwe, completed, 0 students",city
CHE,47.369628,8.3595132,recipient,5,"Edoovillage #1757 - Switzerland, Widen: Reformierte Kirche B","Widen, Bezirk Bremgarten, Aargau, 8967, Schweiz/Suisse/Svizzera/Svizra, completed, 5 students",city
DEU,50.7702908,6.2295504,recipient,3,"Edoovillage #1758 - Germany, Stolberg: Endgeräte für Home Sc","Stolberg, Städteregion Aachen, Nordrhein-Westfalen, Deutschland, completed, 3 students",city
ESP,41.3595118,2.0996318,recipient,28,"Edoovillage #1759 - Spain, L'Hospitalet de Llobregat: AMPA C","l'Hospitalet de Llobregat, Barcelonès, Barcelona, Catalunya, España, open, 396 students",city
DEU,51.0147957,13.6432993,recipient,1,"Edoovillage #1760 - Germany, Dresden / Freital: Endgeräte fü","AIS Dresden - Freital, 41, Wilsdruffer Straße, Zauckerode, Freital, Sächsische Schweiz-Osterzgebirge, Sachsen, 01705, Deutschland, completed, 1 students",city
AUT,48.2083537,16.3725042,recipient,4,"Edoovillage #1761 - Austria, Wien: Notquartier-Nord         ","Wien, Österreich, open, 120 students",city
DEU,48.1371079,11.5753822,recipient,3,"Edoovillage #1762 - Germany, München: Innere Mission - Sozia","München, Bayern, Deutschland, open, 100 students",city
DEU,48.1371079,11.5753822,recipient,0,"Edoovillage #1763 - Germany, München: Innere Mission - Sozia","München, Bayern, Deutschland, open, 100 students",city
DEU,48.1371079,11.5753822,recipient,2,"Edoovillage #1764 - Germany, München: Innere Mission - Sozia","München, Bayern, Deutschland, open, 100 students",city
DEU,48.1371079,11.5753822,recipient,1,"Edoovillage #1765 - Germany, München: Innere Mission - Sozia","München, Bayern, Deutschland, open, 100 students",city
DEU,48.1371079,11.5753822,recipient,11,"Edoovillage #1766 - Germany, München: Innere Mission - Sozia","München, Bayern, Deutschland, completed, 100 students",city
DEU,48.1371079,11.5753822,recipient,2,"Edoovillage #1767 - Germany, München: Innere Mission - Sozia","München, Bayern, Deutschland, open, 100 students",city
DEU,48.1371079,11.5753822,recipient,13,"Edoovillage #1768 - Germany, München: Innere Mission - Sozia","München, Bayern, Deutschland, completed, 100 students",city
COL,6.2697324,-75.6025597,recipient,15,"Edoovillage #1769 - Colombia, Medellin: Filotimo Language Sc","Medellín, Valle de Aburrá, Antioquia, RAP del Agua y la Montaña, 0500, Colombia, completed, 12 students",city
DEU,50.13355,8.04872,recipient,15,"Edoovillage #1770 - Germany, Bad Schwalbach: IT-Spenden für ","Bad Schwalbach, Rheingau-Taunus-Kreis, Hessen, 65307, Deutschland, completed, 15 students",city
DEU,51.2254018,6.7763137,recipient,76,"Edoovillage #1771 - Germany, Düsseldorf: Gerricus-Schule IT-","Düsseldorf, Nordrhein-Westfalen, Deutschland, completed, 200 students",city
ESP,41.9793006,2.8199439,recipient,3,"Edoovillage #1772 - Spain, Girona: Fundació Apip-Acam Girona","Girona, Gironès, Girona, Catalunya, España, open, 50 students",city
DEU,51.3869629,9.275937,recipient,15,"Edoovillage #1773 - Germany, Zierenberg: Elisabeth-Selbert-S","Zierenberg, Landkreis Kassel, Hessen, 34289, Deutschland, completed, 16 students",city
ESP,41.4493539,2.248254,recipient,2,"Edoovillage #1774 - Spain, Badalona: Fundación privada La Sa","Badalona, Barcelonès, Barcelona, Catalunya, España, open, 144 students",city
DEU,53.7382631,12.7644198,recipient,10,"Edoovillage #1775 - Germany, Malchin: Förderzentrum Lindensc","Malchin, Malchin am Kummerower See, Mecklenburgische Seenplatte, Mecklenburg-Vorpommern, 17139, Deutschland, completed, 65 students",city
DEU,48.1371079,11.5753822,recipient,25,"Edoovillage #1776 - Germany, Munich: Netzwerk Soforthilfe fü","München, Bayern, Deutschland, completed, 150 students",city
MWI,-12.8321965,34.0329177,recipient,0,"Edoovillage #1777 - Malawi, Nkhotakota: Stipendien Chancen d","Nkhotakota, Central Region, Malawi, open, 6 students",city
DEU,51.9625101,7.6251879,recipient,2,"Edoovillage #1778 - Germany, Münster: Schiller Gymnasium Mün","Münster, Nordrhein-Westfalen, Deutschland, completed, 800 students",city
ESP,41.3825802,2.177073,recipient,18,"Edoovillage #1780 - Spain, Barcelona: Fundació privada Benal","Barcelona, Barcelonès, Barcelona, Catalunya, España, open, 12 students",city
ESP,41.3825802,2.177073,recipient,1,"Edoovillage #1781 - Spain, Barcelona: Serveis Socials Sarrià","Barcelona, Barcelonès, Barcelona, Catalunya, España, open, 1 students",city
DEU,51.2254018,6.7763137,recipient,102,"Edoovillage #1782 - Germany, Düsseldorf: Gesamtschule Stetti","Düsseldorf, Nordrhein-Westfalen, Deutschland, completed, 420 students",city
COD,-3.70349,18.90398,recipient,40,"Edoovillage #1783 - Congo (Kinshasa), Cité d’Idiofa: Complex","Cite Eolo, Kwilu, République démocratique du Congo, open, 285 students",city
DEU,48.1371079,11.5753822,recipient,48,"Edoovillage #1784 - Germany, Munich: AWO Kreisverband Münche","München, Bayern, Deutschland, completed, 140 students",city
DEU,48.17256,11.3223214,recipient,7,"Edoovillage #1785 - Germany, Eichenau: Germany, Munich: Jose","Eichenau, Landkreis Fürstenfeldbruck, Bayern, 82223, Deutschland, completed, 250 students",city
ESP,41.4707933,2.0848815,recipient,9,"Edoovillage #1786 - Spain, Sant Cugat del Vallès: Escola d'A","Sant Cugat del Vallès, Vallès Occidental, Barcelona, Catalunya, España, open, 150 students",city
ESP,41.3825802,2.177073,recipient,16,"Edoovillage #1788 - Spain, Barcelona: Asociación ACATHI  (CO","Barcelona, Barcelonès, Barcelona, Catalunya, España, open, 30 students",city
ESP,41.4936194,2.0319476,recipient,19,"Edoovillage #1789 - Spain, Rubi: ASAV RUBI (COVID-19-CAT)","Rubí, Vallès Occidental, Barcelona, Catalunya, 08191, España, open, 30 students",city
DEU,50.91876,8.733367,recipient,1,"Edoovillage #1790 - Germany, Wetter: Berufskolleg Volmarstei","Wetter (Hessen), Landkreis Marburg-Biedenkopf, Hessen, 35083, Deutschland, completed, 600 students",city
ESP,41.4707933,2.0848815,recipient,9,"Edoovillage #1791 - Spain, Sant Cugat del Vallès: Escola Pi ","Sant Cugat del Vallès, Vallès Occidental, Barcelona, Catalunya, España, open, 496 students",city
ESP,41.4707933,2.0848815,recipient,45,"Edoovillage #1792 - Spain, Sant Cugat del Vallès: Mentoria G","Sant Cugat del Vallès, Vallès Occidental, Barcelona, Catalunya, España, open, 3000 students",city
ESP,41.9793006,2.8199439,recipient,0,"Edoovillage #1793 - Spain, Girona: Creu Roja Girona - Acolli","Girona, Gironès, Girona, Catalunya, España, open, 10 students",city
DEU,51.4582235,7.0158171,recipient,19,"Edoovillage #1794 - Germany, Essen: SWOD Substainable Women ","Essen, Nordrhein-Westfalen, Deutschland, completed, 30 students",city
DEU,48.1371079,11.5753822,recipient,0,"Edoovillage #1795 - Germany, München: Coronahilfe / Integrat","München, Bayern, Deutschland, completed, 1 students",city
CMR,5.9614117,10.1516505,recipient,51,"Edoovillage #1796 - Cameroon,  Bamenda: Sustainable Women fo","Communauté urbaine de Bamenda, Mezam, Northwest, Cameroun, completed, 100 students",city
DEU,51.4582235,7.0158171,recipient,7,"Edoovillage #1797 - Germany, Essen: HSW Hauptschule an der W","Essen, Nordrhein-Westfalen, Deutschland, completed, 7 students",city
ESP,41.3825802,2.177073,recipient,7,"Edoovillage #1799 - Spain, Barcelona: Proyecto Chatillon Bar","Barcelona, Barcelonès, Barcelona, Catalunya, España, open, 20 students",city
CMR,3.8031795,11.4684108,recipient,29,"Edoovillage #1800 - Cameroon, Mbalngong: Lycée Billingue de ","Mbalngong, Communauté urbaine de Yaoundé, Mfoundi, Centre, Cameroun, completed, 160 students",city
ESP,41.3825802,2.177073,recipient,36,"Edoovillage #1801 - Spain, barcelona: Escola Cal Maiol (COVI","Barcelona, Barcelonès, Barcelona, Catalunya, España, open, 256 students",city
DEU,51.4582235,7.0158171,recipient,20,"Edoovillage #1802 - Germany, Essen: PC-Kenntnisse in der Cor","Essen, Nordrhein-Westfalen, Deutschland, completed, 60 students",city
SWZ,-26.5624806,31.3991317,recipient,30,"Edoovillage #1803 - Swaziland, Inyandza: Inyandza High Schoo","Eswatini, completed, 400 students",city
ESP,41.3825802,2.177073,recipient,7,"Edoovillage #1804 - Spain, Barcelona: Fundació Bayt al-Thaqa","Barcelona, Barcelonès, Barcelona, Catalunya, España, open, 350 students",city
DEU,52.5173885,13.3951309,recipient,40,"Edoovillage #1805 - Germany, Berlin: XENION Psychosoziale Hi","Berlin, Deutschland, completed, 40 students",city
DEU,51.451283,6.62843,recipient,27,"Edoovillage #1806 - Germany, Moers: Tell Tessy Charity eV | ","Moers, Kreis Wesel, Nordrhein-Westfalen, Deutschland, completed, 50 students",city
CMR,5.7527723,9.315211,recipient,0,"Edoovillage #1807 - Cameroon, Mamfe: Together against Corona","Mamfé, Manyu, Southwest, Cameroun, open, 100 students",city
DEU,51.4582235,7.0158171,recipient,18,"Edoovillage #1808 - Germany, Essen: African Mother eV | COVI","Essen, Nordrhein-Westfalen, Deutschland, completed, 40 students",city
HKG,22.304723,113.8986393,recipient,0,"Edoovillage #1809 - Hong Kong S.A.R., China, Hong Kong: Hong","中國飛機服務有限公司 China Aircraft Services Limited, 南環路 South Perimeter Road, 赤鱲角 Chek Lap Kok, 大嶼山 Lantau, 離島區 Islands District, 新界 New Territories, 香港 Hong Kong, 中国, open, 300 students",city
TZA,-4.4232705,29.8416809,recipient,6,"Edoovillage #1810 - Tanzania, Kibwigwa: Manus Dei Secondary ","Kibwigwa, Buhigwe, Kigoma, Western Zone, Tanzania, completed, 120 students",city
ESP,41.4707933,2.0848815,recipient,4,"Edoovillage #1811 - Spain, Sant Cugat del Vallès: Sant Cugat","Sant Cugat del Vallès, Vallès Occidental, Barcelona, Catalunya, España, completed, 8 students",city
DEU,53.5501721,10.0013165,recipient,12,"Edoovillage #1812 - Germany, Hamburg: Lerntherapie und Nachh","Hamburg, Deutschland, completed, 12 students",city
ESP,41.3825802,2.177073,recipient,0,"Edoovillage #1813 - Spain, Barcelona: Xarxa suport 3 voltes ","Barcelona, Barcelonès, Barcelona, Catalunya, España, open, 10 students",city
USA,33.6856969,-117.825981,recipient,9,"Edoovillage #1814 - United States, Irvine: Saddleback Church","Irvine, Orange County, California, United States, completed, 0 students",city
ESP,41.4707933,2.0848815,recipient,37,"Edoovillage #1815 - Spain, Sant Cugat del Vallès: Escola Joa","Sant Cugat del Vallès, Vallès Occidental, Barcelona, Catalunya, España, open, 466 students",city
GHA,8.0300284,-1.0800271,recipient,15,"Edoovillage #1816 - Ghana, Kansaworodo: Kansaworodo JHS Lab ","Ghana, completed, 223 students",city
GHA,5.362385,-1.949832,recipient,16,"Edoovillage #1817 - Ghana, Aboso: Aboso Catholic School | Gh","Aboso, Prestea-Huni Valley Municipal District, Western Region, Ghana, completed, 600 students",city
GHA,5.362385,-1.949832,recipient,15,"Edoovillage #1818 - Ghana, Aboso: Aboso Municipal Assembly S","Aboso, Prestea-Huni Valley Municipal District, Western Region, Ghana, completed, 600 students",city
GHA,7.3682977,-2.3125567,recipient,20,"Edoovillage #1819 - Ghana, Odumase: Suyani Dumase Promise Sc","Odumase, Sunyani West District, Bono Region, Ghana, completed, 130 students",city
GHA,5.4279249,-0.9585242,recipient,15,"Edoovillage #1820 - Ghana, Ajumako: Ajumako Ochiso Catholic ","Ajumako, Ajumako/Enyan/Essiam District, Central Region, Ghana, completed, 800 students",city
GHA,6.035885,-0.4552751,recipient,39,"Edoovillage #1821 - Ghana, Suhum: Suhum Anglican Primary and","Suhum, Suhum Municipal District, Eastern Region, Ghana, completed, 1036 students",city
GHA,6.6985605,-1.6233086,recipient,51,"Edoovillage #1822 - Ghana, Kumasi: Kumasi High Technical Sch","Kumasi, Kumasi Metropolitan District, Ashanti Region, AK-010-1295, Ghana, completed, 5200 students",city
GHA,6.100334,-0.2614572,recipient,15,"Edoovillage #1823 - Ghana, Koforidua: Victory Vocational and","Koforidua, New Juaben South Municipal District, Eastern Region, Ghana, completed, 150 students",city
GHA,5.4279249,-0.9585242,recipient,15,"Edoovillage #1824 - Ghana, Ajumako: Ajumako Enyan Essiam Dis","Ajumako, Ajumako/Enyan/Essiam District, Central Region, Ghana, completed, 1000 students",city
GHA,6.6985605,-1.6233086,recipient,20,"Edoovillage #1825 - Ghana, Kumasi: Adankwame D/A Junior High","Kumasi, Kumasi Metropolitan District, Ashanti Region, AK-010-1295, Ghana, completed, 259 students",city
ESP,41.3825802,2.177073,recipient,2,"Edoovillage #1827 - Spain, Barcelona: Fundació Roure (COVID-","Barcelona, Barcelonès, Barcelona, Catalunya, España, open, 60 students",city
BLZ,18.0387533,-88.6622852,recipient,6,"Edoovillage #1826 - Belize, San Lazaro: Village Book Builder","San Lazaro, Orange Walk, Belize, open, 200 students",city
ESP,41.3825802,2.177073,recipient,5,"Edoovillage #1828 - Spain, Barcelona: Creu Roja Barcelona - ","Barcelona, Barcelonès, Barcelona, Catalunya, España, open, 400 students",city
ESP,41.3825802,2.177073,recipient,18,"Edoovillage #1829 - Spain, Barcelona: CEAR Comisión Española","Barcelona, Barcelonès, Barcelona, Catalunya, España, open, 1 students",city
ESP,41.3825802,2.177073,recipient,5,"Edoovillage #1830 - Spain, Barcelona: Fundació Ficat (COVID-","Barcelona, Barcelonès, Barcelona, Catalunya, España, open, 35 students",city
DEU,53.5501721,10.0013165,recipient,16,"Edoovillage #1831 - Germany, Hamburg: Sammelprojekt Digitale","Hamburg, Deutschland, completed, 25 students",city
DEU,53.0758196,8.8071646,recipient,37,"Edoovillage #1833 - Germany, Bremen: Sammelprojekt Digitale ","Bremen, Deutschland, open, 50 students",city
DEU,52.5173885,13.3951309,recipient,7,"Edoovillage #1836 - Germany, Berlin: Home Schooling Hilfe | ","Berlin, Deutschland, completed, 7 students",city
DEU,51.4696137,6.8514435,recipient,1,"Edoovillage #1837 - Germany, Oberhausen: Unterstützung der O","Oberhausen, Nordrhein-Westfalen, Deutschland, completed, 0 students",city
ESP,41.3825802,2.177073,recipient,15,"Edoovillage #1838 - Spain, Barcelona: Escola Professional Ma","Barcelona, Barcelonès, Barcelona, Catalunya, España, open, 95 students",city
DEU,51.4789205,7.5543751,recipient,592,"Edoovillage #1839 - Germany, Nordrhein-Westfalen: Sammelproj","Nordrhein-Westfalen, Deutschland, completed, 750 students",city
DEU,50.938361,6.959974,recipient,0,"Edoovillage #1840 - Germany, Köln: Endgeräte für Home School","Köln, Nordrhein-Westfalen, Deutschland, completed, 1 students",city
DEU,48.53775,9.041169,recipient,234,"Edoovillage #1841 - Germany, Baden-Württemberg: Sammelprojek","Baden-Württemberg, Deutschland, completed, 300 students",city
DEU,48.9467562,11.4038717,recipient,279,"Edoovillage #1845 - Germany, Bayern: Sammelprojekt Digitale ","Bayern, Deutschland, completed, 300 students",city
DEU,54.1853998,9.8220089,recipient,23,"Edoovillage #1842 - Germany, Schleswig-Holstein: Sammelproje","Schleswig-Holstein, Deutschland, completed, 50 students",city
DEU,52.8398531,9.075962,recipient,125,"Edoovillage #1847 - Germany, Niedersachsen: Sammelprojekt Di","Niedersachsen, Deutschland, completed, 150 students",city
DEU,52.8455492,13.2461296,recipient,63,"Edoovillage #1848 - Germany, Brandenburg: Sammelprojekt Digi","Brandenburg, Deutschland, completed, 100 students",city
DEU,50.9014721,11.0377839,recipient,116,"Edoovillage #1849 - Germany, Thüringen: Sammelprojekt Digita","Thüringen, Deutschland, completed, 150 students",city
DEU,50.9295798,13.4585052,recipient,125,"Edoovillage #1850 - Germany, Sachsen: Sammelprojekt Digitale","Sachsen, Deutschland, completed, 150 students",city
SWZ,-27.112694,31.200679,recipient,48,"Edoovillage #1851 - Swaziland,  NHLANGANO: Ekuthuleni High S","Nhlangano, Inkhundla Mbangweni, Shiselweni, Eswatini, completed, 350 students",city
SWZ,-26.3264735,31.1458295,recipient,41,"Edoovillage #1852 - Swaziland, Eswatini: Mlambo High School ","Central Bank of Swaziland, Mahlokohla Street, Mbabane, Inkhundla Mbabane, Hhohho, H100, Eswatini, completed, 350 students",city
ESH,24.1797324,-13.7667848,recipient,8,"Edoovillage #1853 - Western Sahara, undisclosed: Escuela de ","الصحراء الغربية, Oum Dreyga ⵓⵎ ⴷⵔⵉⴳⴰ أم ادريكة, caïdat d’Oum Dreyga قيادة أم ادريكة, Dakhla-Oued Ed-Dahab ⴷⴰⵅⵍⴰ-ⵡⴰⴷ ⴷⴰⵀⴰⴱ الداخلة-وادي الذهب, Maroc ⵍⵎⵖⵔⵉⴱ المغرب, open, 0 students",city
GRC,39.1321446,26.5169848,recipient,30,"Edoovillage #1854 - Greece, Moria, Lesbos: Labdoo Laptops fo","Μόρια, Δημοτική Ενότητα Μυτιλήνης, Δήμος Μυτιλήνης, Περιφερειακή Ενότητα Λέσβου, Περιφέρεια Βόρειου Αιγαίου, Αποκεντρωμένη Διοίκηση Αιγαίου, 811 00, Ελλάς, open, 4000 students",city
DEU,53.7735064,12.5755471,recipient,21,"Edoovillage #1798 - Germany, Mecklenburg-Vorpommern: Sammelp","Mecklenburg-Vorpommern, Deutschland, completed, 30 students",city
DEU,50.0171926,8.784277,recipient,40,"Edoovillage #1835 - Germany, Dietzenbach: Förder- und Kultur","Dietzenbach, Landkreis Offenbach, Hessen, 63128, Deutschland, completed, 207 students",city
ESP,41.3825802,2.177073,recipient,2,"Edoovillage #1844 - Spain, Barcelona: Centre Català de Solid","Barcelona, Barcelonès, Barcelona, Catalunya, España, open, 8 students",city
ESP,41.3825802,2.177073,recipient,6,"Edoovillage #1846 - Spain, Barcelona: Associació Provivienda","Barcelona, Barcelonès, Barcelona, Catalunya, España, open, 55 students",city
DEU,53.0758196,8.8071646,recipient,5,"Edoovillage #1855 - Germany, Bremen: BOSp Klasse - SZ Bördes","Bremen, Deutschland, completed, 16 students",city
DEU,49.9531599,7.310646,recipient,115,"Edoovillage #1856 - Germany, Rheinland-Pfalz: Sammelprojekt ","Rheinland-Pfalz, Deutschland, open, 125 students",city
DEU,48.1371079,11.5753822,recipient,4,"Edoovillage #1857 - Germany, Munich: Evangelische PflegeAkad","München, Bayern, Deutschland, completed, 0 students",city
DEU,48.1371079,11.5753822,recipient,10,"Edoovillage #1858 - Germany, München: Malteser Jobmentoring","München, Bayern, Deutschland, completed, 76 students",city
NAM,-20.4609337,16.651205,recipient,43,"Edoovillage #1832 - Namibia, Otjiwarongo: Osire Secondary Sc","Otjiwarongo, Otjozondjupa Region, 12001, Namibia, open, 450 students",city
UGA,-0.1268703,31.6225952,recipient,22,"Edoovillage #987 - Uganda, Bukomansimbi: Global Social Netwo","Bukomansimbi, Central Region, Uganda, open, 2500 students",city
BOL,-17.7834217,-63.1820853,recipient,10,"Edoovillage #1859 - Bolivia, Santa Cruz de la Sierra: Centro","Municipio Santa Cruz de la Sierra, Provincia Andrés Ibáñez, Santa Cruz, Bolivia, open, 30 students",city
GHA,8.0300284,-1.0800271,recipient,4,"Edoovillage #1860 - Ghana, Ahenboboano EJURA : Out Of School","Ghana, completed, 500 students",city
DEU,50.1106444,8.6820917,recipient,10,"Edoovillage #1861 - Germany, Frankfurt am Main: IB Südwest J","Frankfurt am Main, Hessen, Deutschland, completed, 25 students",city
DEU,51.9280976,11.6812243,recipient,58,"Edoovillage #1862 - Germany, Sachsen-Anhalt: Sammelprojekt D","Sachsen-Anhalt, Deutschland, completed, 75 students",city
MEX,32.5317397,-117.019529,recipient,4,"Edoovillage #1834 - Mexico, Tijuana: Rojo Gomez Church Learn","Tijuana, Municipio de Tijuana, Baja California, 22320, México, completed, 0 students",city
BRA,-12.9560021,-38.4721285,recipient,39,"Edoovillage #1863 - Brazil, Retiro Salvador: Global Social B","Retiro, Rodovia Engenheiro Vasco Filho, Retiro, Salvador, Bahia, Região Nordeste, 41152-060, Brasil, open, 32 students",city
BOL,-17.8811354,-63.1610608,recipient,15,"Edoovillage #1864 - Bolivia, Islas del Palmar: Plataforma So","U.E. Islas del Palmar, Avenida El Palmar del Oratorio, El Palmar del Oratorio, Municipio Santa Cruz de la Sierra, Provincia Andrés Ibáñez, Santa Cruz, Bolivia, open, 8 students",city
BOL,-17.7834217,-63.1820853,recipient,5,"Edoovillage #1865 - Bolivia, Santa Cruz de la Sierra: Fundac","Municipio Santa Cruz de la Sierra, Provincia Andrés Ibáñez, Santa Cruz, Bolivia, open, 140 students",city
SEN,15.6560438,-13.2523444,recipient,70,"Edoovillage #1866 - Senegal, Senegal: Journalist*innen Schul","Sénégal نهر السنغال, Sénégal, completed, 96 students",city
DEU,50.1106444,8.6820917,recipient,6,"Edoovillage #1867 - Germany, Frankfurt am Main: Niedrigschwe","Frankfurt am Main, Hessen, Deutschland, completed, 7 students",city
PER,-16.3988667,-71.5369607,recipient,3,"Edoovillage #1779 - Peru, Arequipa: Asociación Hogar de Cris","Arequipa, 04001, Perú, open, 60 students",city
TUR,37.4675696,41.1377851,recipient,10,"Edoovillage #1843 - Turkey, Midyat / Mardin: Schwester Hatun","Mardin-Midyat yolu, Düzgeçit, Midyat, Mardin, Güneydoğu Anadolu Bölgesi, Türkiye, completed, 15 students",city
TGO,6.334956,1.529707,recipient,0,"Edoovillage #1868 - Togo, Vogan: Computer center for pupils ","Vogan, Région Maritime, Togo, open, 1391 students",city
DEU,52.5173885,13.3951309,recipient,10,"Edoovillage #1869 - Germany, Berlin: Youth Power Germany eV ","Berlin, Deutschland, completed, 9 students",city
BOL,-17.7834217,-63.1820853,recipient,1,"Edoovillage #1870 - Bolivia, Santa Cruz de la Sierra: Orques","Municipio Santa Cruz de la Sierra, Provincia Andrés Ibáñez, Santa Cruz, Bolivia, open, 35 students",city
USA,44.9772995,-93.2654692,recipient,8,"Edoovillage #1871 - United States, Minneapolis: Planting Peo","Minneapolis, Hennepin County, Minnesota, United States, open, 12 students",city
DEU,49.4885711,10.9587203,recipient,20,"Edoovillage #986 - Germany, Fürth: Workshops und Weiterbildu","Fürth, Bayern, Deutschland, completed, 15 students",city
MEX,20.9876996,-101.0,recipient,9,"Edoovillage #1872 - Mexico, Guanajuato: Ayuda a homescholing","Guanajuato, México, open, 20 students",city
GHA,5.5686681,-2.0054888,recipient,35,"Edoovillage #1873 - Ghana, Bogoso: St. Michael’s Lab | Ghana","Bogoso, Prestea-Huni Valley Municipal District, Western Region, Ghana, completed, 200 students",city
COD,-4.3196982,15.3424196,recipient,78,"Edoovillage #1874 - Congo (Kinshasa), Kinshasa: Institut de ","Kinshasa, République démocratique du Congo, completed, 1230 students",city
IND,22.3511148,78.6677428,recipient,0,"Edoovillage #1875 - India, Newdelhi: Steps Home","India, open, 22 students",city
BRA,-3.1316333,-59.9825041,recipient,3,"Edoovillage #1876 - Brazil, Manaus: Associação Mães Unidas P","Manaus, Amazonas, Região Norte, 69000-000, Brasil, open, 50 students",city
ZMB,-13.4059989,24.3287941,recipient,10,"Edoovillage #1877 - Zambia, Loloma: Kaula Secondary School |","Loloma Mission Station, Manyinga District, North-Western Province, Zambia, open, 249 students",city
KEN,-3.9666,39.7166,recipient,0,"Edoovillage #1878 - Kenya, Utange Mombasa: Barnabas Children","Utange, Bamburi ward, Kisauni, Mombasa, 80109, Kenya, open, 500 students",city
DEU,50.7352621,7.1024635,recipient,14,"Edoovillage #1879 - Germany, Bonn: Ausbildung statt Abschieb","Bonn, Nordrhein-Westfalen, Deutschland, completed, 185 students",city
ESP,41.3825802,2.177073,recipient,26,"Edoovillage #1880 - Spain, Barcelona: Centre Ocupacional Tal","Barcelona, Barcelonès, Barcelona, Catalunya, España, open, 75 students",city
ESP,41.4800754,2.187009,recipient,3,"Edoovillage #1881 - Spain, Montcada i Reixac: PFI Institut L","Montcada i Reixac, Vallès Occidental, Barcelona, Catalunya, España, open, 23 students",city
ESP,41.4707933,2.0848815,recipient,15,"Edoovillage #1882 - Spain, Sant Cugat del Vallès: Escola la ","Sant Cugat del Vallès, Vallès Occidental, Barcelona, Catalunya, España, open, 226 students",city
ESP,41.3825802,2.177073,recipient,4,"Edoovillage #1883 - Spain, Barcelona: Centro Materno Infanti","Barcelona, Barcelonès, Barcelona, Catalunya, España, open, 36 students",city
ESP,41.9793006,2.8199439,recipient,9,"Edoovillage #1884 - Spain, Girona: Centre d’acollida OIKIA (","Girona, Gironès, Girona, Catalunya, España, open, 40 students",city
BFA,12.4629189,-3.4600757,recipient,21,"Edoovillage #1885 - Burkina Faso, Dedougou: Creuset d´Eveil ","Dédougou, Mouhoun, Boucle du Mouhoun, Burkina Faso, open, 60 students",city
ESP,40.416782,-3.703507,recipient,2,"Edoovillage #1886 - Spain, Madrid: Departamento Servicios So","Madrid, Comunidad de Madrid, España, completed, 1 students",city
ESP,41.6147605,0.6267842,recipient,0,"Edoovillage #1887 - Spain, Lleida: Centro CREI Intress / COV","Lleida, Segrià, Lleida, Catalunya, España, open, 24 students",city
ESP,41.3825802,2.177073,recipient,34,"Edoovillage #1888 - Spain, Barcelona: Institut Emperador Car","Barcelona, Barcelonès, Barcelona, Catalunya, España, open, 630 students",city
ROU,47.9860505,22.9620817,recipient,4,"Edoovillage #1889 - Romania, Cidreag: BuKi Asociatia Pentru ","Cidreag, Porumbești, Satu Mare, 447147, România, completed, 40 students",city
AGO,-6.2678204,14.2417957,recipient,70,"Edoovillage #1890 - Angola, Mbanza Kongo: Instituto Politech","M'banza Congo, Zaire, Angola, completed, 1300 students",city
ESP,41.6147605,0.6267842,recipient,0,"Edoovillage #1891 - Spain, Lleida: Creu Roja Lleida - Acolli","Lleida, Segrià, Lleida, Catalunya, España, open, 3 students",city
GRC,37.9755648,23.7348324,recipient,177,"Edoovillage #1892 - Greece, Athens: Edoovillage #1854 - Gree","Αθήνα, Δήμος Αθηναίων, Περιφερειακή Ενότητα Κεντρικού Τομέα Αθηνών, Περιφέρεια Αττικής, Αποκεντρωμένη Διοίκηση Αττικής, 105 57, Ελλάς, open, 5000 students",city
GRC,37.9755648,23.7348324,recipient,17,"Edoovillage #1893 - Greece, Athens: Greece, Athens: Laptops,","Αθήνα, Δήμος Αθηναίων, Περιφερειακή Ενότητα Κεντρικού Τομέα Αθηνών, Περιφέρεια Αττικής, Αποκεντρωμένη Διοίκηση Αττικής, 105 57, Ελλάς, open, 200 students",city
UGA,0.4353036,33.2055568,recipient,2,"Edoovillage #1894 - Uganda, Jinja City: Trybe Plastic Recycl","Jinja City, Eastern Region, Uganda, completed, 30 students",city
ESP,40.416782,-3.703507,recipient,0,"Edoovillage #1895 - Spain, Madrid: IES Villablanca School (C","Madrid, Comunidad de Madrid, España, open, 0 students",city
MRT,18.5545158,-11.4325834,recipient,9,"Edoovillage #1896 - Mauritania, Tidjikja: Tidjikja Schule | ","Tidjikja تجكجة, Tagant تكانت, Mauritanie موريتانيا, completed, 300 students",city
NAM,-22.6768424,14.528972,recipient,8,"Edoovillage #1897 - Namibia, Swakopmund: DRC School Project ","Swakopmund, Erongo Region, 13001, Namibia, open, 120 students",city
ESP,40.416782,-3.703507,recipient,30,"Edoovillage #1898 - Spain, Madrid: CEIP Martínez Montañés","Madrid, Comunidad de Madrid, España, completed, 218 students",city
DEU,51.434999,6.759562,recipient,2,"Edoovillage #1899 - Germany, Duisburg: Livingroom - help you","Duisburg, Nordrhein-Westfalen, Deutschland, completed, 70 students",city
BFA,11.503281,0.0576243,recipient,10,"Edoovillage #1900 - Burkina Faso, Ouargaye: Lycée Provincial","Ouargaye, Koulpélogo, Centre-Est, Burkina Faso, open, 1000 students",city
DEU,53.5501721,10.0013165,recipient,1,"Edoovillage #1901 - Germany, Hamburg: 5. Hamburger Frauenhau","Hamburg, Deutschland, completed, 1 students",city
DEU,51.5142273,7.4652789,recipient,15,"Edoovillage #1902 - Germany, Dortmund: Kommunales Integratio","Dortmund, Nordrhein-Westfalen, Deutschland, completed, 15 students",city
DEU,48.1371079,11.5753822,recipient,5,"Edoovillage #1903 - Germany, München: Global Shapers Munich ","München, Bayern, Deutschland, completed, 10 students",city
ESP,41.6079555,2.2876008,recipient,2,"Edoovillage #1904 - Spain, Granollers: Escola Pia de Granoll","Granollers, Vallès Oriental, Barcelona, Catalunya, España, open, 900 students",city
ESP,41.4707933,2.0848815,recipient,4,"Edoovillage #1905 - Spain, Sant Cugat del Vallès: Fundació M","Sant Cugat del Vallès, Vallès Occidental, Barcelona, Catalunya, España, open, 30 students",city
AUT,47.2731056,9.6315094,recipient,0,"Edoovillage #1906 - Austria, Rankweil: Mittelschule Rankweil","Rankweil, Bezirk Feldkirch, Vorarlberg, Österreich, open, 1 students",city
ESP,40.416782,-3.703507,recipient,3,"Edoovillage #1907 - Spain, Madrid: Niños conectados para apr","Madrid, Comunidad de Madrid, España, completed, 20 students",city
ESP,41.3825802,2.177073,recipient,21,"Edoovillage #1908 - Spain, Barcelona: Colombia Conecta - Con","Barcelona, Barcelonès, Barcelona, Catalunya, España, open, 20 students",city
ECU,-0.2201641,-78.5123274,recipient,2,"Edoovillage #1909 - Ecuador, Quito:  Kolpingfamilien |  Medi","Quito, Pichincha, 170130, Ecuador, open, 15 students",city
PHL,15.1389351,120.5875321,recipient,0,"Edoovillage #1910 - Philippines, Angeles City: Jordi Project","Angeles, Central Luzon, Philippines, open, 90 students",city
COD,-4.3196982,15.3424196,recipient,62,"Edoovillage #1911 - Congo (Kinshasa), Kinshasa: Orphelinat P","Kinshasa, République démocratique du Congo, completed, 215 students",city
ESP,41.4707933,2.0848815,recipient,6,"Edoovillage #1912 - Spain, Sant Cugat del Vallès: CFA Sant C","Sant Cugat del Vallès, Vallès Occidental, Barcelona, Catalunya, España, open, 400 students",city
SLE,8.7643754,-12.7819558,recipient,0,"Edoovillage #1913 - Sierra Leone, Port Loko: Children's Educ","Port Loko District, North Western Province, Sierra Leone, open, 250 students",city
ESP,41.4707933,2.0848815,recipient,0,"Edoovillage #1914 - Spain, Sant Cugat del Vallès: Escola Fus","Sant Cugat del Vallès, Vallès Occidental, Barcelona, Catalunya, España, completed, 400 students",city
DEU,50.0171926,8.784277,recipient,15,"Edoovillage #1915 - Germany, Dietzenbach: DIGITOL Digital In","Dietzenbach, Landkreis Offenbach, Hessen, 63128, Deutschland, completed, 15 students",city
ESP,36.7647913,-4.4422005,recipient,15,"Edoovillage #1916 - Spain, Málaga: CEIP Maria de la O - Aspe","Málaga, Málaga-Costa del Sol, Málaga, Andalucía, España, open, 100 students",city
COD,-2.9814344,23.8222636,recipient,25,"Edoovillage #1917 - Congo (Kinshasa), Ville de Kikwit: ANA A","République démocratique du Congo, completed, 30 students",city
ESP,41.4707933,2.0848815,recipient,7,"Edoovillage #1918 - Spain, Sant Cugat del Vallès: Escola Jau","Sant Cugat del Vallès, Vallès Occidental, Barcelona, Catalunya, España, open, 450 students",city
ESP,41.4707933,2.0848815,recipient,1,"Edoovillage #1919 - Spain, Sant Cugat del Vallès: Escola Ciu","Sant Cugat del Vallès, Vallès Occidental, Barcelona, Catalunya, España, open, 486 students",city
CMR,4.0429389,9.7062018,recipient,0,"Edoovillage #1920 - Cameroon, Douala: FACP - FEMMES EN ACTIO","Douala, Douala II, Communauté urbaine de Douala, Wouri, Littoral, Cameroun, open, 56 students",city
MAR,30.4205162,-9.5838532,recipient,10,"Edoovillage #1921 - Morocco, Agadir: Dar Si Hmad pour le Dev","Agadir ⴰⴳⴰⴷⵉⵔ أكادير, Pachalik d'Agadir ⵍⴱⴰⵛⴰⵡⵉⵢⴰ ⵏ ⴰⴳⴰⴷⵉⵔ باشوية أكادير, Préfecture d'Agadir Ida-Outanane ⵍⵄⴰⵎⴰⵍⴰ ⵏ ⴰⴳⴰⴷⵉⵔ ⵉⴷⴰ ⵡⵜⴰⵏⴰⵏ عمالة أكادير إدا وتنان, Souss-Massa ⵙⵓⵙⵙ-ⵎⴰⵙⵙⴰ سوس-ماسة, Maroc ⵍⵎⵖⵔⵉⴱ المغرب, open, 158 students",city
ZMB,-13.4059989,24.3287941,recipient,45,"Edoovillage #1922 - Zambia, Loloma: Sammelprojekt | Sambia e","Loloma Mission Station, Manyinga District, North-Western Province, Zambia, completed, 50 students",city
ESP,41.4707933,2.0848815,recipient,30,"Edoovillage #1923 - Spain, Sant Cugat del Vallès: Escola l'O","Sant Cugat del Vallès, Vallès Occidental, Barcelona, Catalunya, España, open, 481 students",city
ROU,47.2628461,22.1301322,recipient,18,"Edoovillage #1924 - Romania, Saniob: Village school close to","Sâniob, Bihor, România, open, 60 students",city
ESP,42.1180477,2.7653607,recipient,50,"Edoovillage #1925 - Spain, Banyoles: Banyoles","Banyoles, Pla de l'Estany, Girona, Catalunya, 17820, España, open, 0 students",city
ESP,41.3825802,2.177073,recipient,1,"Edoovillage #1926 - Spain, Barcelona: Cottolengo","Barcelona, Barcelonès, Barcelona, Catalunya, España, completed, 0 students",city
ESP,41.3825802,2.177073,recipient,0,"Edoovillage #1927 - Spain, Barcelona: SSL (Servei Substituto","Barcelona, Barcelonès, Barcelona, Catalunya, España, open, 3 students",city
GHA,8.0300284,-1.0800271,recipient,24,"Edoovillage #1928 - Ghana, Mbem: Mbem M/A basic Jomoro Munic","Ghana, completed, 62 students",city
GHA,8.0300284,-1.0800271,recipient,60,"Edoovillage #1929 - Ghana, Gomoa Kokofu: Gomoa Kokofu Islami","Ghana, completed, 230 students",city
ZAF,-32.809038,17.891695,recipient,59,"Edoovillage #1930 - South Africa, Paternoster: LifeSkillProg","Paternoster, Saldanha Bay Local Municipality, West Coast District Municipality, Western Cape, 7381, South Africa, completed, 300 students",city
AUT,47.8032334,13.4794874,recipient,2,"Edoovillage #1931 - Austria, Divers: Hauptschulen und Mittel","Austrian Divers, Mühlleiten, Katastralgemeinde Unterach, Unterach am Attersee, Bezirk Vöcklabruck, Oberösterreich, 4866, Österreich, open, 1222 students",city
ESP,41.3825802,2.177073,recipient,6,"Edoovillage #1932 - Spain, Barcelona:  Aula 19 Centre de For","Barcelona, Barcelonès, Barcelona, Catalunya, España, open, 40 students",city
ESP,41.4707933,2.0848815,recipient,33,"Edoovillage #1933 - Spain, Sant Cugat del Vallès: Escola Pin","Sant Cugat del Vallès, Vallès Occidental, Barcelona, Catalunya, España, open, 469 students",city
ESP,41.6400252,2.3978389,recipient,5,"Edoovillage #1934 - Spain, Llinars del Vallès: Escola Damià ","Llinars del Vallès, Vallès Oriental, Barcelona, Catalunya, 08450, España, open, 156 students",city
ESP,41.8523094,1.5745043,recipient,9,"Edoovillage #1935 - Spain, Catalonia: Laptops for social cha","Catalunya, España, completed, 6 students",city
GHA,8.0300284,-1.0800271,recipient,45,"Edoovillage #1936 - Ghana, LIATI - DATEM: BUILDING FUTURE LE","Ghana, completed, 80 students",city
DEU,51.0493286,13.7381437,recipient,4,"Edoovillage #1937 - Germany, Dresden: Homeschooling-Spende K","Dresden, Sachsen, Deutschland, completed, 0 students",city
GEO,42.5072124,41.8716891,recipient,9,"Edoovillage #1938 - Georgia, Zugdidi: Global Peace Room | La","ზუგდიდი, ზუგდიდის მუნიციპალიტეტი, სამეგრელო-ზემო სვანეთი, 2100, საქართველო, completed, 20 students",city
GHA,10.7853963,-0.8487322,recipient,21,"Edoovillage #1939 - Ghana, Bolgatanga: Asoegoom Basic School","Bolgatanga, Upper East Region, Ghana, completed, 489 students",city
ESP,41.3463825,1.6995213,recipient,20,"Edoovillage #1940 - Spain, Vilafranca del Penedes: Associaci","Vilafranca del Penedès, Alt Penedès, Barcelona, Catalunya, 08720, España, completed, 150 students",city
ESP,41.5399994,2.4448577,recipient,2,"Edoovillage #1941 - Spain, Mataró: PTT Pla de Transició al T","Mataró, Maresme, Barcelona, Catalunya, España, open, 15 students",city
ESP,41.3778094,2.0886257,recipient,0,"Edoovillage #1942 - Spain, Esplugues de Llobregat: Escola Ca","Esplugues de Llobregat, Baix Llobregat, Barcelona, Catalunya, 08950, España, open, 220 students",city
ESP,41.3463825,1.6995213,recipient,9,"Edoovillage #1943 - Spain, Vilafranca del Penedes: Escola Pu","Vilafranca del Penedès, Alt Penedès, Barcelona, Catalunya, 08720, España, open, 453 students",city
DEU,50.8090106,8.7704695,recipient,4,"Edoovillage #1944 - Germany, Marburg: St. Martin Haus | COVI","Marburg, Landkreis Marburg-Biedenkopf, Hessen, Deutschland, completed, 20 students",city
ESP,41.6400252,2.3978389,recipient,0,"Edoovillage #1945 - Spain, Llinars del Vallès: Serveis Socia","Llinars del Vallès, Vallès Oriental, Barcelona, Catalunya, 08450, España, open, 50 students",city
SEN,14.6455193,-16.7216194,recipient,35,"Edoovillage #1946 - Senegal, Gandiol: Hahatay son risas de G","Koulock Gandiol, Communauté rurale de Ndiaganiao, Arrondissement de Fissel, Département de M'bour, Région de Thiès, Sénégal, open, 7300 students",city
ESP,41.4493539,2.248254,recipient,4,"Edoovillage #1947 - Spain, Badalona: Biblioteca Maria Aurèli","Badalona, Barcelonès, Barcelona, Catalunya, España, open, 15 students",city
ESP,41.5399994,2.4448577,recipient,16,"Edoovillage #1948 - Spain, Mataró: Centre sòcio-educatiu San","Mataró, Maresme, Barcelona, Catalunya, España, open, 80 students",city
BGD,22.9372087,89.2852741,recipient,2,"Edoovillage #1949 - Bangladesh, Khulna: Khulna University | ","খুলনা বিভাগ, বাংলাদেশ, open, 140 students",city
MNG,48.0688183,114.5241352,recipient,9,"Edoovillage #1950 - Mongolia, Tschoibalsan: Dornod Province ","Чойбалсан ᠴᠣᠶᠢ ᠪᠠᠯᠰᠠᠩ, Хэрлэн ᠬᠡᠷᠦᠯᠦᠨ, Дорнод ᠳᠣᠷᠤᠨᠠᠳᠤ, 21000, Монгол улс ᠮᠤᠩᠭᠤᠯ ᠤᠯᠤᠰ, completed, 350 students",city
ESP,41.4909972,2.1405506,recipient,1,"Edoovillage #1951 - Spain, Cerdanyola del Vallès: Càritas Pa","Cerdanyola del Vallès, Vallès Occidental, Barcelona, Catalunya, España, open, 20 students",city
TZA,-6.5247123,35.7878438,recipient,0,"Edoovillage #1952 - Tanzania, Mfangano Island: Mfangano Isla","Tanzania, open, 300 students",city
CPV,17.1703483,-25.1659849,recipient,7,"Edoovillage #1953 - Cape Verde, Cruzinha: Escuela Cruzinha |","Cruzinha, Ribeira Grande, Cabo Verde, completed, 43 students",city
DEU,50.6072499,6.3005267,recipient,30,"Edoovillage #1954 - Germany, Simmerath: Anad eV | COVID-19-D","Simmerath, Städteregion Aachen, Nordrhein-Westfalen, 52152, Deutschland, completed, 40 students",city
DEU,52.5101316,13.5809901,recipient,15,"Edoovillage #1955 - Germany, Kaulsdorf: Grundschule Kaulsdor","Kaulsdorf, Marzahn-Hellersdorf, Berlin, 12621, Deutschland, completed, 29 students",city
DEU,49.3841872,6.9537369,recipient,9,"Edoovillage #1956 - Germany, Saarland: Sammelprojekt Digital","Saarland, Deutschland, completed, 15 students",city
DEU,49.7847518,9.4410898,recipient,25,"Edoovillage #1957 - Germany, Faulbach: Grund- und Mittelschu","Faulbach, Landkreis Miltenberg, Bayern, 97906, Deutschland, completed, 260 students",city
DEU,51.4272925,6.8829192,recipient,9,"Edoovillage #1958 - Germany, Mülheim an der Ruhr: NCDA Nkwen","Mülheim an der Ruhr, Nordrhein-Westfalen, Deutschland, completed, 10 students",city
CMR,5.4469923,10.053309,recipient,23,"Edoovillage #1959 - Cameroon, Dschang:  CETIC de Fotetsa pré","Dschang, Menoua, Ouest, Cameroun, open, 580 students",city
AUT,47.59397,14.12456,recipient,31,"Edoovillage #1960 - Austria, Innsbruck / Atzl: MS: Mittelsch","Österreich, completed, 252 students",city
BEN,9.5293472,2.2584408,recipient,25,"Edoovillage #1961 - Benin, Gobada via Savalou: Logozohoé Ben","Bénin, completed, 1000 students",city
BRA,-23.5506507,-46.6333824,recipient,26,"Edoovillage #1962 - Brazil, São Paulo: Gesundheits-/ Hygiene","São Paulo, Região Sudeste, Brasil, open, 500 students",city
MKD,42.173334,21.6277732,recipient,13,"Edoovillage #1963 - Macedonia, Slupchane: Municipal Elementa","Слупчане, Општина Липково, Северна Македонија, open, 684 students",city
ESP,40.416782,-3.703507,recipient,27,"Edoovillage #1964 - Spain, MADRID: IES Ciudad de los Ángeles","Madrid, Comunidad de Madrid, España, completed, 970 students",city
ESP,40.416782,-3.703507,recipient,0,"Edoovillage #1965 - Spain, MADRID: CE Ponce de León - Madrid","Madrid, Comunidad de Madrid, España, open, 450 students",city
ESP,40.416782,-3.703507,recipient,0,"Edoovillage #1966 - Spain, MADRID: CEIP Cristóbal Colón - Ma","Madrid, Comunidad de Madrid, España, open, 700 students",city
ZAF,-28.7707857,32.0577775,recipient,14,"Edoovillage #1967 - South Africa, Richards Bay: Lungelo Yout","Richards Bay, uMhlathuze Local Municipality, King Cetswayo District Municipality, KwaZulu-Natal, 3900, South Africa, open, 170 students",city
SLE,8.4911081,-13.2353574,recipient,6,"Edoovillage #1968 - Sierra Leone, Free Town: Girls Empowerme","Free Town City Council, 67, Wallace Johnson Street, GOVERNMENT WHARF, Tower Hill, Freetown, Western Area Urban, Western Area, Sierra Leone, completed, 15 students",city
ESP,40.416782,-3.703507,recipient,24,"Edoovillage #1969 - Spain, Madrid: Colegio López Vicuña (RR ","Madrid, Comunidad de Madrid, España, completed, 15 students",city
ESP,41.3463825,1.6995213,recipient,17,"Edoovillage #1970 - Spain, Vilafranca del Penedes:  ACTUA, C","Vilafranca del Penedès, Alt Penedès, Barcelona, Catalunya, 08720, España, completed, 1202 students",city
KHM,12.5433216,104.8144914,recipient,0,"Edoovillage #1971 - Cambodia, Sankae District: HDLF Kampong ","ព្រះរាជាណាចក្រ​កម្ពុជា, open, 335 students",city
KHM,12.5433216,104.8144914,recipient,0,"Edoovillage #1972 - Cambodia, Kampong Trolach: HDLF Kbal Dam","ព្រះរាជាណាចក្រ​កម្ពុជា, open, 161 students",city
KHM,12.5433216,104.8144914,recipient,0,"Edoovillage #1973 - Cambodia, Moung Russei District: HDLF Ko","ព្រះរាជាណាចក្រ​កម្ពុជា, open, 161 students",city
TZA,-3.283763,37.522982,recipient,13,"Edoovillage #1974 - Tanzania, Marangu: Datengetriebe Nothilf","Marangu, Moshi Rural, Kilimanjaro, Northern Zone, Tanzania, completed, 20 students",city
COD,-4.9699217,19.5885243,recipient,35,"Edoovillage #1975 - Congo (Kinshasa), Idiofa: Orphelinat Pro","Idiofa, Kwilu, République démocratique du Congo, completed, 360 students",city
UKR,50.4500336,30.5241361,recipient,130,"Edoovillage #1976 - Ukraine, Kiew: Schaste - children, Pro S","Київ, Україна, completed, 1000 students",city
BFA,11.503281,0.0576243,recipient,0,"Edoovillage #1977 - Burkina Faso, Ouargaye:  Ecole Primaire ","Ouargaye, Koulpélogo, Centre-Est, Burkina Faso, open, 350 students",city
SEN,14.693425,-17.447938,recipient,60,"Edoovillage #1978 - Senegal, Dakar: Social Change Factory SC","Dakar, Région de Dakar, Sénégal, completed, 930 students",city
DEU,51.4272925,6.8829192,recipient,13,"Edoovillage #1979 - Germany, Mülheim an der Ruhr: Mothers Pr","Mülheim an der Ruhr, Nordrhein-Westfalen, Deutschland, completed, 11 students",city
JOR,32.1934466,37.4472962,recipient,11,"Edoovillage #1980 - Jordan, Al-Mafraq: NOIVA, Shaping World ","المفرق, الأردن, completed, 456 students",city
KEN,-1.302398,36.8288509,recipient,16,"Edoovillage #1981 - Kenya, Nairobi: Smart Kibera of Hope |  ","Nairobi, Zimmerman, Soko ya Mawe, Nairobi, Kenya, completed, 26 students",city
KEN,-1.302398,36.8288509,recipient,9,"Edoovillage #1982 - Kenya, Nairobi: Creative Thespians Afrik","Nairobi, Zimmerman, Soko ya Mawe, Nairobi, Kenya, completed, 15 students",city
KEN,-1.302398,36.8288509,recipient,25,"Edoovillage #1983 - Kenya, Nairobi:  Simama Safe Space / Res","Nairobi, Zimmerman, Soko ya Mawe, Nairobi, Kenya, completed, 140 students",city
SEN,13.8686324,-13.3190328,recipient,0,"Edoovillage #1984 - Senegal, Tambacounda: Lycee Mame Cheikh ","Région de Tambacounda, Sénégal, open, 2510 students",city
NPL,27.9257991,85.248672,recipient,11,"Edoovillage #1985 - Nepal, Nuwakot, Bhalche: Shree Jalju Kho","नुवाकोट जिल्ला, बागमती प्रदेश, नेपाल, completed, 181 students",city
ROU,47.553693,25.889007,recipient,10,"Edoovillage #1986 - Romania, Gura Humorului: Mahrberg Librar","Gura Humorului, Suceava, România, completed, 120 students",city
ZAF,-33.0191604,27.8998573,recipient,20,"Edoovillage #1987 - South Africa, East London: Hope School","KuGompo City, Buffalo City Metropolitan Municipality, Eastern Cape, 5220, South Africa, completed, 20 students",city
DEU,52.5173885,13.3951309,recipient,6,"Edoovillage #1988 - Germany, Berlin: Zentrum ÜBERLEBEN gGmbH","Berlin, Deutschland, completed, 12 students",city
NZL,-36.852095,174.7631803,recipient,4,"Edoovillage #1989 - New Zealand, Auckland: People For People","Auckland, Waitematā, Auckland, 1010, New Zealand / Aotearoa, completed, 30 students",city
ESP,41.4909972,2.1405506,recipient,0,"Edoovillage #1990 - Spain, Cerdanyola del Vallès: CRAE Resid","Cerdanyola del Vallès, Vallès Occidental, Barcelona, Catalunya, España, open, 18 students",city
HND,15.2572432,-86.0755145,recipient,0,"Edoovillage #1991 - Honduras, Armarateca: Centro de Educcaci","Honduras, open, 102 students",city
TZA,-3.3486456,37.3435249,recipient,24,"Edoovillage #1992 - Tanzania, Moshi: Benjamini  Primary Scho","Moshi, Moshi Urban, Kilimanjaro, Northern Zone, 25107, Tanzania, completed, 312 students",city
CMR,4.075571,9.3650187,recipient,56,"Edoovillage #1993 - Cameroon, Tiko: Humaniterian Asistance I","Tiko, Fako, Southwest, Cameroun, completed, 250 students",city
UGA,0.3177137,32.5813539,recipient,4,"Edoovillage #1994 - Uganda, Kampala: Ouroots Africa limited","Kampala, Central Region, Uganda, open, 10 students",city
ESP,41.4493539,2.248254,recipient,0,"Edoovillage #1995 - Spain, Badalona: Fundació Acollida i Esp","Badalona, Barcelonès, Barcelona, Catalunya, España, open, 10 students",city
ESP,41.3825802,2.177073,recipient,3,"Edoovillage #1996 - Spain, Barcelona: Espai d’Inclusió i For","Barcelona, Barcelonès, Barcelona, Catalunya, España, completed, 100 students",city
COD,-4.3196982,15.3424196,recipient,0,"Edoovillage #1997 - Congo (Kinshasa), Kinshasa: EP SHARON","Kinshasa, République démocratique du Congo, open, 420 students",city
DEU,50.6479143,11.3610041,recipient,11,"Edoovillage #1998 - Germany, Saalfeld: Akademie Saalfeld-Rud","Saalfeld/Saale, Kamsdorf, Landkreis Saalfeld-Rudolstadt, Thüringen, 07318, Deutschland, completed, 8 students",city
SEN,14.693425,-17.447938,recipient,45,"Edoovillage #1999 - Senegal, Dakar: ADA  Academie Diplomatiq","Dakar, Région de Dakar, Sénégal, completed, 630 students",city
ESP,41.3463825,1.6995213,recipient,18,"Edoovillage #2000 - Spain, Vilafranca del Penedes: AMPA Inst","Vilafranca del Penedès, Alt Penedès, Barcelona, Catalunya, 08720, España, completed, 19 students",city
CMR,5.4469923,10.053309,recipient,29,"Edoovillage #2001 - Cameroon, Dschang: CEFORUSA | Hope For C","Dschang, Menoua, Ouest, Cameroun, completed, 200 students",city
DEU,49.1904112,11.0159272,recipient,0,"Edoovillage #2002 - Germany, Georgensgmünd: DemoProjekt für ","Georgensgmünd, Landkreis Roth, Bayern, 91166, Deutschland, completed, 0 students",city
DEU,50.2000732,9.1400401,recipient,12,"Edoovillage #2003 - Germany, Gründau-Lieblos: Malteser Famil","Gründau-Lieblos, A 66, Lieblos, Gründau, Main-Kinzig-Kreis, Hessen, 63584, Deutschland, completed, 50 students",city
DEU,51.434999,6.759562,recipient,17,"Edoovillage #2004 - Germany, Duisburg: GGS Am Knappert | COV","Duisburg, Nordrhein-Westfalen, Deutschland, completed, 174 students",city
MNG,47.9184676,106.9177016,recipient,7,"Edoovillage #2005 - Mongolia, Ulan Bator: Bayasgalant","Улаанбаатар ᠤᠯᠠᠭᠠᠨ ᠪᠠᠭᠠᠲᠤᠷ, Монгол улс ᠮᠤᠩᠭᠤᠯ ᠤᠯᠤᠰ, completed, 100 students",city
CHE,47.052144,8.3058123,recipient,10,"Edoovillage #2006 - Switzerland, Luzern: Verein Kunigo","Luzern, Schweiz/Suisse/Svizzera/Svizra, completed, 15 students",city
THA,18.7882778,98.9858802,recipient,1,"Edoovillage #2007 - Thailand, Chiang Mai: Child's Dream Foun","เทศบาลนครเชียงใหม่, ฟ้าฮ่าม, อำเภอเมืองเชียงใหม่, จังหวัดเชียงใหม่, ประเทศไทย, completed, 100 students",city
ESP,41.4707933,2.0848815,recipient,5,"Edoovillage #2008 - Spain, Sant Cugat del Vallès: Migra Stud","Sant Cugat del Vallès, Vallès Occidental, Barcelona, Catalunya, España, open, 7 students",city
DEU,50.0176771,8.8853392,recipient,30,"Edoovillage #2009 - Germany, Rodgau:  WISA – Wir sind angeko","Rodgau, Landkreis Offenbach, Hessen, 63110, Deutschland, completed, 60 students",city
DEU,48.1371079,11.5753822,recipient,30,"Edoovillage #2010 - Germany, München: Münchner Tafel eV","München, Bayern, Deutschland, completed, 1000 students",city
ESP,41.6079555,2.2876008,recipient,12,"Edoovillage #2011 - Spain, Granollers: Escola Municipal Salv","Granollers, Vallès Oriental, Barcelona, Catalunya, España, open, 453 students",city
ESP,41.1555564,1.1076133,recipient,11,"Edoovillage #2012 - Spain, Reus: Centre Residencial d'Acció ","Reus, Baix Camp, Tarragona, Catalunya, España, open, 20 students",city
ROU,44.4361414,26.102684,recipient,63,"Edoovillage #2013 - Romania, Bucarest: CODEKids","București, România, completed, 1200 students",city
CHE,47.3744489,8.5410422,recipient,23,"Edoovillage #2014 - Switzerland, Zurich: Uni Zürich - Schnup","Zürich, Bezirk Zürich, Zürich, Schweiz/Suisse/Svizzera/Svizra, completed, 20 students",city
TGO,6.9106565,0.6323982,recipient,5,"Edoovillage #2015 - Togo, Kpalimé: Association Culture Toget","Kpalimé, Région des Plateaux, Togo, completed, 15 students",city
DEU,50.1106444,8.6820917,recipient,30,"Edoovillage #2016 - Germany, Frankfurt am Main: Reparatur Ca","Frankfurt am Main, Hessen, Deutschland, completed, 30 students",city
UGA,-0.2595983,31.1836376,recipient,6,"Edoovillage #2017 - Uganda, Lyantonde: Rural Environmental S","Lyantonde, Central Region, Uganda, completed, 10 students",city
ESP,40.416782,-3.703507,recipient,39,"Edoovillage #2018 - Spain, MADRID: Colegio Concertado San Vi","Madrid, Comunidad de Madrid, España, completed, 100 students",city
ESP,40.416782,-3.703507,recipient,20,"Edoovillage #2019 - Spain, MADRID: Colegio Concertado Luz Ca","Madrid, Comunidad de Madrid, España, completed, 100 students",city
ESP,40.416782,-3.703507,recipient,15,"Edoovillage #2020 - Spain, MADRID: Colegio Concertado San Lu","Madrid, Comunidad de Madrid, España, completed, 50 students",city
UGA,0.164762,30.0753446,recipient,5,"Edoovillage #2021 - Uganda, Kamaiba: Great Lakes Peace Cente","Kamaiba Central, Kasese, Western Region, Uganda, open, 25 students",city
SLE,8.479004,-13.26795,recipient,95,"Edoovillage #2022 - Sierra Leone, Freetown: Sierra Leone, Fr","Freetown, Western Area Urban, Western Area, Sierra Leone, open, 200 students",city
DEU,51.0324743,6.9881194,recipient,28,"Edoovillage #2023 - Germany, Leverkusen: Digitales Lernen fü","Leverkusen, Nordrhein-Westfalen, Deutschland, completed, 25 students",city
MOZ,-25.6011691,32.2448906,recipient,2,"Edoovillage #2024 - Mozambique, Moamba: Rhino Cup Champions ","Moamba, Maputo, Zona Sul, Moçambique, open, 250 students",city
MLI,13.8001844,-10.2245548,recipient,10,"Edoovillage #2025 - Mali, Kayes: Cercle d'Amis de Hawa Demba","Kayes, Mali, completed, 15 students",city
COD,-4.3505573,15.5663311,recipient,113,"Edoovillage #2026 - Congo (Kinshasa), N'sele: CongoSolidar","Nsele, Kinshasa, République démocratique du Congo, completed, 12 students",city
ARM,39.8802784,44.8909653,recipient,0,"Edoovillage #2027 - Armenia, Shaghap village: Schule Shaghap","Շաղափ, Վեդի համայնք, Արարատի մարզ, Հայաստան, open, 108 students",city
ESP,40.416782,-3.703507,recipient,23,"Edoovillage #2028 - Spain, Madrid: Colegio Público Meseta de","Madrid, Comunidad de Madrid, España, completed, 50 students",city
ESP,40.416782,-3.703507,recipient,30,"Edoovillage #2029 - Spain, Madrid: IES Juan de Villanueva - ","Madrid, Comunidad de Madrid, España, completed, 60 students",city
ESP,40.416782,-3.703507,recipient,21,"Edoovillage #2030 - Spain, Madrid: Colegio María Reina - Mad","Madrid, Comunidad de Madrid, España, completed, 42 students",city
LVA,56.7037761,26.1943202,recipient,0,"Edoovillage #2031 - Latvia, Laudona: Association Liograde pr","Ļaudona, Ļaudonas pagasts, Madonas novads, LV-4862, Latvija, completed, 163 students",city
SEN,14.693425,-17.447938,recipient,0,"Edoovillage #2032 - Senegal, Dakar: UCAD Université Cheikh A","Dakar, Région de Dakar, Sénégal, open, 400 students",city
DEU,50.1106444,8.6820917,recipient,10,"Edoovillage #2033 - Germany, Frankfurt am Main: jumpp Frauen","Frankfurt am Main, Hessen, Deutschland, completed, 15 students",city
ESP,40.416782,-3.703507,recipient,27,"Edoovillage #2034 - Spain, Madrid: IES Enrique Tierno Galván","Madrid, Comunidad de Madrid, España, completed, 54 students",city
GHA,6.6985605,-1.6233086,recipient,45,"Edoovillage #2035 - Ghana, Kumasi: ICT for Abofra World Scho","Kumasi, Kumasi Metropolitan District, Ashanti Region, AK-010-1295, Ghana, completed, 250 students",city
TZA,-3.3486456,37.3435249,recipient,14,"Edoovillage #2036 - Tanzania, Moshi: Kilimahewa School","Moshi, Moshi Urban, Kilimanjaro, Northern Zone, 25107, Tanzania, completed, 150 students",city
UGA,-0.7818948,30.9475798,recipient,2,"Edoovillage #2037 - Uganda, Nakivale: Watoto Nakivale Refuge","Nakivale Settlement Camp, Kashumba, Buganza, Isingiro, Western Region, Uganda, completed, 176 students",city
TZA,-3.3486456,37.3435249,recipient,0,"Edoovillage #2038 - Tanzania, Moshi: Kilimahewa School","Moshi, Moshi Urban, Kilimanjaro, Northern Zone, 25107, Tanzania, completed, 150 students",city
NPL,27.5487736,83.4033527,recipient,5,"Edoovillage #2039 - Nepal, Rupandehi: Sano Prakash Schule un","रुपन्देही, लुम्बिनी प्रदेश, नेपाल, completed, 75 students",city
GHA,8.0300284,-1.0800271,recipient,30,"Edoovillage #2041 - Ghana, Asunsuso: Yonso Project Model Sch","Ghana, open, 750 students",city
GHA,4.8949173,-1.8175408,recipient,50,"Edoovillage #2042 - Ghana, Apowa: Artur Fischer Catholic JHS","Apowa, Ahanta West Municipal District, Western Region, Ghana, completed, 340 students",city
UGA,1.5333554,32.2166578,recipient,3,"Edoovillage #2043 - Uganda, Kasese  Muncipality: Rafik Justi","Uganda, open, 47 students",city
UGA,1.4305887,31.3509763,recipient,0,"Edoovillage #2044 - Uganda, Hoima Oil City: Answer the need ","Hoima service station, Fort Portal Road, Hoima City, Kikuube, Western Region, Uganda, open, 200 students",city
DEU,51.4272925,6.8829192,recipient,20,"Edoovillage #2045 - Germany, Mülheim Ruhr: Volkshochschule M","Mülheim an der Ruhr, Nordrhein-Westfalen, Deutschland, completed, 19 students",city
ESP,41.4707933,2.0848815,recipient,1,"Edoovillage #2046 - Spain, Sant Cugat del Vallès: La Florest","Sant Cugat del Vallès, Vallès Occidental, Barcelona, Catalunya, España, open, 6 students",city
ESP,41.4304832,2.2182775,recipient,3,"Edoovillage #2047 - Spain, Sant Adrià de Besòs: CEE NTRA.SRA","Sant Adrià de Besòs, Barcelonès, Barcelona, Catalunya, 08930, España, open, 43 students",city
DEU,49.453872,11.077298,recipient,1,"Edoovillage #2048 - Germany, Nürnberg: DemoProjekt für Stadt","Nürnberg, Bayern, Deutschland, completed, 0 students",city
DEU,51.4582235,7.0158171,recipient,50,"Edoovillage #2049 - Germany, Essen: Asyl Network Deutschland","Essen, Nordrhein-Westfalen, Deutschland, completed, 100 students",city
ZAF,-33.285059,19.140667,recipient,8,"Edoovillage #2050 - South Africa, Tulbagh: Kinderhuis Steint","Tulbagh, Witzenberg Local Municipality, Cape Winelands District Municipality, Western Cape, 6820, South Africa, open, 140 students",city
MRT,16.5132493,-15.8099665,recipient,1,"Edoovillage #2051 - Mauritania, Rosso : Abduluah Saleck Schu","روصو, الترارزة, Mauritanie موريتانيا, completed, 100 students",city
TUR,37.4933966,41.62601,recipient,17,"Edoovillage #2052 - Turkey, Bethkustan: IT- und Sprachkurse ","Bethkustan, Midyat, Mardin, Güneydoğu Anadolu Bölgesi, Türkiye, completed, 25 students",city
TUR,37.2572331,41.4363755,recipient,17,"Edoovillage #2053 - Turkey, Arkah: IT- und Sprachkurse für J","Üçköy, Nusaybin, Mardin, Güneydoğu Anadolu Bölgesi, Türkiye, completed, 25 students",city
TUR,37.4152689,41.3733131,recipient,17,"Edoovillage #2054 - Turkey, Midyat: IT- und Sprachkurse für ","Midyat, Mardin, Güneydoğu Anadolu Bölgesi, Türkiye, completed, 15 students",city
TUR,37.3098995,41.6210625,recipient,17,"Edoovillage #2055 - Turkey, Bsorino: IT- und Sprachkurse für","Haberli, İdil, Şırnak, Güneydoğu Anadolu Bölgesi, Türkiye, completed, 17 students",city
TUR,39.294076,35.2316631,recipient,17,"Edoovillage #2056 - Turkey, Harbtho: IT- und Sprachkurse für","Türkiye, completed, 17 students",city
TUR,37.3374161,41.746941,recipient,17,"Edoovillage #2057 - Turkey,  Midin: IT- und Sprachkurse für ","Öğündük, İdil, Şırnak, Güneydoğu Anadolu Bölgesi, Türkiye, completed, 17 students",city
TUR,37.477242,41.6105621,recipient,17,"Edoovillage #2058 - Turkey, Hah: IT- und Sprachkurse für Jug","Anıtlı, Midyat, Mardin, Güneydoğu Anadolu Bölgesi, Türkiye, completed, 17 students",city
UGA,0.4824521,33.2290921,recipient,4,"Edoovillage #2059 - Uganda, Buwekula: Mission Destiny School","Buwekula, Jinja City, Eastern Region, Uganda, open, 600 students",city
ESP,41.6079555,2.2876008,recipient,12,"Edoovillage #2061 - Spain, Granollers: Escola Joan Solans","Granollers, Vallès Oriental, Barcelona, Catalunya, España, open, 183 students",city
ESP,40.416782,-3.703507,recipient,59,"Edoovillage #2063 - Spain, Madrid: CEIP República de Brasil ","Madrid, Comunidad de Madrid, España, completed, 100 students",city
ESP,40.416782,-3.703507,recipient,35,"Edoovillage #2064 - Spain, Madrid: CEIP Fuencisla - Madrid F","Madrid, Comunidad de Madrid, España, completed, 70 students",city
ESP,40.416782,-3.703507,recipient,50,"Edoovillage #2065 - Spain, Madrid: CEIP Ciudad de Jaén - Mad","Madrid, Comunidad de Madrid, España, completed, 100 students",city
ESP,40.416782,-3.703507,recipient,58,"Edoovillage #2066 - Spain, Madrid: CEIP República de Venezue","Madrid, Comunidad de Madrid, España, completed, 100 students",city
ESP,41.6079555,2.2876008,recipient,9,"Edoovillage #2062 - Spain, Granollers: Escola Ponent","Granollers, Vallès Oriental, Barcelona, Catalunya, España, open, 394 students",city
KEN,-4.05052,39.667169,recipient,5,"Edoovillage #2067 - Kenya, Mombasa: Forever Kids","Mombasa, Tononoka ward, Mvita, Mombasa, 80100, Kenya, completed, 320 students",city
UGA,2.770239,32.3044273,recipient,3,"Edoovillage #2068 - Uganda, Gulu City: Unified for Uganda IC","Gulu City, Uganda, open, 64 students",city
CMR,5.0861558,9.7668487,recipient,17,"Edoovillage #2069 - Cameroon, Bangem Town: Ave Maria College","Bangem Town, Bangem, Kupe-Muanenguba, Southwest, Cameroun, completed, 150 students",city
KAZ,42.4008938,69.6222345,recipient,4,"Edoovillage #2070 - Kazakhstan, Shymkent City: Teach4Eurasia","Шымкент Сити, Қаратау ауданы, Шымкент, Қазақстан, completed, 15 students",city
ESP,41.8472742,3.1026026,recipient,0,"Edoovillage #2071 - Spain, Sant Antoni de Calonge: Associaci","Sant Antoni de Calonge, Calonge i Sant Antoni, Baix Empordà, Girona, Catalunya, 17252, España, completed, 15 students",city
MEX,31.8658887,-116.602983,recipient,7,"Edoovillage #2072 - Mexico, Ensenada: Rancho Milagro","Ensenada, Municipio de Ensenada, Baja California, México, open, 30 students",city
GHA,8.0300284,-1.0800271,recipient,27,"Edoovillage #2073 - Ghana, Bakaekyir - Sekondi : Goodness an","Ghana, completed, 200 students",city
IND,9.9261153,78.1140983,recipient,17,"Edoovillage #2074 - India, Madurai: Madurai Seed","Madurai, Madurai South, Madurai, Tamil Nadu, India, completed, 180 students",city
CHE,47.3744489,8.5410422,recipient,20,"Edoovillage #2075 - Switzerland, Zürich: Schweizerisches Rot","Zürich, Bezirk Zürich, Zürich, Schweiz/Suisse/Svizzera/Svizra, completed, 30 students",city
UGA,0.1310412,30.0047968,recipient,0,"Edoovillage #2076 - Uganda, Kasese: Philomena United Women A","Kasese, Western Region, Uganda, open, 25 students",city
DEU,52.5173885,13.3951309,recipient,7,"Edoovillage #2077 - Germany, Berlin: St. Josef Kinder- und J","Berlin, Deutschland, completed, 7 students",city
CMR,4.075571,9.3650187,recipient,5,"Edoovillage #2078 - Cameroon, Tiko: Community Relief Bilingu","Tiko, Fako, Southwest, Cameroun, completed, 115 students",city
NIC,12.3633024,-86.025301,recipient,1,"Edoovillage #2079 - Nicaragua, Tipitapa: Stipendienprogramm ","Tipitapa, Managua, 15100, Nicaragua, completed, 240 students",city
DEU,51.264018,7.1780374,recipient,30,"Edoovillage #2080 - Germany, Wuppertal: Kommunales Integrati","Wuppertal, Nordrhein-Westfalen, Deutschland, completed, 104 students",city
ESP,41.3825802,2.177073,recipient,3,"Edoovillage #2081 - Spain, Barcelona: Centre de Joves i Adul","Barcelona, Barcelonès, Barcelona, Catalunya, España, open, 17 students",city
COL,6.2697324,-75.6025597,recipient,9,"Edoovillage #2082 - Colombia, Medellín: Ruta N Social - Fort","Medellín, Valle de Aburrá, Antioquia, RAP del Agua y la Montaña, 0500, Colombia, open, 500 students",city
COD,-3.4055866,29.1375509,recipient,30,"Edoovillage #2083 - Congo (Kinshasa), Uvira: Groupe Scolaire","Uvira, Bavira (chefferie), Uvira, Sud-Kivu, République démocratique du Congo, completed, 520 students",city
BRA,-22.4097975,-45.4217501,recipient,8,"Edoovillage #2084 - Brazil, FAZENDA DO RETIRO: Bibliothek un","Fazenda do Retiro, Itajubá, Minas Gerais, Região Sudeste, 37500-224, Brasil, open, 70 students",city
SEN,14.4750607,-14.4529612,recipient,12,"Edoovillage #2085 - Senegal, Thionck Essyl Daga: Foundawtion","Sénégal, open, 900 students",city
BRA,-7.8122669,-50.7677675,recipient,2,"Edoovillage #2086 - Brazil, Cumaru do Norte: School of de Ca","Cumaru do Norte, Pará, Região Norte, Brasil, completed, 100 students",city
CMR,4.9525115,9.9391669,recipient,25,"Edoovillage #2087 - Cameroon, Nkongsamba: ISMAN Nkongsamba |","Nkongsamba, Nkongsamba III, Communauté urbaine de Nkongsamba, Moungo, Littoral, Cameroun, completed, 20 students",city
BFA,10.642703,-4.752639,recipient,51,"Edoovillage #2088 - Burkina Faso, Banfora: Cours privé le Pa","Banfora, Comoé, Cascades, Burkina Faso, completed, 748 students",city
CMR,5.9614117,10.1516505,recipient,31,"Edoovillage #2089 - Cameroon, Bamenda: CNEDA (Cho Ngafor Dev","Communauté urbaine de Bamenda, Mezam, Northwest, Cameroun, completed, 27 students",city
DEU,51.4582235,7.0158171,recipient,26,"Edoovillage #2090 - Germany, Essen: Zukunft Chancen eV | Fit","Essen, Nordrhein-Westfalen, Deutschland, completed, 26 students",city
BEN,6.4538637,2.354245,recipient,0,"Edoovillage #2091 - Benin, Abomey-Calavi: Bouge ONG","Abomey-Calavi, Atlantique, Bénin, completed, 60 students",city
DEU,54.3227085,10.135555,recipient,13,"Edoovillage #2092 - Germany, Kiel: Home Schooling für Kinder","Kiel, Schleswig-Holstein, Deutschland, completed, 23 students",city
GHA,5.459126,-0.597088,recipient,49,"Edoovillage #2093 - Ghana, Gomoa Potsin: Potsin T.I. Ahmadiy","Gomoa East District Asssembly, N1, Gomoa Dabayin, Potsin, Gomoa East District, Central Region, CG1936, Ghana, completed, 2501 students",city
UGA,1.3707048,34.1424762,recipient,11,"Edoovillage #2094 - Uganda, Bukedea: Action for Development ","Bukedea, Eastern Region, Uganda, completed, 50 students",city
SYR,34.6401861,39.0494106,recipient,0,"Edoovillage #2096 - Syria, Kafruhin village, Idlib: Kids Par","سوريا, completed, 1500 students",city
SEN,14.4750607,-14.4529612,recipient,45,"Edoovillage #2097 - Senegal, MEN: Foundawtion- Lyceé Thionck","Sénégal, open, 465 students",city
GHA,6.212711,0.0890446,recipient,8,"Edoovillage #2098 - Ghana, SENCHI-FERRY: Planting People Gro","Senchi Ferry Road, Senchi, Asuogyaman District, Eastern Region, Ghana, open, 1500 students",city
DEU,48.7149061,9.5259189,recipient,2,"Edoovillage #2099 - Germany, Ebersbach an der Fils: Flüchtli","Ebersbach an der Fils, VVG der Stadt Ebersbach an der Fils, Landkreis Göppingen, Baden-Württemberg, 73061, Deutschland, open, 0 students",city
DEU,48.1371079,11.5753822,recipient,15,"Edoovillage #2100 - Germany, Munich: BMF goes Next Gen","München, Bayern, Deutschland, completed, 10 students",city
CHE,46.9484742,7.4521749,recipient,0,"Edoovillage #2101 - Switzerland, Bern: Offener Hörsaal Bern ","Bern, Verwaltungskreis Bern-Mittelland, Verwaltungsregion Bern-Mittelland, Bern/Berne, Schweiz/Suisse/Svizzera/Svizra, completed, 25 students",city
TZA,-3.3696827,36.6880794,recipient,6,"Edoovillage #2102 - Tanzania, Arusha: E3EMPOWER AFRICA: Jifu","Arusha, Arusha Municipal, Arusha, Northern Zone, 23103, Tanzania, open, 0 students",city
COD,-3.3201862,17.3774958,recipient,45,"Edoovillage #2103 - Congo (Kinshasa), Bandundu: Institut Lis","Bandundu, Mampuya, Disasi, Bandundu City, Kwilu, République démocratique du Congo, completed, 400 students",city
DEU,48.197888,12.3516386,recipient,10,"Edoovillage #2104 - Germany, Aschau am Inn: Don Bosco Unters","Aschau am Inn, Landkreis Mühldorf am Inn, Bayern, 84544, Deutschland, completed, 20 students",city
HTI,18.0844321,-73.6532149,recipient,24,"Edoovillage #2105 - Haiti, Madame Bernard: VITES - Technolog","Madame Bernard, Commune Île-à-Vache, Arrondissement des Cayes, Département du Sud, 8160, Ayiti, completed, 0 students",city
HTI,19.1399952,-72.3570972,recipient,26,"Edoovillage #2106 - Haiti, Canobert: Ecole du Village","Ayiti, completed, 50 students",city
GHA,8.0300284,-1.0800271,recipient,25,"Edoovillage #2107 - Ghana, Takrowase: Takrowase R/C Basic Sc","Ghana, completed, 75 students",city
GHA,8.0300284,-1.0800271,recipient,24,"Edoovillage #2108 - Ghana, Takrowase: Takrowase Methodist Ba","Ghana, completed, 185 students",city
CMR,4.0429389,9.7062018,recipient,24,"Edoovillage #2109 - Cameroon, Douala: CES College d´Educatio","Douala, Douala II, Communauté urbaine de Douala, Wouri, Littoral, Cameroun, open, 22 students",city
LBN,33.8892265,35.5025585,recipient,3,"Edoovillage #2110 - Lebanon, Beirut: Nation Station Women’s ","بيروت, البسطة التحتا, باشورة, محافظة بيروت, لبنان, completed, 10 students",city
GHA,8.0300284,-1.0800271,recipient,25,"Edoovillage #2111 - Ghana, Takrowase: Presby Basic School | ","Ghana, completed, 83 students",city
BIH,43.8570713,18.4126147,recipient,20,"Edoovillage #2112 - Bosnia and Herzegovina, Sarajevo: JU OŠ ","Grad Sarajevo, Kanton Sarajevo, Federacija Bosne i Hercegovine, Bosna i Hercegovina / Босна и Херцеговина, completed, 150 students",city
GHA,4.927456,-1.7490216,recipient,60,"Edoovillage #2113 - Ghana, Sekondi: Rev. Fr. W. J.  Griffeon","Sekondi-Takoradi, Sekondi Takoradi Metropolitan District, Western Region, Ghana, completed, 394 students",city
TZA,-6.5247123,35.7878438,recipient,13,"Edoovillage #2114 - Tanzania, Rwamisheye: HEKIMA Smile Educa","Tanzania, completed, 700 students",city
TGO,6.130419,1.215829,recipient,53,"Edoovillage #2115 - Togo, Lomé: Institut Scolaire Suku Yeye ","Lomé, Région Maritime, Togo, completed, 206 students",city
TZA,-9.7734747,39.7282362,recipient,0,"Edoovillage #2116 - Tanzania, Gezaulole, Kigamboni: Shine Af","Gezaulole, Lindi, Coastal Zone, Tanzania, open, 20 students",city
GHA,6.1190957,-1.65317,recipient,56,"Edoovillage #2117 - Ghana, Akrofuom: Senior High Technical S","Akrofuom, Akrofuom District, Ashanti Region, Ghana, completed, 1660 students",city
ESP,41.3825802,2.177073,recipient,10,"Edoovillage #2118 - Spain, Barcelona: Abriendo Caminos Catno","Barcelona, Barcelonès, Barcelona, Catalunya, España, open, 50 students",city
GIN,9.5170602,-13.6998434,recipient,30,"Edoovillage #2119 - Guinea, Conakry: Billy Ecole","Conakry, Guinée, open, 856 students",city
UGA,-0.4061261,31.7148255,recipient,23,"Edoovillage #2120 - Uganda, Ggulama: John Hill Secondary Sch","Ggulama Social Training Centre, Masaka-Kakuto Road, Masaka City, Kyotera, Central Region, Uganda, open, 150 students",city
GHA,4.887401,-1.7519316,recipient,48,"Edoovillage #2121 - Ghana, Takoradi: Rev. George Appekey Mem","Takoradi, Sekondi Takoradi Metropolitan District, Western Region, Ghana, completed, 368 students",city
ZAF,-26.0665035,28.0450832,recipient,8,"Edoovillage #2123 - South Africa, Landsdowne: Margaret's Hou","Landsdowne Road, Sandton, Johannesburg Ward 103, Sandton, City of Johannesburg Metropolitan Municipality, Gauteng, 1617, South Africa, completed, 16 students",city
CMR,4.6378368,9.4409446,recipient,44,"Edoovillage #2124 - Cameroon, Kumba: Baptist High School Kum","Kumba, Kumba II, Communauté urbaine de Kumba, Meme, Southwest, Cameroun, completed, 351 students",city
CMR,4.9525115,9.9391669,recipient,9,"Edoovillage #2125 - Cameroon, Nkongsamba, Cite Verte : Integ","Nkongsamba, Nkongsamba III, Communauté urbaine de Nkongsamba, Moungo, Littoral, Cameroun, open, 85 students",city
KEN,-1.2159344,36.9759539,recipient,4,"Edoovillage #2126 - Kenya, Mwihoko: FRED KISEREM EPILEPTIC F","Mwihoko ward, Ruiru, Kiambu, Kenya, open, 30 students",city
ZAF,-33.9288301,18.4172197,recipient,15,"Edoovillage #2127 - South Africa, Cape Town: BabesGotBytes","Cape Town, City of Cape Town, Western Cape, 8001, South Africa, completed, 19 students",city
LBR,5.7499721,-9.3658524,recipient,8,"Edoovillage #2128 - Liberia, Kolbah City: UAOLD Computer Lit","Liberia, completed, 400 students",city
ESP,40.6178149,0.5900091,recipient,0,"Edoovillage #2129 - Spain, Sant Carles de la Ràpita: Càritas","la Ràpita, Montsià, Tarragona, Catalunya, 43540, España, open, 10 students",city
MEX,14.9052379,-92.264908,recipient,1,"Edoovillage #2130 - Mexico, 30700 Tapachula: Albergue del DI","30700, Tapachula, Chiapas, México, completed, 40 students",city
MEX,14.9258055,-92.3221957,recipient,1,"Edoovillage #2131 - Mexico, Tapachula: Albergue Viva México ","Tapachula, Chiapas, México, completed, 80 students",city
MEX,20.000556,-97.654444,recipient,1,"Edoovillage #2132 - Mexico, Tuxtla: Casa Hogar para adolesce","Tuxtla, Zapotitlán de Méndez, Puebla, México, open, 40 students",city
GTM,14.5571551,-90.7306745,recipient,3,"Edoovillage #2133 - Guatemala, La Antigua: Nahual (La Antigu","La Antigua, 15, 4a Calle Oriente, El Pensativo, Santa Inés del Monte Pulciano, Antigua Guatemala, Sacatepéquez, 30010, Guatemala, completed, 80 students",city
MEX,31.7767435,-107.6347137,recipient,1,"Edoovillage #2134 - Mexico, Puerto Palomas, México: Albergue","Puerto Palomas, Ascensión, Chihuahua, 31830, México, completed, 40 students",city
USA,33.6856969,-117.825981,recipient,0,"Edoovillage #2135 - United States, Irvine: Saddleback Greeti","Irvine, Orange County, California, United States, completed, 30 students",city
CMR,4.010289,9.207058,recipient,15,"Edoovillage #2136 - Cameroon, Limbe: SODEI Solidarity and De","Limbé, Limbé I, Communauté urbaine de Limbé, Fako, Southwest, Cameroun, open, 100 students",city
GBR,52.9534193,-1.1496461,recipient,10,"Edoovillage #2137 - United Kingdom, Nottingham: Jingah Islan","City of Nottingham, Nottinghamshire, East Midlands, England, United Kingdom, open, 20 students",city
DEU,51.2254018,6.7763137,recipient,2,"Edoovillage #2138 - Germany, Düsseldorf: Grundschule Sonnens","Düsseldorf, Nordrhein-Westfalen, Deutschland, completed, 2 students",city
MRT,18.0792379,-15.9780071,recipient,49,"Edoovillage #2139 - Mauritania, Nouakchott: Berufsschule der","Nouakchott نواكشوط, نواكشوط, تفرغ زينة, Nouakchott Ouest نواكشوط الغربية, Mauritanie موريتانيا, completed, 100 students",city
TZA,-3.3486456,37.3435249,recipient,61,"Edoovillage #2140 - Tanzania, Moshi: Alimentem ments – Creem","Moshi, Moshi Urban, Kilimanjaro, Northern Zone, 25107, Tanzania, open, 400 students",city
IND,27.9935177,77.0419634,recipient,1,"Edoovillage #2141 - India, Nuh: SwaTaleem","Nuh, Haryana, India, open, 1000 students",city
DEU,50.7352621,7.1024635,recipient,1,"Edoovillage #2142 - Germany, Bonn: Kindertagesstätte der eva","Bonn, Nordrhein-Westfalen, Deutschland, completed, 42 students",city
COL,6.334997,-75.5582665,recipient,0,"Edoovillage #2143 - Colombia, Bello: PoténciaTech","Bello, Valle de Aburrá, Antioquia, RAP del Agua y la Montaña, 051053, Colombia, completed, 10 students",city
GHA,8.0300284,-1.0800271,recipient,40,"Edoovillage #2144 - Ghana, Nsuoanu: Canee Care Academy | Gha","Ghana, completed, 600 students",city
MAR,34.0346534,-5.0161926,recipient,2,"Edoovillage #2145 - Morocco, Fes: Association Dar Al Atfal A","Fès ⴼⴰⵙ فاس, Pachalik du Fes باشوية فاس, Préfecture de Fès عمالة فاس, Fès-Meknès ⴼⴰⵙ-ⵎⴽⵏⴰⵙ فاس-مكناس, Maroc ⵍⵎⵖⵔⵉⴱ المغرب, open, 216 students",city
UGA,0.5242202,32.7806603,recipient,0,"Edoovillage #2146 - Uganda, Naggalama: GLOBAL MUSLIM HIGH SC","Naggalama, Mukono, Central Region, Uganda, open, 513 students",city
USA,37.8708393,-122.272863,recipient,4,"Edoovillage #2147 - United States, Berkeley  : Dorothy Day H","Berkeley, Alameda County, California, United States, completed, 30 students",city
GHA,6.035885,-0.4552751,recipient,0,"Edoovillage #2148 - Ghana, Suhum: Suhum Islamic Basic School","Suhum, Suhum Municipal District, Eastern Region, Ghana, completed, 600 students",city
DEU,50.8175029,6.2630894,recipient,6,"Edoovillage #2149 - Germany, Eschweiler: Willi-Fährmann-Schu","Eschweiler, Städteregion Aachen, Nordrhein-Westfalen, 52249, Deutschland, completed, 160 students",city
IND,30.9293211,75.5004841,recipient,0,"Edoovillage #2150 - India, Punjab: Socrates International Ac","Punjab, India, completed, 300 students",city
ETH,10.2116702,38.6521203,recipient,6,"Edoovillage #2151 - Ethiopia, Woreda Mehoni Town: Raya Schol","ኢትዮጵያ, completed, 12 students",city
LBR,6.3203562,-10.8060492,recipient,0,"Edoovillage #2152 - Liberia, Monrovia: Build Liberia Educati","Monrovia, Greater Monrovia, Montserrado County, Liberia, completed, 259 students",city
DEU,51.4272925,6.8829192,recipient,1,"Edoovillage #2153 - Germany, Mülheim an der Ruhr: MuT Cafés ","Mülheim an der Ruhr, Nordrhein-Westfalen, Deutschland, completed, 120 students",city
COL,6.2245644,-77.4034389,recipient,0,"Edoovillage #2154 - Colombia, Bahía Solano: Explora y Aprend","Bahía Solano (Mutis), Pacífico Norte, Chocó, RAP Pacífico, Colombia, open, 570 students",city
USA,25.8318947,-80.2112474,recipient,12,"Edoovillage #2155 - United States, 6161 NW 9th Avenue: TACOL","6161, Northwest 9th Avenue, Liberty City, Liberty Square, Miami, Miami-Dade County, Florida, 33127, United States, open, 30 students",city
UGA,0.6561907,30.2779432,recipient,0,"Edoovillage #2156 - Uganda, Fort Portal: KARANGURA PEAK MODE","Fort Portal City, Western Region, Uganda, open, 100 students",city
TGO,6.2635995,1.2084438,recipient,51,"Edoovillage #2157 - Togo, Agoé Lomé: COMPLEXE SCOLAIRE SAINT","Togo Brik, Lomé - Ouagadougou, Agoè-Démakpoè, Région Maritime, Togo, completed, 28 students",city
TZA,-6.4422075,38.9062189,recipient,3,"Edoovillage #2158 - Tanzania, Bagamoyo: friends' hands e.V.","Bagamoyo, Pwani, Coastal Zone, Tanzania, completed, 45 students",city
DEU,49.9798913,8.8088274,recipient,10,"Edoovillage #2159 - Germany, Rödermark: NFR Netzwerk für Flü","Rödermark, Landkreis Offenbach, Hessen, 63322, Deutschland, completed, 60 students",city
DEU,52.5173885,13.3951309,recipient,2,"Edoovillage #2160 - Germany, Berlin: Elblandbahn e.V.","Berlin, Deutschland, completed, 20 students",city
ZMB,-15.8584807,27.7613139,recipient,2,"Edoovillage #2161 - Zambia, Mazabuka: Internat für Blinde un","Mazabuka, Mazabuka District, Southern Province, Zambia, open, 22 students",city
ALB,42.0768978,20.4163203,recipient,0,"Edoovillage #2163 - Albania, Kukes: Shkolla 9 vjecare 'Riza ","Bashkia Kukës, Qarku i Kukësit, Shqipëria Veriore, Shqipëria, open, 435 students",city
KEN,-4.0300469,39.6803057,recipient,32,"Edoovillage #2164 - Kenya, Mshomoroni: Harrisons Primary Sch","Mshomoroni, Mjambere ward, Kisauni, Mombasa, 80106, Kenya, open, 140 students",city
ESP,42.1180477,2.7653607,recipient,9,"Edoovillage #2165 - Spain, Banyoles: Fundació Estany","Banyoles, Pla de l'Estany, Girona, Catalunya, 17820, España, open, 40 students",city
UGA,0.3177137,32.5813539,recipient,1,"Edoovillage #2166 - Uganda, Kampala: Good Shepherd Child Sup","Kampala, Central Region, Uganda, open, 203 students",city
CHE,47.3744489,8.5410422,recipient,0,"Edoovillage #2167 - Switzerland, Zurich: UZH Schnupperprogra","Zürich, Bezirk Zürich, Zürich, Schweiz/Suisse/Svizzera/Svizra, completed, 20 students",city
CHE,47.3744489,8.5410422,recipient,0,"Edoovillage #2168 - Switzerland, Zürich: Unia Schule Zürich ","Zürich, Bezirk Zürich, Zürich, Schweiz/Suisse/Svizzera/Svizra, open, 24 students",city
IND,11.4992417,76.4923903,recipient,10,"Edoovillage #2169 - India, Gudalur: Humane Warriors - The Ad","Gudalur, Nilgiris, Tamil Nadu, 643211, India, completed, 74 students",city
IND,22.598577,88.324035,recipient,5,"Edoovillage #2170 - India, Tikiapara: H.E.L.G.O. e.V. (Help ","Tikiapara, Biragmayee Road, Howrah Maidan, Haora, Kolkata Metropolitan Area, Howrah, West Bengal, 711105, India, open, 140 students",city
NGA,6.3330586,5.6221058,recipient,37,"Edoovillage #2171 - Nigeria, Benin City:  Home For The Needy","Benin City, Oredo, Edo, 300241, Nigeria, open, 4113 students",city
DEU,52.5173885,13.3951309,recipient,40,"Edoovillage #2172 - Germany, Berlin: FCZB FrauenComputerZent","Berlin, Deutschland, completed, 40 students",city
NGA,7.0209686,5.0567477,recipient,18,"Edoovillage #2122 - Nigeria, Ondo: Adeyemi College of Educat","Ondo, Nigeria, open, 1500 students",city
ESP,42.1822177,2.4890211,recipient,4,"Edoovillage #2173 - Spain, Olot: CEPAIM Protecció Internacio","Olot, Garrotxa, Girona, Catalunya, España, completed, 32 students",city
ESP,41.2366707,1.8228136,recipient,7,"Edoovillage #2174 - Spain, Sitges: ACTUA SCCL","Sitges, Garraf, Barcelona, Catalunya, España, open, 20 students",city
GRC,39.1758419,25.9989135,recipient,0,"Edoovillage #2175 - Greece, Lesvos: Lesvos LGBTIQ+ Refugee S","Λέσβος, Αποκεντρωμένη Διοίκηση Αιγαίου, Ελλάς, completed, 30 students",city
DEU,50.6080651,9.0284647,recipient,251,"Edoovillage #2176 - Germany, Hessen: Sammelprojekt Digitale ","Hessen, Deutschland, completed, 300 students",city
DEU,52.5173885,13.3951309,recipient,112,"Edoovillage #2177 - Germany, Berlin: Sammelprojekt Digitale ","Berlin, Deutschland, open, 150 students",city
UGA,0.3177137,32.5813539,recipient,6,"Edoovillage #2179 - Uganda, Kampala: Supersonic Aviators Clu","Kampala, Central Region, Uganda, open, 28 students",city
BOL,-17.7834217,-63.1820853,recipient,4,"Edoovillage #2178 - Bolivia, Santa Cruz de la Sierra: Techo ","Municipio Santa Cruz de la Sierra, Provincia Andrés Ibáñez, Santa Cruz, Bolivia, open, 100 students",city
BOL,-17.7834217,-63.1820853,recipient,12,"Edoovillage #2180 - Bolivia, Santa Cruz de la Sierra: FUNDAC","Municipio Santa Cruz de la Sierra, Provincia Andrés Ibáñez, Santa Cruz, Bolivia, open, 30 students",city
BRA,-10.991472,-37.780085,recipient,33,"Edoovillage #2181 - Brazil, João Amazonas: Associação Global","Projeto de Assentamento João Amazonas, Lagarto, Sergipe, Região Nordeste, Brasil, open, 60 students",city
NGA,9.6000359,7.9999721,recipient,3,"Edoovillage #1787 - Nigeria, Adukwu: Embodiments of Love aca","Nigeria, open, 1200 students",city
ECU,-0.2201641,-78.5123274,recipient,5,"Edoovillage #2182 - Ecuador, Quito: Mushuk Pakari","Quito, Pichincha, 170130, Ecuador, completed, 43 students",city
BGR,42.6073975,25.4856617,recipient,31,"Edoovillage #2183 - Bulgaria, Narechenski Bani / cело Нарече","България, completed, 200 students",city
CMR,4.0429389,9.7062018,recipient,43,"Edoovillage #2184 - Cameroon, Douala: Lycée de Makepe | Afri","Douala, Douala II, Communauté urbaine de Douala, Wouri, Littoral, Cameroun, completed, 3604 students",city
SEN,14.4750607,-14.4529612,recipient,28,"Edoovillage #2185 - Senegal, Cité Tacko Rufisque: Cité Tacko","Sénégal, open, 1200 students",city
GHA,5.5571096,-0.2012376,recipient,5,"Edoovillage #2186 - Ghana, Accra: TANF Ghana","Accra, Korle-Klottey Municipal District, Greater Accra Region, Ghana, completed, 69 students",city
SEN,14.693425,-17.447938,recipient,0,"Edoovillage #2187 - Senegal, DAKAR: CEM Grand-Yoff Dakar (Se","Dakar, Région de Dakar, Sénégal, completed, 1800 students",city
NAM,-22.5776104,17.0772739,recipient,24,"Edoovillage #2189 - Namibia, Windhoek: Basketball Artists Sc","Windhoek, Khomas Region, Namibia, open, 50 students",city
BFA,12.3681873,-1.5270944,recipient,25,"Edoovillage #2190 - Burkina Faso, Ouagadougou: Next Generati","Ouagadougou, Kadiogo, Centre, Burkina Faso, completed, 750 students",city
COD,-2.7708003,28.6000504,recipient,20,"Edoovillage #2191 - Congo (Kinshasa), Walungu: Soma Institut","Walungu, Sud-Kivu, République démocratique du Congo, completed, 367 students",city
ESP,41.5393484,2.2130934,recipient,0,"Edoovillage #2192 - Spain, Mollet del Vallès: Serveis Social","Mollet del Vallès, Vallès Oriental, Barcelona, Catalunya, 08100, España, open, 1000 students",city
LBN,33.8892265,35.5025585,recipient,55,"Edoovillage #2193 - Lebanon, Beirut:  Ghobeiry Second Mixed ","بيروت, البسطة التحتا, باشورة, محافظة بيروت, لبنان, completed, 600 students",city
NGA,6.3569289,6.5912164,recipient,0,"Edoovillage #2194 - Nigeria, Akwukwu Igbo: Technology Recycl","Akwukwu Igbo, Oshimili North, Delta, Nigeria, open, 100 students",city
ESP,41.6173948,2.28288,recipient,0,"Edoovillage #2195 - Spain, Canovelles: Fundació Reir - Women","Canovelles, Vallès Oriental, Barcelona, Catalunya, 08420, España, open, 8 students",city
ETH,10.0027815,39.9010723,recipient,0,"Edoovillage #2196 - Ethiopia, Shewarobit: Ataye Mekoy Highsc","Bank of Abyssia Shewarobit Branch, A2, Shewa Robit, North Shewa (Amhara Region), አማራ ክልል Amhara أمحرة, ኢትዮጵያ, open, 2100 students",city
UGA,0.2983177,32.5921976,recipient,2,"Edoovillage #2197 - Uganda, Nsambya Kampala: Lazimanipate Co","ACTED Uganda, Nsambya Estate Road, Karunga, Kabalagala, Makindye, Kampala Capital City, Kampala, Central Region, Uganda, completed, 20 students",city
ESP,41.3825802,2.177073,recipient,0,"Edoovillage #2198 - Spain, Barcelona: Familias del mundo","Barcelona, Barcelonès, Barcelona, Catalunya, España, open, 1 students",city
NAM,-20.5864334,17.4524507,recipient,2,"Edoovillage #2199 - Namibia, Okakarara: steps for children","Okakarara, Otjozondjupa Region, 12005, Namibia, open, 100 students",city
GHA,6.211542,-1.6894045,recipient,25,"Edoovillage #2200 - Ghana, Obuasi: St. Philip's Catholic Sch","Obuasi, Obuasi Municipal District, Ashanti Region, Ghana, completed, 850 students",city
GHA,7.5845818,-2.7858067,recipient,28,"Edoovillage #2201 - Ghana, Drobo: Kindergarden und Schule Dr","Drobo, Jaman South Municipal District, Bono Region, Ghana, completed, 230 students",city
DEU,50.704,8.7111,recipient,10,"Edoovillage #2202 - Germany, Fronhausen: Kindergarten ,Kinde","Fronhausen, Landkreis Marburg-Biedenkopf, Hessen, 35112, Deutschland, completed, 112 students",city
GHA,8.0300284,-1.0800271,recipient,5,"Edoovillage #2204 - Ghana, Offinso - Ayensuaa: Unlock Educat","Ghana, completed, 1000 students",city
TUN,36.8002068,10.1857757,recipient,44,"Edoovillage #2205 - Tunisia, Tunis: TunisAid-eV_Aid for Tuni","تونس, ولاية تونس, تونس, open, 35 students",city
CMR,4.6378368,9.4409446,recipient,25,"Edoovillage #2206 - Cameroon, Kumba: CECDEV Centre for Empow","Kumba, Kumba II, Communauté urbaine de Kumba, Meme, Southwest, Cameroun, completed, 180 students",city
KEN,-4.2945099,39.571219,recipient,10,"Edoovillage #2207 - Kenya, Ukunda, Diani Beach, Kwale: FRIDU","Ukunda, Diani Beach Road, Gombato, Ukunda ward, Msambweni, Kwale, 80400, Kenya, open, 20 students",city
COD,-1.6665685,29.225652,recipient,0,"Edoovillage #2208 - Congo (Kinshasa), Goma: Save-Wildlife Co","Goma, Nord-Kivu, République démocratique du Congo, open, 300 students",city
DEU,48.1371079,11.5753822,recipient,13,"Edoovillage #2209 - Germany, München : Medienkompetenzförder","München, Bayern, Deutschland, completed, 50 students",city
ROU,44.3360906,26.0810365,recipient,50,"Edoovillage #2210 - Romania,  Jilava: Asociatia Casa Buna","Jilava, Ilfov, România, completed, 300 students",city
MAR,34.259878,-5.927253,recipient,6,"Edoovillage #2211 - Morocco, Sidi Slimane: SSB Sidi Slimane","Sidi Slimane ⵙⵉⴷⵉ ⵙⵍⵉⵎⴰⵏ سيدي سليمان, Pashalik Sidi Slimane, Province de Sidi Slimane إقليم سيدي سليمان, Rabat-Salé-Kénitra ⵔⴱⴰⵟ-ⵙⵍⴰ-ⵇⵏⵉⵟⵔⴰ الرباط-سلا-القنيطرة, Maroc ⵍⵎⵖⵔⵉⴱ المغرب, completed, 30 students",city
BIH,44.8146563,15.86896,recipient,10,"Edoovillage #2212 - Bosnia and Herzegovina, Bihac: JU OŠ (Gr","Bihać, Grad Bihać, Unsko-sanski kanton, Federacija Bosne i Hercegovine, Bosna i Hercegovina / Босна и Херцеговина, completed, 480 students",city
UGA,1.5333554,32.2166578,recipient,9,"Edoovillage #2213 - Uganda, Bala Town Council: Community Dev","Uganda, open, 40 students",city
UGA,0.4374163,33.1824919,recipient,0,"Edoovillage #2214 - Uganda, Naminya: Naminya R/C primary sch","Naminya, Buikwe, Central Region, Uganda, open, 250 students",city
COD,-4.3196982,15.3424196,recipient,20,"Edoovillage #2215 - Congo (Kinshasa), Kinshasa: Miniis-Chari","Kinshasa, République démocratique du Congo, completed, 60 students",city
TZA,-3.3696827,36.6880794,recipient,0,"Edoovillage #2216 - Tanzania, Arusha: Focus for Youth, Women","Arusha, Arusha Municipal, Arusha, Northern Zone, 23103, Tanzania, open, 200 students",city
COD,-4.9699217,19.5885243,recipient,35,"Edoovillage #2217 - Congo (Kinshasa), Idiofa: College BON BE","Idiofa, Kwilu, République démocratique du Congo, completed, 430 students",city
UGA,0.9422475,33.1263004,recipient,13,"Edoovillage #2218 - Uganda, Kamuli: St. Kizito Primary Schoo","Kamuli, Eastern Region, Uganda, open, 304 students",city
COD,-5.0383083,18.8178447,recipient,31,"Edoovillage #2219 - Congo (Kinshasa), Kikwit: Institut Ising","Kikwit, Lukolela, Kikwit, Kwilu, République démocratique du Congo, completed, 204 students",city
DEU,48.1371079,11.5753822,recipient,141,"Edoovillage #2220 - Germany, München: Meaalofa Foundation","München, Bayern, Deutschland, completed, 100 students",city
ESP,41.3825802,2.177073,recipient,5,"Edoovillage #2221 - Spain, Barcelona: Associació Loles Medra","Barcelona, Barcelonès, Barcelona, Catalunya, España, completed, 5 students",city
TUR,37.4937497,41.6845107,recipient,0,"Edoovillage #2222 - Turkey, Derkube: IT- und Sprachkurse für","Karagöl, Midyat, Mardin, Güneydoğu Anadolu Bölgesi, Türkiye, open, 15 students",city
TUR,39.9291091,32.857846,recipient,0,"Edoovillage #2223 - Turkey, Yenişehir: IT- und Sprachkurse f","Yenişehir, Celal Bayar Bulvarı, Sıhhiye, Sağlık Mahallesi, Ankara, Çankaya, Ankara, İç Anadolu Bölgesi, 06230, Türkiye, open, 15 students",city
TUR,37.4152689,41.3733131,recipient,0,"Edoovillage #2224 - Turkey, Midyat: Mor Barsavmo | SOS eV","Midyat, Mardin, Güneydoğu Anadolu Bölgesi, Türkiye, open, 15 students",city
TUR,37.3479897,41.3732418,recipient,0,"Edoovillage #2225 - Turkey, Turabdin: IT- und Sprachkurse fü","Tur Abdin, Güven, Midyat, Mardin, Güneydoğu Anadolu Bölgesi, Türkiye, open, 15 students",city
TUR,37.4152689,41.3733131,recipient,0,"Edoovillage #2226 - Turkey, Midyat: Mor Gabriel | SOS eV","Midyat, Mardin, Güneydoğu Anadolu Bölgesi, Türkiye, open, 15 students",city
TUR,37.3209802,40.7251295,recipient,0,"Edoovillage #2227 - Turkey, Artuklu: IT- und Sprachkurse für","Artuklu, Mardin, Güneydoğu Anadolu Bölgesi, Türkiye, open, 15 students",city
NGA,6.4550575,3.3941795,recipient,54,"Edoovillage #2234 - Nigeria, Lagos: KING CHUKS COLLEGE","Lagos, Lagos Island, Lagos, 100242, Nigeria, completed, 269 students",city
GHA,5.6596409,-0.0096771,recipient,25,"Edoovillage #2235 - Ghana, Tema: CBNI Covenant Business Netw","Tema, Tema Metropolitan District, Greater Accra Region, Ghana, completed, 50 students",city
CMR,3.7158818,11.6432106,recipient,29,"Edoovillage #2236 - Cameroon, Mfou: Église catholique aposto","Mfou, Méfou-et-Afamba, Centre, Cameroun, completed, 45 students",city
UGA,0.1310412,30.0047968,recipient,14,"Edoovillage #2237 - Uganda, Kasese: RuFI / RIAT Rural Initia","Kasese, Western Region, Uganda, open, 80 students",city
UGA,2.835532,30.9607549,recipient,4,"Edoovillage #2238 - Uganda, Arua: Arua Youth Development Ini","Arua, Northern Region, Uganda, open, 385 students",city
UGA,0.1310412,30.0047968,recipient,13,"Edoovillage #2239 - Uganda, Kasese: Skills Development Centr","Kasese, Western Region, Uganda, completed, 284 students",city
GHA,5.5686681,-2.0054888,recipient,30,"Edoovillage #2240 - Ghana, Bogoso: Insu Catholic KG/Primary ","Bogoso, Prestea-Huni Valley Municipal District, Western Region, Ghana, completed, 245 students",city
ESP,41.3825802,2.177073,recipient,4,"Edoovillage #2241 - Spain, Barcelona: Casal de Barri de Can ","Barcelona, Barcelonès, Barcelona, Catalunya, España, completed, 27 students",city
DEU,51.5110321,7.0960124,recipient,11,"Edoovillage #2242 - Germany, Gelsenkirchen: Wohnen in Gelsen","Gelsenkirchen, Nordrhein-Westfalen, Deutschland, completed, 40 students",city
KEN,-1.302398,36.8288509,recipient,23,"Edoovillage #2243 - Kenya, Nairobi: Queens and Kings of Kibe","Nairobi, Zimmerman, Soko ya Mawe, Nairobi, Kenya, completed, 20 students",city
DEU,52.5269433,11.3927377,recipient,14,"Edoovillage #2244 - Germany, Gardelegen: Medienpädagogik Kin","Gardelegen, Altmarkkreis Salzwedel, Sachsen-Anhalt, Deutschland, completed, 80 students",city
DEU,52.5173885,13.3951309,recipient,26,"Edoovillage #2245 - Germany, Berlin: Deutsch-Afghanische Fre","Berlin, Deutschland, completed, 26 students",city
MWI,-10.7909326,33.8507118,recipient,13,"Edoovillage #2246 - Malawi, Rumphi: Neue Laptops für das Ros","Rumphi, Northern Region, Malawi, open, 20 students",city
ZAF,-33.9618598,25.6186731,recipient,4,"Edoovillage #2247 - South Africa, Port Elizabeth: iFly Aviat","Gqeberha, Nelson Mandela Bay Metropolitan Municipality, Eastern Cape, 6006, South Africa, open, 120 students",city
DEU,50.938361,6.959974,recipient,11,"Edoovillage #2248 - Germany, Köln: Wipe a tear eV - Home-Sch","Köln, Nordrhein-Westfalen, Deutschland, completed, 25 students",city
UGA,0.6561907,30.2779432,recipient,9,"Edoovillage #2249 - Uganda, Fort Portal:  Kahumuza Primary S","Fort Portal City, Western Region, Uganda, open, 200 students",city
GHA,6.506002,-1.4102123,recipient,25,"Edoovillage #2250 - Ghana, Bosomtwe: Jachie Training Centre ","Lake Bosomtwe, Abaase, Bosomtwe District, Ashanti Region, Ghana, completed, 95 students",city
CMR,4.0990957,9.6554455,recipient,3,"Edoovillage #2251 - Cameroon, Lobe : Casa de la Cultura i el","Lobe, Mpandjo, Douala IV, Communauté urbaine de Douala, Wouri, Littoral, Cameroun, open, 52 students",city
ALB,41.3281482,19.8184435,recipient,35,"Edoovillage #2252 - Albania, Tirana: Prison Fellowship Alban","Tiranë, Bashkia Tiranë, Qarku i Tiranës, Shqipëria Qendrore, 1001-1028, Shqipëria, open, 50 students",city
PHL,14.5567949,121.0211226,recipient,5,"Edoovillage #2253 - Philippines, Makati City: BINHI English ","Makati, Southern Manila District, Metro Manila, Philippines, completed, 4000 students",city
KEN,-1.302398,36.8288509,recipient,5,"Edoovillage #2254 - Kenya, Nairobi: Childrock Initiative","Nairobi, Zimmerman, Soko ya Mawe, Nairobi, Kenya, completed, 10 students",city
COL,4.5826886,-74.2117781,recipient,9,"Edoovillage #2255 - Colombia, Soacha: Soacha para el futuro","Soacha, Cundinamarca, RAP (Especial) Central, 25, Colombia, open, 100 students",city
UGA,0.5370282,32.7817242,recipient,0,"Edoovillage #2256 - Uganda, Nakiwate: WCFT We care for them ","Nakiwate Primary School, Gayaza Road, Nakifuma West, Mukono, Central Region, Uganda, open, 20 students",city
TGO,6.9106565,0.6323982,recipient,3,"Edoovillage #2257 - Togo, Kpalime: Lyceé de Zomayi","Kpalimé, Région des Plateaux, Togo, open, 2011 students",city
SLE,8.642281,-10.971631,recipient,22,"Edoovillage #2258 - Sierra Leone, Koidu: Konokai Technical V","Koidu, Kono District, Eastern Province, Sierra Leone, completed, 100 students",city
COL,6.334997,-75.5582665,recipient,15,"Edoovillage #2259 - Colombia, Bello: IT/Sprachkurse für Kind","Bello, Valle de Aburrá, Antioquia, RAP del Agua y la Montaña, 051053, Colombia, completed, 30 students",city
COL,10.4265566,-75.5441671,recipient,26,"Edoovillage #2260 - Colombia, Cartagena: IT/Sprachkurse für ","Cartagena de Indias, Dique, Bolívar, RAP Caribe, Colombia, completed, 40 students",city
NAM,-19.5644204,18.1040894,recipient,1,"Edoovillage #2261 - Namibia, Grootfontein: Kindergarten Hope","Grootfontein, Otjozondjupa Region, 12010, Namibia, completed, 75 students",city
NAM,-19.5644204,18.1040894,recipient,0,"Edoovillage #2262 - Namibia, Grootfontein: Behindertenzentru","Grootfontein, Otjozondjupa Region, 12010, Namibia, open, 75 students",city
GHA,4.927456,-1.7490216,recipient,36,"Edoovillage #2263 - Ghana, Sekondi: Adiembra Community | Gha","Sekondi-Takoradi, Sekondi Takoradi Metropolitan District, Western Region, Ghana, completed, 576 students",city
NGA,5.8179105,7.0409322,recipient,27,"Edoovillage #2264 - Nigeria, Orlu: Postulants Formation Hous","Orlu, Imo, Nigeria, open, 100 students",city
URY,-34.9058916,-56.1913095,recipient,2,"Edoovillage #2265 - Uruguay, Montevideo: ANIMA Bachillerato","Montevideo, Uruguay, open, 150 students",city
UKR,48.8918302,24.7554992,recipient,11,"Edoovillage #2266 - Ukraine, Iwano-Frankivsk Івано-Франківсь","Електролюкс Україна, ТОВ / Electrolux Ukraine LLC, 23а, Микитинці, Івано-Франківська міська громада, Івано-Франківський район, Івано-Франківська область, 76494, Україна, completed, 25 students",city
ESP,41.3825802,2.177073,recipient,0,"Edoovillage #2267 - Spain, Barcelona: Associació Taller Ocup","Barcelona, Barcelonès, Barcelona, Catalunya, España, open, 32 students",city
NGA,9.0643305,7.4892974,recipient,4,"Edoovillage #2268 - Nigeria, Abuja: Help Ministry Internatio","Abuja, Municipal Area Council, Federal Capital Territory, 223140, Nigeria, open, 78 students",city
ESP,41.3825802,2.177073,recipient,0,"Edoovillage #2269 - Spain, Barcelona: Stop Accidentes","Barcelona, Barcelonès, Barcelona, Catalunya, España, completed, 3000 students",city
GHA,5.6451356,-0.7501208,recipient,40,"Edoovillage #2270 - Ghana, Agona Nsaba: Nsaba Presbyterian S","Agona Nsaba, Agona East District, Central Region, Ghana, open, 2456 students",city
BOL,-17.7834217,-63.1820853,recipient,46,"Edoovillage #2271 - Bolivia, Santa Cruz de la Sierra: ASOCIA","Municipio Santa Cruz de la Sierra, Provincia Andrés Ibáñez, Santa Cruz, Bolivia, completed, 20 students",city
TZA,-3.4901971,35.5682879,recipient,2,"Edoovillage #2272 - Tanzania, Karatu: Teknon Kindergarten | ","Karatu, Arusha, Northern Zone, Tanzania, completed, 50 students",city
COD,-4.3196982,15.3424196,recipient,8,"Edoovillage #2273 - Congo (Kinshasa), Kinshasa: l’Institut d","Kinshasa, République démocratique du Congo, open, 1500 students",city
GHA,5.5315914,-0.7135695,recipient,35,"Edoovillage #2274 - Ghana, Otabilkrom: Assin Otabilkrom D/A ","Otabilkrom, Agona West Municipal District, Central Region, Ghana, completed, 180 students",city
GHA,4.927456,-1.7490216,recipient,25,"Edoovillage #2275 - Ghana, Sekondi: Nana Gyan School Lab | Z","Sekondi-Takoradi, Sekondi Takoradi Metropolitan District, Western Region, Ghana, completed, 600 students",city
UGA,0.9422475,33.1263004,recipient,3,"Edoovillage #2276 - Uganda, Kamuli: Hope for Orphans and rur","Kamuli, Eastern Region, Uganda, open, 200 students",city
ESP,41.785242,1.289032,recipient,49,"Edoovillage #2277 - Spain, GUISSONA: Refugiats d'Ucraïna","Guissona, Segarra, Lleida, Catalunya, España, completed, 150 students",city
TZA,-2.5196915,32.9014417,recipient,30,"Edoovillage #2278 - Tanzania, Mwanza: Viktoria Schools","Mwanza, Nyamagana, Mwanza, Lake Zone, 33214, Tanzania, completed, 360 students",city
COD,-4.7842338,27.3634556,recipient,0,"Edoovillage #2279 - Congo (Kinshasa), Panu: Collège Père Alo","Panu, Kabambare, Maniema, République démocratique du Congo, completed, 230 students",city
ETH,10.2116702,38.6521203,recipient,2,"Edoovillage #2280 - Ethiopia, Koladiba: Computers/laptops fo","ኢትዮጵያ, open, 3055 students",city
ZAF,-34.4175,19.2361111,recipient,9,"Edoovillage #2281 - South Africa, Hermanus: Camphill School ","Hermanus, Overstrand Local Municipality, Overberg District Municipality, Western Cape, 7200, South Africa, open, 60 students",city
GMB,13.4340325,-16.6855042,recipient,2,"Edoovillage #2282 - Gambia, Serekunda: Africa Organics","Serekunda and London Corner, Serrekunda, Kanifing, Gambia, completed, 2 students",city
LBR,6.2215627,-10.5977252,recipient,38,"Edoovillage #2283 - Liberia, Duazon: Liberia Renaissance Edu","Duazon New Town, Mambah Kaba, Margibi County, Liberia, completed, 350 students",city
GHA,6.9035298,-1.4359014,recipient,47,"Edoovillage #2284 - Ghana, Asante-Asamang: Konadu Yiadom Sen","Asante Asamang, Sekyere South District, Ashanti Region, Ghana, open, 2170 students",city
UGA,0.3917103,34.0160135,recipient,17,"Edoovillage #2285 - Uganda, Busia: Divine Charity Home","Busia, Eastern Region, Uganda, open, 213 students",city
DEU,51.1947131,6.4353792,recipient,3,"Edoovillage #2286 - Germany, Mönchengladbach: IT für ukraini","Mönchengladbach, Nordrhein-Westfalen, Deutschland, completed, 3 students",city
KEN,-1.302398,36.8288509,recipient,3,"Edoovillage #2287 - Kenya, Nairobi: CRESS Kenya","Nairobi, Zimmerman, Soko ya Mawe, Nairobi, Kenya, completed, 100 students",city
UGA,0.3177137,32.5813539,recipient,6,"Edoovillage #2288 - Uganda, Kampala: Answerid worldwide","Kampala, Central Region, Uganda, open, 500 students",city
UGA,1.9733286,34.0573389,recipient,0,"Edoovillage #2289 - Uganda, Katakwi : Voice for Humanity Uga","Katakwi, Eastern Region, Uganda, open, 20 students",city
ZAF,-33.9819603,25.5027839,recipient,5,"Edoovillage #2290 - South Africa, Glen Eden: The Kings Child","Glen Eden, Nelson Mandela Bay Ward 8, Gqeberha, Nelson Mandela Bay Metropolitan Municipality, Eastern Cape, South Africa, open, 50 students",city
ESP,42.0085421,2.0298689,recipient,10,"Edoovillage #2291 - Spain, Prats de Lluçanès: LABDOO -EDOOVI","Prats de Lluçanès, Lluçanès, Barcelona, Catalunya, 08513, España, open, 40 students",city
SEN,16.518221,-15.089955,recipient,5,"Edoovillage #2292 - Senegal, Thillé Boubacar: Centre de Salu","Thillé Boubacar, Communauté rurale de Fanaye, Arrondissement de Thillé Boubacar, Département de Podor, Région de Saint-Louis, Sénégal, completed, 0 students",city
COD,-4.3495584,15.3179297,recipient,0,"Edoovillage #2293 - Congo (Kinshasa), Kalamu: Fondation Nson","Kalamu, Kinshasa, République démocratique du Congo, completed, 60 students",city
DOM,18.4936515,-69.8383703,recipient,5,"Edoovillage #2294 - Dominican Republic, Santo Domingo Este: ","Santo Domingo Este, Santo Domingo, 03006, República Dominicana, completed, 195 students",city
DEU,50.0176771,8.8853392,recipient,10,"Edoovillage #2295 - Germany, Rodgau: EDV macht schlau | WISA","Rodgau, Landkreis Offenbach, Hessen, 63110, Deutschland, completed, 20 students",city
ETH,8.151843,38.821087,recipient,27,"Edoovillage #2296 - Ethiopia, Meki: KIDIST MARIAM WOMEN PROM","Meki, East Shewa, ኦሮሚያ ክልል Oromia أوروميا, ኢትዮጵያ, open, 440 students",city
COD,-4.3196982,15.3424196,recipient,0,"Edoovillage #2297 - Congo (Kinshasa), Kinshasa: GCS MOKANDA ","Kinshasa, République démocratique du Congo, open, 481 students",city
COD,-5.0383083,18.8178447,recipient,20,"Edoovillage #2298 - Congo (Kinshasa), Kikwit: Collège Sadisa","Kikwit, Lukolela, Kikwit, Kwilu, République démocratique du Congo, open, 772 students",city
VEN,10.0897763,-67.8706169,recipient,0,"Edoovillage #2299 - Venezuela, Garcia: CEPOMAR. Programa Pro","García, Parroquia Tacarigua, Municipio Carlos Arvelo, Carabobo, 2003, Venezuela, open, 1524 students",city
ZAF,-28.8166236,24.991639,recipient,10,"Edoovillage #2300 - South Africa, Mpame Mdikana: Educare Mpa","South Africa, open, 50 students",city
ESP,41.4707933,2.0848815,recipient,5,"Edoovillage #2301 - Spain, Sant Cugat del Vallès: Serveis So","Sant Cugat del Vallès, Vallès Occidental, Barcelona, Catalunya, España, completed, 1 students",city
COD,-5.0383083,18.8178447,recipient,24,"Edoovillage #2302 - Congo (Kinshasa), Kikwit: Complexe Scola","Kikwit, Lukolela, Kikwit, Kwilu, République démocratique du Congo, open, 450 students",city
MAR,31.4048033,-6.8552363,recipient,0,"Edoovillage #2303 - Morocco, Tasslent: Acción Geoda","Assif N Tasslent, Ifoulou ⵉⴼⵓⵍⵓ, Ait Tamlil آيت تامليل, Caïdat d'Aït Tamlil, Cercle de Fetouaka, Province d'Azilal إقليم أزيلال, Béni Mellal-Khénifra ⴰⵢⵜ ⵎⵍⵍⴰⵍ-ⵅⵏⵉⴼⵕⴰ بني ملال-خنيفرة, Maroc ⵍⵎⵖⵔⵉⴱ المغرب, open, 362 students",city
TZA,-3.3486456,37.3435249,recipient,13,"Edoovillage #2304 - Tanzania, Moshi: Good Hope Support Organ","Moshi, Moshi Urban, Kilimanjaro, Northern Zone, 25107, Tanzania, open, 25 students",city
NGA,6.4550575,3.3941795,recipient,20,"Edoovillage #2305 - Nigeria, Lagos: Oke-Odo Community Primar","Lagos, Lagos Island, Lagos, 100242, Nigeria, completed, 437 students",city
NGA,6.4550575,3.3941795,recipient,30,"Edoovillage #2306 - Nigeria, Lagos: Community Grammer Second","Lagos, Lagos Island, Lagos, 100242, Nigeria, completed, 766 students",city
GRC,37.9755648,23.7348324,recipient,0,"Edoovillage #2307 - Greece,  Athina : Mazi Housing Project","Αθήνα, Δήμος Αθηναίων, Περιφερειακή Ενότητα Κεντρικού Τομέα Αθηνών, Περιφέρεια Αττικής, Αποκεντρωμένη Διοίκηση Αττικής, 105 57, Ελλάς, open, 23 students",city
UGA,0.3177137,32.5813539,recipient,0,"Edoovillage #2308 - Uganda, Kampala: Sounds of Hope","Kampala, Central Region, Uganda, open, 20 students",city
UGA,1.5333554,32.2166578,recipient,0,"Edoovillage #2309 - Uganda, Amugu town: Change Lead Agency S","Uganda, open, 20 students",city
UGA,0.5751567,33.2805299,recipient,5,"Edoovillage #2310 - Uganda, Jinja: Ripples of Hope (formerly","Jinja, Eastern Region, Uganda, completed, 200 students",city
SLE,8.642281,-10.971631,recipient,12,"Edoovillage #2311 - Sierra Leone, Koidu City: Grace Internat","Koidu, Kono District, Eastern Province, Sierra Leone, completed, 282 students",city
MWI,-13.9875107,33.768144,recipient,15,"Edoovillage #2312 - Malawi, Lilongwe: Laptops für DON BOSCO ","Lilongwe, Central Region, Malawi, completed, 70 students",city
ESP,41.3463825,1.6995213,recipient,7,"Edoovillage #2313 - Spain, Vilafranca del Penedès: Recaptaci","Vilafranca del Penedès, Alt Penedès, Barcelona, Catalunya, 08720, España, completed, 4 students",city
NZL,-36.852095,174.7631803,recipient,1,"Edoovillage #2314 - New Zealand, Auckland: Refugees as Survi","Auckland, Waitematā, Auckland, 1010, New Zealand / Aotearoa, open, 0 students",city
UGA,0.3177137,32.5813539,recipient,6,"Edoovillage #2315 - Uganda, Kampala: Artsy Africa Academy | ","Kampala, Central Region, Uganda, completed, 12 students",city
DEU,50.938361,6.959974,recipient,0,"Edoovillage #2316 - Germany, Köln: Projekt „Cologne Blacks“","Köln, Nordrhein-Westfalen, Deutschland, completed, 35 students",city
KHM,13.0716137,103.2043992,recipient,9,"Edoovillage #2317 - Cambodia, Odambang: Förderverein KNGO Ge","Odambang Muoy Primary School, Street 159D, សង្កែ, ខេត្តបាត់ដំបង, 021402, ព្រះរាជាណាចក្រ​កម្ពុជា, completed, 250 students",city
DEU,49.1549008,12.1696901,recipient,5,"Edoovillage #2318 - Germany, Regenstauf: BRK Bereitschaft Re","Regenstauf, Landkreis Regensburg, Bayern, 93128, Deutschland, completed, 25 students",city
GMB,13.313887,-16.629546,recipient,19,"Edoovillage #2319 - Gambia, Bafuloto: Mittelschule und Beruf","Bafuloto, Kombo Central, Brikama, West Coast, Gambia, completed, 192 students",city
MWI,-13.990296,34.5153346,recipient,3,"Edoovillage #2320 - Malawi, Chipoka: Erste Laptops für Chipo","Chipoka, Salima, Central Region, Malawi, open, 600 students",city
UKR,51.4946636,31.2950458,recipient,342,"Edoovillage #2321 - Ukraine, Tschernihiw Чернігів: IT-Sammel","Україна, 33, проспект Миру, Деснянський район, Чернігів, Чернігівська міська громада, Чернігівський район, Чернігівська область, 14006, Україна, completed, 1000 students",city
ESP,41.6849111,2.2865796,recipient,30,"Edoovillage #2322 - Spain, La Garriga: La Garriga Ucrania Re","la Garriga, Vallès Oriental, Barcelona, Catalunya, 08530, España, completed, 25 students",city
IND,22.5726459,88.3638953,recipient,58,"Edoovillage #2323 - India, Kolkata: Global Social India | Su","Kolkata, Kolkata Metropolitan Area, Kolkata, West Bengal, India, open, 60 students",city
ESP,41.0768193,1.1440411,recipient,6,"Edoovillage #2324 - Spain, Salou: CFA Agora Salou -Centre de","Salou, Tarragonès, Tarragona, Catalunya, 43840, España, open, 109 students",city
NPL,27.7329159,84.3398377,recipient,0,"Edoovillage #2325 - Nepal, Gaindakot: NIDISI Bildungsprojekt","Gaindakot, Nawalpur District, गण्डकी प्रदेश, 33003, नेपाल, open, 3 students",city
UGA,0.3177137,32.5813539,recipient,0,"Edoovillage #2326 - Uganda, Kampala: SOS CHILDRENS VILLAGE |","Kampala, Central Region, Uganda, open, 100 students",city
DEU,48.4008273,11.7439565,recipient,9,"Edoovillage #2327 - Germany, Freising: Anonymous Child in Zu","Freising, Landkreis Freising, Bayern, Deutschland, completed, 30 students",city
UGA,1.0746869,34.1843464,recipient,14,"Edoovillage #2328 - Uganda, Nkokonjeru: Aunt Kevin Primary S","Nkokonjeru, Mbale City, Bugisa sub-region, Eastern Region, Uganda, open, 300 students",city
ESP,41.2610462,1.804544,recipient,0,"Edoovillage #2329 - Spain, Garraf: Orfes Can Xarxnet","Garraf, Barcelona, Catalunya, España, open, 11 students",city
SEN,14.4357501,-16.7929032,recipient,38,"Edoovillage #2330 - Senegal, Sandiara: Camina Senegal","Communauté rurale de Sandiara, Arrondissement de Séssène, Département de M'bour, Région de Thiès, Sénégal, open, 268 students",city
ESP,41.5399994,2.4448577,recipient,4,"Edoovillage #2331 - Spain, Mataró: Institut Les Cinc Sènies","Mataró, Maresme, Barcelona, Catalunya, España, completed, 25 students",city
GHA,8.0300284,-1.0800271,recipient,36,"Edoovillage #2332 - Ghana, Diabenekrom: West Gate ICT Lab Di","Ghana, completed, 200 students",city
PAK,35.2542562,74.9024976,recipient,9,"Edoovillage #2333 - Pakistan, Pakora : Schulprojekt Pakhora ","Pakora Astore, استور تحصیل, ضلع استور, دیامر استور ڈویژن, گلگت بلتستان, پاکستان, completed, 68 students",city
KEN,-1.302398,36.8288509,recipient,32,"Edoovillage #2334 - Kenya, Nairobi: Mathare Foundation","Nairobi, Zimmerman, Soko ya Mawe, Nairobi, Kenya, open, 3200 students",city
TZA,-3.4155148,36.6877077,recipient,0,"Edoovillage #2335 - Tanzania, Engosengiu: Community Libraray","Engosengiu, Sokon I, Arusha, Arusha Municipal, Arusha, Northern Zone, 23116, Tanzania, open, 90 students",city
UGA,0.9765706,34.2021869,recipient,15,"Edoovillage #2336 - Uganda, Mbale: Mother's Heart Uganda | G","Mbale, Eastern Region, Uganda, open, 339 students",city
LBN,33.8892265,35.5025585,recipient,40,"Edoovillage #2337 - Lebanon, Beirut: Lebnon Relief Society |","بيروت, البسطة التحتا, باشورة, محافظة بيروت, لبنان, completed, 500 students",city
DEU,51.4272925,6.8829192,recipient,4,"Edoovillage #2338 - Germany, Mülheim an der Ruhr: Flüchtling","Mülheim an der Ruhr, Nordrhein-Westfalen, Deutschland, completed, 20 students",city
GHA,7.5661734,-1.7073704,recipient,44,"Edoovillage #2339 - Ghana, Nkoranza-Bono: Jo Premier Interna","Nkoranza Post Office, Ejura Road, Nkoranza, Nkoranza South Municipal District, Bono East Region, TO0000, Ghana, completed, 685 students",city
ESP,41.3843024,2.0425232,recipient,0,"Edoovillage #2340 - Spain, Sant feliu Llobregat: Casal de jo","Sant Feliu, Carrer de Miquel Coll i Alentorn, Can Llobera, Sant Feliu de Llobregat, Baix Llobregat, Barcelona, Catalunya, 08980, España, open, 6 students",city
GHA,8.0300284,-1.0800271,recipient,34,"Edoovillage #2341 - Ghana, Nsawan Adoagyir: EYE OF THE LORD ","Ghana, completed, 72 students",city
MKD,41.9962164,21.4318935,recipient,10,"Edoovillage #2342 - Macedonia, Skopje: Elementary School Nev","Скопје, Општина Центар, Град Скопје, Северна Македонија, completed, 126 students",city
MKD,41.9962164,21.4318935,recipient,0,"Edoovillage #2343 - Macedonia, Skopje: Kuzman Josifovski Pit","Скопје, Општина Центар, Град Скопје, Северна Македонија, open, 250 students",city
BEN,10.3051511,1.3808554,recipient,42,"Edoovillage #2344 - Benin, Natitingou: CFL ONG Centre de For","Natitingou, Atakora, Bénin, completed, 238 students",city
COD,-4.3196982,15.3424196,recipient,50,"Edoovillage #2345 - Congo (Kinshasa), Kinshasa: Complexe sco","Kinshasa, République démocratique du Congo, completed, 1030 students",city
TZA,-2.5196915,32.9014417,recipient,0,"Edoovillage #2346 - Tanzania, MWANZA: INCLUSIVE  EDUCATION  ","Mwanza, Nyamagana, Mwanza, Lake Zone, 33214, Tanzania, open, 135 students",city
ECU,-0.2201641,-78.5123274,recipient,3,"Edoovillage #2347 - Ecuador, Quito: TALITA KUMI | Max-Weber-","Quito, Pichincha, 170130, Ecuador, completed, 40 students",city
UKR,49.4871968,31.2718321,recipient,10,"Edoovillage #2348 - Ukraine, Holowetsko Головецько: Holowets","Україна, completed, 40 students",city
UKR,51.2263806,27.6498188,recipient,15,"Edoovillage #2349 - Ukraine, Olewsk Олевськ: Sekundarschule ","Ощадбанк, Привокзальна вулиця, На ""піску"", Олевськ, Олевська міська громада, Коростенський район, Житомирська область, 11002, Україна, completed, 15 students",city
SEN,12.5634929,-16.2724609,recipient,27,"Edoovillage #2350 - Senegal, Ziguinchor: Ecole Tété Diedhiou","Ziguinchor, Département de Ziguinchor, Région de Ziguinchor, Sénégal, completed, 738 students",city
UGA,1.5333554,32.2166578,recipient,2,"Edoovillage #2351 - Uganda, Massaka: Kyazanga Modern Primary","Uganda, open, 570 students",city
SLE,8.479004,-13.26795,recipient,4,"Edoovillage #2352 - Sierra Leone, Freetown: FOUNDATION FOR A","Freetown, Western Area Urban, Western Area, Sierra Leone, open, 200 students",city
SEN,14.693425,-17.447938,recipient,18,"Edoovillage #2353 - Senegal, Dakar: Ecole Primaire du Point ","Dakar, Région de Dakar, Sénégal, completed, 200 students",city
SEN,14.693425,-17.447938,recipient,18,"Edoovillage #2354 - Senegal, Dakar: Woman4woman | Jappoo gUG","Dakar, Région de Dakar, Sénégal, completed, 150 students",city
ESP,41.3825802,2.177073,recipient,15,"Edoovillage #2355 - Spain, Barcelona: Fundació Privada Mercè","Barcelona, Barcelonès, Barcelona, Catalunya, España, open, 20 students",city
GHA,6.2430774,0.0911401,recipient,10,"Edoovillage #2356 - Ghana, ADA: Returnsburg Academy Ada East","Asuogyaman District Assembly, R21, Kokontekpedzi, Atimpoku, Asuogyaman District, Eastern Region, EA0218, Ghana, open, 30 students",city
TUR,41.6476377,34.9560137,recipient,10,"Edoovillage #2357 - Turkey, Sinop: Kulturzentrum Sinop","Sinop, Karadeniz Bölgesi, Türkiye, completed, 20 students",city
ISR,32.9646301,35.502451,recipient,0,"Edoovillage #2358 - Israel, Tsfat: Seminar Chasidi of Tsfat","צפת, נפת צפת, מחוז הצפון, 1311502, ישראל, open, 130 students",city
UGA,0.6561907,30.2779432,recipient,6,"Edoovillage #2359 - Uganda, Fort Portal City: The ASEI Desig","Fort Portal City, Western Region, Uganda, open, 20 students",city
DEU,51.5380394,7.219985,recipient,18,"Edoovillage #2360 - Germany, Herne: Islamische Gemeinde Hern","Herne, Nordrhein-Westfalen, Deutschland, completed, 20 students",city
TUR,41.4269456,32.0728211,recipient,20,"Edoovillage #2363 - Turkey, Çaycuma: Schule in Çaycuma | Zuk","Çaycuma, Zonguldak, Karadeniz Bölgesi, Türkiye, completed, 200 students",city
DEU,51.2254018,6.7763137,recipient,0,"Edoovillage #2364 - Germany, Düsseldorf: Flüchtlinge willkom","Düsseldorf, Nordrhein-Westfalen, Deutschland, completed, 1 students",city
UGA,0.7407633,34.1026752,recipient,15,"Edoovillage #2365 - Uganda, Tororo: Cadires x Tororo","Tororo, Eastern Region, Uganda, completed, 70 students",city
ZAF,-33.9897222,18.5544444,recipient,8,"Edoovillage #2366 - South Africa, Manenberg: Schule | HIT - ","Manenberg, Cape Town, City of Cape Town, Western Cape, South Africa, completed, 80 students",city
NPL,28.000694,84.2885733,recipient,10,"Edoovillage #2162 - Nepal, Byas: Maya Universe Academy","Byas, तनहुँ, गण्डकी प्रदेश, नेपाल, open, 394 students",city
CMR,4.1567895,9.2315915,recipient,2,"Edoovillage #2188 - Cameroon, Buea: Using Technology To Buil","Buea, Fako, Southwest, Cameroun, open, 21 students",city
ZAF,-34.043093,18.355645,recipient,1,"Edoovillage #2361 - South Africa, Hout Bay: Ausleihpool | HI","Hout Bay, City of Cape Town, Western Cape, 7872, South Africa, completed, 2 students",city
UGA,-0.883333,30.866667,recipient,0,"Edoovillage #2367 - Uganda, Rugaga: SUCCESS ROOTS NURSERY AN","Rugaga, Buganza, Isingiro, Western Region, Uganda, open, 550 students",city
COD,-4.3196982,15.3424196,recipient,15,"Edoovillage #2368 - Congo (Kinshasa), Kinshasa: C.S. de la P","Kinshasa, République démocratique du Congo, completed, 456 students",city
UGA,0.343525,33.8691866,recipient,2,"Edoovillage #2369 - Uganda, NAMAYINGO DISTRICT: EBENEZER COM","Namayingo District Central Police Station, NDLG access road, Namayingo, Eastern Region, Uganda, open, 300 students",city
UGA,1.5333554,32.2166578,recipient,16,"Edoovillage #2370 - Uganda, Kapeke Sub County: Philadelphia ","Uganda, open, 314 students",city
JOR,32.4010093,35.5607928,recipient,0,"Edoovillage #2040 - Jordan, Irbid: Remanson gold for trainin","נהר הירדן‎‎/نهر الأردن‎‎, إربد, الأردن, open, 23 students",city
COD,-4.3196982,15.3424196,recipient,20,"Edoovillage #2095 - Congo (Kinshasa), Kinshasa: COLLEGE SAIN","Kinshasa, République démocratique du Congo, completed, 353 students",city
UKR,51.864355,33.4728542,recipient,35,"Edoovillage #2371 - Ukraine, Shostka: Charitable Foundation ","Шостка, Шосткинська міська громада, Шосткинський район, Сумська область, 41100, Україна, completed, 50 students",city
UGA,0.4307,33.1503623,recipient,23,"Edoovillage #2372 - Uganda, Njeru: P.E.A.C.E Organization","Njeru, Buikwe, Central Region, Uganda, open, 120 students",city
IND,13.0836939,80.270186,recipient,1,"Edoovillage #2373 - India, Chennai: Indienhilfe Sambia e.V.","Chennai Corporation, Chennai, Tamil Nadu, India, completed, 1 students",city
UGA,0.5751567,33.2805299,recipient,1,"Edoovillage #2374 - Uganda, Jinja: First Line Junior School,","Jinja, Eastern Region, Uganda, open, 100 students",city
TON,-21.1343401,-175.201808,recipient,146,"Edoovillage #2375 - Tonga, Nuku’alofa: A. Cowley & Sons","Nukuʻalofa, Vahe Kolofo'ou, Tongatapu, Tonga, open, 0 students",city
UGA,0.4307,33.1503623,recipient,5,"Edoovillage #2376 - Uganda, Njeru: Nurture centre","Njeru, Buikwe, Central Region, Uganda, open, 100 students",city
COD,-5.0383083,18.8178447,recipient,2,"Edoovillage #2362 - Congo (Kinshasa), Kikwit: Institut MADIB","Kikwit, Lukolela, Kikwit, Kwilu, République démocratique du Congo, open, 850 students",city
COD,-4.3196982,15.3424196,recipient,0,"Edoovillage #2377 - Congo (Kinshasa), Kinshasa: Ecole Comple","Kinshasa, République démocratique du Congo, open, 250 students",city
COD,-4.3196982,15.3424196,recipient,0,"Edoovillage #2378 - Congo (Kinshasa), Kinshasa: Ecole Israel","Kinshasa, République démocratique du Congo, open, 507 students",city
ZMB,-11.7710506,30.8253076,recipient,16,"Edoovillage #2379 - Zambia, Kopa: Day secondary school | Sis","Kopa, Kanchibiya District, Muchinga Province, Zambia, open, 390 students",city
UGA,0.8237199,34.2433075,recipient,17,"Edoovillage #2380 - Uganda, Buwakoro: Secondary School Buwak","Buwakoro Primary School, Magodes-Busumbu, Buwalinga, Bumatoola, Bugobero, Bugisa sub-region, Manafwa, Eastern Region, Uganda, completed, 450 students",city
SLE,7.962065,-11.73665,recipient,22,"Edoovillage #2381 - Sierra Leone, Bo city: UMC Secondary sch","Bo, Bo District, Southern Province, Sierra Leone, completed, 1150 students",city
USA,36.3302284,-119.292058,recipient,2,"Edoovillage #2382 - United States, Visalia: Building Hope wi","Visalia, Tulare County, California, United States, completed, 10 students",city
MNG,46.8250388,103.8499736,recipient,5,"Edoovillage #2383 - Mongolia, Ulanbaataar: Neue Laptops für ","Монгол улс ᠮᠤᠩᠭᠤᠯ ᠤᠯᠤᠰ, completed, 250 students",city
ZWE,-17.027521,30.850108,recipient,12,"Edoovillage #2384 - Zimbabwe, Mvurwi: Mvurwi High School | S","Mvurwi, Mazowe, Mashonaland Central, Zimbabwe, completed, 1500 students",city
ETH,9.0358119,38.7524315,recipient,4,"Edoovillage #2385 - Ethiopia, Addis Ababa: Ilanga Centre Con","አዲስ አበባ / Addis Ababa, Arada, አዲስ አበባ Addis Ababa أديس أبابا, አዲስ አበባ أديس أبابا, 3578, ኢትዮጵያ, completed, 80 students",city
ESP,37.1734995,-3.5995337,recipient,16,"Edoovillage #2386 - Spain, Granada: Azahara Holistic Educati","Granada, Comarca de la Vega de Granada, Granada, Andalucía, España, completed, 20 students",city
MNG,46.8250388,103.8499736,recipient,4,"Edoovillage #2387 - Mongolia, Khuvsgulsum: Dorfschule | Deut","Монгол улс ᠮᠤᠩᠭᠤᠯ ᠤᠯᠤᠰ, open, 200 students",city
COL,10.9938599,-74.7926118,recipient,0,"Edoovillage #2388 - Colombia, Barranquilla: IT/Sprachkurse f","Barranquilla, Atlántico, RAP Caribe, Colombia, completed, 30 students",city
COL,10.8994371,-74.8864007,recipient,0,"Edoovillage #2389 - Colombia, Galapa: IT/Sprachkurse für Kin","Galapa, Atlántico, RAP Caribe, Colombia, completed, 30 students",city
ZMB,-13.0625061,22.9932904,recipient,0,"Edoovillage #2390 - Zambia, Chibombo: Keembe and Kalola Comm","Chibombo, Zambezi District, North-Western Province, Zambia, open, 750 students",city
GHA,5.4554568,-1.1584836,recipient,0,"Edoovillage #2391 - Ghana, Assin Darmang: Darmang Catholic J","Assin Darmang, Nsuaem Kyekyewere, Assin South District, Central Region, Ghana, completed, 579 students",city
COD,-5.0383083,18.8178447,recipient,10,"Edoovillage #2392 - Congo (Kinshasa), Kikwit: Ecole Primaire","Kikwit, Lukolela, Kikwit, Kwilu, République démocratique du Congo, completed, 315 students",city
TGO,8.7800265,1.0199765,recipient,15,"Edoovillage #2393 - Togo, Agomé-Tomégbé: ECOLE PRIMAIRE EVAN","Togo, completed, 100 students",city
DEU,51.4272925,6.8829192,recipient,0,"Edoovillage #2394 - Germany, Mülheim an der Ruhr: Junior-Uni","Mülheim an der Ruhr, Nordrhein-Westfalen, Deutschland, completed, 50 students",city
IDN,-2.4833826,117.8902853,recipient,15,"Edoovillage #2395 - Indonesia, Basarat: Schulboot Seenomaden","Indonesia, open, 150 students",city
TZA,-3.4901971,35.5682879,recipient,0,"Edoovillage #2396 - Tanzania, Karatu: Primary School","Karatu, Arusha, Northern Zone, Tanzania, open, 270 students",city
DEU,47.6883491,9.8111703,recipient,2,"Edoovillage #2397 - Germany, Wangen im Allgäu: Ehrenamtliche","Wangen im Allgäu, VVG der Stadt Wangen im Allgäu, Landkreis Ravensburg, Baden-Württemberg, 88239, Deutschland, open, 3 students",city
ESP,41.3463825,1.6995213,recipient,14,"Edoovillage #2398 - Spain, Vilafranca del Penedès: ACTUA, SC","Vilafranca del Penedès, Alt Penedès, Barcelona, Catalunya, 08720, España, open, 30 students",city
ESP,40.416782,-3.703507,recipient,25,"Edoovillage #2399 - Spain, Madrid: Sendera es una ONG de coo","Madrid, Comunidad de Madrid, España, completed, 40 students",city
ESP,39.4697065,-0.3763353,recipient,9,"Edoovillage #2400 - Spain, Valencia: La Red Bona Via, nace d","València, Comarca de València, València / Valencia, Comunitat Valenciana, España, open, 45 students",city
CMR,4.1567895,9.2315915,recipient,0,"Edoovillage #2401 - Cameroon, Buea: Digital Push","Buea, Fako, Southwest, Cameroun, open, 700 students",city
CMR,5.1420279,10.5285536,recipient,0,"Edoovillage #2402 - Cameroon, Bagangte: Centre d, informatio","Hôtel de Ville de bagangte, Main Road, Bangangté, Ndé, Ouest, Cameroun, open, 1100 students",city
UGA,0.3945446,33.0400867,recipient,3,"Edoovillage #2403 - Uganda, Bulyasi: GEJJA WOMEN FOUNDATION","Bulyasi, Buikwe, Central Region, Uganda, open, 30 students",city
ZMB,-17.853135,25.861429,recipient,0,"Edoovillage #2404 - Zambia, Livingstone: St Peter's Secondar","Livingstone, Livingstone District, Southern Province, Zambia, open, 263 students",city
ESP,40.416782,-3.703507,recipient,47,"Edoovillage #2405 - Spain, Madrid: People HELP 2021","Madrid, Comunidad de Madrid, España, completed, 0 students",city
ESP,40.3492998,-3.8284295,recipient,10,"Edoovillage #2406 - Spain, Alcorcón: Asociación de Alzheimer","Alcorcón, Comunidad de Madrid, España, completed, 52 students",city
DEU,51.4272925,6.8829192,recipient,8,"Edoovillage #2407 - Germany, Mülheim an der Ruhr: Hölterschu","Mülheim an der Ruhr, Nordrhein-Westfalen, Deutschland, completed, 404 students",city
TGO,8.7800265,1.0199765,recipient,67,"Edoovillage #2408 - Togo, Klologo: Mittelschule | Kekeli Tog","Togo, open, 1200 students",city
ESP,42.0571091,1.9064046,recipient,0,"Edoovillage #2409 - Spain, Olvàn: ESCOLA AMALGAMA-7 VALLDAUR","Olvan, Berguedà, Barcelona, Catalunya, 08611, España, open, 53 students",city
NGA,6.7424415,3.421874,recipient,20,"Edoovillage #2410 - Nigeria, Ibafo: Save the street child Fo","Ibafo, Obafemi Owode, Ogun, 110105, Nigeria, completed, 45 students",city
UGA,0.6561907,30.2779432,recipient,12,"Edoovillage #2411 - Uganda, Fort Portal: Seed Community Reli","Fort Portal City, Western Region, Uganda, completed, 80 students",city
COD,-3.3201862,17.3774958,recipient,25,"Edoovillage #2412 - Congo (Kinshasa), Bandundu: CFP GRAGLOME","Bandundu, Mampuya, Disasi, Bandundu City, Kwilu, République démocratique du Congo, completed, 317 students",city
ZAF,-26.2918019,27.9177033,recipient,4,"Edoovillage #2413 - South Africa, Phillipi: Youth Stand Up P","Phillipi Park, Johannesburg Ward 18, Johannesburg, City of Johannesburg Metropolitan Municipality, Gauteng, 2001, South Africa, open, 120 students",city
KEN,-1.302398,36.8288509,recipient,0,"Edoovillage #2414 - Kenya, Nairobi: Computers For School (C4","Nairobi, Zimmerman, Soko ya Mawe, Nairobi, Kenya, open, 300 students",city
UGA,0.1310412,30.0047968,recipient,0,"Edoovillage #2415 - Uganda, Kasese, 256,: : Rwenzori Youth I","Kasese, Western Region, Uganda, open, 40 students",city
ESP,41.3825802,2.177073,recipient,2,"Edoovillage #2416 - Spain, Barcelona: Projecte Joves Migrant","Barcelona, Barcelonès, Barcelona, Catalunya, España, completed, 6 students",city
ZMB,-13.0625061,22.9932904,recipient,0,"Edoovillage #2417 - Zambia, Chibombo: ICT for Girl Children ","Chibombo, Zambezi District, North-Western Province, Zambia, open, 200 students",city
ISR,31.7788472,35.2257856,recipient,2,"Edoovillage #2418 - Israel, Jerusalem: Starting now for a be","ירושלים | القدس, נפת ירושלים, מחוז ירושלים, ישראל, completed, 2 students",city
GHA,7.6990323,-1.8465553,recipient,0,"Edoovillage #2419 - Ghana, Bono Manso: Bono Manso Community ","Bono Manso, Nkoranza North District, Bono East Region, Ghana, open, 300 students",city
GHA,6.6985605,-1.6233086,recipient,15,"Edoovillage #2420 - Ghana, Kumasi: FST Jubilee KG | Unafo eV","Kumasi, Kumasi Metropolitan District, Ashanti Region, AK-010-1295, Ghana, completed, 283 students",city
GHA,6.6985605,-1.6233086,recipient,26,"Edoovillage #2421 - Ghana, Kumasi:  Martyrs of Uganda R/C JH","Kumasi, Kumasi Metropolitan District, Ashanti Region, AK-010-1295, Ghana, completed, 920 students",city
GMB,13.470062,-15.4900464,recipient,0,"Edoovillage #2422 - Gambia, faji kunda-serekunda: Soporte ed","Gambia, open, 1 students",city
VEN,5.7323095,-62.3596103,recipient,2,"Edoovillage #2423 - Venezuela, Valle de Kamarata: Centro Cul","Valle de Kamarata, Kowipa, Parroquia Gran Sabana, Municipio Gran Sabana, Bolívar, Venezuela, open, 936 students",city
DEU,51.4370171,7.335124,recipient,1,"Edoovillage #2424 - Germany, Witten: Tagespflege Wiesenviert","Witten, Ennepe-Ruhr-Kreis, Nordrhein-Westfalen, Deutschland, completed, 0 students",city
TZA,-3.3696827,36.6880794,recipient,0,"Edoovillage #2425 - Tanzania, Arusha: Engosengiu Primary Sch","Arusha, Arusha Municipal, Arusha, Northern Zone, 23103, Tanzania, open, 2260 students",city
TZA,-6.0999709,39.3209535,recipient,20,"Edoovillage #2426 - Tanzania, Zanzibar: Eden International H","Zanzibar زنجبار, Tanzania, completed, 457 students",city
ZMB,-12.9693056,28.6365894,recipient,38,"Edoovillage #2427 - Zambia, Ndola:  Ndola chikumbi Primary S","Ndola, Ndola District, Copperbelt Province, Zambia, open, 1800 students",city
CMR,3.7879071,11.4024031,recipient,80,"Edoovillage #2428 - Cameroon, Mbankomo: Happi Elite English ","Mbankomo, Méfou-et-Akono, Centre, Cameroun, completed, 300 students",city
AGO,-8.8155308,13.2330621,recipient,49,"Edoovillage #2429 - Angola, Municipio Luanda: Interkulturell","Governo Provincial de Luanda (GPL) Serviços Centrais, Calçada Comandante Veneno, Mutamba, Kinanga, Luanda, Município de Luanda, Luanda, Angola, completed, 100 students",city
CHE,47.3965147,8.4444861,recipient,0,"Edoovillage #2430 - Switzerland, Schlieren: Schule Schlieren","Schlieren, Bezirk Dietikon, Zürich, 8952, Schweiz/Suisse/Svizzera/Svizra, completed, 42 students",city
GMB,13.4552731,-16.7034276,recipient,0,"Edoovillage #2431 - Gambia, Kotu: British International Scho","Kotu, Serrekunda, Kanifing, Gambia, completed, 88 students",city
COD,-4.3754721,15.2473634,recipient,0,"Edoovillage #2432 - Congo (Kinshasa), Ngaliema: Congo Innova","Ngaliema, Kinshasa, République démocratique du Congo, completed, 41 students",city
ESP,41.3825802,2.177073,recipient,15,"Edoovillage #2434 - Spain, Barcelona: People HELP Barcelona","Barcelona, Barcelonès, Barcelona, Catalunya, España, open, 100 students",city
ZAF,-25.4729094,30.9772719,recipient,4,"Edoovillage #2435 - South Africa, Nelspruit: Nourish Eco Vil","Mbombela, Ehlanzeni, Mpumalanga, 1201, South Africa, open, 100 students",city
COD,-2.9814344,23.8222636,recipient,26,"Edoovillage #2436 - Congo (Kinshasa), VILLE DE KITWIT: SAINT","République démocratique du Congo, completed, 475 students",city
ETH,10.2116702,38.6521203,recipient,6,"Edoovillage #2437 - Ethiopia, Dessie Town: Woizero Siheen Po","ኢትዮጵያ, open, 995 students",city
ESP,41.3825802,2.177073,recipient,0,"Edoovillage #2433 - Spain, BARCELONA: CRAE DE LA COOPERATIVA","Barcelona, Barcelonès, Barcelona, Catalunya, España, completed, 20 students",city
ZMB,-12.9693056,28.6365894,recipient,27,"Edoovillage #2439 - Zambia, Ndola: Ndola Eden Primary school","Ndola, Ndola District, Copperbelt Province, Zambia, completed, 540 students",city
ZMB,-12.9693056,28.6365894,recipient,29,"Edoovillage #2440 - Zambia, Ndola: Ndola  Chikumbi Secondary","Ndola, Ndola District, Copperbelt Province, Zambia, open, 320 students",city
TUR,39.1028009,29.1191291,recipient,0,"Edoovillage #2438 - Turkey, Senkoy-Simav: Einklasseschule","Şen, Simav, Kütahya, Ege Bölgesi, Türkiye, open, 17 students",city
KEN,-0.5403063,34.1646971,recipient,1,"Edoovillage #2441 - Kenya, Sindo: Julius Pancras Youth Group","Sindo, Kaksingiri West ward, Suba, Homa Bay, Kenya, open, 90 students",city
UKR,49.5897423,34.5507948,recipient,60,"Edoovillage #2442 - Ukraine, Poltawa: Hilfe für ukrainische ","Полтава, Полтавська міська громада, Полтавський район, Полтавська область, 36000-36499, Україна, completed, 60 students",city
BOL,-14.0,-65.0,recipient,0,"Edoovillage #2443 - Bolivia, Beni: Fundación Cultural San Ig","Beni, Bolivia, open, 2500 students",city
NGA,9.6000359,7.9999721,recipient,30,"Edoovillage #2444 - Nigeria, Okagwe Ohafia: Isiama Comprehen","Nigeria, open, 150 students",city
ESP,41.53,1.684787,recipient,0,"Edoovillage #2445 - Spain, CAPELLADES: mdpcapellades escola ","Capellades, Anoia, Barcelona, Catalunya, 08786, España, completed, 28 students",city
ESP,41.3825802,2.177073,recipient,1,"Edoovillage #2446 - Spain, Barcelona: Espacio de aprendizaje","Barcelona, Barcelonès, Barcelona, Catalunya, España, completed, 20 students",city
KEN,-0.4997824,34.3143037,recipient,4,"Edoovillage #2447 - Kenya, Mbita: Rusinga Community based or","Mbita, Homa Bay, Kenya, completed, 130 students",city
GHA,8.0300284,-1.0800271,recipient,33,"Edoovillage #2448 - Ghana, Ajumako Bisease: Nazareth Prepara","Ghana, completed, 500 students",city
GHA,6.211542,-1.6894045,recipient,30,"Edoovillage #2449 - Ghana, Obuasi: Obuasi Senior High Techni","Obuasi, Obuasi Municipal District, Ashanti Region, Ghana, completed, 4172 students",city
GHA,5.0653642,-1.8974698,recipient,30,"Edoovillage #2450 - Ghana, Adum Banso: Efua Obiyaa Memorial ","Adum Banso, Mpohor District, Western Region, Ghana, completed, 206 students",city
GHA,5.0653642,-1.8974698,recipient,30,"Edoovillage #2451 - Ghana, Adum Banso: Adum Banso Catholic s","Adum Banso, Mpohor District, Western Region, Ghana, completed, 206 students",city
TZA,-2.5196915,32.9014417,recipient,24,"Edoovillage #2452 - Tanzania, Mwanza: VETA - Mwanza - Comput","Mwanza, Nyamagana, Mwanza, Lake Zone, 33214, Tanzania, completed, 80 students",city
TZA,-3.3696827,36.6880794,recipient,16,"Edoovillage #2454 - Tanzania, Arusha: Dunia Salama Foundatio","Arusha, Arusha Municipal, Arusha, Northern Zone, 23103, Tanzania, open, 270 students",city
SLE,8.479004,-13.26795,recipient,0,"Edoovillage #2453 - Sierra Leone, Freetown: Universal Care f","Freetown, Western Area Urban, Western Area, Sierra Leone, open, 30 students",city
COD,-4.3196982,15.3424196,recipient,20,"Edoovillage #2455 - Congo (Kinshasa), Kinshasa: UDMAZ Univer","Kinshasa, République démocratique du Congo, completed, 800 students",city
TZA,-3.3764001,35.887171,recipient,4,"Edoovillage #2456 - Tanzania, Migungani, Arusha:  SATINO Sch","Migungani, Monduli, Arusha, Northern Zone, Tanzania, open, 150 students",city
UGA,-0.3457743,30.3086336,recipient,4,"Edoovillage #2458 - Uganda, Rwamwanja : YINNOH: Youth Innova","Rwamwanja, Buhweju, Western Region, Uganda, open, 90 students",city
UGA,1.2034751,34.1737596,recipient,0,"Edoovillage #2457 - Uganda, Bungokho: Mt. Elgon Self Help Co","Bungokho, Bukedea, Eastern Region, Uganda, open, 200 students",city
GHA,23.4034165,78.6022773,recipient,16,"Edoovillage #2459 - Ghana, Ghana: Bezaleel Educational Compl","Ghana, Khamaria Khurd, Silwani Tahsil, Raisen, Madhya Pradesh, India, completed, 95 students",city
ARM,40.2964841,44.5952192,recipient,15,"Edoovillage #2460 - Armenia, Arzni: IT/Sprachkurse für Kinde","Արզնի, Արզնի համայնք, Կոտայքի մարզ, 2212, Հայաստան, completed, 30 students",city
ARM,40.0249221,44.5898288,recipient,17,"Edoovillage #2461 - Armenia, Verin Dvin: IT/Sprachkurse für ","Վերին Դվին, Վերին Դվին համայնք, Արարատի մարզ, Հայաստան, completed, 40 students",city
UGA,0.3047385,32.4317682,recipient,20,"Edoovillage #2462 - Uganda, Kampala District: Purple Skills ","Muzinda Church of Uganda, Kampala–Mpigi Expressway, Kiwumu, Masanda, Wakiso, Central Region, Uganda, open, 74 students",city
ESP,41.3595118,2.0996318,recipient,8,"Edoovillage #2463 - Spain, L’Hospitalet de Llobregat,: Funda","l'Hospitalet de Llobregat, Barcelonès, Barcelona, Catalunya, España, completed, 25 students",city
SEN,14.693425,-17.447938,recipient,45,"Edoovillage #2464 - Senegal, Dakar: E-jicom | Jappoo NRW eV","Dakar, Région de Dakar, Sénégal, completed, 100 students",city
ZMB,-17.8064317,25.7170254,recipient,2,"Edoovillage #2465 - Zambia, Simonga: Dorfentwicklungsprojekt","Simonga, Livingstone District, Southern Province, Zambia, completed, 2 students",city
KEN,-0.1518526,34.4384525,recipient,7,"Edoovillage #2466 - Kenya, Akado: FRIENDS OF GOD EMMANU-EL M","Akado, West Seme ward, Seme, Kisumu, Kenya, open, 302 students",city
GHA,5.482851,-0.5935031,recipient,40,"Edoovillage #2467 - Ghana, Gomoa Dominase: Africa Youth for ","Gomoa Dominase, Gomoa East District, Central Region, Ghana, completed, 400 students",city
ESP,40.416782,-3.703507,recipient,27,"Edoovillage #2468 - Spain, Madrid: NINGÚN ALUMNO SIN CONEXIÓ","Madrid, Comunidad de Madrid, España, open, 850 students",city
GHA,10.347691,-0.802274,recipient,31,"Edoovillage #2469 - Ghana, Walewale: Hope of Life – Internat","Walewale, West Mamprusi Municipal District, North East Region, Ghana, completed, 200 students",city
COL,6.0572745,-75.502611,recipient,0,"Edoovillage #2060 - Colombia, El Retiro: Trabajo fomento de ","El Retiro, Oriente, Antioquia, RAP del Agua y la Montaña, 055430, Colombia, open, 40 students",city
ZAF,-25.672735,28.1734163,recipient,15,"Edoovillage #2470 - South Africa, Pretoria North: Amandasig ","Pretoria North, Tshwane Ward 2, Pretoria, City of Tshwane Metropolitan Municipality, Gauteng, 0066, South Africa, completed, 500 students",city
IND,21.6572574,77.6547028,recipient,1,"Edoovillage #2471 - India, Barhapur : Gujjar Pathshala","Barhapur, Bhainsdehi Tahsil, Betul, Madhya Pradesh, India, open, 30 students",city
GHA,5.532573,-0.437491,recipient,0,"Edoovillage #2472 - Ghana, Kasoa: Everybody Matters Foundati","Kasoa, Gomoa East District, Central Region, Ghana, open, 273 students",city
ZMB,-17.853135,25.861429,recipient,1,"Edoovillage #2473 - Zambia, Livingstone: Tonse childrens edu","Livingstone, Livingstone District, Southern Province, Zambia, open, 200 students",city
DEU,49.5502933,6.5868216,recipient,4,"Edoovillage #2474 - Germany, Taben-Rodt: Pallottiner Jugendh","Taben-Rodt, Saarburg-Kell, Landkreis Trier-Saarburg, Rheinland-Pfalz, Deutschland, completed, 131 students",city
ZWE,-19.4616316,29.8205953,recipient,3,"Edoovillage #2475 - Zimbabwe, Gweru: 16 York Road Lundi Park","Gweru, Midlands, Zimbabwe, open, 60 students",city
HTI,19.1747677,-72.139556,recipient,38,"Edoovillage #2476 - Haiti, Maissade: Kay Ti Moun KTM | Haiti","Maïssade, Commune Maissade, Arrondissement de Hinche, Département du Centre, Ayiti, completed, 193 students",city
BIH,44.7651882,16.6656827,recipient,26,"Edoovillage #2477 - Bosnia and Herzegovina, Sanski Most: JU ","Sanski Most, Općina Sanski Most, Unsko-sanski kanton, Federacija Bosne i Hercegovine, 79260, Bosna i Hercegovina / Босна и Херцеговина, completed, 140 students",city
GHA,6.1000242,-0.8382619,recipient,5,"Edoovillage #2478 - Ghana, Kade: El-Ntiado School Complex","Kade, Kwaebibirem Municipal District, Eastern Region, Ghana, open, 360 students",city
NGA,6.535,3.394722,recipient,14,"Edoovillage #2479 - Nigeria, Bariga: Lujames School | Intern","Bariga, Shomolu, Lagos, 101233, Nigeria, completed, 146 students",city
ESP,41.1198785,1.250453,recipient,0,"Edoovillage #2480 - Spain, 43002 TARRAGONA: PROGRAMA REFUGIA","43002, Tarragona, Tarragonès, Tarragona, Catalunya, España, open, 10 students",city
SEN,14.693425,-17.447938,recipient,0,"Edoovillage #2481 - Senegal, Dakar: Institut Al Ihsan","Dakar, Région de Dakar, Sénégal, open, 150 students",city
ESP,41.3595118,2.0996318,recipient,0,"Edoovillage #2482 - Spain, L'Hospitalet de Llobregat: Fundac","l'Hospitalet de Llobregat, Barcelonès, Barcelona, Catalunya, España, open, 10 students",city
TUR,36.3451332,36.0748022,recipient,50,"Edoovillage #2483 - Turkey, Hatay: IT für Schulen im Erdbebe","Hatay, Akdeniz Bölgesi, Türkiye, completed, 1000 students",city
GRC,37.9755648,23.7348324,recipient,108,"Edoovillage #2484 - Greece, Athens: Meaalofa Foundation Athe","Αθήνα, Δήμος Αθηναίων, Περιφερειακή Ενότητα Κεντρικού Τομέα Αθηνών, Περιφέρεια Αττικής, Αποκεντρωμένη Διοίκηση Αττικής, 105 57, Ελλάς, open, 100 students",city
VNM,9.785536,105.7081975,recipient,10,"Edoovillage #2485 - Vietnam, Phung Hiep District,: AHAC- Ame","Huyện Phụng Hiệp, Việt Nam, open, 594 students",city
LKA,6.9388614,79.8542005,recipient,26,"Edoovillage #2486 - Sri Lanka, Colombo,  Mattakkoullia: Colo","Colombo, Colombo District, Western Province, Sri Lanka, open, 296 students",city
DEU,51.451283,6.62843,recipient,5,"Edoovillage #2487 - Germany, Moers: AWO Internationales Zent","Moers, Kreis Wesel, Nordrhein-Westfalen, Deutschland, completed, 6 students",city
NGA,9.7587528,8.8487805,recipient,15,"Edoovillage #2488 - Nigeria, Jos South: Back to school Proje","Jos South, Plateau, Nigeria, open, 25 students",city
BIH,44.9665331,15.9422967,recipient,14,"Edoovillage #2489 - Bosnia and Herzegovina, Cazin: JU 'Pedag","Cazin, Grad Cazin, Unsko-sanski kanton, Federacija Bosne i Hercegovine, 77220, Bosna i Hercegovina / Босна и Херцеговина, completed, 1690 students",city
GHA,10.0623261,-2.5054273,recipient,0,"Edoovillage #2490 - Ghana, Wa: KNOWLEDGE HUB for Kids | THEI","Wa, Wa Municipal District, Upper West Region, Ghana, open, 150 students",city
COL,4.099917,-72.9088133,recipient,4,"Edoovillage #2491 - Colombia, Loma Linda / Santa Sofia: Proj","Colombia, completed, 110 students",city
CHE,47.3528355,8.3701013,recipient,0,"Edoovillage #2492 - Switzerland, Berikon: Kreisschule Mutsch","Berikon, Bezirk Bremgarten, Aargau, 8965, Schweiz/Suisse/Svizzera/Svizra, completed, 0 students",city
DEU,51.451283,6.62843,recipient,0,"Edoovillage #2493 - Germany, Moers: Interkulturelles Nachbar","Moers, Kreis Wesel, Nordrhein-Westfalen, Deutschland, completed, 1 students",city
ZMB,-15.4163395,28.2818414,recipient,0,"Edoovillage #2494 - Zambia, Lusaka: Twatasha Primary School ","Lusaka, Lusaka District, Lusaka Province, 10101, Zambia, open, 956 students",city
NAM,-22.5776104,17.0772739,recipient,10,"Edoovillage #2495 - Namibia, Windhoek: Pathway Education Cen","Windhoek, Khomas Region, Namibia, open, 20 students",city
IND,19.054999,72.8692035,recipient,0,"Edoovillage #2496 - India, Mumbai: Humane Warriors - M.H Eng","Mumbai, Mumbai Suburban District, Maharashtra, 400051, India, completed, 266 students",city
IND,32.2243837,78.0722634,recipient,0,"Edoovillage #2497 - India, Kaza, Spiti: Humane Warriors - Go","Kaza, Spiti, Lahaul and Spiti, Himachal Pradesh, India, completed, 84 students",city
TZA,-2.5196915,32.9014417,recipient,26,"Edoovillage #2498 - Tanzania, Mwanza: SAUT - Engineering and","Mwanza, Nyamagana, Mwanza, Lake Zone, 33214, Tanzania, completed, 100 students",city
DEU,49.7861037,7.4584035,recipient,3,"Edoovillage #2499 - Germany, Kirn: AWO Wohngruppe Kirn","Kirn, Kirner Land, Landkreis Bad Kreuznach, Rheinland-Pfalz, 55606, Deutschland, completed, 10 students",city
UKR,46.6401295,32.6143922,recipient,27,"Edoovillage #2500 - Ukraine, Cherson: Hilfe für ukrainische ","Херсон, Херсонська міська громада, Херсонський район, Херсонська область, 73000-73480, Україна, completed, 27 students",city
NPL,27.708317,85.3205817,recipient,2,"Edoovillage #2501 - Nepal, Kathmandu: Access Transit Home Ne","काठमाडौँ महानगरपालिका, काठमाडौं जिल्ला, बागमती प्रदेश, नेपाल, completed, 20 students",city
BOL,-17.7834217,-63.1820853,recipient,2,"Edoovillage #2502 - Bolivia, Santa Cruz de la Sierra: Barrio","Municipio Santa Cruz de la Sierra, Provincia Andrés Ibáñez, Santa Cruz, Bolivia, open, 60 students",city
LBN,33.8892265,35.5025585,recipient,7,"Edoovillage #2503 - Lebanon, Beirut: Oxygen Schule im paläst","بيروت, البسطة التحتا, باشورة, محافظة بيروت, لبنان, completed, 370 students",city
TUR,40.9912955,29.0245631,recipient,0,"Edoovillage #2504 - Turkey, Kadıköy: School Reconstruction i","Kadıköy, İstanbul, Marmara Bölgesi, Türkiye, open, 25 students",city
MNE,42.4517622,18.5367516,recipient,0,"Edoovillage #2505 - Montenegro, Herceg Novi: Childrens home ","Herceg Novi, Opština Herceg Novi, 85340, Crna Gora / Црна Гора, completed, 80 students",city
DEU,51.7717757,7.444639,recipient,1,"Edoovillage #2506 - Germany, Lüdinghausen: Unterstützung von","Lüdinghausen, Kreis Coesfeld, Nordrhein-Westfalen, 59348, Deutschland, completed, 0 students",city
NAM,-22.4109616,18.4923445,recipient,7,"Edoovillage #2507 - Namibia, Witvlei: Nossob Combined School","Witvlei, Omaheke Region, Namibia, open, 850 students",city
IND,27.8503,75.2741,recipient,0,"Edoovillage #2508 - India, Nawalgarh: Rajesh Jangid tourist ","Nawalgarh, Nawalgarh Tehsil, Jhunjhunu, Rajasthan, 333042, India, open, 25 students",city
UGA,0.7516672,32.5163828,recipient,2,"Edoovillage #2510 - Uganda, Butanza: Whakaako Katikamu | Bis","Butanza, Luweero, Central Region, Uganda, open, 15 students",city
ROU,46.9990248,21.9528165,recipient,20,"Edoovillage #2511 - Romania, Cihei: Whakaako Chihei | Bisona","Cihei, Sânmartin, Zona Metropolitană Oradea, Bihor, 417498, România, completed, 15 students",city
NPL,27.5807347,85.5228573,recipient,20,"Edoovillage #2512 - Nepal, Panauti: Rangeen Home Nepal","Panauti, Paunauti-07, पनौती, पनौती नगरपालिका, काभ्रेपलाञ्चोक जिल्ला, बागमती प्रदेश, नेपाल, open, 75 students",city
NGA,6.4663438,7.4564852,recipient,10,"Edoovillage #2513 - Nigeria, Uboji-Ngwo: Canaan School Uboji","enugu uboji street, Enugu, Okwonjo-Ngwo, Enugu, Enugu North, Enugu, 400251, Nigeria, completed, 158 students",city
DEU,50.40015,8.7461314,recipient,32,"Edoovillage #2514 - Germany, Bad Nauheim: Ukrainehilfe der S","Bad Nauheim, Wetteraukreis, Hessen, 61231, Deutschland, completed, 32 students",city
DEU,51.4272925,6.8829192,recipient,11,"Edoovillage #2509 - Germany, Mülheim an der Ruhr: Digital Di","Mülheim an der Ruhr, Nordrhein-Westfalen, Deutschland, completed, 10 students",city
UGA,1.0711896,34.1749506,recipient,9,"Edoovillage #2515 - Uganda, Mbale City: Parental Child Care","Mbale City, Eastern Region, Uganda, open, 48 students",city
NPL,27.3847945,86.3990816,recipient,8,"Edoovillage #2516 - Nepal, Shreechaur-Okhaldhunga:  SHREE CH","Shreechaur Uchha Ma V, 12DR010, Molung-06, मोलुङ गाउँपालिका, ओखलढुङ्गा जिल्ला, कोशी प्रदेश, नेपाल, open, 165 students",city
GHA,8.0300284,-1.0800271,recipient,25,"Edoovillage #2517 - Ghana, Akim-Takrowase: Takrowase Technic","Ghana, completed, 400 students",city
DZA,36.1650239,5.6329377,recipient,0,"Edoovillage #2518 - Algeria, Smara: Escuela de secundària Ab","Smara, El Eulma, Daïra El Eulma, سطيف, 19000, ⵍⵣⵣⴰⵢⴻⵔ الجزائر, open, 750 students",city
DZA,36.1650239,5.6329377,recipient,1,"Edoovillage #2519 - Algeria, Smara: Centro de juventud del c","Smara, El Eulma, Daïra El Eulma, سطيف, 19000, ⵍⵣⵣⴰⵢⴻⵔ الجزائر, open, 400 students",city
DZA,36.1650239,5.6329377,recipient,2,"Edoovillage #2520 - Algeria, Smara: Escuela Valencia. Campam","Smara, El Eulma, Daïra El Eulma, سطيف, 19000, ⵍⵣⵣⴰⵢⴻⵔ الجزائر, completed, 498 students",city
DZA,36.1650239,5.6329377,recipient,1,"Edoovillage #2521 - Algeria, Smara: Escuela Simón Bolívar. C","Smara, El Eulma, Daïra El Eulma, سطيف, 19000, ⵍⵣⵣⴰⵢⴻⵔ الجزائر, open, 456 students",city
CMR,9.7605307,13.959974,recipient,25,"Edoovillage #2522 - Cameroon, Figuil: Figuil Government High","Figuil, Mayo-Louti, Nord, Cameroun, completed, 2000 students",city
DEU,51.5767474,6.5128805,recipient,8,"Edoovillage #2523 - Germany, Alpen: Flüchtlingshilfe Alpen e","Alpen, Kreis Wesel, Nordrhein-Westfalen, 46519, Deutschland, completed, 25 students",city
COD,-2.9814344,23.8222636,recipient,0,"Edoovillage #2525 - Congo (Kinshasa), Kikiwit: Lycée Techniq","République démocratique du Congo, open, 205 students",city
ESP,41.3825802,2.177073,recipient,0,"Edoovillage #2526 - Spain, Barcelona: Institut Tecnològic de","Barcelona, Barcelonès, Barcelona, Catalunya, España, open, 500 students",city
TZA,-3.3696827,36.6880794,recipient,1,"Edoovillage #2527 - Tanzania, Arusha: Cultural Tourism Proje","Arusha, Arusha Municipal, Arusha, Northern Zone, 23103, Tanzania, open, 200 students",city
ROU,45.1256956,25.7348044,recipient,14,"Edoovillage #2528 - Romania, Municipiul Câmpina: Adamant Int","Câmpina, Prahova, 105600, România, completed, 60 students",city
COG,-4.2223134,15.2953989,recipient,30,"Edoovillage #2529 - Congo (Brazzaville), Talangaï: GROUPE SC","Talangaï (arrondissement 6), Brazzaville (commune), Brazzaville (département), Congo, open, 740 students",city
BIH,43.8531436,18.3872826,recipient,0,"Edoovillage #2530 - Bosnia and Herzegovina, 71000 Sarajevo: ","71000, Željeznička, Općina Novo Sarajevo, Grad Sarajevo, Kanton Sarajevo, Federacija Bosne i Hercegovine, Bosna i Hercegovina / Босна и Херцеговина, open, 250 students",city
KEN,-4.05052,39.667169,recipient,11,"Edoovillage #2532 - Kenya, Mombasa: Kenia Strahlende Kindera","Mombasa, Tononoka ward, Mvita, Mombasa, 80100, Kenya, completed, 300 students",city
UKR,49.6243131,31.6666824,recipient,246,"Edoovillage #2533 - Ukraine, Dnipro: Sammelprojekt Waisenhäu","Дніпро, Мошнівська сільська громада, Черкаський район, Черкаська область, Україна, completed, 2560 students",city
MNG,49.3910136,107.0629034,recipient,0,"Edoovillage #2534 - Mongolia, Selenge province: Zuunburen El","Сэлэнгэ ᠰᠡᠯᠡᠩᠭᠡ, Монгол улс ᠮᠤᠩᠭᠤᠯ ᠤᠯᠤᠰ, completed, 850 students",city
KEN,-2.2675396,40.9010641,recipient,4,"Edoovillage #2535 - Kenya, Lamu:  Desarrollo Infantil - AFRI","Lamu, Lamu West, Lamu, Kenya, completed, 21 students",city
SEN,13.6509486,-15.4897807,recipient,25,"Edoovillage #2536 - Senegal, Taïf:  Lycée Serigne | SenGerma","Taïf, Communauté rurale de Ngayène, Arrondissement de Médina Sabakh, Département de Nioro du Rip, Région de Kaolack, Sénégal, completed, 917 students",city
UGA,0.3177137,32.5813539,recipient,0,"Edoovillage #2537 - Uganda, Kampala: Junior Achievement Ugan","Kampala, Central Region, Uganda, open, 1000 students",city
UGA,-0.3390264,31.7465839,recipient,23,"Edoovillage #2538 - Uganda, Masaka City: St. Andrew’s Vocati","Masaka City, Central Region, Uganda, open, 187 students",city
UGA,0.2124412,32.5386152,recipient,32,"Edoovillage #2539 - Uganda, Kajjansi - Entebbe: Makarios Sch","Uganda Clays Limited, Southern Bypass, Kajjansi Police Station, Entebbe City, Central Region, Uganda, completed, 117 students",city
ESP,40.416782,-3.703507,recipient,18,"Edoovillage #2540 - Spain, Madrid: Netwomening. Helping wome","Madrid, Comunidad de Madrid, España, open, 70 students",city
BDI,-2.938793,29.6783048,recipient,5,"Edoovillage #2541 - Burundi, Maramvya: Beracah Holy Temple c","Maramvya, RP 52, Musama, Kayanza, Burundi, completed, 20 students",city
UGA,0.1310412,30.0047968,recipient,4,"Edoovillage #2544 - Uganda, Kasese: Trust Skills Initiative","Kasese, Western Region, Uganda, open, 150 students",city
GHA,5.5571096,-0.2012376,recipient,25,"Edoovillage #2545 - Ghana, Accra: SCEF Street Children Empow","Accra, Korle-Klottey Municipal District, Greater Accra Region, Ghana, completed, 50 students",city
BOL,-17.7834217,-63.1820853,recipient,10,"Edoovillage #2546 - Bolivia, Santa Cruz de la Sierra: Mano A","Municipio Santa Cruz de la Sierra, Provincia Andrés Ibáñez, Santa Cruz, Bolivia, completed, 40 students",city
BOL,-17.7834217,-63.1820853,recipient,13,"Edoovillage #2547 - Bolivia, Santa Cruz de la Sierra: FULIEB","Municipio Santa Cruz de la Sierra, Provincia Andrés Ibáñez, Santa Cruz, Bolivia, completed, 100 students",city
TZA,-2.5196915,32.9014417,recipient,10,"Edoovillage #2548 - Tanzania, Mwanza: Igelegele Secondary Sc","Mwanza, Nyamagana, Mwanza, Lake Zone, 33214, Tanzania, completed, 1200 students",city
TZA,-2.5196915,32.9014417,recipient,14,"Edoovillage #2549 - Tanzania, Mwanza: Mitzkits - Mwanza","Mwanza, Nyamagana, Mwanza, Lake Zone, 33214, Tanzania, completed, 100 students",city
CMR,4.075571,9.3650187,recipient,25,"Edoovillage #2550 - Cameroon, Tiko: Dunamis Comprehensive Co","Tiko, Fako, Southwest, Cameroun, completed, 1080 students",city
NPL,28.3780464,83.9999901,recipient,0,"Edoovillage #2524 - Nepal, Khoramukh: Community Library Khor","नेपाल, completed, 200 students",city
KEN,0.4957104,34.8015489,recipient,39,"Edoovillage #2551 - Kenya, Kakamega: RUSH Academy Kenya | He","Kakamega, Kenya, open, 470 students",city
ZMB,-12.9693056,28.6365894,recipient,26,"Edoovillage #2552 - Zambia, Ndola: Lumano Secondary & Pimary","Ndola, Ndola District, Copperbelt Province, Zambia, open, 1620 students",city
COD,-1.6665685,29.225652,recipient,0,"Edoovillage #2554 - Congo (Kinshasa), Goma : Computer Scienc","Goma, Nord-Kivu, République démocratique du Congo, open, 2657 students",city
KEN,-1.302398,36.8288509,recipient,7,"Edoovillage #2555 - Kenya, Nairobi: Soweto Youth Initiative","Nairobi, Zimmerman, Soko ya Mawe, Nairobi, Kenya, open, 500 students",city
UGA,0.3177137,32.5813539,recipient,15,"Edoovillage #2556 - Uganda, Kampala: Milele Foundation","Kampala, Central Region, Uganda, open, 20 students",city
UGA,0.3177137,32.5813539,recipient,0,"Edoovillage #2557 - Uganda, Kampala: Tavia School Uganda","Kampala, Central Region, Uganda, open, 50 students",city
PAK,31.4220558,73.0923253,recipient,9,"Edoovillage #2543 - Pakistan, Faisalabad: AlBarkat Grammar G","تحصیل فیصل آباد شہر, ضلع فیصل آباد, فیصل آباد ڈویژن, پنجاب, پاکستان, open, 310 students",city
TZA,-3.3696827,36.6880794,recipient,8,"Edoovillage #2558 - Tanzania, Arusha: TWENDE NA STEM | CHANG","Arusha, Arusha Municipal, Arusha, Northern Zone, 23103, Tanzania, open, 10 students",city
AFG,34.5269503,69.1850584,recipient,22,"Edoovillage #2559 - Afghanistan, Kabul: Polikliniken in Dogh","کابل, کابل ښاروالۍ, ولایت كابل, 1001, افغانستان, open, 22 students",city
GHA,7.6716612,-2.105537,recipient,4,"Edoovillage #2560 - Ghana, Nkonsia: Nkonsia presby primary A","Nkonsia, Wenchi Municipal District, Bono Region, Ghana, open, 350 students",city
GMB,13.470062,-15.4900464,recipient,0,"Edoovillage #2561 - Gambia, Ghana Town: Kids are the world, ","Gambia, completed, 97 students",city
ESP,42.0337588,1.8825316,recipient,1,"Edoovillage #2562 - Spain, Gironella: IES Pere Fontdevila","Gironella, Berguedà, Barcelona, Catalunya, 08680, España, open, 12 students",city
GHA,5.8347826,0.8093452,recipient,20,"Edoovillage #2563 - Ghana, Anloga District: Bambiland Montes","Anloga District, Volta Region, Ghana, open, 140 students",city
TZA,-9.4516168,34.0061938,recipient,24,"Edoovillage #2564 - Tanzania, Matema: Sigrid Secondary Schoo","Matema, Kyela, Mbeya, Southern Highlands Zone, Tanzania, completed, 350 students",city
COD,-5.0383083,18.8178447,recipient,0,"Edoovillage #2565 - Congo (Kinshasa), Kikwit: Institut Kilok","Kikwit, Lukolela, Kikwit, Kwilu, République démocratique du Congo, open, 450 students",city
GHA,6.2635568,-2.4900152,recipient,25,"Edoovillage #2566 - Ghana, Datano: Community school project","Datano, Sefwi-Wiawso Municipal District, Western North Region, Ghana, completed, 294 students",city
TGO,6.8546203,0.7291427,recipient,30,"Edoovillage #2567 - Togo, Agou: LETP–AGOU Lycée d’Enseigneme","Agou, Agou Tavie, Région des Plateaux, Togo, completed, 607 students",city
UGA,3.3706552,31.8020332,recipient,3,"Edoovillage #2568 - Uganda, Forua: Score Beyond Leadership O","Forua, Adjumani, Northern Region, Uganda, open, 1000 students",city
KEN,-1.302398,36.8288509,recipient,9,"Edoovillage #2569 - Kenya, Nairobi: Millbrook Kyeeko Girls H","Nairobi, Zimmerman, Soko ya Mawe, Nairobi, Kenya, open, 42 students",city
HTI,19.7595236,-72.2008068,recipient,4,"Edoovillage #2570 - Haiti, Cap-Haitien: Institut Notre Dame ","Cap-Haïtien, Commune Cap-Haïtien, Arrondissement de Cap-Haïtien, Département du Nord, 1110, Ayiti, completed, 3 students",city
IND,22.3511148,78.6677428,recipient,31,"Edoovillage #2571 - India, Anantapur  A.P.  India: Bharat Vi","India, open, 150 students",city
ZMB,-12.9693056,28.6365894,recipient,30,"Edoovillage #2572 - Zambia, Ndola: KAMBOWA COMBINED SCHOOL, ","Ndola, Ndola District, Copperbelt Province, Zambia, completed, 1284 students",city
SEN,14.1333507,-16.6594196,recipient,25,"Edoovillage #2573 - Senegal, Fimela: Keur Yakaar | SenGerman","Fimela, Communauté rurale de Fimela, Arrondissement de Fimela, Département de Fatick, Région de Fatick, 23400, Sénégal, completed, 75 students",city
KEN,3.706286,34.873489,recipient,48,"Edoovillage #2574 - Kenya, Kakuma: Creative Kakuma – A new w","Kakuma Town, Turkana, Kenya, completed, 300 students",city
CMR,4.03219,9.0982292,recipient,45,"Edoovillage #2575 - Cameroon, Batoke: GHS BATOKE | Community","Batoke Village, Limbé II, Communauté urbaine de Limbé, Fako, Southwest, Cameroun, completed, 1300 students",city
MNG,46.8250388,103.8499736,recipient,13,"Edoovillage #2576 - Mongolia, Khuld sumu: Khuld elementary s","Монгол улс ᠮᠤᠩᠭᠤᠯ ᠤᠯᠤᠰ, open, 200 students",city
DOM,19.7976564,-70.6932607,recipient,19,"Edoovillage #2577 - Dominican Republic, Puerto Plata: Stiftu","Puerto Plata, 32106, República Dominicana, completed, 620 students",city
BDI,-3.3638125,29.3675028,recipient,37,"Edoovillage #2578 - Burundi, Bujumbura: Youth Empowerment th","Bujumbura, Bujumbura Mairie, Burundi, completed, 1250 students",city
COD,-4.9699217,19.5885243,recipient,26,"Edoovillage #2579 - Congo (Kinshasa), Idiofa: Orphélinat Pro","Idiofa, Kwilu, République démocratique du Congo, completed, 360 students",city
MWI,-10.7909326,33.8507118,recipient,9,"Edoovillage #2580 - Malawi, Rumphi: St. Denis Grundschule un","Rumphi, Northern Region, Malawi, open, 4250 students",city
TZA,-2.5196915,32.9014417,recipient,20,"Edoovillage #2581 - Tanzania, Mwanza: Montessori - Secondary","Mwanza, Nyamagana, Mwanza, Lake Zone, 33214, Tanzania, completed, 1000 students",city
ZMB,-15.4163395,28.2818414,recipient,6,"Edoovillage #2582 - Zambia, Lusaka: Kizito Secondary School ","Lusaka, Lusaka District, Lusaka Province, 10101, Zambia, open, 100 students",city
BEN,9.5293472,2.2584408,recipient,0,"Edoovillage #2583 - Benin, OUDAH: Ècole d’artisanat de Ouéga","Bénin, open, 0 students",city
NGA,4.7676576,7.0188527,recipient,1,"Edoovillage #2584 - Nigeria, Port-Harcourt: Creative Skills ","Port-Harcourt, Rivers, Nigeria, open, 1000 students",city
ZAF,-28.8166236,24.991639,recipient,12,"Edoovillage #2585 - South Africa, Xitlhelani Village: Xitlhe","South Africa, open, 600 students",city
UGA,0.5751567,33.2805299,recipient,16,"Edoovillage #2586 - Uganda, Jinja: Kidron christian nursery ","Jinja, Eastern Region, Uganda, open, 185 students",city
GHA,9.4051992,-0.8423986,recipient,10,"Edoovillage #2587 - Ghana, Tamale: The little way Roman Cath","Tamale, Tamale Metropolitan District, Northern Region, NT-0148-3057, Ghana, completed, 178 students",city
DEU,50.2147,8.2902,recipient,60,"Edoovillage #2588 - Germany, Idstein: FHI Flüchtlingshilfe I","Idstein, Rheingau-Taunus-Kreis, Hessen, 65510, Deutschland, completed, 60 students",city
GHA,4.887401,-1.7519316,recipient,30,"Edoovillage #2589 - Ghana, Takoradi: Bishop Essuah Memorial ","Takoradi, Sekondi Takoradi Metropolitan District, Western Region, Ghana, completed, 730 students",city
CMR,5.9614117,10.1516505,recipient,24,"Edoovillage #2590 - Cameroon, Bamenda: Vocational training i","Communauté urbaine de Bamenda, Mezam, Northwest, Cameroun, completed, 100 students",city
SEN,14.693425,-17.447938,recipient,25,"Edoovillage #2591 - Senegal, Dakar: Grundschule Point E | Se","Dakar, Région de Dakar, Sénégal, completed, 40 students",city
SEN,14.693425,-17.447938,recipient,30,"Edoovillage #2592 - Senegal, Dakar: Ecole élémentaire Cheikh","Dakar, Région de Dakar, Sénégal, completed, 518 students",city
TZA,-1.7233488,31.0125665,recipient,0,"Edoovillage #2593 - Tanzania, Karagwe: MUDECO","Karagwe, Kagera, Lake Zone, Tanzania, open, 126 students",city
ZAF,-25.5263889,28.0994444,recipient,6,"Edoovillage #2594 - South Africa, Soshanguve : Reitumetse Hi","Soshanguve, Tshwane Ward 35, City of Tshwane Metropolitan Municipality, Gauteng, 0152, South Africa, open, 1120 students",city
TZA,-2.5196915,32.9014417,recipient,10,"Edoovillage #2595 - Tanzania, Mwanza: Urafiki Girls Organisa","Mwanza, Nyamagana, Mwanza, Lake Zone, 33214, Tanzania, open, 170 students",city
UKR,48.9801314,37.8168012,recipient,20,"Edoovillage #2596 - Ukraine, Lyman: Educational and counseli","Лиман, Лиманська міська громада, Краматорський район, Донецька область, 84400-84409, Україна, completed, 386 students",city
KEN,-1.474564,36.95907,recipient,1,"Edoovillage #2597 - Kenya, Kitengela: Stay Alliance Angaza |","Kitengela, Kitengela ward, Kajiado East, Kajiado, Kenya, open, 5 students",city
CMR,3.8689867,11.5213344,recipient,34,"Edoovillage #2598 - Cameroon, Yaoundé: Trinity Foundation Ca","Communauté urbaine de Yaoundé, Mfoundi, Centre, Cameroun, completed, 875 students",city
LKA,5.9411497,80.4942905,recipient,14,"Edoovillage #2599 - Sri Lanka, Kamburugamuwa: Sri Lanka – Sc","Kamburugamuwa, Matara District, Southern Province, 81750, Sri Lanka, completed, 100 students",city
GHA,5.8101532,0.0995242,recipient,32,"Edoovillage #2600 - Ghana, Greater-Accra: FAITHWAY SCHOOL | ","Greater Accra Region, Ghana, completed, 425 students",city
ALB,41.3281482,19.8184435,recipient,20,"Edoovillage #2601 - Albania, Tirana: IT/Sprachkurse für Kind","Tiranë, Bashkia Tiranë, Qarku i Tiranës, Shqipëria Qendrore, 1001-1028, Shqipëria, completed, 30 students",city
COL,4.6533817,-74.0836331,recipient,10,"Edoovillage #2603 - Colombia, Bogotá: Asociación Catolica So","Bogotá, Bogotá, Distrito Capital, RAP (Especial) Central, Colombia, completed, 30 students",city
CMR,4.6378368,9.4409446,recipient,20,"Edoovillage #2604 - Cameroon, Kumba: Humanity First Vocation","Kumba, Kumba II, Communauté urbaine de Kumba, Meme, Southwest, Cameroun, completed, 375 students",city
COD,-3.3071689,17.3720223,recipient,15,"Edoovillage #2605 - Congo (Kinshasa), Ville de Bandundu: Ass","Résidence du maire de la ville, Avenue Lumumba, Basoko, Salongo, Basoko, Bandundu City, Kwilu, République démocratique du Congo, completed, 75 students",city
GHA,6.211542,-1.6894045,recipient,30,"Edoovillage #2606 - Ghana, Obuasi: CHRIST THE KING CATHOLIC ","Obuasi, Obuasi Municipal District, Ashanti Region, Ghana, completed, 1425 students",city
UGA,0.1273955,32.2527517,recipient,8,"Edoovillage #2607 - Uganda, Mpigi: Kusuubira Women Foundatio","Mpigi, Central Region, Uganda, open, 60 students",city
UKR,50.4500336,30.5241361,recipient,20,"Edoovillage #2608 - Ukraine, Kiev: Hilfe für ukrainische Sch","Київ, Україна, completed, 20 students",city
DEU,53.5501721,10.0013165,recipient,6,"Edoovillage #2553 - Germany, Hamburg: Temporäre Lerngruppe W","Hamburg, Deutschland, completed, 6 students",city
LKA,6.4786409,80.0565403,recipient,61,"Edoovillage #2609 - Sri Lanka, Kiranthidiya: Schulneugründun","Kiranthidiya Primary School, Yatadola Road, Matugama DS Division, Kalutara District, Western Province, 12100, Sri Lanka, open, 25 students",city
COD,3.2549286,19.7750831,recipient,30,"Edoovillage #2542 - Congo (Kinshasa), Gemena: Institut Papa ","Gemena, Sud-Ubangi, République démocratique du Congo, completed, 627 students",city
GHA,5.694385,-0.029529,recipient,1,"Edoovillage #2610 - Ghana, Ashaiman,: ICT Class for primary-","Ashaiman, Ashaiman Municipal District, Greater Accra Region, Ghana, open, 25 students",city
CMR,6.3789074,9.5103401,recipient,2,"Edoovillage #2611 - Cameroon, AKWAYA, MANYU DIVISION: GHS AK","Akwaya, Manyu, Southwest, Cameroun, open, 100 students",city
NGA,9.6000359,7.9999721,recipient,127,"Edoovillage #2612 - Nigeria, Umulolo Okigwe: Swiss Internati","Nigeria, completed, 240 students",city
KEN,-0.1516231,34.8271109,recipient,8,"Edoovillage #2613 - Kenya, Rabour: AGBEL SELF HELP GROUP","Rabour, Kobura ward, Nyando, Kisumu, Kenya, completed, 75 students",city
DOM,18.9474297,-69.7916445,recipient,0,"Edoovillage #2614 - Dominican Republic, Sabana Grande de Boy","Sabana Grande de Boyá, El Grillo, Monte Plata, 51804, República Dominicana, completed, 50 students",city
DOM,18.9474297,-69.7916445,recipient,51,"Edoovillage #2615 - Dominican Republic, Sabana Grande de Boy","Sabana Grande de Boyá, El Grillo, Monte Plata, 51804, República Dominicana, completed, 306 students",city
CMR,5.9614117,10.1516505,recipient,0,"Edoovillage #2616 - Cameroon, Bamenda: CEMASUD ICT Skills Pr","Communauté urbaine de Bamenda, Mezam, Northwest, Cameroun, completed, 50 students",city
UKR,49.9923181,36.2310146,recipient,7,"Edoovillage #2617 - Ukraine, Kharkiv: University of Kharkiv ","Харків, Харківська міська громада, Харківський район, Харківська область, Україна, completed, 28 students",city
UKR,46.4843023,30.7322878,recipient,3,"Edoovillage #2618 - Ukraine, Odessa: University of Odessa | ","Одеса, Одеська міська громада, Одеський район, Одеська область, Україна, completed, 20 students",city
NPL,27.6755462,85.3383181,recipient,0,"Edoovillage #2619 - Nepal, Koteshwor: Peace for People","Koteshwor Jhulungepul, कोटेश्वर, Kathmandu-32, काठमाडौँ महानगरपालिका, ललितपुर महानगरपालिका, काठमाडौं जिल्ला, बागमती प्रदेश, 44617, नेपाल, completed, 300 students",city
DEU,51.521581,6.929204,recipient,5,"Edoovillage #2620 - Germany, Bottrop: AWO Kindertageseinrich","Bottrop, Nordrhein-Westfalen, Deutschland, completed, 25 students",city
DEU,51.4272925,6.8829192,recipient,17,"Edoovillage #2621 - Germany, Mülheim an der Ruhr: Der Kinder","Mülheim an der Ruhr, Nordrhein-Westfalen, Deutschland, completed, 17 students",city
NAM,-22.5776104,17.0772739,recipient,27,"Edoovillage #2622 - Namibia, Windhoek: NISE for hearing Impa","Windhoek, Khomas Region, Namibia, completed, 155 students",city
BIH,43.8570713,18.4126147,recipient,20,"Edoovillage #2623 - Bosnia and Herzegovina, Sarajevo: Primar","Grad Sarajevo, Kanton Sarajevo, Federacija Bosne i Hercegovine, Bosna i Hercegovina / Босна и Херцеговина, completed, 1050 students",city
MAR,32.680347,-4.739897,recipient,23,"Edoovillage #2624 - Morocco, Midelt: Le projet du centre vis","Midelt ميدلت, Pachalik de Midelt, Province de Midelt إقليم ميدلت, Drâa-Tafilalet ⴷⴰⵔⵄⴰ-ⵜⴰⴼⵉⵍⴰⵍⵜ درعة تافيلالت, Maroc ⵍⵎⵖⵔⵉⴱ المغرب, open, 40 students",city
DEU,51.2254018,6.7763137,recipient,9,"Edoovillage #2625 - Germany, Düsseldorf: Mongolische Soyol S","Düsseldorf, Nordrhein-Westfalen, Deutschland, open, 77 students",city
ESP,41.1172364,1.2546057,recipient,0,"Edoovillage #2626 - Spain, Tarragona: Associació Quilómetre ","Tarragona, Tarragonès, Tarragona, Catalunya, España, open, 100 students",city
UKR,50.4500336,30.5241361,recipient,5,"Edoovillage #2627 - Ukraine, Kiev: University of Kiev | Ärzt","Київ, Україна, completed, 20 students",city
PER,-13.3257747,-71.8821354,recipient,0,"Edoovillage #2628 - Peru, Lamay: ONG Mirades del Món","Lamay, Calca, Cusco, Perú, open, 36 students",city
GIN,9.5170602,-13.6998434,recipient,30,"Edoovillage #2629 - Guinea, Conakry: Groupe scolaire ELOUK 2","Conakry, Guinée, completed, 625 students",city
GHA,5.5571096,-0.2012376,recipient,0,"Edoovillage #2630 - Ghana, Accra: Kiwix4schools Project - Op","Accra, Korle-Klottey Municipal District, Greater Accra Region, Ghana, completed, 800 students",city
BDI,-3.3721615,29.394643,recipient,35,"Edoovillage #2631 - Burundi, Mutanga Nord: CENTRE JOSEPH ENG","Mutanga Nord, Bujumbura, Bujumbura Mairie, Burundi, open, 1250 students",city
LBN,34.1205982,36.1319225,recipient,23,"Edoovillage #2632 - Lebanon, Deir el Ahmar: Our Lady of the ","دير الأحمر, قضاء بعلبك, محافظة بعلبك الهرمل, لبنان, open, 500 students",city
DEU,50.1106444,8.6820917,recipient,20,"Edoovillage #2633 - Germany, Frankfurt am Main: Übergangshei","Frankfurt am Main, Hessen, Deutschland, completed, 30 students",city
KEN,-0.4997824,34.3143037,recipient,2,"Edoovillage #2634 - Kenya, Mbita: Early Bird Educational Cen","Mbita, Homa Bay, Kenya, open, 126 students",city
UGA,0.3177137,32.5813539,recipient,3,"Edoovillage #2635 - Uganda, Kampala: Makerere University |  ","Kampala, Central Region, Uganda, completed, 3 students",city
COD,-6.6399268,20.5405413,recipient,30,"Edoovillage #2636 - Congo (Kinshasa), Tshikapa: Complexe sco","Tshikapa, Kasaï, République démocratique du Congo, completed, 780 students",city
IND,24.677623,84.9727292,recipient,19,"Edoovillage #2637 - India, Bodhgaya: Electronic devices shar","Bodhgaya, Gaya, Bihar, India, open, 1950 students",city
UGA,0.1891272,30.0898006,recipient,5,"Edoovillage #2638 - Uganda, Kasese Municipality: Young Agro-","Uganda Martyr's Nyakasanga Primary School, A5, Nyakasanga Lower, Kasese, Western Region, Uganda, open, 105 students",city
UGA,0.1891272,30.0898006,recipient,15,"Edoovillage #2639 - Uganda, Kasese Municipality: Lesaju Fami","Uganda Martyr's Nyakasanga Primary School, A5, Nyakasanga Lower, Kasese, Western Region, Uganda, open, 45 students",city
GHA,6.100334,-0.2614572,recipient,29,"Edoovillage #2641 - Ghana, Koforidua: Nana Kwaku Boateng MA ","Koforidua, New Juaben South Municipal District, Eastern Region, Ghana, completed, 480 students",city
ESP,40.416782,-3.703507,recipient,0,"Edoovillage #2642 - Spain, Madrid: Colegio La Natividad. Fin","Madrid, Comunidad de Madrid, España, open, 160 students",city
KEN,-4.05052,39.667169,recipient,5,"Edoovillage #2643 - Kenya, Mombasa: Glee Needy School","Mombasa, Tononoka ward, Mvita, Mombasa, 80100, Kenya, open, 350 students",city
ESP,43.2926038,-2.7083505,recipient,0,"Edoovillage #2644 - Spain, Muxika: Euleuk Elkartea","Muxika, Bizkaia, Euskadi, 48392, España, open, 37 students",city
NGA,6.3330586,5.6221058,recipient,3,"Edoovillage #2645 - Nigeria, Benin City: Ihogbe College ICT ","Benin City, Oredo, Edo, 300241, Nigeria, open, 120 students",city
ESP,41.3825802,2.177073,recipient,1,"Edoovillage #2646 - Spain, Barcelona: Centre ajuda i recolza","Barcelona, Barcelonès, Barcelona, Catalunya, España, open, 10 students",city
NPL,27.708317,85.3205817,recipient,2,"Edoovillage #2647 - Nepal, Kathmandu: Ausleihpool für Studie","काठमाडौँ महानगरपालिका, काठमाडौं जिल्ला, बागमती प्रदेश, नेपाल, open, 2 students",city
ESP,41.3463825,1.6995213,recipient,24,"Edoovillage #2648 - Spain, Vilafranca del Penedès: Actua  SC","Vilafranca del Penedès, Alt Penedès, Barcelona, Catalunya, 08720, España, open, 24 students",city
SLV,13.6942713,-89.164147,recipient,12,"Edoovillage #2649 - El Salvador, Ciudad Credisa: Freundeskre","Ciudad Credisa, Soyapango, San Salvador Este, San Salvador, 1011, El Salvador, open, 100 students",city
DEU,48.1371079,11.5753822,recipient,6,"Edoovillage #2650 - Germany, München: mosaik kindertreff","München, Bayern, Deutschland, completed, 70 students",city
ESP,41.3825802,2.177073,recipient,0,"Edoovillage #2651 - Spain, barcelona: Suport a refugiats Ukr","Barcelona, Barcelonès, Barcelona, Catalunya, España, open, 2 students",city
UGA,0.9765706,34.2021869,recipient,5,"Edoovillage #2652 - Uganda, Mbale: Kwa Moyo eV","Mbale, Eastern Region, Uganda, open, 240 students",city
NGA,9.0643305,7.4892974,recipient,0,"Edoovillage #2653 - Nigeria, Abuja: Glorious Vision TAC Inte","Abuja, Municipal Area Council, Federal Capital Territory, 223140, Nigeria, completed, 139 students",city
KEN,-1.302398,36.8288509,recipient,0,"Edoovillage #2654 - Kenya, Nairobi: Aswani Project of Hope","Nairobi, Zimmerman, Soko ya Mawe, Nairobi, Kenya, open, 205 students",city
GHA,5.5571096,-0.2012376,recipient,25,"Edoovillage #2655 - Ghana, Accra: St. Mary's Senior High Sch","Accra, Korle-Klottey Municipal District, Greater Accra Region, Ghana, open, 1669 students",city
NGA,5.489736,7.0341973,recipient,0,"Edoovillage #2656 - Nigeria, Owerri: Holy Ghost College","Owerri, Owerri Municipal, Imo, 460242, Nigeria, completed, 800 students",city
CMR,5.9614117,10.1516505,recipient,6,"Edoovillage #2657 - Cameroon, Bamenda: Xhuma Africa Peace Ed","Communauté urbaine de Bamenda, Mezam, Northwest, Cameroun, completed, 50 students",city
GHA,5.4279249,-0.9585242,recipient,30,"Edoovillage #2658 - Ghana, Ajumako: Ajumako Methodist Basic ","Ajumako, Ajumako/Enyan/Essiam District, Central Region, Ghana, completed, 600 students",city
GHA,5.6337881,-2.2483906,recipient,30,"Edoovillage #2659 - Ghana, Manso Amenfi: MANSO AMENFI CATHOL","Manso Amenfi, Amenfi Central District, Western Region, Ghana, completed, 644 students",city
COD,-4.3196982,15.3424196,recipient,25,"Edoovillage #2660 - Congo (Kinshasa), Kinshasa: Heures Clair","Kinshasa, République démocratique du Congo, completed, 60 students",city
ZAF,-33.646238,19.445927,recipient,15,"Edoovillage #1563 - South Africa, Worcester: YWAM Worcester ","Worcester, Breede Valley Local Municipality, Cape Winelands District Municipality, Western Cape, 6850, South Africa, open, 20 students",city
CMR,5.121582,9.949155,recipient,35,"Edoovillage #2661 - Cameroon, Melong: Amicale de Solidarité ","Melong, Mélong, Moungo, Littoral, Cameroun, open, 665 students",city
NAM,-20.8877972,16.1915728,recipient,15,"Edoovillage #2662 - Namibia, Kalkfeld: Primary School Garden","Kalkfeld, Otjozondjupa Region, Namibia, open, 80 students",city
ESP,41.3825802,2.177073,recipient,2,"Edoovillage #2663 - Spain, Barcelona: CEHDA- Associació per ","Barcelona, Barcelonès, Barcelona, Catalunya, España, open, 340 students",city
NGA,9.6000359,7.9999721,recipient,20,"Edoovillage #2664 - Nigeria, OSISIOMA NGWA LGA: Formation Ho","Nigeria, completed, 30 students",city
NGA,9.6000359,7.9999721,recipient,15,"Edoovillage #2665 - Nigeria, INCLA: Institute of Consecrated","Nigeria, completed, 30 students",city
NGA,9.6000359,7.9999721,recipient,40,"Edoovillage #2666 - Nigeria, INCLA: MIGI German school | Mis","Nigeria, completed, 50 students",city
NGA,9.6000359,7.9999721,recipient,47,"Edoovillage #2667 - Nigeria, Maryland Nekede: Claretian Univ","Nigeria, open, 300 students",city
DEU,50.011974,8.7123912,recipient,13,"Edoovillage #2668 - Germany, Dreieich: We Can - Tagesmütter ","Dreieich, Landkreis Offenbach, Hessen, 63303, Deutschland, completed, 13 students",city
DEU,50.3517,9.5613,recipient,17,"Edoovillage #2669 - Germany, Schlüchtern: Sprachbrücke | Mal","Schlüchtern, Main-Kinzig-Kreis, Hessen, 36381, Deutschland, completed, 20 students",city
UKR,48.7481718,24.5207477,recipient,42,"Edoovillage #2670 - Ukraine, Ivano-Frankivsk: Schulen in Iva","Івано-Франківська область, Україна, completed, 26 students",city
FRA,44.8984037,6.6436313,recipient,22,"Edoovillage #2671 - France, Briançon: Association EKO!","Briançon, Hautes-Alpes, Provence-Alpes-Côte d'Azur, France métropolitaine, 05100, France, open, 25 students",city
GRC,37.9755648,23.7348324,recipient,0,"Edoovillage #2672 - Greece, Athens: Better Days, Gekko Educa","Αθήνα, Δήμος Αθηναίων, Περιφερειακή Ενότητα Κεντρικού Τομέα Αθηνών, Περιφέρεια Αττικής, Αποκεντρωμένη Διοίκηση Αττικής, 105 57, Ελλάς, open, 30 students",city
GRC,37.9755648,23.7348324,recipient,0,"Edoovillage #2673 - Greece, Athens: Faros","Αθήνα, Δήμος Αθηναίων, Περιφερειακή Ενότητα Κεντρικού Τομέα Αθηνών, Περιφέρεια Αττικής, Αποκεντρωμένη Διοίκηση Αττικής, 105 57, Ελλάς, open, 15 students",city
GRC,37.9755648,23.7348324,recipient,0,"Edoovillage #2674 - Greece, Athens: Projekt Odysseas","Αθήνα, Δήμος Αθηναίων, Περιφερειακή Ενότητα Κεντρικού Τομέα Αθηνών, Περιφέρεια Αττικής, Αποκεντρωμένη Διοίκηση Αττικής, 105 57, Ελλάς, open, 15 students",city
GRC,39.1758419,25.9989135,recipient,0,"Edoovillage #2675 - Greece, Lesvos Island: Yoga and Sport wi","Λέσβος, Αποκεντρωμένη Διοίκηση Αιγαίου, Ελλάς, open, 15 students",city
DEU,50.1106444,8.6820917,recipient,10,"Edoovillage #2676 - Germany, Frankfurt am Main: ASIYAH inter","Frankfurt am Main, Hessen, Deutschland, completed, 20 students",city
ITA,41.8933203,12.4829321,recipient,21,"Edoovillage #2677 - Italy, Roma: Organisation No Cap","Roma, Roma Capitale, Lazio, Italia, open, 20 students",city
GHA,6.51941,-0.709975,recipient,31,"Edoovillage #2678 - Ghana, Amanfro: Amanfro Basic School | G","Amanfro, Kwahu West Municipal District, Eastern Region, Ghana, completed, 455 students",city
GHA,8.0300284,-1.0800271,recipient,35,"Edoovillage #2679 - Ghana, Diabenekrom: Youth Empowering Fou","Ghana, completed, 200 students",city
UGA,-1.313611,29.679722,recipient,30,"Edoovillage #2680 - Uganda, Nyarusiza: Iturize Primary Schoo","Nyarusiza, Cyanika, Kisoro, Western Region, Uganda, completed, 100 students",city
COD,-5.0383083,18.8178447,recipient,25,"Edoovillage #2681 - Congo (Kinshasa), Kikwit: COLLEGE KATSHI","Kikwit, Lukolela, Kikwit, Kwilu, République démocratique du Congo, completed, 42 students",city
IRN,32.6475314,54.5643516,recipient,3,"Edoovillage #2682 - Iran, Roostaye Dak Bahoo: Noor Khoda","ایران, completed, 20 students",city
SLE,8.8881938,-12.0441862,recipient,14,"Edoovillage #2683 - Sierra Leone, Makeni: Next Chance Vocati","Makeni, Bombali District, Northern Province, Sierra Leone, open, 30 students",city
DEU,54.7833021,9.4333264,recipient,15,"Edoovillage #2684 - Germany, Flensburg: Flensburger Bildungs","Flensburg, Schleswig-Holstein, Deutschland, completed, 40 students",city
ZMB,-15.1796125,28.6098683,recipient,17,"Edoovillage #2685 - Zambia, Kanakantapa: Antioch South Prima","Kanakantapa River, Chisamba District, Central Province, Zambia, open, 390 students",city
NGA,7.0209686,5.0567477,recipient,9,"Edoovillage #2686 - Nigeria, Ondo: Dixtinct Africa | Adequat","Ondo, Nigeria, completed, 25 students",city
CMR,4.9525115,9.9391669,recipient,25,"Edoovillage #2687 - Cameroon, Nkongsamba: ISMAN Nkongsamba |","Nkongsamba, Nkongsamba III, Communauté urbaine de Nkongsamba, Moungo, Littoral, Cameroun, completed, 50 students",city
CMR,4.075571,9.3650187,recipient,26,"Edoovillage #2688 - Cameroon, Tiko: Charity for Rural commun","Tiko, Fako, Southwest, Cameroun, completed, 134 students",city
NGA,9.6000359,7.9999721,recipient,25,"Edoovillage #2689 - Nigeria, Urua Edet, Essien Udim: Notre D","Nigeria, completed, 249 students",city
VEN,9.0407855,-69.7412593,recipient,0,"Edoovillage #2690 - Venezuela, Guanare: Apoyo con laptops pa","Guanare, Parroquia Capital Guanare, Municipio Guanare, Portuguesa, 3350, Venezuela, open, 270 students",city
NGA,6.4493129,3.4082097,recipient,8,"Edoovillage #2691 - Nigeria, Obalende: Augment Potentials","Obalende Road, Ikoyi, Eti Osa, Lagos, 101222, Nigeria, open, 50 students",city
TZA,-9.1210886,34.4316775,recipient,20,"Edoovillage #2692 - Tanzania, Njombe: St. Maria Secondary Sc","Njombe, Southern Highlands Zone, Tanzania, completed, 100 students",city
MAR,35.1739922,-2.9281198,recipient,28,"Edoovillage #2693 - Morocco, Nador: Grundschule Elmouahidine","Nador الناظور, Pachalik de Nador باشوية الناظور, Province de Nador إقليم الناظور, Oriental ⵜⴰⵏⴳⵎⵓⴹⵜ الشرقية, Maroc ⵍⵎⵖⵔⵉⴱ المغرب, completed, 733 students",city
UGA,-0.483142,31.8318895,recipient,0,"Edoovillage #2694 - Uganda, Masaka: St. Jude Bukoto Vocation","Masaka, Central Region, Uganda, open, 500 students",city
CMR,4.075571,9.3650187,recipient,24,"Edoovillage #2695 - Cameroon, Tiko: Reference Technical and ","Tiko, Fako, Southwest, Cameroun, completed, 126 students",city
CMR,4.075571,9.3650187,recipient,16,"Edoovillage #2696 - Cameroon, Tiko: Community Relief Bilingu","Tiko, Fako, Southwest, Cameroun, completed, 251 students",city
DEU,48.1371079,11.5753822,recipient,4,"Edoovillage #2697 - Germany, München: Association 'Z'sam'","München, Bayern, Deutschland, open, 20 students",city
NPL,28.231316,84.376144,recipient,3,"Edoovillage #2698 - Nepal, Besisahar: Heaven Hill Academy","Besisahar, Besishahar, लमजुङ, गण्डकी प्रदेश, 33600, नेपाल, open, 90 students",city
ZMB,-12.9693056,28.6365894,recipient,30,"Edoovillage #2699 - Zambia, Ndola: Northrise Combined School","Ndola, Ndola District, Copperbelt Province, Zambia, completed, 2582 students",city
ZMB,-12.9693056,28.6365894,recipient,30,"Edoovillage #2700 - Zambia, Ndola: KATONDO COMBINED SCHOOL","Ndola, Ndola District, Copperbelt Province, Zambia, completed, 2034 students",city
COD,-2.9814344,23.8222636,recipient,35,"Edoovillage #2701 - Congo (Kinshasa), Kikoti / Kikwit: Lycée","République démocratique du Congo, completed, 786 students",city
AGO,-12.4334253,13.543048,recipient,53,"Edoovillage #2702 - Angola, Catumbela: COLÈGIO DO I CICLO | ","Catumbela, Benguela, Angola, completed, 740 students",city
NAM,-22.5776104,17.0772739,recipient,16,"Edoovillage #2703 - Namibia, Windhoek: Hage G.Geingob Second","Windhoek, Khomas Region, Namibia, completed, 912 students",city
MEX,20.5922997,-100.3917424,recipient,3,"Edoovillage #2704 - Mexico, Santiago de Querétaro: enelsemaf","Santiago de Querétaro, Municipio de Querétaro, Querétaro, México, open, 40 students",city
MEX,20.1878975,-100.144747,recipient,3,"Edoovillage #2705 - Mexico, Amealco: enelsemaforoseaprende-2","Amealco de Bonfil, Querétaro, 76850, México, open, 30 students",city
MEX,19.3207722,-99.1514678,recipient,0,"Edoovillage #2706 - Mexico, Ciudad de México: enelsemaforose","Ciudad de México, México, open, 50 students",city
BIH,43.6684413,18.9759044,recipient,30,"Edoovillage #2707 - Bosnia and Herzegovina, Gorazde: Grundsc","Goražde, MZ Goražde 2, Grad Goražde, Bosansko-podrinjski kanton Goražde, Federacija Bosne i Hercegovine, 73000, Bosna i Hercegovina / Босна и Херцеговина, completed, 769 students",city
ESP,40.416782,-3.703507,recipient,3,"Edoovillage #2708 - Spain, Madrid: Mundo Justo","Madrid, Comunidad de Madrid, España, open, 50 students",city
UGA,0.7407633,34.1026752,recipient,10,"Edoovillage #2709 - Uganda, Tororo: LERWA Land and Environme","Tororo, Eastern Region, Uganda, completed, 60 students",city
UGA,0.1310412,30.0047968,recipient,3,"Edoovillage #2710 - Uganda, Kasese: Samaritan Foundation For","Kasese, Western Region, Uganda, open, 100 students",city
DEU,53.5501721,10.0013165,recipient,37,"Edoovillage #2640 - Germany, Hamburg: Die Arche Kinderstiftu","Hamburg, Deutschland, completed, 33 students",city
MAR,28.3347722,-10.3713379,recipient,12,"Edoovillage #2711 - Morocco, BAIN ATIK: Renaissance Academy","Maroc ⵍⵎⵖⵔⵉⴱ المغرب, open, 30 students",city
KHM,12.5433216,104.8144914,recipient,0,"Edoovillage #2712 - Cambodia, Sangkat Chey Chumneas Khan Dau","ព្រះរាជាណាចក្រ​កម្ពុជា, open, 1000 students",city
DEU,51.4272925,6.8829192,recipient,321,"Edoovillage #2713 - Germany, Mülheim an der Ruhr: 400 x Digi","Mülheim an der Ruhr, Nordrhein-Westfalen, Deutschland, open, 400 students",city
ESP,41.3825802,2.177073,recipient,5,"Edoovillage #2714 - Spain, Barcelona: Barnahus Terrassa","Barcelona, Barcelonès, Barcelona, Catalunya, España, open, 100 students",city
ZAF,-25.7459277,28.1879101,recipient,6,"Edoovillage #2715 - South Africa, Pretoria: Tswaing Secondar","Pretoria, City of Tshwane Metropolitan Municipality, Gauteng, 0142, South Africa, open, 1120 students",city
BIH,43.8570713,18.4126147,recipient,27,"Edoovillage #2716 - Bosnia and Herzegovina, Sarajevo: Suppor","Grad Sarajevo, Kanton Sarajevo, Federacija Bosne i Hercegovine, Bosna i Hercegovina / Босна и Херцеговина, completed, 51 students",city
GHA,5.085879,-1.350578,recipient,5,"Edoovillage #2717 - Ghana, Elmina: Aba Ghana Youth | ANAD eV","Elmina, Komenda/Edina/Eguafo/Abirem Municipal District, Central Region, Ghana, completed, 20 students",city
PHL,13.4981175,120.897819,recipient,0,"Edoovillage #2718 - Philippines, Barangay Aninuan, Puerto Ga","Aninuan, Puerto Galera, Oriental Mindoro, Mimaropa, Philippines, open, 40 students",city
DEU,48.1371079,11.5753822,recipient,38,"Edoovillage #2719 - Germany, München: Schulprojekt Berufssch","München, Bayern, Deutschland, completed, 30 students",city
COD,-4.7217057,24.6620708,recipient,26,"Edoovillage #2720 - Congo (Kinshasa), Tshumbe: Secondary and","Tshumbe, Sankuru, République démocratique du Congo, open, 250 students",city
PRT,37.1375808,-8.5368426,recipient,10,"Edoovillage #2721 - Portugal, Portimao: Crianças digitais","Portimão, Faro, Portugal, open, 1000 students",city
ZAF,-26.0583333,28.1761111,recipient,2,"Edoovillage #2722 - South Africa, Chloorkop: Chloorkop Prima","Chloorkop, Ekurhuleni Ward 12, City of Ekurhuleni Metropolitan Municipality, Gauteng, 1621, South Africa, completed, 1661 students",city
BIH,43.6670978,18.8962828,recipient,10,"Edoovillage #2723 - Bosnia and Herzegovina, Brekovi: Grundsc","Brekovi, MZ Berič, Grad Goražde, Bosansko-podrinjski kanton Goražde, Federacija Bosne i Hercegovine, Bosna i Hercegovina / Босна и Херцеговина, completed, 21 students",city
ESP,36.7244928,-3.5220812,recipient,3,"Edoovillage #2725 - Spain, El Varadero-Motril: ASOCIACION CO","El Varadero, Motril, Comarca de la Costa Granadina, Granada, Andalucía, 18613, España, open, 8 students",city
USA,34.0854739,-117.9611761,recipient,13,"Edoovillage #2724 - United States, Baldwin Park: Care-Missio","Baldwin Park, Los Angeles County, California, 91706, United States, open, 0 students",city
MEX,20.3435087,-97.0875406,recipient,7,"Edoovillage #2726 - Mexico, La Gloria: Children with Faith C","La Gloria, Tecolutla, Veracruz, México, open, 6 students",city
PER,-13.1146275,-74.7569501,recipient,3,"Edoovillage #2727 - Peru, Lircay: Universidad para el Desarr","Lircay, Angaraes, Huancavelica, Perú, open, 600 students",city
CMR,3.7158818,11.6432106,recipient,9,"Edoovillage #2728 - Cameroon, Mfou: Association Digital for ","Mfou, Méfou-et-Afamba, Centre, Cameroun, open, 200 students",city
ZMB,-13.2634804,28.4043114,recipient,30,"Edoovillage #2729 - Zambia, Masaiti: Nkambo Secondary School","Masaiti, Masaiti District, Copperbelt Province, Zambia, open, 855 students",city
ZMB,-12.9693056,28.6365894,recipient,28,"Edoovillage #2730 - Zambia, Ndola: Mushili Boarding Secondar","Ndola, Ndola District, Copperbelt Province, Zambia, completed, 270 students",city
ZMB,-12.9693056,28.6365894,recipient,30,"Edoovillage #2731 - Zambia, Ndola: Masaiti Primary School","Ndola, Ndola District, Copperbelt Province, Zambia, open, 914 students",city
UGA,0.7998017,30.1449517,recipient,3,"Edoovillage #2732 - Uganda, Karugutu Town Council: The Care ","Karugutu SACCO, Karogoto Ntandi, Ntandi Trading Center, Ntandi, Kasitu, Bundibugyo, Western Region, Uganda, open, 30 students",city
UGA,1.5333554,32.2166578,recipient,15,"Edoovillage #2733 - Uganda, Bubutu Subcounty, Namisindwa Dis","Uganda, open, 350 students",city
UGA,1.5333554,32.2166578,recipient,5,"Edoovillage #2734 - Uganda, Kasese Municipal Council: Rwenzo","Uganda, completed, 500 students",city
LBN,33.8477069,35.9024955,recipient,10,"Edoovillage #2735 - Lebanon, Zahle: Deutsch-Sprachkurse für ","زحلة, قضاء زحلة, محافظة البقاع, 1801, لبنان, completed, 20 students",city
LBN,33.9105688,35.6212842,recipient,10,"Edoovillage #2736 - Lebanon, Rabweh: Annas Linnas Associatio","هارت بيت الربوه, شارع 4, قرنة شهوان, قضاء المتن, محافظة جبل لبنان, 2426, لبنان, completed, 20 students",city
COL,10.4950081,-75.1244823,recipient,1,"Edoovillage #2737 - Colombia, Repelon:  MAMALINA.","Repelón, Atlántico, RAP Caribe, Colombia, open, 30 students",city
CMR,10.6033083,14.3281625,recipient,25,"Edoovillage #2738 - Cameroon, Maroua: MUANYANG ASSOCIATION","Maroua, Maroua II, Communauté urbaine de Maroua, Diamaré, Extrême-Nord, Cameroun, completed, 134 students",city
IND,25.3356491,83.0076292,recipient,19,"Edoovillage #2739 - India, Varanasi: Varanasi Ashram School ","Varanasi, Sadar, Varanasi, Uttar Pradesh, 221001, India, open, 105 students",city
KEN,-1.2779366,35.4774228,recipient,1,"Edoovillage #2740 - Kenya, Narok: Olchoro Lemayian","Narok, Kenya, open, 25 students",city
UGA,0.1678506,30.0773582,recipient,0,"Edoovillage #2741 - Uganda, Kirembe: Worth A Haven Primary S","Kirembe, Kilembe Quarters, Kasese, Western Region, Uganda, open, 400 students",city
UGA,1.8146924,32.0140148,recipient,29,"Edoovillage #2742 - Uganda, Kigumba - Kiryandongo: Masindipo","PETRO uganda, Gulu - Kampala Road, Kigumba, Kiryandongo, Western Region, Uganda, open, 712 students",city
GHA,8.0300284,-1.0800271,recipient,30,"Edoovillage #2743 - Ghana, Adukrom- Akuapem: NIFA D-A PRIMAR","Ghana, completed, 414 students",city
NPL,28.3780464,83.9999901,recipient,4,"Edoovillage #2744 - Nepal, Khumbupasang Lhamu: Bubsa Basic S","नेपाल, open, 120 students",city
NPL,28.3780464,83.9999901,recipient,5,"Edoovillage #2745 - Nepal, Khumbupasang Lhamu: Naulekh Basic","नेपाल, open, 23 students",city
DEU,50.0347055,8.9593719,recipient,48,"Edoovillage #2746 - Germany, Seligenstadt: Caritas Verband O","Seligenstadt, Landkreis Offenbach, Hessen, 63500, Deutschland, completed, 250 students",city
MNG,47.9184676,106.9177016,recipient,5,"Edoovillage #2747 - Mongolia, Ulaanbaatar : MZH of the Mongo","Улаанбаатар ᠤᠯᠠᠭᠠᠨ ᠪᠠᠭᠠᠲᠤᠷ, Монгол улс ᠮᠤᠩᠭᠤᠯ ᠤᠯᠤᠰ, open, 20 students",city
NGA,6.4550575,3.3941795,recipient,3,"Edoovillage #2748 - Nigeria, Lagos: Mary O Foundation","Lagos, Lagos Island, Lagos, 100242, Nigeria, open, 100 students",city
GHA,5.5571096,-0.2012376,recipient,2,"Edoovillage #2749 - Ghana, Accra: Starlight Foundation","Accra, Korle-Klottey Municipal District, Greater Accra Region, Ghana, open, 15 students",city
TZA,-3.3696827,36.6880794,recipient,5,"Edoovillage #2750 - Tanzania, Arusha: FIRM BEGINNINGS FOUNDA","Arusha, Arusha Municipal, Arusha, Northern Zone, 23103, Tanzania, open, 100 students",city
VEN,10.5060934,-66.9146008,recipient,0,"Edoovillage #2751 - Venezuela, Caracas: Engidea  EngiInnova,","Caracas, Parroquia Catedral, Municipio Libertador, Distrito Metropolitano de Caracas, Distrito Capital, Venezuela, open, 40 students",city
KEN,-1.302398,36.8288509,recipient,0,"Edoovillage #2752 - Kenya, Nairobi: Acakoro Football Academy","Nairobi, Zimmerman, Soko ya Mawe, Nairobi, Kenya, open, 62 students",city
KEN,1.4419683,38.4313975,recipient,25,"Edoovillage #2753 - Kenya, Kiswaro Village: Kiswaro Primary ","Kenya, completed, 94 students",city
ZAF,-26.205,28.049722,recipient,16,"Edoovillage #2754 - South Africa, Johannesburg: BMW_ZAHubCar","Johannesburg, City of Johannesburg Metropolitan Municipality, Gauteng, 2001, South Africa, open, 100 students",city
DEU,52.5269433,11.3927377,recipient,15,"Edoovillage #2755 - Germany, Gardelegen: Kinderzentrum Hellb","Gardelegen, Altmarkkreis Salzwedel, Sachsen-Anhalt, Deutschland, completed, 69 students",city
GHA,4.927456,-1.7490216,recipient,24,"Edoovillage #2756 - Ghana, Sekondi-Takoradi: Father Home Car","Sekondi-Takoradi, Sekondi Takoradi Metropolitan District, Western Region, Ghana, completed, 50 students",city
GHA,4.927456,-1.7490216,recipient,34,"Edoovillage #2757 - Ghana, Sekondi-Takoradi: MPINTSIN AME ZI","Sekondi-Takoradi, Sekondi Takoradi Metropolitan District, Western Region, Ghana, completed, 855 students",city
KEN,-0.0604013,34.200135,recipient,32,"Edoovillage #2758 - Kenya, Siaya: New Covent School and Chil","Siaya, Kenya, completed, 300 students",city
BDI,-3.2751181,29.6307855,recipient,35,"Edoovillage #2759 - Burundi, Muramvya: Lycée MURAMVYA","Muramvya, Burundi, completed, 794 students",city
TGO,8.9874176,1.1357852,recipient,13,"Edoovillage #2760 - Togo, Sokodé: Ausbildungszentrum Verein ","Sokodé, Tchaoudjo, Région Centrale, Togo, completed, 40 students",city
KEN,-0.1029109,34.7541761,recipient,29,"Edoovillage #2761 - Kenya, Kisumu: Sinaga Girls Secondary Sc","Kisumu, City of Kisumu, Kisumu, Kenya, completed, 1500 students",city
UGA,1.807993,31.7075949,recipient,5,"Edoovillage #2762 - Uganda, Kihaguzi: St. Jude School in rur","Kihaguzi, Masindi, Western Region, Uganda, open, 260 students",city
ESP,41.3825802,2.177073,recipient,0,"Edoovillage #2763 - Spain, Barcelona: Fundacio Privada Avism","Barcelona, Barcelonès, Barcelona, Catalunya, España, open, 10 students",city
GMB,13.3813439,-16.751729,recipient,0,"Edoovillage #2764 - Gambia, Brufut: ITT Gambia","Brufut, Kombo North, Brikama, West Coast, Gambia, open, 301 students",city
GMB,13.2043725,-16.4823791,recipient,0,"Edoovillage #2765 - Gambia, Faraba Sutu: Escuela Alieu Jawo ","Faraba Sutu, Kombo East, Brikama, West Coast, Gambia, open, 121 students",city
UGA,-0.483142,31.8318895,recipient,13,"Edoovillage #2766 - Uganda, Masaka: St. Hellen's School | Aw","Masaka, Central Region, Uganda, open, 60 students",city
BIH,44.533341,16.7761951,recipient,15,"Edoovillage #2767 - Bosnia and Herzegovina, Ključ: JU Osnovn","Ključ, Općina Ključ, Unsko-sanski kanton, Federacija Bosne i Hercegovine, 79280, Bosna i Hercegovina / Босна и Херцеговина, completed, 317 students",city
UGA,-0.4180848,30.5737374,recipient,16,"Edoovillage #2768 - Uganda, Mbarara: Foundation for Youth Em","Mbarara, Western Region, Uganda, completed, 40 students",city
ESP,41.3463825,1.6995213,recipient,3,"Edoovillage #2769 - Spain, Vilafranca del Penedès: Actua  SC","Vilafranca del Penedès, Alt Penedès, Barcelona, Catalunya, 08720, España, open, 84 students",city
UGA,0.1310412,30.0047968,recipient,0,"Edoovillage #2770 - Uganda, Kasese: Kasese Platform Advocacy","Kasese, Western Region, Uganda, completed, 30 students",city
MHL,7.0909924,171.3816354,recipient,0,"Edoovillage #2771 - Marshall Islands, Majuro: Majuro Coopera","Mājro, Ratak, Ṃajeḷ, open, 364 students",city
TZA,-2.5196915,32.9014417,recipient,6,"Edoovillage #2772 - Tanzania, Mwanza: Bring Hope For Childre","Mwanza, Nyamagana, Mwanza, Lake Zone, 33214, Tanzania, open, 85 students",city
KEN,-1.036648,37.077523,recipient,3,"Edoovillage #2773 - Kenya, Thika: munyu Verein Hilfe zur Sel","Thika, Thika Township ward, Thika Town, Kiambu, 01000, Kenya, completed, 768 students",city
UGA,1.5333554,32.2166578,recipient,1,"Edoovillage #2774 - Uganda, Kyanzababira: Community Bridge f","Uganda, open, 15 students",city
UGA,-0.7876931,30.0490887,recipient,1,"Edoovillage #2775 - Uganda, Kyondo: Governor network of Wome","Kyondo, Rukungiri, Western Region, Uganda, open, 6 students",city
UGA,1.5333554,32.2166578,recipient,3,"Edoovillage #2776 - Uganda, Kayumba: MAID MAMA INITIATIVE FO","Uganda, open, 20 students",city
DEU,54.51851,9.5653284,recipient,10,"Edoovillage #2777 - Germany, Schleswig: ZikZak PC-Training","Schleswig, Kreis Schleswig-Flensburg, Schleswig-Holstein, 24837, Deutschland, completed, 10 students",city
GHA,5.5571096,-0.2012376,recipient,19,"Edoovillage #2778 - Ghana, Accra: - course for youth and  ad","Accra, Korle-Klottey Municipal District, Greater Accra Region, Ghana, open, 30 students",city
MNG,48.9521438,103.3965591,recipient,18,"Edoovillage #2779 - Mongolia, Bulgan: Teshig high school in ","Булган ᠪᠤᠯᠠᠭᠠᠨ, Монгол улс ᠮᠤᠩᠭᠤᠯ ᠤᠯᠤᠰ, completed, 629 students",city
CMR,5.9614117,10.1516505,recipient,6,"Edoovillage #2780 - Cameroon, Bamenda: Pathfinders STEM Hub ","Communauté urbaine de Bamenda, Mezam, Northwest, Cameroun, open, 300 students",city
GIN,1.8610257,9.7875778,recipient,4,"Edoovillage #2781 - Guinea, Bata: Centro privado católico 'M","Entrada Nene Armengol - Ngoló - Bata - Guinea ecuatorial, Carretera de Circunvalación de Bata, Bata, Litoral, Región Continental, Guinea Ecuatorial, open, 151 students",city
CMR,4.1567895,9.2315915,recipient,24,"Edoovillage #2782 - Cameroon, Buea: Baptist High School | CO","Buea, Fako, Southwest, Cameroun, open, 750 students",city
UGA,3.0346584,32.3802374,recipient,2,"Edoovillage #2783 - Uganda, Gulu: AFRO-LAB","Gulu, Northern Region, Uganda, completed, 4 students",city
CMR,4.6125522,13.1535811,recipient,0,"Edoovillage #2784 - Cameroon, Poblado Bakou: Ordenadores par","Cameroun, open, 32 students",city
UGA,1.0746869,34.1843464,recipient,0,"Edoovillage #2785 - Uganda, Nkokonjeru: Uganda Nkokonjeru St","Nkokonjeru, Mbale City, Bugisa sub-region, Eastern Region, Uganda, open, 656 students",city
UGA,1.0746869,34.1843464,recipient,0,"Edoovillage #2786 - Uganda, Nkokonjeru: medical school","Nkokonjeru, Mbale City, Bugisa sub-region, Eastern Region, Uganda, open, 10 students",city
UGA,-0.7144701,31.6222137,recipient,11,"Edoovillage #2787 - Uganda, Kyotera: Bigada Catholic Parish ","Kyotera, Central Region, Uganda, completed, 0 students",city
NGA,5.2255299,5.8097295,recipient,30,"Edoovillage #2788 - Nigeria, Bomadi:  JAMB EXAMINATION CENTE","Bomadi, Delta, Nigeria, completed, 500 students",city
NGA,9.6000359,7.9999721,recipient,25,"Edoovillage #2789 - Nigeria, Amurie Omanze: St Teresa ́s Cat","Nigeria, completed, 300 students",city
CMR,4.0429389,9.7062018,recipient,0,"Edoovillage #2790 - Cameroon, Douala: ETS PURE NATURE","Douala, Douala II, Communauté urbaine de Douala, Wouri, Littoral, Cameroun, open, 120 students",city
BRA,-5.805398,-35.2080905,recipient,0,"Edoovillage #2791 - Brazil, Natal: Centro Educativo Dom Bosc","Natal, Rio Grande do Norte, Região Nordeste, Brasil, open, 1100 students",city
COD,-2.3394767,28.8034478,recipient,30,"Edoovillage #2792 - Congo (Kinshasa), Kashusha: Ecole Primai","Kashusha, Kabare, Sud-Kivu, République démocratique du Congo, completed, 200 students",city
UGA,0.5432503,33.8401017,recipient,14,"Edoovillage #2793 - Uganda, Iganga district: Iganga Superior","Orphans of Uganda Childrens' Centre, Jinja - Tororo Road, Nkusi A, Bugiri, Eastern Region, Uganda, open, 428 students",city
BIH,44.5344136,18.5325309,recipient,30,"Edoovillage #2794 - Bosnia and Herzegovina, Lukavac: Public ","Lukavac, Grad Lukavac, Tuzlanski kanton, Federacija Bosne i Hercegovine, 75300, Bosna i Hercegovina / Босна и Херцеговина, open, 267 students",city
GHA,8.0300284,-1.0800271,recipient,27,"Edoovillage #2795 - Ghana, Amoafo: Amoafo Junior High School","Ghana, completed, 40 students",city
CMR,4.0429389,9.7062018,recipient,43,"Edoovillage #2796 - Cameroon, Douala: Groupe Scolaire Biling","Douala, Douala II, Communauté urbaine de Douala, Wouri, Littoral, Cameroun, completed, 649 students",city
PHL,12.5161482,124.7526387,recipient,16,"Edoovillage #2797 - Philippines, Mondragon: Mirador Elementa","Mondragon, Northern Samar, Eastern Visayas, 6417, Philippines, open, 192 students",city
UGA,0.6561907,30.2779432,recipient,7,"Edoovillage #2798 - Uganda, Fort Portal, Kabarole: KUKURA Ug","Fort Portal City, Western Region, Uganda, open, 192 students",city
UGA,0.5751567,33.2805299,recipient,0,"Edoovillage #2799 - Uganda, Jinja: NURSE THE CHILDREN UGANDA","Jinja, Eastern Region, Uganda, open, 300 students",city
TZA,-2.5196915,32.9014417,recipient,6,"Edoovillage #2800 - Tanzania, Mwanza: Michaeles Teachers Cam","Mwanza, Nyamagana, Mwanza, Lake Zone, 33214, Tanzania, open, 280 students",city
AGO,-11.8775768,17.5691241,recipient,15,"Edoovillage #2801 - Angola, EMDE: Complexo Escola Candel (SU","Angola, open, 540 students",city
ZAF,-23.4735288,29.3959199,recipient,5,"Edoovillage #2802 - South Africa,  Limpopo, :  Formació digi","Limpopo, South Africa, open, 600 students",city
TZA,-3.3696827,36.6880794,recipient,20,"Edoovillage #2803 - Tanzania, Arusha: BUILDERS OF FUTURE AFR","Arusha, Arusha Municipal, Arusha, Northern Zone, 23103, Tanzania, completed, 168 students",city
UGA,0.1891272,30.0898006,recipient,3,"Edoovillage #2804 - Uganda, Kasese Municipality: Kasese Youn","Uganda Martyr's Nyakasanga Primary School, A5, Nyakasanga Lower, Kasese, Western Region, Uganda, open, 35 students",city
CMR,4.09011,9.3169578,recipient,35,"Edoovillage #2805 - Cameroon, Mutengene: Havard Bilingual Co","Mutengene, Tiko, Fako, Southwest, Cameroun, open, 987 students",city
IND,22.3511148,78.6677428,recipient,0,"Edoovillage #2806 - India, Bharog Baneri: Project RISHI (Rur","India, open, 177 students",city
DEU,50.1106444,8.6820917,recipient,10,"Edoovillage #2807 - Germany, Frankfurt Main: International F","Frankfurt am Main, Hessen, Deutschland, completed, 100 students",city
DEU,49.872775,8.651177,recipient,18,"Edoovillage #2808 - Germany, Darmstadt: Januam gemeinnützige","Darmstadt, Hessen, Deutschland, completed, 52 students",city
TZA,-3.3696827,36.6880794,recipient,0,"Edoovillage #2809 - Tanzania, Arusha: Future of Tanzania by ","Arusha, Arusha Municipal, Arusha, Northern Zone, 23103, Tanzania, open, 30 students",city
IRQ,36.4000298,44.3367682,recipient,12,"Edoovillage #2810 - Iraq, Shaqlawa: Schulen in der kurdische","شەقڵاوە, ناحیەی ناوەندەکەی قەزای شەقڵاوە, قەزای شەقڵاوە, پارێزگای ھەولێر, هەرێمی کوردستان, 44005, العراق, completed, 400 students",city
VNM,15.491617,108.2986111,recipient,13,"Edoovillage #2811 - Vietnam, Tien Phuoc: Laptops for teacher","Huyện Tiên Phước, 52606, Việt Nam, open, 10 students",city
AFG,31.0,64.0,recipient,0,"Edoovillage #2812 - Afghanistan, Helmand: Arakozia Universit","هلمند ولايت, افغانستان, open, 700 students",city
TZA,-6.5767859,39.1304557,recipient,10,"Edoovillage #2813 - Tanzania, Mbweni: Juhudi School | Blessm","Mbweni, Dar es Salaam, Coastal Zone, Tanzania, open, 100 students",city
BGR,42.6977028,23.3217359,recipient,14,"Edoovillage #2814 - Bulgaria, Sofia: Universität für Forstwi","София, Средец, Столична, София-град, България, completed, 100 students",city
CRI,9.9437993,-84.0173764,recipient,8,"Edoovillage #2815 - Costa Rica,  San Rafael Montes de Oca : ","San Rafael, Montes de Oca, Área Metropolitana de San José, San José, 11504, Costa Rica, open, 50 students",city
AFG,31.5830558,64.3601386,recipient,1,"Edoovillage #2816 - Afghanistan, Lashkar Gah: Omari Institut","لښکرګاه, لښکرگاه ولسوالۍ, هلمند ولايت, 3901, افغانستان, completed, 600 students",city
KEN,3.706286,34.873489,recipient,13,"Edoovillage #2817 - Kenya, Kakuma: Bidii Yetu Solidarity","Kakuma Town, Turkana, Kenya, completed, 18 students",city
UGA,0.6097408,33.531386,recipient,16,"Edoovillage #2818 - Uganda, Nyenga: Kiira Nyenga Innovation ","Nyenga, Iganga, Eastern Region, Uganda, open, 85 students",city
DEU,53.5501721,10.0013165,recipient,14,"Edoovillage #2819 - Germany, Hamburg: Social Impact Lab, Pas","Hamburg, Deutschland, completed, 40 students",city
KEN,-1.302398,36.8288509,recipient,0,"Edoovillage #2820 - Kenya, Nairobi: Nivishe Community based ","Nairobi, Zimmerman, Soko ya Mawe, Nairobi, Kenya, open, 30 students",city
CMR,4.2294051,10.6212017,recipient,0,"Edoovillage #2821 - Cameroon, Ngambe: Lycee de Ngambe | INEA","Ngambe, Ngambé, Sanaga-Maritime, Littoral, Cameroun, open, 230 students",city
CMR,4.2294051,10.6212017,recipient,20,"Edoovillage #2822 - Cameroon, Ngambe: Lycee Technique Ngambe","Ngambe, Ngambé, Sanaga-Maritime, Littoral, Cameroun, completed, 54 students",city
SRB,42.3264025,21.65013,recipient,64,"Edoovillage #2823 - Serbia, Rahovice: Shkolla Fillore Selami","Ораовичка река, Ораовица, Општина Прешево, Пчињски управни округ, Централна Србија, 17523, Србија, completed, 287 students",city
SRB,42.3095217,21.6490102,recipient,44,"Edoovillage #2824 - Serbia, Presevo: Schule Presevo Ibrahim ","Прешево, Општина Прешево, Пчињски управни округ, Централна Србија, 17523, Србија, completed, 1400 students",city
CHE,47.6965281,8.4578613,recipient,27,"Edoovillage #2825 - Switzerland, Hallau: Tandemschule Hallau","Hallau, Bezirk Unterklettgau, Schaffhausen, 8215, Schweiz/Suisse/Svizzera/Svizra, completed, 36 students",city
PAK,30.3308401,71.247499,recipient,21,"Edoovillage #2826 - Pakistan, Maira Akku: SAYA SCHOOL MAIRA ","پاکستان, completed, 940 students",city
GTM,14.5567814,-90.7337346,recipient,3,"Edoovillage #2827 - Guatemala, Antigua: Escuela Los Patojos","Antigua Guatemala, Sacatepéquez, Guatemala, open, 111 students",city
VEN,8.0018709,-66.1109318,recipient,0,"Edoovillage #2828 - Venezuela, La Granja Naguanagua Edo: Fun","Venezuela, open, 20 students",city
UGA,0.2862664,32.4642239,recipient,3,"Edoovillage #2829 - Uganda, Namagoma A village: Namagoma UME","Namagoma A, Wakiso, Central Region, Uganda, open, 746 students",city
GHA,6.3025221,-0.7252218,recipient,22,"Edoovillage #2830 - Ghana, Abomosu: Abomosu Presby Primary S","Abomosu, Atiwa West District, Eastern Region, Ghana, open, 640 students",city
TUR,37.4832,41.402512,recipient,10,"Edoovillage #2831 - Turkey, Saleh Midyat: Klosterschule St. ","Barıştepe, Midyat, Mardin, Güneydoğu Anadolu Bölgesi, Türkiye, completed, 15 students",city
UGA,1.2059628,34.0183114,recipient,4,"Edoovillage #2228 - Uganda, Tekwana Village: Shalom Resurrec","Tekwana, Butebo, Eastern Region, Uganda, completed, 250 students",city
MNG,47.9184676,106.9177016,recipient,0,"Edoovillage #2229 - Mongolia, Ulaanbaatar: 10 Handys für das","Улаанбаатар ᠤᠯᠠᠭᠠᠨ ᠪᠠᠭᠠᠲᠤᠷ, Монгол улс ᠮᠤᠩᠭᠤᠯ ᠤᠯᠤᠰ, open, 35 students",city
KEN,0.048529,35.7240316,recipient,0,"Edoovillage #2203 - Kenya, Muserechi Ward: Kiplombe Communit","Kenya Women Finance Trust Offices, Eldama Ravine-Eldoret Road, Eldama Ravine, Baringo, Kenya, open, 20 students",city
KEN,-1.302398,36.8288509,recipient,26,"Edoovillage #2230 - Kenya, Nairobi: Wajukuu Maker Space Proj","Nairobi, Zimmerman, Soko ya Mawe, Nairobi, Kenya, completed, 26 students",city
NPL,28.3780464,83.9999901,recipient,0,"Edoovillage #2231 - Nepal, Mahamanjushree Nagarkot: Asha for","नेपाल, open, 110 students",city
IDN,-8.3577073,116.081162,recipient,3,"Edoovillage #2232 - Indonesia, Gili Air: SDN 1 Gili Indah ST","Gili Air, Lombok Utara, Nusa Tenggara Barat, Nusa Tenggara, Indonesia, completed, 0 students",city
COL,6.2697324,-75.6025597,recipient,0,"Edoovillage #2233 - Colombia, Medellín: Divergente Fundación","Medellín, Valle de Aburrá, Antioquia, RAP del Agua y la Montaña, 0500, Colombia, open, 100 students",city
UGA,0.9624933,31.2903789,recipient,10,"Edoovillage #2832 - Uganda, Kakumiro: St. Mary’s Nursery and","Kakumiro, Western Region, Uganda, completed, 303 students",city
UGA,1.9478196,32.1360313,recipient,33,"Edoovillage #2833 - Uganda, Bweyale Kiryandongo: Licht für v","Bweyale, Kiryandongo, Western Region, Uganda, completed, 251 students",city
UGA,1.5333554,32.2166578,recipient,10,"Edoovillage #2834 - Uganda, Bugangaizi South: Bukuumi Boys P","Uganda, completed, 378 students",city
UGA,0.9624933,31.2903789,recipient,10,"Edoovillage #2835 - Uganda, Kakumiro: St. Anthony of Padua N","Kakumiro, Western Region, Uganda, completed, 289 students",city
MAR,30.6943155,-6.4489453,recipient,2,"Edoovillage #2836 - Morocco, Agdz: Association Esfalen pour ","Agdz ⴰⴳⴷⵣ أكدز, Pachalik d'Agdz, Province de Zagora ⵍⵉⵇⵍⵉⵎ ⵏ ⵣⴰⴳⵓⵔⴰ إقليم زاكورة, Drâa-Tafilalet ⴷⴰⵔⵄⴰ-ⵜⴰⴼⵉⵍⴰⵍⵜ درعة تافيلالت, 47050, Maroc ⵍⵎⵖⵔⵉⴱ المغرب, completed, 150 students",city
ETH,5.6505459,37.3660534,recipient,0,"Edoovillage #2837 - Ethiopia, Gidole:  Berhan Learning Cente","Gidole, Segen Peoples', ደቡብ ኢትዮጵያ ክልላዊ መንግስት South Ethiopia Regional State ولاية جنوب إثيوبيا الإقليمية, ኢትዮጵያ, completed, 350 students",city
MAR,31.170753,-6.810446,recipient,12,"Edoovillage #2838 - Morocco, Ghassate: Lycée collégial sidi ","Ghassate غسات, caïdat de Ghassate, cercle d'Ouarzazate, Province d'Ouarzazate ⵜⴰⵙⴳⴰ ⵏ ⵡⴰⵔⵣⴰⵣⴰⵜ إقليم ورززات, Drâa-Tafilalet ⴷⴰⵔⵄⴰ-ⵜⴰⴼⵉⵍⴰⵍⵜ درعة تافيلالت, Maroc ⵍⵎⵖⵔⵉⴱ المغرب, open, 408 students",city
UGA,0.0591588,32.3473334,recipient,20,"Edoovillage #2839 - Uganda, Seeta: Fenna tujjune","Seeta, Bussi, Entebbe City, Central Region, Uganda, completed, 63 students",city
UGA,0.5258972,31.7839107,recipient,0,"Edoovillage #2840 - Uganda, Jjemba: Kassanda Seed Junior Sch","Jjemba West, Kassanda, Central Region, Uganda, completed, 250 students",city
GMB,13.470062,-15.4900464,recipient,49,"Edoovillage #985 - Gambia, Basse Sant Su, Upper River Region","Gambia, completed, 457 students",city
MOZ,-25.966213,32.56745,recipient,34,"Edoovillage #2841 - Mozambique, Maputo: Pädagogischen Univer","Cidade de Maputo, Zona Sul, Moçambique, open, 31700 students",city
NAM,-24.8581816,18.808848,recipient,0,"Edoovillage #2842 - Namibia, Gochas: Foundawtion Namibia","Gochas, Hardap Region, Namibia, open, 60 students",city
TZA,-3.3696827,36.6880794,recipient,4,"Edoovillage #2843 - Tanzania, Arusha: Keep her in school pro","Arusha, Arusha Municipal, Arusha, Northern Zone, 23103, Tanzania, completed, 20 students",city
TZA,-4.726861,38.0152059,recipient,8,"Edoovillage #2844 - Tanzania, Pangani: Franciscan Girls Seco","Pangani, Northern Zone, Tanzania, completed, 281 students",city
IND,22.6926815,88.6625795,recipient,15,"Edoovillage #2845 - India, Parganas: Sister Nivedita Educati","North 24 Parganas, West Bengal, India, completed, 85 students",city
IND,22.3511148,78.6677428,recipient,5,"Edoovillage #2846 - India, Panchetgarh: Be and Make - Panche","India, completed, 70 students",city
ECU,0.0849616,-78.3520675,recipient,0,"Edoovillage #2847 - Ecuador, La Rinconada: Cielo Azul","La Rinconada, Puellaro, Quito, Pichincha, 171010, Ecuador, completed, 227 students",city
COD,-1.6665685,29.225652,recipient,0,"Edoovillage #2848 - Congo (Kinshasa), Goma: KING'S INTERNATI","Goma, Nord-Kivu, République démocratique du Congo, open, 300 students",city
DEU,53.5501721,10.0013165,recipient,20,"Edoovillage #2849 - Germany, Hamburg: Ausbildungsförderung f","Hamburg, Deutschland, completed, 23 students",city
TZA,-3.3696827,36.6880794,recipient,2,"Edoovillage #2850 - Tanzania, Arusha: IMARIKA","Arusha, Arusha Municipal, Arusha, Northern Zone, 23103, Tanzania, completed, 20 students",city
IDN,-0.8893305,131.2928474,recipient,0,"Edoovillage #2851 - Indonesia, Sorong City: Ecoducation Atap","Sorong City Terrace, Kota Sorong, Sorong, Papua Barat Daya, Irian Barat, Indonesia, open, 24 students",city
BOL,-17.4012458,-66.1675681,recipient,14,"Edoovillage #2852 - Bolivia, Cochabamba: Stiftung Emanuel - ","Cochabamba, Juan De La Rosa, Molle, Cochabamba, Cercado, Cochabamba, Bolivia, open, 48 students",city
KEN,-1.302398,36.8288509,recipient,2,"Edoovillage #2853 - Kenya, Nairobi: Cresnet Tusome Early Yea","Nairobi, Zimmerman, Soko ya Mawe, Nairobi, Kenya, completed, 100 students",city
KEN,-1.302398,36.8288509,recipient,1,"Edoovillage #2854 - Kenya, Nairobi: Diligent steps school","Nairobi, Zimmerman, Soko ya Mawe, Nairobi, Kenya, completed, 150 students",city
ESP,37.5811178,-4.6414726,recipient,59,"Edoovillage #2855 - Spain, Montilla: Colegio La Asunción","Montilla, Córdoba, Andalucía, 14550, España, open, 240 students",city
TGO,8.6612897,1.0168191,recipient,30,"Edoovillage #2856 - Togo, Adjengré: CPC St Antoine de Padoue","Adjengré, Sotouboua, Région Centrale, Togo, completed, 252 students",city
TZA,-3.3696827,36.6880794,recipient,6,"Edoovillage #2857 - Tanzania, Arusha: ERIPOTO for girls and ","Arusha, Arusha Municipal, Arusha, Northern Zone, 23103, Tanzania, completed, 35 students",city
CMR,4.6125522,13.1535811,recipient,4,"Edoovillage #2858 - Cameroon, Douala-Cameroun:  Bepanda Mult","Cameroun, completed, 41 students",city
MWI,-13.9875107,33.768144,recipient,10,"Edoovillage #2860 - Malawi, Lilongwe: Zikomo Foundation","Lilongwe, Central Region, Malawi, open, 120 students",city
SSD,4.8459246,31.5959173,recipient,50,"Edoovillage #2861 - South Sudan, Juba: Salaam Bright Academy","Juba, Hai Buluk, Juba, Central Equatoria الاستوائية المركزية, South Sudan جنوب السودان, completed, 400 students",city
GHA,4.9538284,-1.7309381,recipient,26,"Edoovillage #2862 - Ghana, Ketan - Sekondi: Youth Foundation","Ketan Container Post Office, Ketan Road, Adiembra, Sekondi Takoradi Metropolitan District, Western Region, WS027, Ghana, completed, 200 students",city
TZA,-4.5566305,37.6853475,recipient,0,"Edoovillage #2863 - Tanzania, Ruvu Remit: Computerraum an de","Ruvu Remit, Simanjiro, Manyara, Northern Zone, Tanzania, open, 140 students",city
DEU,51.4272925,6.8829192,recipient,4,"Edoovillage #2864 - Germany, Mülheim an der Ruhr: Erich Käst","Mülheim an der Ruhr, Nordrhein-Westfalen, Deutschland, completed, 30 students",city
BEN,6.7249867,2.3791811,recipient,7,"Edoovillage #2865 - Benin, Sedje Denou: CULTURA DIGITAL EN S","Sédjé-Dénou, Zè, Atlantique, Bénin, open, 190 students",city
GHA,7.916847,-2.7156757,recipient,5,"Edoovillage #2866 - Ghana, Suma Ahenkro: Roman Catholic Scho","Suma-Ahenkro, Jaman North District, Bono Region, Ghana, open, 300 students",city
DEU,52.5269433,11.3927377,recipient,8,"Edoovillage #2859 - Germany, Gardelegen: Kindertagesstätte Z","Gardelegen, Altmarkkreis Salzwedel, Sachsen-Anhalt, Deutschland, completed, 53 students",city
ETH,10.3358665,37.7285604,recipient,0,"Edoovillage #2867 - Ethiopia, Debre Markos: Hostel for the b","ደብረ ማርቆስ Debre Markos ديبرى مرقص, Guzamn, East Gojjam, አማራ ክልል Amhara أمحرة, ኢትዮጵያ, open, 70 students",city
KEN,-4.4237673,39.5055576,recipient,15,"Edoovillage #2868 - Kenya, Gazi:  Waisenhaus Swalha |  World","Gazi, Gasi, Kinondo ward, Msambweni, Kwale, Kenya, completed, 60 students",city
KEN,-1.1296902,36.6845836,recipient,3,"Edoovillage #2869 - Kenya, Tigoni: Gramabe Academy Primary S","Tigoni, Ngecha Tigoni ward, Limuru, Kiambu, Kenya, completed, 250 students",city
KEN,-0.2802724,36.0712048,recipient,3,"Edoovillage #2870 - Kenya, Nakuru: Jacaranda Girls Children’","Nakuru, Nakuru West, Nakuru, 20100, Kenya, completed, 250 students",city
TCD,10.2816341,15.3713139,recipient,3,"Edoovillage #2871 - Chad, Bongor: CEDIAM Health Centre","Bongor, Mayo-Kebbi Est مايو كيبي الشرقية, Tchad تشاد, completed, 250 students",city
ESP,39.190758,-0.4357471,recipient,10,"Edoovillage #2872 - Spain, ALGEMESÍ: Col·legi d'Educació Inf","Algemesí, la Ribera Alta, València / Valencia, Comunitat Valenciana, 46680, España, completed, 150 students",city
UGA,0.1862333,30.0749716,recipient,10,"Edoovillage #2873 - Uganda, Kasanga: St. Charles vocational ","Kasanga, Kasese, Western Region, Uganda, open, 502 students",city
DEU,48.1371079,11.5753822,recipient,20,"Edoovillage #2874 - Germany, München: Initiative krebskranke","München, Bayern, Deutschland, completed, 160 students",city
ESP,39.190758,-0.4357471,recipient,1,"Edoovillage #2875 - Spain, Algemesí: Biblioteca Publica Muni","Algemesí, la Ribera Alta, València / Valencia, Comunitat Valenciana, 46680, España, completed, 100 students",city
ESP,39.4200749,-0.3891355,recipient,5,"Edoovillage #2876 - Spain, Alfafar: Colegio Vamar afectación","Alfafar, l'Horta Sud, València / Valencia, Comunitat Valenciana, 46910, España, completed, 400 students",city
COD,-4.3196982,15.3424196,recipient,26,"Edoovillage #2877 - Congo (Kinshasa), Kinshasa:  CFPROM-LAU ","Kinshasa, République démocratique du Congo, open, 860 students",city
GHA,8.0300284,-1.0800271,recipient,27,"Edoovillage #2878 - Ghana, Bonya Koforidua: King of Glory Sc","Ghana, completed, 450 students",city
MMR,22.9777159,93.3269565,recipient,13,"Edoovillage #2879 - Myanmar, Tlangpi: Chinlung City Library ","တလန်ပီး, ထန်တလန်မြို့နယ်, ဟားခါးခရိုင်, ချင်းပြည်နယ်, မြန်မာ, open, 50 students",city
DEU,48.1371079,11.5753822,recipient,10,"Edoovillage #2880 - Germany, München: GATE6 Messestadt Münch","München, Bayern, Deutschland, completed, 50 students",city
DEU,52.5173885,13.3951309,recipient,25,"Edoovillage #2881 - Germany, Berlin: AWO Refugium für besond","Berlin, Deutschland, completed, 100 students",city
UGA,0.1310412,30.0047968,recipient,3,"Edoovillage #2882 - Uganda, Kasese: Mihunga community litera","Kasese, Western Region, Uganda, open, 400 students",city
GHA,6.1887835,-0.3636951,recipient,30,"Edoovillage #2883 - Ghana, Kukurantumi: My Age My Help Inter","Kukurantumi, Abuakwa North Municipal District, Eastern Region, EE-1228-8634, Ghana, open, 756 students",city
TGO,7.5320603,1.1219479,recipient,27,"Edoovillage #2884 - Togo, Atakpamé: Groupe de jeunes nommé E","Atakpamé, Région des Plateaux, Togo, open, 560 students",city
DNK,55.6522136,12.292049,recipient,0,"Edoovillage #2885 - Denmark, Tastrup: Masanga Hospital Rehab","Taastrup, Høje-Taastrup Kommune, Region Hovedstaden, 2630, Danmark, open, 6 students",city
TZA,-8.3015336,35.2989116,recipient,0,"Edoovillage #2886 - Tanzania, Mafinga: Lutheran Vocational T","Mafinga, Mafinga Town, Iringa, Southern Highlands Zone, Tanzania, open, 100 students",city
TZA,-5.4947913,38.4073664,recipient,0,"Edoovillage #2887 - Tanzania, Handeni: Lunguruni Primary Sch","Handeni, Tanga, Northern Zone, 21813, Tanzania, open, 100 students",city
PHL,14.5008116,120.9915327,recipient,2,"Edoovillage #2888 - Philippines, Parañaque City: ACAP Action","Parañaque, Southern Manila District, Metro Manila, Philippines, open, 179 students",city
GIN,10.9020333,-13.0326711,recipient,4,"Edoovillage #2889 - Guinea, Télimélé: Berufsschule für Krank","Télimélé, Préfecture de Télimélé, Kindia, Guinée, completed, 50 students",city
KEN,-3.1507392,39.6750716,recipient,10,"Edoovillage #2890 - Kenya, Kilifi: Arloste Ganze Academy","Kilifi, Kenya, completed, 20 students",city
ZMB,-14.5189121,27.5589884,recipient,25,"Edoovillage #2891 - Zambia, Masaitit,  Cooperbelt: KAFULAFUT","Zambia, completed, 400 students",city
UGA,0.6957995,32.4030022,recipient,1,"Edoovillage #2892 - Uganda, Bulwadda: Bulwadda Church of Uga","Bulwadda, Nakaseke, Central Region, Uganda, open, 300 students",city
UGA,0.1273955,32.2527517,recipient,1,"Edoovillage #2893 - Uganda, Mpigi: Kasaka Primary School | S","Mpigi, Central Region, Uganda, open, 300 students",city
NGA,6.3330586,5.6221058,recipient,0,"Edoovillage #2894 - Nigeria, Benin: DOUBLE ENTRY - DO NOT US","Benin City, Oredo, Edo, 300241, Nigeria, open, 167 students",city
NGA,6.3330586,5.6221058,recipient,70,"Edoovillage #2895 - Nigeria,  Benin City Edo State: ENIS SCH","Benin City, Oredo, Edo, 300241, Nigeria, completed, 167 students",city
DEU,47.8557873,12.1272983,recipient,49,"Edoovillage #2896 - Germany, Rosenheim: Schiller-Bildungszen","Rosenheim, Bayern, Deutschland, completed, 60 students",city
DEU,50.1106444,8.6820917,recipient,5,"Edoovillage #2897 - Germany, Frankfurt Main: FeM Mädchen*hau","Frankfurt am Main, Hessen, Deutschland, completed, 40 students",city
SLE,8.4911081,-13.2353574,recipient,0,"Edoovillage #2898 - Sierra Leone, Free Town: Favour Children","Free Town City Council, 67, Wallace Johnson Street, GOVERNMENT WHARF, Tower Hill, Freetown, Western Area Urban, Western Area, Sierra Leone, open, 30 students",city
KHM,12.5433216,104.8144914,recipient,20,"Edoovillage #2899 - Cambodia, Svay Lor: Rumchek Appendix And","ព្រះរាជាណាចក្រ​កម្ពុជា, open, 90 students",city
GHA,8.0300284,-1.0800271,recipient,25,"Edoovillage #2900 - Ghana, Lake Bosomtwi: Methodist Primary ","Ghana, completed, 243 students",city
SLE,8.8872285,-12.044164,recipient,0,"Edoovillage #2901 - Sierra Leone, Makeni City: 10 Billion St","Makeni City Council, Station Road, Robani, Makeni, Bombali District, Northern Province, Sierra Leone, open, 30 students",city
TZA,-3.4548279,36.2368127,recipient,20,"Edoovillage #2902 - Tanzania, Monduli: Moringe Sokoine Secon","Monduli, Arusha, Northern Zone, Tanzania, open, 0 students",city
TZA,-3.3696827,36.6880794,recipient,4,"Edoovillage #2903 - Tanzania, Arusha: Drive Change Pre and P","Arusha, Arusha Municipal, Arusha, Northern Zone, 23103, Tanzania, completed, 250 students",city
CUB,23.0131338,-80.8328748,recipient,2,"Edoovillage #2904 - Cuba, Municipio Colombia: Participación ","Cuba, completed, 2 students",city
GHA,7.153187,0.477735,recipient,0,"Edoovillage #2905 - Ghana, hohoe: Godenu Escuela de Municipa","Hohoe, Hohoe Municipal District, Volta Region, Ghana, open, 246 students",city
COD,-2.9814344,23.8222636,recipient,2,"Edoovillage #2906 - Congo (Kinshasa), Ville d'Uvira: Youth S","République démocratique du Congo, open, 769 students",city
ESP,40.3643815,-3.5260695,recipient,77,"Edoovillage #2907 - Spain, Rivas: RIVAS-SAHEL Aulas 3.0 en c","Rivas, Rivas-Vaciamadrid, Comunidad de Madrid, 28522, España, open, 100 students",city
NPL,27.708317,85.3205817,recipient,4,"Edoovillage #2908 - Nepal, Kathmandu: Kiran Kinderhaus in Ne","काठमाडौँ महानगरपालिका, काठमाडौं जिल्ला, बागमती प्रदेश, नेपाल, open, 45 students",city
TZA,-6.5767859,39.1304557,recipient,4,"Edoovillage #2909 - Tanzania, Mbweni: Moja Foundation | Bles","Mbweni, Dar es Salaam, Coastal Zone, Tanzania, completed, 50 students",city
COD,-4.3196982,15.3424196,recipient,32,"Edoovillage #2910 - Congo (Kinshasa), Kinshasa: Universite T","Kinshasa, République démocratique du Congo, completed, 1300 students",city
NAM,-20.4609337,16.651205,recipient,11,"Edoovillage #2911 - Namibia, Otjiwarongo: Redemption Kinderg","Otjiwarongo, Otjozondjupa Region, 12001, Namibia, open, 200 students",city
KEN,0.496524,35.743139,recipient,11,"Edoovillage #2912 - Kenya, Kabarnet : BAMBA LAB","Kabarnet, Baringo Central, Baringo, 30400, Kenya, open, 90 students",city
CMR,5.158664,10.179748,recipient,29,"Edoovillage #2913 - Cameroon,  Bafang: Middle School Saint P","Bafang, Haut-Nkam, Ouest, Cameroun, completed, 1300 students",city
SEN,14.4750607,-14.4529612,recipient,0,"Edoovillage #2914 - Senegal, Mbackombel: Ecole privée Laïque","Sénégal, open, 50 students",city
COD,-2.0518682,28.5686692,recipient,3,"Edoovillage #2915 - Congo (Kinshasa), Kalehe: SOFADE Asbl","Kalehe, Sud-Kivu, République démocratique du Congo, open, 2500 students",city
CMR,4.6125522,13.1535811,recipient,10,"Edoovillage #2916 - Cameroon, Friango: Multipurpose Youth Co","Cameroun, open, 246 students",city
TGO,6.130419,1.215829,recipient,2,"Edoovillage #2917 - Togo, Lomé: Agopode","Lomé, Région Maritime, Togo, open, 20 students",city
CMR,4.9525115,9.9391669,recipient,0,"Edoovillage #2918 - Cameroon, Nkongsamba: STEM school for gi","Nkongsamba, Nkongsamba III, Communauté urbaine de Nkongsamba, Moungo, Littoral, Cameroun, open, 100 students",city
ESP,37.9752568,-1.0711116,recipient,0,"Edoovillage #2919 - Spain, Beniajan: FCTAsoc y PlanJovMur","Beniaján, Murcia, Área Metropolitana de Murcia, Región de Murcia, 30570, España, open, 100 students",city
GHA,6.5348624,0.4556055,recipient,6,"Edoovillage #2920 - Ghana, VOLTA REGION: God´s Divine Academ","Volta Region, Ghana, open, 400 students",city
BIH,43.9634432,17.8990217,recipient,14,"Edoovillage #2921 - Bosnia and Herzegovina, Fojnica: Srednja","Fojnica, Općina Fojnica, Srednjobosanski kanton / Županija Središnja Bosna, Federacija Bosne i Hercegovine, 71270, Bosna i Hercegovina / Босна и Херцеговина, open, 786 students",city
BFA,12.3681873,-1.5270944,recipient,0,"Edoovillage #2922 - Burkina Faso, Ouagadougou: Girls Educati","Ouagadougou, Kadiogo, Centre, Burkina Faso, open, 35 students",city
UGA,0.4454606,33.2139193,recipient,16,"Edoovillage #2923 - Uganda, Kamuli Municipality: Kamuli Inno","Uganda Baptist Seminary Jinja, Kamuli Hill, Nizam, Nalufenya A, Rubaga, Jinja City, Eastern Region, Uganda, open, 70 students",city
CMR,7.3211536,13.5878214,recipient,2,"Edoovillage #2924 - Cameroon, Ngaoundéré: Grundschule / Wais","Ngaoundéré, Ngaoundéré II, Communauté urbaine de Ngaoundéré, Vina, Adamaoua, Cameroun, open, 200 students",city
NGA,7.3786064,3.8969928,recipient,15,"Edoovillage #2925 - Nigeria, Ibadan: AKHIN Foundation Self-L","Ìbàdàn, Ibadan South West, Oyo, 234102, Nigeria, completed, 46 students",city
ZAF,-26.205,28.049722,recipient,7,"Edoovillage #2926 - South Africa, Johannesburg: Berea-Hillbr","Johannesburg, City of Johannesburg Metropolitan Municipality, Gauteng, 2001, South Africa, open, 80 students",city
NPL,28.3780464,83.9999901,recipient,20,"Edoovillage #2927 - Nepal, Solududhakaunda Municipality : Sh","नेपाल, completed, 518 students",city
NPL,27.708317,85.3205817,recipient,4,"Edoovillage #2928 - Nepal, Kathmandu: Haus der Hoffnung","काठमाडौँ महानगरपालिका, काठमाडौं जिल्ला, बागमती प्रदेश, नेपाल, completed, 0 students",city
NPL,28.3780464,83.9999901,recipient,15,"Edoovillage #2929 - Nepal, Mahakalung: Khiraule Secondary Sc","नेपाल, completed, 0 students",city
NPL,28.3780464,83.9999901,recipient,16,"Edoovillage #2931 - Nepal, Merangding: Baleshwar Secondary S","नेपाल, open, 0 students",city
NPL,27.5760256,86.5420495,recipient,7,"Edoovillage #2531 - Nepal, Serlo Monastery: Serlo Monastery","Serlo monastery, Way To/From Serlo Monastry, Solududhkunda-02, Junbesi, सोलुदुधकुण्ड नगरपालिका, सोलुखुम्बु जिल्ला, कोशी प्रदेश, नेपाल, open, 0 students",city
NPL,27.5932388,86.6219847,recipient,7,"Edoovillage #2930 - Nepal, Taksindu: Takgon Sha-drub Tharlin","Taksindu, Solududhkunda-01, Ringmu, सोलुदुधकुण्ड नगरपालिका, सोलुखुम्बु जिल्ला, कोशी प्रदेश, नेपाल, open, 0 students",city
SLE,8.479004,-13.26795,recipient,10,"Edoovillage #2932 - Sierra Leone, Freetown: REAPS Technical ","Freetown, Western Area Urban, Western Area, Sierra Leone, completed, 80 students",city
SEN,12.5155393,-12.3795515,recipient,0,"Edoovillage #2933 - Senegal, Ibel: Waxtan digital","Ibel, Communauté rurale de Bandafassi, Arrondissement de Bandafassi, Département de Kédougou, Région de Kédougou, Sénégal, open, 25 students",city
IND,18.659839,73.463603,recipient,3,"Edoovillage #2934 - India, Tung: YadavRao Wadekar Primary As","Tung, Mawal, Pune, Maharashtra, India, open, 258 students",city
ZWE,-16.3431776,30.6290426,recipient,2,"Edoovillage #2935 - Zimbabwe, Guruve: KIDZ ZONE ECD CENTER","Guruve, Mashonaland Central, Zimbabwe, completed, 45 students",city
UKR,46.4843023,30.7322878,recipient,40,"Edoovillage #2936 - Ukraine, Odessa: Lyceum 23","Одеса, Одеська міська громада, Одеський район, Одеська область, Україна, completed, 700 students",city
UGA,0.2267427,33.8888526,recipient,4,"Edoovillage #2937 - Uganda, Magooli: MAGOOLI CHILDREN’S EDUC","Magooli, Namayingo, Eastern Region, Uganda, open, 520 students",city
GHA,5.835947,-0.7581064,recipient,19,"Edoovillage #2938 - Ghana, Nyame Bekyere: Nyame Bekyere D/A ","Nyame Bekyere, Asene Manso Akroso District, Eastern Region, Ghana, completed, 210 students",city
GHA,5.6337881,-2.2483906,recipient,30,"Edoovillage #2939 - Ghana, Manso Amenfi: Anwiafutu School Co","Manso Amenfi, Amenfi Central District, Western Region, Ghana, completed, 139 students",city
KEN,1.4419683,38.4313975,recipient,10,"Edoovillage #2940 - Kenya, Ukanda: Stipendiaten-Programm Uku","Kenya, completed, 10 students",city
TZA,-6.5247123,35.7878438,recipient,0,"Edoovillage #2941 - Tanzania, Ilemela city: Mwanza Youth and","Tanzania, open, 40 students",city
PAK,30.3308401,71.247499,recipient,2,"Edoovillage #2942 - Pakistan, ahore, Punjab, Pakistan: Adhoc","پاکستان, open, 10 students",city
ZAF,-28.8166236,24.991639,recipient,0,"Edoovillage #2943 - South Africa, Xitlhelani Village: Amandl","South Africa, open, 137 students",city
TZA,-9.1210886,34.4316775,recipient,4,"Edoovillage #2944 - Tanzania, Njombe: Ilowola Secondary Scho","Njombe, Southern Highlands Zone, Tanzania, completed, 198 students",city
UGA,0.3673033,32.7179862,recipient,6,"Edoovillage #2945 - Uganda, Ntinda Village: Pagolac School |","Ntinda, Mukono, Central Region, Uganda, open, 104 students",city
PRY,-25.2874729,-57.5858464,recipient,2,"Edoovillage #2946 - Paraguay, Dr Moisés Santiago Bertoni 060","Doctor Moisés Santiago Bertoni, Villa Morra, Asunción, Distrito Capital, Región Oriental, 002628, Paraguay / Paraguái, open, 104 students",city
BIH,44.451574,18.6501306,recipient,20,"Edoovillage #2947 - Bosnia and Herzegovina, Živinice: JU GIM","Živinice, Grad Živinice, Tuzlanski kanton, Federacija Bosne i Hercegovine, 75270, Bosna i Hercegovina / Босна и Херцеговина, open, 216 students",city
BIH,44.3396706,17.2711786,recipient,20,"Edoovillage #2948 - Bosnia and Herzegovina, Jajce: JU Osnovn","Jajce, Općina Jajce, Srednjobosanski kanton / Županija Središnja Bosna, Federacija Bosne i Hercegovine, 70101, Bosna i Hercegovina / Босна и Херцеговина, open, 325 students",city
BIH,43.7613327,18.8489561,recipient,20,"Edoovillage #2949 - Bosnia and Herzegovina, Prača: JU Osnovn","Prača, Град Источно Сарајево / Grad Istočno Sarajevo, Bosansko-podrinjski kanton Goražde, Federacija Bosne i Hercegovine, Bosna i Hercegovina / Босна и Херцеговина, open, 69 students",city
NAM,-22.5776104,17.0772739,recipient,5,"Edoovillage #2950 - Namibia, Windhoek: Special Olympics Nami","Windhoek, Khomas Region, Namibia, open, 70 students",city
TGO,9.541111,0.7876018,recipient,20,"Edoovillage #2951 - Togo, Kara: Bildungshaus Saint Joseph Fr","Région de la Kara, Togo, completed, 17 students",city
SLE,8.6376457,-11.4737407,recipient,0,"Edoovillage #2952 - Sierra Leone, Masingbi: Rural Initiative","Masingbi, Tonkolili District, Northern Province, Sierra Leone, completed, 78 students",city
DEU,51.4272925,6.8829192,recipient,2,"Edoovillage #2953 - Germany, Mülheim an der Ruhr: Städt. Rea","Mülheim an der Ruhr, Nordrhein-Westfalen, Deutschland, completed, 10 students",city
KEN,-0.3209968,35.2261276,recipient,18,"Edoovillage #2954 - Kenya, Kericho: Chepkolon Green Highland","Kericho, Kenya, completed, 50 students",city
CMR,4.1567895,9.2315915,recipient,10,"Edoovillage #2955 - Cameroon, Buea: Muanekep Youth training ","Buea, Fako, Southwest, Cameroun, completed, 60 students",city
ARG,-34.6095579,-58.3887904,recipient,0,"Edoovillage #2956 - Argentina, Buenos Aires: Escuela Roque S","Buenos Aires, Comuna 1, Ciudad Autónoma de Buenos Aires, Argentina, open, 9 students",city
DEU,51.521581,6.929204,recipient,2,"Edoovillage #2957 - Germany, Bottrop: Regenbogen Tageseinric","Bottrop, Nordrhein-Westfalen, Deutschland, completed, 103 students",city
GHA,5.4554568,-1.1584836,recipient,30,"Edoovillage #2958 - Ghana, Assin Darmang: Assin Darmang SHS ","Assin Darmang, Nsuaem Kyekyewere, Assin South District, Central Region, Ghana, completed, 464 students",city
GHA,8.0300284,-1.0800271,recipient,29,"Edoovillage #2959 - Ghana, Nkontompo: AME Zion Basic School ","Ghana, completed, 620 students",city
NAM,-22.5776104,17.0772739,recipient,10,"Edoovillage #2960 - Namibia, Windhoek: The Church Alliance f","Windhoek, Khomas Region, Namibia, open, 140 students",city
ITA,42.8932352,11.5383804,recipient,10,"Edoovillage #2961 - Italy, Castel del Piano: Linux teaching","Castel del Piano, Unione dei Comuni Montani Amiata Grossetana, Grosseto, Toscana, 58033, Italia, completed, 10 students",city
GHA,7.0984633,0.4511356,recipient,25,"Edoovillage #2962 - Ghana, Gbi Godenu: Godenu Basic School |","Gbi Godenu Street, Gbi Wegbe, Hohoe Municipal District, Volta Region, Ghana, completed, 435 students",city
ZMB,-12.8492431,28.2161151,recipient,30,"Edoovillage #2963 - Zambia, Wusakile,Kitwe: Chamboli Seconda","Wusakile, Kitwe, Kitwe District, Copperbelt Province, 1001, Zambia, open, 3138 students",city
ZMB,-12.9693056,28.6365894,recipient,31,"Edoovillage #2964 - Zambia, Ndola: KANSENSHI SECONDARY SCHOO","Ndola, Ndola District, Copperbelt Province, Zambia, open, 2221 students",city
UGA,2.999142,31.2879667,recipient,0,"Edoovillage #2965 - Uganda, Rhino Camp: Basic ICT Skills Tra","Rhino Camp, Madi Okollo, Uganda, open, 35 students",city
ECU,-1.2422413,-78.6287594,recipient,0,"Edoovillage #2966 - Ecuador, Ambato: Hogar Santa Marianita","Ambato, Tungurahua, Ecuador, open, 40 students",city
GHA,5.8800281,-0.1046646,recipient,17,"Edoovillage #2967 - Ghana, Dodowa: Ghanafriends association","Dodowa, Shai-Osudoku District, Greater Accra Region, Ghana, completed, 17 students",city
COD,-5.0383083,18.8178447,recipient,10,"Edoovillage #2968 - Congo (Kinshasa), Kikwit: CENTRE DE FORM","Kikwit, Lukolela, Kikwit, Kwilu, République démocratique du Congo, open, 200 students",city
TZA,-6.4971092,38.9162346,recipient,22,"Edoovillage #2969 - Tanzania, Kitopeni: Njota Nyema Primary ","Kitopeni, Bagamoyo, Pwani, Coastal Zone, Tanzania, open, 125 students",city
ESP,41.9302021,2.2545943,recipient,30,"Edoovillage #2970 - Spain, Vic: Proyecto Impulsa","Vic, Osona, Barcelona, Catalunya, España, open, 340 students",city
TZA,-2.5196915,32.9014417,recipient,19,"Edoovillage #2971 - Tanzania, Mwanza: Computerroom Butimba P","Mwanza, Nyamagana, Mwanza, Lake Zone, 33214, Tanzania, open, 500 students",city
DEU,52.5173885,13.3951309,recipient,19,"Edoovillage #2972 - Germany, Berlin: GVL - gemeinsam Vielfal","Berlin, Deutschland, open, 69 students",city
DEU,53.5501721,10.0013165,recipient,3,"Edoovillage #2973 - Germany, Hamburg: Socialgym Hamburg e.V.","Hamburg, Deutschland, open, 10 students",city
UGA,0.3177137,32.5813539,recipient,14,"Edoovillage #2974 - Uganda, Kampala: EBENEZER CHRISTIAN HIGH","Kampala, Central Region, Uganda, open, 500 students",city
ESP,41.3825802,2.177073,recipient,0,"Edoovillage #2975 - Spain, Barcelona: Provivienda. Con las p","Barcelona, Barcelonès, Barcelona, Catalunya, España, open, 60 students",city
BOL,-17.4012458,-66.1675681,recipient,0,"Edoovillage #2976 - Bolivia, Cochabamba: Unidad Educativa Su","Cochabamba, Juan De La Rosa, Molle, Cochabamba, Cercado, Cochabamba, Bolivia, open, 20 students",city
ZMB,-15.4163395,28.2818414,recipient,9,"Edoovillage #2977 - Zambia, Lusaka: Natubelenge Children's L","Lusaka, Lusaka District, Lusaka Province, 10101, Zambia, open, 978 students",city
KEN,-4.05052,39.667169,recipient,24,"Edoovillage #2978 - Kenya, Mombasa: Primary School Academy L","Mombasa, Tononoka ward, Mvita, Mombasa, 80100, Kenya, completed, 170 students",city
SYR,37.0495912,41.2306547,recipient,0,"Edoovillage #2979 - Syria, Qamishli: Bildungszentrum Student","القامشلي, ناحية مركز القامشلي, منطقة القامشلي, محافظة الحسكة, سوريا, open, 15 students",city
COL,4.6533817,-74.0836331,recipient,21,"Edoovillage #2980 - Colombia, Bogota: Asociación Catolica So","Bogotá, Bogotá, Distrito Capital, RAP (Especial) Central, Colombia, completed, 30 students",city
PER,-12.0459808,-77.0305912,recipient,23,"Edoovillage #2981 - Peru, Lima: Deutsch-Sprachkurse für Kind","Lima, Lima Metropolitana, Lima, 15001, Perú, open, 30 students",city
LBN,33.564733,35.374978,recipient,0,"Edoovillage #2982 - Lebanon, Sidon: Bildungszentrum Greek-Ca","صيدا, قضاء صيدا, محافظة الجنوب, 1600, لبنان, open, 40 students",city
DEU,48.1371079,11.5753822,recipient,31,"Edoovillage #2983 - Germany, Munich: JUNO - eine Stimme für ","München, Bayern, Deutschland, completed, 50 students",city
UGA,0.0335241,29.7593621,recipient,3,"Edoovillage #2984 - Uganda, Bwera: St. Maria Goretti Seconda","Bwera, Kasese, Western Region, Uganda, open, 705 students",city
HTI,19.7595236,-72.2008068,recipient,48,"Edoovillage #2985 - Haiti, Cap Haitien : Digitalinklusion fü","Cap-Haïtien, Commune Cap-Haïtien, Arrondissement de Cap-Haïtien, Département du Nord, 1110, Ayiti, completed, 120 students",city
ESP,41.3595118,2.0996318,recipient,0,"Edoovillage #2986 - Spain, Hospitalet de Llobregat: Cooperat","l'Hospitalet de Llobregat, Barcelonès, Barcelona, Catalunya, España, open, 50 students",city
SEN,14.5603879,-16.5027479,recipient,3,"Edoovillage #2987 - Senegal, Ndokh: Aula d'informàtica per a","Ndokh, Communauté rurale de Ngayokhème, Arrondissement de Niakhar, Département de Fatick, Région de Fatick, Sénégal, open, 500 students",city
ESP,41.9793006,2.8199439,recipient,15,"Edoovillage #2988 - Spain, Girona: Itineraris Formatius Espe","Girona, Gironès, Girona, Catalunya, España, open, 32 students",city
CMR,5.281565,9.9760978,recipient,23,"Edoovillage #2989 - Cameroon, Santchou: COLLÈGE MODERNE POLY","Santchou, Menoua, Ouest, Cameroun, completed, 985 students",city
DEU,52.5173885,13.3951309,recipient,12,"Edoovillage #2990 - Germany, Berlin: Projektfabrik gGmbH Kun","Berlin, Deutschland, completed, 12 students",city
UGA,0.5038574,32.7495408,recipient,4,"Edoovillage #2991 - Uganda, Kalagi: Love Uganda Foundation","Kalagi, Mukono, Central Region, Uganda, open, 30 students",city
GHA,5.1389757,-1.6597585,recipient,0,"Edoovillage #2992 - Ghana, Daboase: Socfinaf D/A Basic Schoo","Daboase, Wassa East District, Western Region, Ghana, open, 200 students",city
GHA,7.898678,-1.769662,recipient,0,"Edoovillage #2993 - Ghana, Jema: Jema Junior High School A&B","Jema, Kintampo South District, Bono East Region, Ghana, open, 275 students",city
GHA,5.5571096,-0.2012376,recipient,20,"Edoovillage #2994 - Ghana, Accra: Presbyterian SHS-Teshie","Accra, Korle-Klottey Municipal District, Greater Accra Region, Ghana, open, 1617 students",city
CMR,4.010289,9.207058,recipient,10,"Edoovillage #2995 - Cameroon, Limbe: Computerkurs | Afrika K","Limbé, Limbé I, Communauté urbaine de Limbé, Fako, Southwest, Cameroun, open, 50 students",city
MOZ,-23.8835575,35.4829655,recipient,6,"Edoovillage #2996 - Mozambique, Machavenga: Kingfisher Lake ","Machavenga, Cidade de Inhambane, Inhambane, Zona Sul, Moçambique, open, 17 students",city
DEU,49.0196674,11.5036735,recipient,1,"Edoovillage #2997 - Germany, Beilngries: Nachbarschaftshilfe","Beilngries, Landkreis Eichstätt, Bayern, 92339, Deutschland, open, 20 students",city
KEN,-2.2675396,40.9010641,recipient,0,"Edoovillage #2998 - Kenya, Lamu: Shamba la Shela School – Un","Lamu, Lamu West, Lamu, Kenya, open, 60 students",city
TZA,-3.3696827,36.6880794,recipient,1,"Edoovillage #2999 - Tanzania, Arusha: Winning Spirit Seconda","Arusha, Arusha Municipal, Arusha, Northern Zone, 23103, Tanzania, open, 700 students",city
CMR,3.8689867,11.5213344,recipient,3,"Edoovillage #3000 - Cameroon, Yaounde: Wisdom Garden Nursery","Communauté urbaine de Yaoundé, Mfoundi, Centre, Cameroun, open, 180 students",city
UGA,0.5751567,33.2805299,recipient,11,"Edoovillage #3001 - Uganda, Jinja: Igulu Foundation Uganda","Jinja, Eastern Region, Uganda, open, 50 students",city
NGA,6.3330586,5.6221058,recipient,0,"Edoovillage #3002 - Nigeria, Benin City: Kingstouch Royal Ac","Benin City, Oredo, Edo, 300241, Nigeria, open, 182 students",city
KEN,-1.2790046,37.3952698,recipient,3,"Edoovillage #3003 - Kenya, Machakos: MANEK Community Develop","Machakos, Kenya, completed, 12 students",city
TZA,-2.469985,32.9650833,recipient,3,"Edoovillage #3004 - Tanzania, Ilemela: SKFI Soma Kwa Furaha ","Ilemela, Mwanza, Lake Zone, Tanzania, open, 45 students",city
NAM,-22.5776104,17.0772739,recipient,4,"Edoovillage #3005 - Namibia, Windhoek: iDream Namibia - CV &","Windhoek, Khomas Region, Namibia, open, 300 students",city
ESP,28.1288694,-15.4349015,recipient,4,"Edoovillage #3006 - Spain, Las Palmas de Gran canaria: Enred","Las Palmas de Gran Canaria, Las Palmas, Canarias, España, open, 25 students",city
ZMB,-17.853135,25.861429,recipient,6,"Edoovillage #3007 - Zambia, Livingstone: Safe House for Girl","Livingstone, Livingstone District, Southern Province, Zambia, open, 15 students",city
DEU,53.5501721,10.0013165,recipient,32,"Edoovillage #3008 - Germany, Hamburg: Ehil e.V. - GemeinsamD","Hamburg, Deutschland, open, 60 students",city
CMR,4.2317631,9.6132516,recipient,23,"Edoovillage #3009 - Cameroon, Souza: Collège Saint Herbert d","Souza, Dibombari, Moungo, Littoral, Cameroun, open, 1187 students",city
DEU,51.9625101,7.6251879,recipient,6,"Edoovillage #3010 - Germany, Münster: Blickwinkel erweitern","Münster, Nordrhein-Westfalen, Deutschland, completed, 25 students",city
DEU,53.5501721,10.0013165,recipient,2,"Edoovillage #3011 - Germany, Hamburg: Labdoo Hub Hamburg","Hamburg, Deutschland, completed, 0 students",city
MRT,20.5181943,-13.0543928,recipient,15,"Edoovillage #3012 - Mauritania, Atar: Evening School Atar - ","Atar أطار, Adrar أدرار, Mauritanie موريتانيا, open, 50 students",city
SRB,42.3573923,21.7009278,recipient,61,"Edoovillage #3013 - Serbia, Corrotice: Shkolla Fillore 'Ditu","Црнотинце, Општина Прешево, Пчињски управни округ, Централна Србија, Србија, completed, 171 students",city
CHE,47.5136942,7.5527853,recipient,5,"Edoovillage #3014 - Switzerland, Oberwil: Baselland Internat","Oberwil, Bezirk Arlesheim, Basel-Landschaft, 4104, Schweiz/Suisse/Svizzera/Svizra, completed, 43 students",city
LKA,8.0407932,80.5970669,recipient,0,"Edoovillage #3015 - Sri Lanka, Kekirawa: Good Deeds Day Ceyl","Kekirawa, Anuradhapura District, North Central Province, Sri Lanka, completed, 600 students",city
GHA,5.7980928,0.0051816,recipient,0,"Edoovillage #3016 - Ghana, Afienya: Enyan Abowinum DA Basic ","Afienya, Ningo-Prampram District, Greater Accra Region, Ghana, completed, 300 students",city
HND,15.0960559,-88.3673692,recipient,0,"Edoovillage #3017 - Honduras, Santa Bárbara: Educate. Cerran","Santa Bárbara, Honduras, open, 100 students",city
UGA,0.1862333,30.0749716,recipient,9,"Edoovillage #3018 - Uganda, Kasanga: ST.JOSEPH'S MIXED DAY A","Kasanga, Kasese, Western Region, Uganda, completed, 50 students",city
GMB,13.438762,-16.674807,recipient,0,"Edoovillage #3019 - Gambia, Serrekunda: Child Concern Nurser","Serrekunda, Kanifing, Gambia, completed, 402 students",city
LKA,7.3404456,80.6670587,recipient,0,"Edoovillage #3020 - Sri Lanka, Meegammana: Happy Bambini e.V","Meegammana, Meegammana Road, Wattegama, Kandy District, Central Province, 20802, Sri Lanka, open, 0 students",city
SLE,8.479004,-13.26795,recipient,2,"Edoovillage #3021 - Sierra Leone, Freetown: Word Made Flesh ","Freetown, Western Area Urban, Western Area, Sierra Leone, open, 15 students",city
KEN,-0.3917064,36.4977397,recipient,2,"Edoovillage #3022 - Kenya, Nyandarua: Gikingi Secondary Scho","Nyandarua, Kenya, open, 170 students",city
UGA,0.1310412,30.0047968,recipient,3,"Edoovillage #3023 - Uganda, Kasese: RCDNET Charitable Initia","Kasese, Western Region, Uganda, open, 20 students",city
LKA,7.3404456,80.6670587,recipient,6,"Edoovillage #3024 - Sri Lanka, Meegammana: School Meegammana","Meegammana, Meegammana Road, Wattegama, Kandy District, Central Province, 20802, Sri Lanka, open, 260 students",city
NAM,-19.5644204,18.1040894,recipient,0,"Edoovillage #3025 - Namibia, Grootfontein: Otjiwanda Seconda","Grootfontein, Otjozondjupa Region, 12010, Namibia, open, 923 students",city
NAM,-21.3909319,15.4186599,recipient,0,"Edoovillage #3026 - Namibia, Okombahe: Gaob Dr Justus || Gar","Okombahe, Erongo Region, Namibia, open, 640 students",city
UGA,0.2744994,32.2068838,recipient,3,"Edoovillage #984 - Uganda, Kabasanda: UWPE Uganics Women Emp","Kabasanda, Butambala, Central Region, Uganda, open, 48 students",city
COD,-2.5055839,28.8594885,recipient,30,"Edoovillage #983 - Congo (Kinshasa), Bukavu: Fundi Wa Kesho","Bukavu, Sud-Kivu, République démocratique du Congo, completed, 18 students",city
NGA,9.6000359,7.9999721,recipient,0,"Edoovillage #3027 - Nigeria, BAKO IBADAN: LAURA SHALOM SCHOO","Nigeria, open, 42 students",city
DEU,53.9070019,13.0327836,recipient,7,"Edoovillage #3028 - Germany, Demmin: Jugendhilfestation Demm","Demmin, Mecklenburgische Seenplatte, Mecklenburg-Vorpommern, 17109, Deutschland, completed, 7 students",city
TGO,6.130419,1.215829,recipient,0,"Edoovillage #3029 - Togo, Lomé: Centré SONAGNON d’ASEVEC |  ","Lomé, Région Maritime, Togo, open, 11 students",city
NPL,27.4295853,85.0326586,recipient,0,"Edoovillage #3030 - Nepal, Hetauda: Familia de Hetauda. Nepa","हेटौँडा, हेटौँडा उपमहानगरपालिका, मकवानपुर जिल्ला, बागमती प्रदेश, 44107, नेपाल, open, 130 students",city
TZA,-3.3287567,37.323171,recipient,0,"Edoovillage #3032 - Tanzania, Moshi Town: Delight Niche Boot","Old moshi magharibi ward office, Shanty Town Road, Kilimanjaro, Moshi Urban, Kilimanjaro, Northern Zone, 25103, Tanzania, open, 100 students",city
SEN,14.1314494,-16.080576,recipient,0,"Edoovillage #3031 - Senegal, Kaolak: La Veu Entre Cultures (","Port de Kaolak, Dialegne, Kaolack, Département de Kaolack, Région de Kaolack, Sénégal, open, 45 students",city
UGA,0.1310412,30.0047968,recipient,4,"Edoovillage #3033 - Uganda, Kasese: MUWOFA Mughende Women Fa","Kasese, Western Region, Uganda, open, 60 students",city
UGA,0.983611,34.225556,recipient,2,"Edoovillage #3034 - Uganda, Nyondo: KIDA Kitabu Integrated D","Nyondo, Bugisa sub-region, Mbale, Eastern Region, Uganda, completed, 20 students",city
CHE,47.3744489,8.5410422,recipient,90,"Edoovillage #3035 - Switzerland, Zurich: Buy Food with Plast","Zürich, Bezirk Zürich, Zürich, Schweiz/Suisse/Svizzera/Svizra, completed, 1000 students",city
NGA,9.6000359,7.9999721,recipient,0,"Edoovillage #3036 - Nigeria, Oreyo, Ikorodu, Lagos State, Ni","Nigeria, open, 120 students",city
MAR,33.002397,-7.619867,recipient,0,"Edoovillage #3037 - Morocco, Settat: Lycée qualifiant errazi","Settat ⵥⵟⵟⴰⵟ سطات, Pachalik de Settat باشوية سطات, Province de Settat إقليم سطات, Casablanca-Settat ⵜⴰⴷⴷⴰⵔⵜ ⵜⵓⵎⵍⵉⵍⵜ-ⵙⵟⵟⴰⵜ الدار البيضاء-سطات, Maroc ⵍⵎⵖⵔⵉⴱ المغرب, open, 714 students",city
IND,18.5213738,73.8545071,recipient,0,"Edoovillage #3038 - India, Pune: Saamarthya Foundation","Pune, Pune City Subdistrict, Pune, Maharashtra, 411001, India, open, 4 students",city
GTM,14.6388934,-91.2295526,recipient,0,"Edoovillage #3039 - Guatemala, Santiago Atitlan: Escuelita C","Santiago Atitlán, Sololá, Guatemala, open, 140 students",city
TZA,-3.3287567,37.323171,recipient,0,"Edoovillage #3040 - Tanzania, Moshi Town: Moshi Street Kids ","Old moshi magharibi ward office, Shanty Town Road, Kilimanjaro, Moshi Urban, Kilimanjaro, Northern Zone, 25103, Tanzania, open, 100 students",city
ESP,41.3825802,2.177073,recipient,7,"Edoovillage #3041 - Spain, Barcelona: Fundació Valora.t. PRO","Barcelona, Barcelonès, Barcelona, Catalunya, España, open, 20 students",city
KEN,3.706286,34.873489,recipient,0,"Edoovillage #3042 - Kenya, Kakuma: Turkana West, Kakuma Refu","Kakuma Town, Turkana, Kenya, open, 210 students",city
TZA,-3.3287567,37.323171,recipient,0,"Edoovillage #3043 - Tanzania, Moshi Town: Mikono Salama Scho","Old moshi magharibi ward office, Shanty Town Road, Kilimanjaro, Moshi Urban, Kilimanjaro, Northern Zone, 25103, Tanzania, open, 100 students",city
GNB,12.2903194,-16.5873806,recipient,0,"Edoovillage #3044 - Guinea-Bissau, Varela: Varela School - P","Varela, Sector de São Domingos, Região de Cacheu, Província Norte, Guiné-Bissau, open, 300 students",city
MAR,34.9266755,-2.3294087,recipient,0,"Edoovillage #3045 - Morocco, Berkane: Association Allaymoune","Berkane بركان, Pachalik de Berkane باشوية بركان, Province de Berkane إقليم بركان, Oriental ⵜⴰⵏⴳⵎⵓⴹⵜ الشرقية, Maroc ⵍⵎⵖⵔⵉⴱ المغرب, open, 500 students",city
GTM,14.6388934,-91.2295526,recipient,0,"Edoovillage #3046 - Guatemala,  Santiago Atitlán, Sololá: Es","Santiago Atitlán, Sololá, Guatemala, open, 53 students",city
ESP,40.416782,-3.703507,recipient,7,"Edoovillage #3047 - Spain, Madrid: ABRE SUS OJOS - Proporcio","Madrid, Comunidad de Madrid, España, open, 600 students",city
DEU,48.1371079,11.5753822,recipient,32,"Edoovillage #3048 - Germany, Munich: Meaalofa Foundation - T","München, Bayern, Deutschland, open, 20 students",city
TZA,-2.7343923,30.6991804,recipient,2,"Edoovillage #3049 - Tanzania, Murusagamba: Gracious Secondar","Murusagamba, Ngara, Kagera, Lake Zone, Tanzania, open, 914 students",city
BOL,-17.7834217,-63.1820853,recipient,12,"Edoovillage #3050 - Bolivia, Santa Cruz de la Sierra: FUNDAC","Municipio Santa Cruz de la Sierra, Provincia Andrés Ibáñez, Santa Cruz, Bolivia, open, 452 students",city
UGA,0.1310412,30.0047968,recipient,2,"Edoovillage #3051 - Uganda, Kasese: IKONGO GENDER AND DEVELO","Kasese, Western Region, Uganda, completed, 30 students",city
TZA,-4.7196213,30.0457155,recipient,0,"Edoovillage #3052 - Tanzania, Muzye: Nyumbwe Primary School","Muzye, Kasulu, Kigoma, Western Zone, Tanzania, open, 739 students",city
TGO,8.7800265,1.0199765,recipient,0,"Edoovillage #3053 - Togo, Aimé Kokou Dogo: Togo Förderverein","Togo, open, 870 students",city
COD,-4.3196982,15.3424196,recipient,18,"Edoovillage #3054 - Congo (Kinshasa), Kinshasa: VIP School |","Kinshasa, République démocratique du Congo, open, 1050 students",city
KEN,-1.474564,36.95907,recipient,2,"Edoovillage #2602 - Kenya, Kitengela,Noonkopir: KINGS AND QU","Kitengela, Kitengela ward, Kajiado East, Kajiado, Kenya, open, 221 students",city
GHA,6.692964,-0.734362,recipient,0,"Edoovillage #3055 - Ghana, Pepease: Roman Catholic Basic & J","Kwahu Pepease, Kwahu East District, Eastern Region, Ghana, completed, 350 students",city
GHA,6.6545653,-0.6621335,recipient,0,"Edoovillage #3056 - Ghana, Kwahu Tafo: Senior High School | ","Kwahu Tafo, Kwahu South District, Eastern Region, Ghana, completed, 1214 students",city
TZA,-2.5196915,32.9014417,recipient,0,"Edoovillage #3057 - Tanzania, Mwanza: Sammelprojekt - Schule","Mwanza, Nyamagana, Mwanza, Lake Zone, 33214, Tanzania, open, 10000 students",city
COD,-4.3196982,15.3424196,recipient,4,"Edoovillage #3058 - Congo (Kinshasa), Kinshasa: CISM Comité ","Kinshasa, République démocratique du Congo, open, 850 students",city
UGA,0.1273955,32.2527517,recipient,0,"Edoovillage #3059 - Uganda, MPIGI: Pearl of Africa High Scho","Mpigi, Central Region, Uganda, open, 266 students",city
MEX,22.5000001,-100.4949145,recipient,4,"Edoovillage #3060 - Mexico, San Luis Potosi: CANICA A.C. Cen","San Luis Potosí, México, open, 100 students",city
GRC,37.9755648,23.7348324,recipient,0,"Edoovillage #3061 - Greece, Athens: Asociación Española Habi","Αθήνα, Δήμος Αθηναίων, Περιφερειακή Ενότητα Κεντρικού Τομέα Αθηνών, Περιφέρεια Αττικής, Αποκεντρωμένη Διοίκηση Αττικής, 105 57, Ελλάς, open, 25 students",city
MWI,-10.0847469,33.8661918,recipient,3,"Edoovillage #3062 - Malawi, Karonga: Gehörlosenschule","Karonga, Northern Region, Malawi, open, 110 students",city
NGA,6.8561,7.3927,recipient,0,"Edoovillage #3063 - Nigeria, Nsukka: Divine Wounds Orphanage","Nsukka, Enugu, Nigeria, open, 192 students",city
UGA,-0.483142,31.8318895,recipient,6,"Edoovillage #3064 - Uganda, Masaka: U.V.C.O. Deutschland  e.","Masaka, Central Region, Uganda, open, 127 students",city
SLE,8.8881938,-12.0441862,recipient,0,"Edoovillage #3065 - Sierra Leone, Makeni: Sam-Mary Internati","Makeni, Bombali District, Northern Province, Sierra Leone, open, 331 students",city
CMR,4.0814312,9.3537481,recipient,0,"Edoovillage #3066 - Cameroon, MUTENGENE-TIKO: SMILE AGAIN CU","Versace Lounge VIP Hotel Tiko Cameroon, Douala-Limbé, Mutengene, Tiko, Fako, Southwest, Cameroun, open, 1368 students",city
UGA,-1.1989612,29.6716975,recipient,0,"Edoovillage #3067 - Uganda, Kisoro: CHRISTIAN LIFE PRE AND P","Kisoro, Western Region, Uganda, open, 312 students",city
SSD,4.8459246,31.5959173,recipient,0,"Edoovillage #3068 - South Sudan, Juba: Junub Open Space","Juba, Hai Buluk, Juba, Central Equatoria الاستوائية المركزية, South Sudan جنوب السودان, open, 200 students",city
ZWE,-18.4554963,29.7468414,recipient,0,"Edoovillage #3069 - Zimbabwe, Ndimakule: St. Christopher Mas","Zimbabwe, open, 384 students",city
ZWE,-19.8629276,28.2727336,recipient,0,"Edoovillage #3070 - Zimbabwe, Nyamandlovu: St. James High Sc","Nyamandlovu Business Centre, Nyamandhlovu, Umguza, Matabeleland North, Zimbabwe, open, 490 students",city
ESP,41.4372495,2.1954872,recipient,1,"Edoovillage #3071 - Spain, Sant Andreu, Barcelona: AEiG Flor","Sant Andreu, Barcelona, Barcelonès, Barcelona, Catalunya, España, open, 82 students",city
TZA,-6.8160837,39.2803583,recipient,3,"Edoovillage #3072 - Tanzania, Dar es Salaam: Binti Kinara Ce","Dar es Salaam, Coastal Zone, Tanzania, open, 100 students",city
UGA,0.1310412,30.0047968,recipient,0,"Edoovillage #3073 - Uganda, Kasese: St John’s Evangelist Min","Kasese, Western Region, Uganda, open, 277 students",city
UGA,-1.3359666,30.036886,recipient,0,"Edoovillage #3074 - Uganda, Kabale: JACANA -YOUTH &amp; CHIL","Kabale, Western Region, Uganda, open, 20 students",city
SLE,8.479004,-13.26795,recipient,0,"Edoovillage #3075 - Sierra Leone, Freetown: FSSG Freetown Se","Freetown, Western Area Urban, Western Area, Sierra Leone, open, 2000 students",city
GHA,5.534454,-0.700763,recipient,3,"Edoovillage #3076 - Ghana, Agona Swedru: Agona Swedru Hope I","Agona Swedru, Agona West Municipal District, Central Region, Ghana, open, 150 students",city
NAM,-23.6488374,19.3682772,recipient,1,"Edoovillage #3077 - Namibia, Aminuis: Aminuis Site Mapping |","Aminuis, Omaheke Region, Namibia, open, 26 students",city
KEN,-4.05052,39.667169,recipient,2,"Edoovillage #3078 - Kenya, Mombasa: Majaoni Gospel Revival C","Mombasa, Tononoka ward, Mvita, Mombasa, 80100, Kenya, open, 40 students",city
NGA,9.6187093,6.5475752,recipient,3,"Edoovillage #3079 - Nigeria, Minna: The Immaculate Conceptio","Minna, Chanchaga, Niger, 920101, Nigeria, open, 61 students",city
ESP,41.3964186,1.9585925,recipient,1,"Edoovillage #3080 - Spain, Cervelló: Servei d'intervenció so","Cervelló, Baix Llobregat, Barcelona, Catalunya, 08758, España, open, 45 students",city
UKR,49.839725,23.73028,recipient,0,"Edoovillage #3081 - Ukraine, Povitno: POVITNO SCHOOL OF GENE","Повітно, Городоцька міська громада, Львівська область, 81511, Україна, open, 118 students",city
UGA,1.5333554,32.2166578,recipient,0,"Edoovillage #3082 - Uganda, Kisugu Muyenga Kampala: Empoweri","Uganda, open, 100 students",city
ZWE,-17.2989727,31.3299701,recipient,0,"Edoovillage #3083 - Zimbabwe, Bindura: Young Generations","Bindura, Mashonaland Central, Zimbabwe, open, 20 students",city
SLE,7.962065,-11.73665,recipient,0,"Edoovillage #3084 - Sierra Leone, Bo City:  Empower to Inspi","Bo, Bo District, Southern Province, Sierra Leone, open, 196 students",city
COD,-5.8256559,13.4609047,recipient,0,"Edoovillage #3085 - Congo (Kinshasa), Matadi: Institut supér","Matadi, Kongo-Central, République démocratique du Congo, open, 250 students",city
KEN,1.4419683,38.4313975,recipient,0,"Edoovillage #3086 - Kenya, Lianai, Birika, Namanga: Siana Af","Kenya, open, 10 students",city
GHA,7.584971,-1.936401,recipient,0,"Edoovillage #3087 - Ghana, Techiman: Techiman Senior High Sc","Techiman, Techiman Municipal District, Bono East Region, Ghana, completed, 3500 students",city
NGA,6.3330586,5.6221058,recipient,0,"Edoovillage #3088 - Nigeria, Benin City: Michael-Jennifer-Cl","Benin City, Oredo, Edo, 300241, Nigeria, open, 45 students",city
TZA,-3.4901971,35.5682879,recipient,0,"Edoovillage #3089 - Tanzania, Karatu: David Smile","Karatu, Arusha, Northern Zone, Tanzania, open, 140 students",city
AGO,-8.8272699,13.2439512,recipient,20,"Edoovillage #3090 - Angola, Luanda, Palanca Municipo do Kila","Luanda, Município de Luanda, Luanda, Angola, completed, 0 students",city
SRB,44.0243229,21.0765743,recipient,55,"Edoovillage #3091 - Serbia, Ternav: Schule Ternav Bezirk Pre","Србија, completed, 70 students",city
UKR,50.1699295,30.1033125,recipient,15,"Edoovillage #3092 - Ukraine, Borova: Borivska Gimnasium | St","Борова, Фастівська міська громада, Фастівський район, Київська область, Україна, completed, 142 students",city
BOL,-17.7834217,-63.1820853,recipient,17,"Edoovillage #3093 - Bolivia, Santa Cruz de la  Sierra : CEA ","Municipio Santa Cruz de la Sierra, Provincia Andrés Ibáñez, Santa Cruz, Bolivia, open, 50 students",city
NGA,6.8561,7.3927,recipient,0,"Edoovillage #3094 - Nigeria, Nsukka: Developing a Computer L","Nsukka, Enugu, Nigeria, open, 192 students",city
UGA,0.0611715,32.4698564,recipient,0,"Edoovillage #3095 - Uganda, Entebbe: Malayaka House es una o","Entebbe City, Central Region, Uganda, open, 40 students",city
UGA,1.5333554,32.2166578,recipient,0,"Edoovillage #3096 - Uganda, Kiragura: Foundation for Rural P","Uganda, open, 12 students",city
UGA,1.0711896,34.1749506,recipient,2,"Edoovillage #3097 - Uganda, Mbale City: 264 Education - Gold","Mbale City, Eastern Region, Uganda, open, 390 students",city
COD,-4.3196982,15.3424196,recipient,0,"Edoovillage #3098 - Congo (Kinshasa), Kinshasa: FEMM'IN TECH","Kinshasa, République démocratique du Congo, open, 319 students",city
MNG,47.9184676,106.9177016,recipient,30,"Edoovillage #3099 - Mongolia, Ulaanbaatar: School No 18- ICT","Улаанбаатар ᠤᠯᠠᠭᠠᠨ ᠪᠠᠭᠠᠲᠤᠷ, Монгол улс ᠮᠤᠩᠭᠤᠯ ᠤᠯᠤᠰ, open, 500 students",city
TZA,-3.9643159,33.7030431,recipient,0,"Edoovillage #3100 - Tanzania, Kituntu: Mwangaza Community Co","Kituntu, Igunga, Tabora, Central Zone, Tanzania, open, 50 students",city
ETH,14.2774132,39.4614983,recipient,2,"Edoovillage #3101 - Ethiopia, Adigrat: Digital Learning Supp","ዓዲግራት / Adigrat, Eastern Tigray, ትግራይ تجراى, ኢትዮጵያ, open, 160 students",city
BEN,6.5687702,1.8810892,recipient,8,"Edoovillage #3102 - Benin, BOPA (DEPARTAMENT DE MONO): Talle","Communaute Nationale du Culte Vodoun du Benin-Racine, RN 23, Adromè, Sihlonou Azodjègbohoué, Doutou Akloh, Houéyogbé, Mono, Bénin, open, 150 students",city
MWI,-13.7628984,34.45237,recipient,3,"Edoovillage #3103 - Malawi, Salima: Nthali","Salima, Central Region, Malawi, open, 63 students",city
GHA,5.4207549,-0.4693429,recipient,17,"Edoovillage #3104 - Ghana, Gomoa Fetteh: Fetteh Church Of Ch","Gomoa Fetteh, Gomoa East District, Central Region, Ghana, completed, 493 students",city
NAM,-24.8581816,18.808848,recipient,0,"Edoovillage #3105 - Namibia, Gochas: N Mutschuana Primary Sc","Gochas, Hardap Region, Namibia, open, 60 students",city
ZWE,-18.1867654,30.39756,recipient,0,"Edoovillage #3106 - Zimbabwe, Chegutu: Mopani Learning Hub","Chegutu, Mashonaland West, Zimbabwe, open, 13 students",city
KEN,3.706286,34.873489,recipient,0,"Edoovillage #3107 - Kenya, Kakuma: Digital Skills for Self-R","Kakuma Town, Turkana, Kenya, open, 50 students",city
LBR,6.7986554,-10.3621695,recipient,0,"Edoovillage #3108 - Liberia, Bong Mines: Kinder Afrikas e.V.","Bong mines, Nyenyen, Fuamah, Bong County, Liberia, open, 58 students",city
MAR,31.929089,-4.4340807,recipient,30,"Edoovillage #3109 - Morocco, Errachidia: Zaina Skills Lab","Errachidia ⵉⵎⵜⵖⴻⵔⵏ الرشيدية, Pachalik de Er Rachidia باشوية الرشيدية, Province d'Errachidia إقليم الرشيدية, Drâa-Tafilalet ⴷⴰⵔⵄⴰ-ⵜⴰⴼⵉⵍⴰⵍⵜ درعة تافيلالت, Maroc ⵍⵎⵖⵔⵉⴱ المغرب, open, 50 students",city
GHA,8.0300284,-1.0800271,recipient,0,"Edoovillage #3110 - Ghana, Manso Amenfi Anakum: Anakum D/A B","Ghana, completed, 300 students",city
GHA,6.086663,-0.2543845,recipient,0,"Edoovillage #3111 - Ghana, Koforidua- Betom: St. Peter's Ang","Methodist Church Ghana, Freeman Society, Betom Street, Koforidua, New Juaben South Municipal District, Eastern Region, Ghana, completed, 321 students",city
DEU,50.6479143,11.3610041,recipient,9,"Edoovillage #3112 - Germany,  Saalfeld: Werkhaus, Integratio","Saalfeld/Saale, Kamsdorf, Landkreis Saalfeld-Rudolstadt, Thüringen, 07318, Deutschland, open, 20 students",city
DEU,48.1371079,11.5753822,recipient,5,"Edoovillage #3113 - Germany, München: IQRA - Arabisch Kurse ","München, Bayern, Deutschland, completed, 20 students",city
NGA,6.4608379,4.3903695,recipient,3,"Edoovillage #3114 - Nigeria, Ogun Waterside: Rural champions","Ogun Waterside, Ogun, Nigeria, open, 50 students",city
COD,-2.9814344,23.8222636,recipient,0,"Edoovillage #3115 - Congo (Kinshasa), Goma Keshero: Focus Co","République démocratique du Congo, completed, 300 students",city
SLE,8.479004,-13.26795,recipient,2,"Edoovillage #3116 - Sierra Leone, Freetown: Children in Need","Freetown, Western Area Urban, Western Area, Sierra Leone, open, 500 students",city
DEU,50.5444551,7.1186671,recipient,26,"Edoovillage #3117 - Germany, Bad Neuenahr-Ahrweiler: Erich-K","Bad Neuenahr-Ahrweiler, Brohl-Lützing, Landkreis Ahrweiler, Rheinland-Pfalz, 53474, Deutschland, open, 360 students",city
COD,-4.3196982,15.3424196,recipient,0,"Edoovillage #3118 - Congo (Kinshasa), Kinshasa: INSTITUT SUP","Kinshasa, République démocratique du Congo, open, 1350 students",city
SLE,8.479004,-13.26795,recipient,0,"Edoovillage #3119 - Sierra Leone, Freetown: Freetown Innovat","Freetown, Western Area Urban, Western Area, Sierra Leone, open, 70 students",city
IND,22.3511148,78.6677428,recipient,2,"Edoovillage #3120 - India, Chhotebodal, Panchayat- Kawalikal","India, open, 300 students",city
COD,-4.3196982,15.3424196,recipient,0,"Edoovillage #3121 - Congo (Kinshasa), Kinshasa: Fundación am","Kinshasa, République démocratique du Congo, open, 230 students",city
TZA,-2.5196915,32.9014417,recipient,0,"Edoovillage #3122 - Tanzania, Mwanza: Wunderkind Academy - C","Mwanza, Nyamagana, Mwanza, Lake Zone, 33214, Tanzania, open, 185 students",city
TZA,-2.0314803,32.9760175,recipient,10,"Edoovillage #3123 - Tanzania, Ukerewe: Celestine Kasisi Prim","Ukerewe, Mwanza, Lake Zone, Tanzania, open, 400 students",city
TZA,-2.5196915,32.9014417,recipient,10,"Edoovillage #3124 - Tanzania, Mwanza: Lake Zone Secondary Sc","Mwanza, Nyamagana, Mwanza, Lake Zone, 33214, Tanzania, open, 45 students",city
TZA,-2.5196915,32.9014417,recipient,10,"Edoovillage #3125 - Tanzania, Mwanza: Bidii Secondary School","Mwanza, Nyamagana, Mwanza, Lake Zone, 33214, Tanzania, open, 450 students",city
MOZ,-22.779116,34.5661741,recipient,15,"Edoovillage #3126 - Mozambique, Inhambane: Instituto de Form","Inhambane, Zona Sul, Moçambique, completed, 120 students",city
IND,14.9562045,75.7896741,recipient,2,"Edoovillage #3127 - India, Karnataka: Childrens Home in Indi","Karnataka, India, completed, 8 students",city
UGA,0.1310412,30.0047968,recipient,4,"Edoovillage #3128 - Uganda, Kasese: South Rwenzori Diocese M","Kasese, Western Region, Uganda, open, 100 students",city
GHA,5.6337881,-2.2483906,recipient,0,"Edoovillage #3129 - Ghana, Manso Amenfi: Manso Amenfi Commun","Manso Amenfi, Amenfi Central District, Western Region, Ghana, open, 457 students",city
SLE,8.159153,-12.4314374,recipient,0,"Edoovillage #3130 - Sierra Leone, Moyamba: Baptist Secondary","Moyamba District, Southern Province, Sierra Leone, open, 318 students",city
NGA,6.8140077,3.9151668,recipient,0,"Edoovillage #3131 - Nigeria, Ijebu: Ibiade School | Solarder","Ìjẹ̀bú Òde, Ogun, Nigeria, open, 250 students",city
NGA,6.3861302,5.5826626,recipient,0,"Edoovillage #3132 - Nigeria, Uwelu, Benin City: Standard Fou","Uwelu, Egor, Edo, 300001, Nigeria, completed, 150 students",city
CHE,47.423043,8.5670553,recipient,0,"Edoovillage #3133 - Switzerland, Glattpark: Swiss NewEra","Glattpark, Glattbrugg, Opfikon, Bezirk Bülach, Zürich, 8152, Schweiz/Suisse/Svizzera/Svizra, completed, 15 students",city
CMR,4.1567895,9.2315915,recipient,0,"Edoovillage #3134 - Cameroon, Buea: Linux Friends Limbe - op","Buea, Fako, Southwest, Cameroun, completed, 10 students",city
TZA,-2.5196915,32.9014417,recipient,15,"Edoovillage #3135 - Tanzania, MWANZA: Tabasamu Primary Schoo","Mwanza, Nyamagana, Mwanza, Lake Zone, 33214, Tanzania, open, 420 students",city
UGA,0.1310412,30.0047968,recipient,1,"Edoovillage #3136 - Uganda, Kasese: Standard Infant School","Kasese, Western Region, Uganda, open, 250 students",city
UGA,-0.3390264,31.7465839,recipient,0,"Edoovillage #3137 - Uganda, Masaka City: SES Project UG-NOLS","Masaka City, Central Region, Uganda, open, 200 students",city
UGA,0.1310412,30.0047968,recipient,0,"Edoovillage #3138 - Uganda, Kasese: SAVE A MOTHER FOUNDATION","Kasese, Western Region, Uganda, open, 35 students",city
COD,-2.3394767,28.8034478,recipient,0,"Edoovillage #3139 - Congo (Kinshasa), Kashusha: Collège Jeng","Kashusha, Kabare, Sud-Kivu, République démocratique du Congo, open, 600 students",city
TZA,-2.5196915,32.9014417,recipient,10,"Edoovillage #3140 - Tanzania, Mwanza: St. Theresa Primary Sc","Mwanza, Nyamagana, Mwanza, Lake Zone, 33214, Tanzania, open, 630 students",city
TZA,-2.5196915,32.9014417,recipient,15,"Edoovillage #3141 - Tanzania, Mwanza: Nyakato Mennonite Engl","Mwanza, Nyamagana, Mwanza, Lake Zone, 33214, Tanzania, open, 278 students",city
TZA,-2.5196915,32.9014417,recipient,10,"Edoovillage #3142 - Tanzania, Mwanza: Fides Pre and Primary ","Mwanza, Nyamagana, Mwanza, Lake Zone, 33214, Tanzania, open, 117 students",city
TZA,-2.5196915,32.9014417,recipient,0,"Edoovillage #3143 - Tanzania, Mwanza: Nyamanoro Baptist Prim","Mwanza, Nyamagana, Mwanza, Lake Zone, 33214, Tanzania, open, 576 students",city
TZA,-2.5196915,32.9014417,recipient,15,"Edoovillage #3144 - Tanzania, mwanza: Christ the King Nyanta","Mwanza, Nyamagana, Mwanza, Lake Zone, 33214, Tanzania, open, 218 students",city
TZA,-2.5196915,32.9014417,recipient,15,"Edoovillage #3145 - Tanzania, Mwanza: Dream Big Montessori S","Mwanza, Nyamagana, Mwanza, Lake Zone, 33214, Tanzania, open, 422 students",city
TZA,-2.5196915,32.9014417,recipient,13,"Edoovillage #3146 - Tanzania, Mwanza: St. Caroli Pre and Pri","Mwanza, Nyamagana, Mwanza, Lake Zone, 33214, Tanzania, open, 357 students",city
TZA,-2.5196915,32.9014417,recipient,13,"Edoovillage #3147 - Tanzania, Mwanza: Loreto English Medium ","Mwanza, Nyamagana, Mwanza, Lake Zone, 33214, Tanzania, open, 428 students",city
CMR,3.8689867,11.5213344,recipient,0,"Edoovillage #3148 - Cameroon, Yaounde: Children's Fate","Communauté urbaine de Yaoundé, Mfoundi, Centre, Cameroun, open, 48 students",city
CMR,3.7990131,10.1265567,recipient,0,"Edoovillage #3149 - Cameroon, Edea: Lycee Classique Edea | I","Edéa, Édéa I, Communauté urbaine d'Édéa, Sanaga-Maritime, Littoral, Cameroun, open, 2872 students",city
GHA,4.927456,-1.7490216,recipient,0,"Edoovillage #3150 - Ghana, Sekondi-Takoradi: Nana Kwesi Badu","Sekondi-Takoradi, Sekondi Takoradi Metropolitan District, Western Region, Ghana, open, 611 students",city
GHA,6.100334,-0.2614572,recipient,0,"Edoovillage #3151 - Ghana, Koforidua: Koforidua Presby Basic","Koforidua, New Juaben South Municipal District, Eastern Region, Ghana, open, 750 students",city
KEN,-0.1029109,34.7541761,recipient,0,"Edoovillage #3152 - Kenya, Kisumu: Okiri Digital & Financial","Kisumu, City of Kisumu, Kisumu, Kenya, open, 20 students",city
ESP,41.3595118,2.0996318,recipient,0,"Edoovillage #3153 - Spain, L’Hospitalet de Llobregat: Associ","l'Hospitalet de Llobregat, Barcelonès, Barcelona, Catalunya, España, open, 107 students",city