iso,lat,lng,type,count,label,info,precision
ESP,41.3826,2.1771,donor,4,Labdoo Hub Barcelona @LaSalle,"Spain hub, 25% completed, 20 needed",exact
KEN,0.3917,34.016,donor,2,Labdoo Hub Busia,"Kenya hub, 11% completed, 18 needed",exact
USA,37.3362,-121.8906,donor,41,Labdoo Hub California (North),"United States hub, 67% completed, 62 needed",exact
USA,33.6857,-117.826,donor,576,Labdoo Hub California (South),"United States hub, 45% completed, 1303 needed",exact
CHN,30.6599,104.0633,donor,2,Labdoo Hub Chengdu OQ,"China hub, 0% completed, 0 needed",exact
BGD,23.7644,90.389,donor,0,"Labdoo Hub Dhaka, Bangladesh","Bangladesh hub, 0% completed, 0 needed",exact
IRL,53.2744,-9.0491,donor,0,Labdoo Hub Galway,"Ireland hub, 0% completed, 0 needed",exact
HKG,22.279,114.1725,donor,2,Labdoo Hub Hong Kong - Fleming,"Hong Kong S.A.R., China hub, 4% completed, 70 needed",exact
ESP,40.4168,-3.7035,donor,15,La Tabacalera - Madrid,"Spain hub, 58% completed, 36 needed",exact
AUS,50.8215,-0.1401,donor,48,Labdoo Hub Melbourne,"Australia hub, 78% completed, 65 needed",exact
USA,25.8195,-80.3553,donor,25,Labdoo Hub Miami - Doral,"United States hub, 78% completed, 33 needed",exact
USA,40.7127,-74.006,donor,93,Labdoo Hub Upper West - New York,"United States hub, 17% completed, 551 needed",exact
ITA,41.8933,12.4829,donor,170,Labdoo Hub Rome,"Italy hub, 63% completed, 278 needed",exact
TWN,25.0375,121.5637,donor,241,Labdoo Hub Taipei @EWB-Taiwan,"Taiwan hub, 100% completed, 235 needed",exact
ESP,40.4168,-3.7035,donor,4,Labdoo Hub Madrid - Medialab-Prado,"Spain hub, 100% completed, 2 needed",exact
ESP,41.1556,1.1076,donor,21,Labdoo School Hub Reus - Institut Baix Camp,"Spain hub, 100% completed, 7 needed",exact
ESP,41.2242,1.7256,donor,60,Labdoo School Hub Vilanova - Institut Baix a Mar,"Spain hub, 77% completed, 79 needed",exact
ESP,41.3464,1.6995,donor,193,Labdoo Hub Vilafranca Centre - El Hub de la Gestoria,"Spain hub, 68% completed, 325 needed",exact
ESP,41.3464,1.6995,donor,52,Labdoo School Hub Vilafranca - INS Eugeni d'ORS,"Spain hub, 83% completed, 71 needed",exact
TWN,24.8066,120.9687,donor,70,Labdoo Hub Taiwan @EWB-Taiwan,"Taiwan hub, 73% completed, 129 needed",exact
MEX,19.3208,-99.1515,donor,39,Labdoo Hub Mexico DF,"Mexico hub, 36% completed, 113 needed",exact
MEX,18.9915,-99.1025,donor,1,Labdoo Hub Tepoztlán,"Mexico hub, 0% completed, 0 needed",exact
PAK,33.9767,71.4373,donor,0,Labdoo Hub Hayatabad,"Pakistan hub, 0% completed, 0 needed",exact
DEU,51.0493,13.7381,donor,36,Labdoo Annahmestelle 01309 Dresden (Hub),"Germany hub, 88% completed, 42 needed",exact
ESP,41.7289,1.8287,donor,131,Labdoo Hub Manresa,"Spain hub, 62% completed, 295 needed",exact
ESP,60.3943,5.3259,donor,8,Labdoo Hub Berga,"Spain hub, 0% completed, 0 needed",exact
IND,13.0837,80.2702,donor,0,Labdoo Hub Mambalam,"India hub, 0% completed, 10 needed",exact
ALB,40.4708,19.4913,donor,0,Labdoo Hub Vlora,"Albania hub, 0% completed, 0 needed",exact
GTM,14.6416,-90.5133,donor,1,Labdoo Hub Guatemala City,"Guatemala hub, 9% completed, 11 needed",exact
ROU,44.4361,26.1027,donor,11,Labdoo Hub Bucharest,"Romania hub, 100% completed, 11 needed",exact
DEU,48.8376,10.093,donor,16,Labdoo Annahmestelle 73431 Aalen (Hub),"Germany hub, 0% completed, 0 needed",exact
NLD,51.6889,5.3031,donor,3,Labdoo Hub s-Hertogenbosch,"Netherlands hub, 0% completed, 0 needed",exact
MAR,33.5945,-7.62,donor,74,Labdoo Hub Casablanca,"Morocco hub, 43% completed, 219 needed",exact
AUT,47.583,12.1692,donor,31,Labdoo Annahmestelle 6330 Kufstein: kubi - Kufstein Bibliothek für Wissenschaft & Freizeit,"Austria hub, 100% completed, 4 needed",exact
ESP,41.3826,2.1771,donor,57,Labdoo School Hub  Barcelona Frederic Mistral - Tècnic Eulàlia,"Spain hub, 70% completed, 86 needed",exact
ROU,45.7538,21.2257,donor,0,Labdoo Hub Timisoara,"Romania hub, 0% completed, 0 needed",exact
USA,40.3451,-74.184,donor,25,Labdoo Hub Holmdel/New Jersey,"United States hub, 100% completed, 22 needed",exact
DEU,53.5502,10.0013,donor,186,[CLOSED] Labdoo Annahmestelle 21037 Hamburg - Kirchwerder: Tina Meier [zur Zeit geschlossen],"Germany hub, 59% completed, 353 needed",exact
DEU,48.4209,9.2591,donor,332,Labdoo Annahmestelle 72805 Schwäbische Alb (Hub),"Germany hub, 85% completed, 389 needed",exact
THA,8.2018,98.2984,donor,0,Labdoo Hub Phuket,"Thailand hub, 0% completed, 0 needed",exact
USA,54.6667,-1.75,donor,28,"Labdoo Hub Durham, North Carolina","United States hub, 100% completed, 18 needed",exact
ESP,41.3464,1.6995,donor,47,Labdoo School Hub Vilafranca - Escola Montagut,"Spain hub, 100% completed, 58 needed",exact
ESP,40.4168,-3.7035,donor,74,Labdoo School Hub Madrid - IES Villablanca,"Spain hub, 59% completed, 164 needed",exact
IND,13.0492,80.2243,donor,0,Labdoo Hub Chennai,"India hub, 0% completed, 0 needed",exact
ESP,41.3826,2.1771,donor,5,Labdoo Hub Barcelona @Itnig,"Spain hub, 0% completed, 0 needed",exact
DEU,51.267,7.1952,donor,640,Labdoo Annahmestelle 42287 Wuppertal-Barmen (Hub),"Germany hub, 100% completed, 228 needed",exact
DEU,48.1371,11.5754,donor,2031,Labdoo Annahmestelle 80804 München (Hub),"Germany hub, 69% completed, 3124 needed",exact
ESP,41.3826,2.1771,donor,124,Labdoo School Hub Barcelona - Aula Escola Europea,"Spain hub, 72% completed, 172 needed",exact
ESP,41.4728,2.0818,donor,0,Labdoo hub Barcelona @ESADE,"Spain hub, 0% completed, 0 needed",exact
ESP,43.3624,-1.7914,donor,4,Labdoo Hub Hondarribia - Euskadi,"Spain hub, 60% completed, 10 needed",exact
DNK,0.0,0.0,donor,0,Labdoo Hub Copenhaguen Business School,"Denmark hub, 0% completed, 0 needed",exact
ESP,41.3826,2.1771,donor,52,Labdoo Hub Barcelona Amics de Gracia,"Spain hub, 73% completed, 72 needed",exact
USA,33.617,-117.9294,donor,4,Labdoo School Hub California - Corona del Mar,"United States hub, 0% completed, 0 needed",exact
DEU,52.5174,13.3951,donor,316,Die Wille gGmbH,"Germany hub, 86% completed, 384 needed",exact
ESP,41.3854,1.6108,donor,25,Labdoo Hub Sant Martí Sarroca,"Spain hub, 100% completed, 24 needed",exact
AUT,48.5435,14.385,donor,20,Labdoo Hub Mühlviertel (OÖ),"Austria hub, 80% completed, 25 needed",exact
DEU,49.4539,11.0773,donor,342,Labdoo Annahmestelle 90402 Nürnberg (Hub),"Germany hub, 98% completed, 376 needed",exact
USA,33.6857,-117.826,donor,4,Labdoo School Hub California - Irvine High School,"United States hub, 0% completed, 0 needed",exact
USA,40.7127,-74.006,donor,23,Labdoo Hub Broadway - New York,"United States hub, 39% completed, 58 needed",exact
DEU,50.1106,8.6821,donor,119,Labdoo Annahmestelle 60487 Frankfurt am Main: [zur Zeit geschlossen],"Germany hub, 73% completed, 162 needed",exact
ESP,41.3464,1.6995,donor,398,Labdoo School Hub Vilafranca - Col·legi Vedruna Sant Elies,"Spain hub, 98% completed, 445 needed",exact
ESP,40.4933,-3.8758,donor,10,Labdoo School Hub Madrid - Colegio Balder,"Spain hub, 23% completed, 43 needed",exact
DEU,53.0758,8.8072,donor,347,Labdoo Annahmestelle 28215 Bremen (Hub),"Germany hub, 100% completed, 266 needed",exact
DEU,47.9961,7.8494,donor,155,Labdoo Annahmestelle 79104 Freiburg Baden [zur Zeit geschlossen],"Germany hub, 81% completed, 200 needed",exact
DEU,51.4273,6.8829,donor,26276,Labdoo Annahmestelle 45478 MH / Rhein-Ruhr (Hub),"Germany hub, 77% completed, 35095 needed",exact
AUT,47.7981,13.0465,donor,823,Labdoo Hub Salzburg,"Austria hub, 82% completed, 1027 needed",exact
CHE,47.3339,8.3844,donor,7381,Labdoo Hub Zürich (Schweiz),"Switzerland hub, 95% completed, 7768 needed",exact
ESP,41.3464,1.6995,donor,2,Labdoo Hub Vilafranca @ Torres,"Spain hub, 0% completed, 0 needed",exact
ESP,41.4728,2.0818,donor,5,Labdoo School Hub - Agora Sant Cugat International,"Spain hub, 25% completed, 20 needed",exact
AUT,48.2084,16.3725,donor,31,Labdoo Hub Wien:  SANI,"Austria hub, 97% completed, 35 needed",exact
ESP,41.3826,2.1771,donor,1086,Labdoo Hub Barcelona @I2CAT Campus Nord,"Spain hub, 70% completed, 1723 needed",exact
DEU,51.5726,8.1061,donor,6,Labdoo Annahmestelle 59494 Soest: Kulturhaus Alter Schlachthof,"Germany hub, 0% completed, 0 needed",exact
DEU,52.5174,13.3951,donor,538,Labdoo Annahmestelle 12103 Berlin-Schöneberg: AfB gGmbH Shop Berlin,"Germany hub, 0% completed, 0 needed",exact
DEU,50.6087,10.6926,donor,2,Labdoo Annahmestelle 98527 Suhl: Frank Hoffmann,"Germany hub, 0% completed, 0 needed",exact
DEU,51.5142,7.4653,donor,15,Labdoo Annahmestelle 44263 Dortmund - Hörde (Phoenixsee),"Germany hub, 0% completed, 0 needed",exact
DEU,51.2254,6.7763,donor,88,Labdoo Annahmestelle 40227 Düsseldorf  (Nähe Hauptbahnhof): Dirk Balzer,"Germany hub, 100% completed, 20 needed",exact
DEU,51.264,7.178,donor,62,Labdoo Annahmestelle 42327 Wuppertal: GEPA - The Fair Trade Company,"Germany hub, 0% completed, 0 needed",exact
DEU,51.4582,7.0158,donor,753,Labdoo Annahmestelle 45139 Essen: AfB gGmbH Shop Essen,"Germany hub, 0% completed, 0 needed",exact
DEU,52.3745,9.7386,donor,209,Labdoo Annahmestelle 30165 Hannover: AfB gGmbH Shop Hannover,"Germany hub, 0% completed, 0 needed",exact
DEU,51.6577,6.6171,donor,29,Labdoo Annahmestelle 46485 Wesel: Stefan Abeln,"Germany hub, 0% completed, 0 needed",exact
DEU,53.7468,13.1115,donor,5,Labdoo Annahmestelle 15366 Neuenhagen bei Berlin: Holger Höing,"Germany hub, 0% completed, 0 needed",exact
DEU,48.9414,8.4076,donor,222,Labdoo Annahmestelle 76275 Ettlingen: AfB gGmbH Shop Ettlingen,"Germany hub, 0% completed, 0 needed",exact
DEU,51.4273,6.8829,donor,36,Labdoo Annahmestelle 45473 Mülheim an der Ruhr: VHS Volkshochschule,"Germany hub, 0% completed, 0 needed",exact
DEU,53.5502,10.0013,donor,261,Labdoo Annahmestelle 21035 Hamburg - Bergedorf:  PC112 PCFeuerwehr GmbH [nach Absprache geöffnet],"Germany hub, 86% completed, 303 needed",exact
DEU,53.5502,10.0013,donor,55,Labdoo Annahmestelle 22761 Hamburg - Bahrenfeld,"Germany hub, 0% completed, 0 needed",exact
DEU,49.4539,11.0773,donor,67,Labdoo Annahmestelle 90427 Nürnberg: Raphael Seebröker,"Germany hub, 100% completed, 70 needed",exact
AUT,48.5166,13.8733,donor,0,Annahmestelle Putzleinsdorf: Judith Fuchs,"Austria hub, 0% completed, 0 needed",exact
AUT,48.2084,16.3725,donor,1,Annahmestelle Wien Liesing (23. Bezirk): AfB Shop,"Austria hub, 0% completed, 0 needed",exact
DEU,50.7353,7.1025,donor,981,Labdoo Annahmestelle 53173 Bonn: Ulrich Egger (Hub),"Germany hub, 80% completed, 1291 needed",exact
DEU,50.8032,6.4821,donor,335,Labdoo Annahmestelle 52353 Düren: AfB gGmbH Shop Düren,"Germany hub, 0% completed, 0 needed",exact
DEU,50.9384,6.96,donor,107,Labdoo Annahmestelle 51103 Köln: AfB gGmbH Store Köln,"Germany hub, 0% completed, 0 needed",exact
CHE,46.9878,7.386,donor,0,Annahmestelle 3043 Uettligen (BE),"Switzerland hub, 0% completed, 0 needed",exact
CHE,46.1003,7.7824,donor,3,Annahmestelle 3928 Randa (VS),"Switzerland hub, 0% completed, 0 needed",exact
CHE,46.2913,7.8812,donor,0,GESCHLOSSEN: Annahmestelle 3930 Visp (VS),"Switzerland hub, 0% completed, 0 needed",exact
CHE,47.4993,7.5575,donor,0,GESCHLOSSEN: Annahmestelle 4106 Therwil (BL),"Switzerland hub, 0% completed, 0 needed",exact
CHE,47.4122,8.2302,donor,0,Annahmestelle 5506 Mägenwil (AG),"Switzerland hub, 0% completed, 0 needed",exact
CHE,47.1215,7.9966,donor,0,Annahmestelle 6130 Willisau (LU),"Switzerland hub, 0% completed, 0 needed",exact
CHE,47.4318,8.468,donor,0,GESCHLOSSEN: Annahmestelle 8105 Regensdorf (ZH),"Switzerland hub, 0% completed, 0 needed",exact
CHE,47.4166,8.592,donor,0,GESCHLOSSEN: Annahmestelle 8304 Wallisellen (ZH),"Switzerland hub, 0% completed, 0 needed",exact
CHE,47.3899,8.6905,donor,0,GESCHLOSSEN: Annahmestelle 8604 Volketswil (ZH),"Switzerland hub, 0% completed, 0 needed",exact
CHE,47.0598,8.8035,donor,0,Annahmestelle 8842 Unteriberg (SZ),"Switzerland hub, 0% completed, 0 needed",exact
CHE,47.3339,8.3844,donor,0,Annahmestelle 8966 Oberwil-Lieli (AG),"Switzerland hub, 0% completed, 0 needed",exact
CHE,47.4256,9.3762,donor,0,Annahmestelle 9001 St. Gallen (SG),"Switzerland hub, 0% completed, 0 needed",exact
CHE,47.6464,9.1726,donor,0,Annahmestelle 8280 Kreuzlingen (TG),"Switzerland hub, 0% completed, 0 needed",exact
CHE,47.1402,7.2439,donor,0,Annahmestelle 2500 Biel/Bienne (BE),"Switzerland hub, 0% completed, 0 needed",exact
USA,33.6857,-117.826,donor,95,Labdoo Hub California @PeopleSpace,"United States hub, 0% completed, 0 needed",exact
DEU,51.4696,6.8514,donor,36,Labdoo Annahmestelle 46117 Oberhausen: Ajdin Halilovic,"Germany hub, 0% completed, 0 needed",exact
ESP,41.4599,2.0505,donor,0,Labdoo Hub Casal d'Avis de Valldoreix,"Spain hub, 0% completed, 0 needed",exact
AUT,47.7981,13.0465,donor,0,Annahmestelle Salzburg: Amref Austria,"Austria hub, 0% completed, 0 needed",exact
AUT,47.0709,15.4383,donor,5,Annahmestelle Graz Zentrum,"Austria hub, 0% completed, 0 needed",exact
AUT,47.7791,13.0409,donor,0,Annahmestelle Salzburg-Gneis: Weltladen Salzburg-Gneis,"Austria hub, 0% completed, 0 needed",exact
AUT,47.9568,13.1978,donor,0,Annahmestelle Köstendorf: EZA Fairer Handel,"Austria hub, 0% completed, 0 needed",exact
AUT,47.7981,13.0465,donor,21,Annahmestelle Salzburg: Pfarre Maria-Hilf in Leopoldskron-Moos,"Austria hub, 0% completed, 0 needed",exact
AUT,47.2834,11.4298,donor,5,Annahmestelle Innsbruck:  Mittelschule Olympisches Dorf,"Austria hub, 0% completed, 0 needed",exact
CHE,47.1755,8.8987,donor,0,GESCHLOSSEN: Annahmestelle 8854 Siebnen (SZ),"Switzerland hub, 0% completed, 0 needed",exact
DEU,51.435,6.7596,donor,25,AB Druck & Versand GmbH,"Germany hub, 0% completed, 0 needed",exact
ESP,41.3599,2.0998,donor,0,Labdoo School Hub Barcelona - Institut Pedraforca,"Spain hub, 0% completed, 0 needed",exact
ESP,41.5916,2.2422,donor,25,Labdoo Hub Lliçà de Vall - Obra Tutelar Agraria (OTA),"Spain hub, 100% completed, 24 needed",exact
CHE,46.9412,8.2737,donor,0,Annahmestelle 6055 Alpnach (OW),"Switzerland hub, 0% completed, 0 needed",exact
DEU,50.9929,7.1277,donor,60,Labdoo Annahmestelle 51429 Bergisch Gladbach: Frank Dietz (Freifunk),"Germany hub, 100% completed, 45 needed",exact
COL,40.9224,-1.4997,donor,82,Labdoo Hub Medellín / Divergente,"Colombia hub, 67% completed, 134 needed",exact
CHE,47.3187,7.6698,donor,0,GESCHLOSSEN: Annahmestelle 4500 Solothurn (SO),"Switzerland hub, 0% completed, 0 needed",exact
DEU,48.1371,11.5754,donor,174,Labdoo Annahmestelle 80335 München: Kinder- und Jugendmuseum München [zur Zeit nicht aktiv],"Germany hub, 0% completed, 0 needed",exact
DEU,50.2001,9.14,donor,12,Labdoo Annahmestelle 63584 Gründau-Lieblos: Malteser Hilfsdienst Kreisgeschäftsstelle Main-Kinzig-Kreis,"Germany hub, 0% completed, 0 needed",exact
DEU,51.5142,7.4653,donor,57,Labdoo Annahmestelle 44263 Dortmund (Hub),"Germany hub, 100% completed, 57 needed",exact
DEU,48.248,11.8773,donor,16,Labdoo Annahmestelle 85457 Hofsingelding: Anna Maria Blau (ADIA Erding e.V.),"Germany hub, 0% completed, 0 needed",exact
DEU,50.5542,9.677,donor,4,Labdoo Annahmestelle 36039 Fulda: Malteser Hilfsdienst Diözesangeschäftsstelle,"Germany hub, 0% completed, 0 needed",exact
DEU,50.0949,8.4229,donor,672,Labdoo Annahmestelle 65719 Hofheim am Taunus: Tobias Schmidtke,"Germany hub, 100% completed, 65 needed",exact
LUX,49.8159,6.1297,donor,0,EuropaHub Lux,"Luxembourg hub, 0% completed, 0 needed",exact
ARE,25.0743,55.1885,donor,0,Labdoo Hub Dubai - World Trade Center,"United Arab Emirates hub, 0% completed, 0 needed",exact
CHE,47.4051,8.4031,donor,0,Annahmestelle 8953 Dietikon (ZH),"Switzerland hub, 0% completed, 0 needed",exact
CHE,47.2413,8.7349,donor,0,Annahmestelle 8712 Stäfa (ZH),"Switzerland hub, 0% completed, 0 needed",exact
CHE,47.3497,7.9038,donor,0,GESCHLOSSEN: Annahmestelle 4600 Olten (SO),"Switzerland hub, 0% completed, 0 needed",exact
ESP,41.3464,1.6995,donor,17,Labdoo City Hub Vilafranca del Penedes - Escorxador,"Spain hub, 100% completed, 3 needed",exact
ESP,41.6849,2.2866,donor,0,Labdoo Hub La Garriga - eXplorium,"Spain hub, 0% completed, 0 needed",exact
ESP,41.3826,2.1771,donor,26,Labdoo Hub Barcelona BaseTIS,"Spain hub, 100% completed, 10 needed",exact
CHE,46.9485,7.4522,donor,0,GESCHLOSSEN: Annahmestelle 3027 Bern (BE),"Switzerland hub, 0% completed, 0 needed",exact
ESP,60.3943,5.3259,donor,0,Labdoo Hub Berga - Inforber,"Spain hub, 0% completed, 0 needed",exact
ESP,41.7289,1.8287,donor,0,Labdoo Hub Manresa - Inforber,"Spain hub, 0% completed, 0 needed",exact
DEU,51.2254,6.7763,donor,742,Labdoo Annahmestelle 40233 Düsseldorf - Flingern: AWISTA Kommunal Recyclinghof Flingern,"Germany hub, 0% completed, 0 needed",exact
ESP,39.4697,-0.3763,donor,11,Labdoo Hub Valencia - Antiguos Alumnos UPV,"Spain hub, 0% completed, 0 needed",exact
DEU,52.3716,12.9329,donor,45,Labdoo Annahmestelle 14542 Werder: Jürgen Weinreich,"Germany hub, 100% completed, 13 needed",exact
CHE,48.3658,7.293,donor,0,Annahmestelle 4226 Breitenbach (SO),"Switzerland hub, 0% completed, 0 needed",exact
USA,42.2586,-87.8407,donor,48,TechAnnex,"United States hub, 100% completed, 3 needed",exact
DEU,51.435,6.7596,donor,42,Labdoo Annahmestelle 47167 Duisburg Röttgersbach: Recyclingzentrum Nord Wirtschaftsbetriebe Duisburg,"Germany hub, 0% completed, 0 needed",exact
DEU,51.435,6.7596,donor,19,Labdoo Annahmestelle 47053 Duisburg Hochfeld: Recyclinghof Mitte Wirtschaftsbetriebe Duisburg / R(h)einladen,"Germany hub, 0% completed, 0 needed",exact
DEU,51.435,6.7596,donor,402,Labdoo Annahmestelle 47059 Duisburg - Innenhafen: Wirtschaftsbetriebe Duisburg (H2Office),"Germany hub, 0% completed, 0 needed",exact
ESP,41.608,2.2876,donor,20,Labdoo Hub Granollers - Educem,"Spain hub, 100% completed, 12 needed",exact
GRC,33.9598,-83.3764,donor,0,Labdoo Hub Athens,"Greece hub, 0% completed, 5 needed",exact
USA,34.0554,-117.7517,donor,9,"Labdoo Hub California Polytechnic State University, Pomona","United States hub, 0% completed, 0 needed",exact
ESP,41.3464,1.6995,donor,3,Labdoo School Hub Vilafranca - Col·legi Sant Josep,"Spain hub, 100% completed, 3 needed",exact
DOM,18.4937,-69.8384,donor,0,Labdoo Hub Santo Domingo (Dominican Republic),"Dominican Republic hub, 0% completed, 0 needed",exact
NZL,-36.8521,174.7632,donor,184,Labdoo Hub Auckland,"New Zealand hub, 75% completed, 288 needed",exact
NLD,52.3731,4.8925,donor,0,Labdoo Hub Amsterdam,"Netherlands hub, 0% completed, 0 needed",exact
ESP,41.3464,1.6995,donor,32,Labdoo City Hub Vilafranca del Penedes - Biblioteca Torras i Bages,"Spain hub, 0% completed, 0 needed",exact
CHE,47.3927,8.0444,donor,0,GESCHLOSSEN: Annahmestelle 5000 Aarau (AG),"Switzerland hub, 0% completed, 0 needed",exact
CHE,47.4309,8.5589,donor,0,GESCHLOSSEN: Annahmestelle 8152 Glattbrugg (ZH),"Switzerland hub, 0% completed, 0 needed",exact
HKG,22.2793,114.1629,donor,22,Labdoo Hub Hong Kong - Central,"Hong Kong S.A.R., China hub, 53% completed, 45 needed",exact
DEU,51.1982,6.6916,donor,15,Neukirchener Erziehungsverein,"Germany hub, 0% completed, 0 needed",exact
DEU,51.4414,6.5468,donor,1,Labdoo Annahmestelle 47506 Neukirchen-Vluyn: Neukirchener Erziehungsverein,"Germany hub, 0% completed, 0 needed",exact
CHE,46.8895,7.311,donor,0,GESCHLOSSEN: Annahmestelle 3175 Flamatt (FR),"Switzerland hub, 0% completed, 0 needed",exact
AUT,46.6239,14.3076,donor,0,Annahmestelle AfB Klagenfurt,"Austria hub, 0% completed, 0 needed",exact
USA,37.3362,-121.8906,donor,0,Labdoo Hub Melody Semiconductors,"United States hub, 0% completed, 0 needed",exact
USA,37.4443,-122.1598,donor,9,Labdoo Hub-Palo Alto,"United States hub, 0% completed, 0 needed",exact
ESP,41.3826,2.1771,donor,14,Labdoo Hub - Associació Catalana d’Enginyers de Telecomunicació,"Spain hub, 0% completed, 0 needed",exact
DEU,50.0172,8.7843,donor,9,Labdoo Annahmestelle 63128 Dietzenbach: Amira Bieber,"Germany hub, 0% completed, 0 needed",exact
DEU,49.3424,8.6595,donor,338,Labdoo Annahmestelle 69207 Sandhausen / Rhein-Neckar: Heinrich Wegener (Hub),"Germany hub, 100% completed, 129 needed",exact
AUT,0.0,0.0,donor,6,Annahmestelle Rossmann,"Austria hub, 0% completed, 0 needed",exact
ESP,41.4536,1.7017,donor,0,Labdoo City Hub Sant Pere de Riudebitlles - Biblioteca Maria Àngels Torrents,"Spain hub, 0% completed, 0 needed",exact
ESP,41.4628,1.6652,donor,0,Labdoo City Hub Sant Quintí de Mediona - Biblioteca Joan Sardà i Lloret,"Spain hub, 0% completed, 0 needed",exact
ESP,41.4245,1.7864,donor,0,Labdoo City Hub Sant Sadurní d’Anoia - Biblioteca Ramon Bosch de Noya,"Spain hub, 0% completed, 0 needed",exact
ESP,41.3213,1.6624,donor,16,Labdoo City Hub Santa Margarida i els Monjos - Biblioteca Santa Margarida i els Monjos,"Spain hub, 0% completed, 0 needed",exact
ESP,41.2619,1.7721,donor,4,Labdoo City Hub Sant Pere de Ribes - Biblioteca Manuel de Pedrolo,"Spain hub, 0% completed, 0 needed",exact
ESP,41.2619,1.7721,donor,3,Labdoo City Hub Sant Pere de Ribes - Biblioteca Josep Pla,"Spain hub, 0% completed, 0 needed",exact
ESP,41.2367,1.8228,donor,0,Labdoo City Hub Sitges - Biblioteca Santiago Rusiñol,"Spain hub, 0% completed, 0 needed",exact
ESP,41.2367,1.8228,donor,2,Labdoo City Hub Sitges - Biblioteca Josep Roig i Raventós,"Spain hub, 0% completed, 0 needed",exact
ESP,41.2242,1.7256,donor,2,Labdoo City Hub Vilanova i la Geltrú - Biblioteca Joan Oliva i Milà,"Spain hub, 0% completed, 0 needed",exact
ESP,41.2242,1.7256,donor,4,Labdoo City Hub Vilanova i la Geltrú - Biblioteca Armand Cardona Torrandell,"Spain hub, 0% completed, 0 needed",exact
ESP,41.3464,1.6995,donor,0,Labdoo Mobile Hub Vilafranca del Penedes - BIBLIOBUS CASTELLOT,"Spain hub, 0% completed, 0 needed",exact
ESP,41.3464,1.6995,donor,0,Labdoo Mobile Hub Vilafranca del Penedes - BIBLIOBUS MONTAU,"Spain hub, 0% completed, 0 needed",exact
AUT,48.2044,15.6229,donor,15,"EVI  Naturkost, Laptopsammelstelle und Restaurant","Austria hub, 0% completed, 0 needed",exact
AUT,47.2922,9.6535,donor,0,Labdoo Hub Vorarlberg,"Austria hub, 0% completed, 2 needed",exact
VEN,9.7423,-63.1889,donor,0,Labdoo Hub Venezuela - Maturin,"Venezuela hub, 0% completed, 0 needed",exact
DEU,51.1982,6.6916,donor,29,Labdoo Annahmestelle 41460 Neuss:  SPD Geschäftsstelle Neuss,"Germany hub, 0% completed, 0 needed",exact
DEU,51.1584,8.3744,donor,41,WEISELBERG e.V.,"Germany hub, 66% completed, 63 needed",exact
CHE,47.4256,9.3762,donor,0,"GESCHLOSSEN: Annahmestelle 9001 St. Gallen (SG), Bahnhof","Switzerland hub, 0% completed, 0 needed",exact
CHE,47.671,8.6351,donor,0,GESCHLOSSEN: Annahmestelle 8248 Uhwiesen (ZH),"Switzerland hub, 0% completed, 0 needed",exact
ESP,41.3826,2.1771,donor,87,Escola Monlau,"Spain hub, 100% completed, 30 needed",exact
ESP,42.194,-7.5371,donor,5,Labdoo School Hub Ourense - CIFP A Carballeira-Márcos Valcarcel,"Spain hub, 46% completed, 15 needed",exact
USA,44.0143,-73.1672,donor,0,Middlebury College Laptop Hub,"United States hub, 0% completed, 0 needed",exact
ESP,41.4728,2.0818,donor,1111,Labdoo City Hub Sant Cugat,"Spain hub, 50% completed, 2876 needed",exact
CHE,47.3656,8.782,donor,0,Annahmestelle 8808 Pfäffikon (SZ),"Switzerland hub, 0% completed, 0 needed",exact
GBR,51.752,-1.2578,donor,34,Labdoo Hub Oxford,"United Kingdom hub, 23% completed, 153 needed",exact
USA,33.6857,-117.826,donor,3,WeServe Leadership Program,"United States hub, 10% completed, 30 needed",exact
ESP,40.4168,-3.7035,donor,30,Labdoo School Hub Madrid - IES Arquitecto Ventura Rodríguez,"Spain hub, 100% completed, 16 needed",exact
ESP,38.8782,-6.9701,donor,0,IES Castelar (Badajoz),"Spain hub, 0% completed, 0 needed",exact
CHE,47.3339,8.3844,donor,0,ZENTRALLAGER und Aufbereitungsstelle: 8966 Oberwil-Lieli (AG),"Switzerland hub, 0% completed, 0 needed",exact
GBR,52.3062,-0.1006,donor,0,Labdoo Hub Cambridge,"United Kingdom hub, 0% completed, 0 needed",exact
CHE,47.3683,8.8234,donor,0,Annahmestelle 8335 Hittnau (ZH),"Switzerland hub, 0% completed, 0 needed",exact
ESP,41.2242,1.7256,donor,1,Labdoo School Hub Vilanova - Institut Municipal d'Educació i Treball (IMET),"Spain hub, 0% completed, 0 needed",exact
ESP,43.263,-2.935,donor,0,CIFP Elorrieta Erreka Mari,"Spain hub, 0% completed, 0 needed",exact
ROU,-12.9792,-44.0506,donor,0,Romania Santana Liceul Technologie 'Stefan Hell',"Romania hub, 0% completed, 0 needed",exact
MNG,47.9185,106.9177,donor,31,Labdoo Hub Ulaanbaatar,"Mongolia hub, 56% completed, 55 needed",exact
ESP,41.491,2.1375,donor,0,Labdoo School Hub Cerdanyola - FEDAC,"Spain hub, 0% completed, 0 needed",exact
ESP,31.2715,-95.9953,donor,1,Labdoo Dropping Point Leon España,"Spain hub, 0% completed, 0 needed",exact
DEU,48.1371,11.5754,donor,311,Labdoo Annahmestelle 81245 München: Pasing,"Germany hub, 100% completed, 9 needed",exact
CHE,46.5349,6.5928,donor,0,GESCHLOSSEN/FERME: Annahmestelle 1020 Renens (VD),"Switzerland hub, 0% completed, 0 needed",exact
DEU,51.4818,7.2197,donor,19,Labdoo Annahmestelle 44799 Bochum: Center for Advanced Internet Studies (CAIS) gGmbH,"Germany hub, 0% completed, 0 needed",exact
ESP,41.3464,1.6995,donor,155,Labdoo School Hub Vilafranca - Institut Alt Penedès,"Spain hub, 100% completed, 142 needed",exact
ESP,28.5233,-16.3408,donor,0,Labdoo Hub Canary Islands - Tegueste,"Spain hub, 0% completed, 0 needed",exact
ESP,41.4494,2.2483,donor,0,Labdoo Hub Badalona - Plaça de Carme Guasch,"Spain hub, 0% completed, 0 needed",exact
DEU,53.0758,8.8072,donor,7,Labdoo Annahmestelle 28215 Bremen Findorff (Ajimba African Tours),"Germany hub, 0% completed, 0 needed",exact
USA,37.3362,-121.8906,donor,14,Labdoo Hub Sewa Bay Area,"United States hub, 28% completed, 50 needed",exact
CHE,47.5124,7.7655,donor,0,GESCHLOSSEN: Annahmestelle 4422 Arisdorf (BL),"Switzerland hub, 0% completed, 0 needed",exact
CHE,46.7254,7.6201,donor,0,GESCHLOSSEN: Annahmestelle 3645 Gwatt/Thun (BE),"Switzerland hub, 0% completed, 0 needed",exact
CHE,47.4803,9.5368,donor,0,GESCHLOSSEN: Annahmestelle 9422 Staad/Thal (SG),"Switzerland hub, 0% completed, 0 needed",exact
ROU,47.2628,22.1301,donor,0,Romania Oradea - Saniob,"Romania hub, 0% completed, 0 needed",exact
GBR,50.8215,-0.1401,donor,12,Revive: University of Sussex Enactus Hub,"United Kingdom hub, 48% completed, 25 needed",exact
ESP,41.3826,2.1771,donor,4,Labdoo School Hub Barcelona - Institut Joan d'Àustria,"Spain hub, 100% completed, 4 needed",exact
CHE,47.3075,8.5546,donor,0,Annahmestelle 8803 Rüschlikon (ZH),"Switzerland hub, 0% completed, 0 needed",exact
CHE,47.3744,8.541,donor,0,"Annahmestelle 8048 Zürich (ZH), Altstetten","Switzerland hub, 0% completed, 0 needed",exact
USA,40.7455,-73.9485,donor,0,Labdoo Hub Long Island City - New York,"United States hub, 0% completed, 0 needed",exact
ESP,37.0184,-4.5597,donor,0,IES. Los Colegiales. Antequera.,"Spain hub, 0% completed, 0 needed",exact
DEU,48.1371,11.5754,donor,217,Labdoo Annahmestelle 80796 München: Schwabing-West,"Germany hub, 100% completed, 126 needed",exact
ESP,41.4409,1.8634,donor,0,Labdoo School Hub Gelida - Institut Gelida,"Spain hub, 0% completed, 0 needed",exact
DEU,51.3158,9.4978,donor,96,Labdoo Annahmestelle 34134 Kassel (Hub),"Germany hub, 100% completed, 42 needed",exact
DEU,53.5998,9.4754,donor,348,Labdoo Annahmestelle 21680 Stade (Hub),"Germany hub, 100% completed, 198 needed",exact
ESP,41.2083,1.6731,donor,2,Labdoo City Hub Cubelles - Deixalleria,"Spain hub, 0% completed, 0 needed",exact
ESP,41.2083,1.6731,donor,2,Labdoo City Hub Cubelles - Biblioteca Municipal Mn Joan Avinyo i Andreu de Cubelles,"Spain hub, 0% completed, 0 needed",exact
ESP,41.2083,1.6731,donor,10,Labdoo City Hub Cubelles - Centre Social Ajuntament de Cubelles,"Spain hub, 100% completed, 1 needed",exact
ESP,41.9793,2.8199,donor,115,Labdoo Hub Girona - Avgda Lluís Pericot,"Spain hub, 81% completed, 160 needed",exact
ESP,41.608,2.2876,donor,2,Labdoo School Hub Granollers - Escola Pia,"Spain hub, 10% completed, 20 needed",exact
GBR,51.3397,0.7342,donor,0,Labdoo Hub Sittingbourne -  The Swale Labdoo Hub,"United Kingdom hub, 0% completed, 0 needed",exact
DEU,53.891,11.4648,donor,14,Labdoo Annahmestelle 23968 Wismar - Wendorf,"Germany hub, 0% completed, 0 needed",exact
USA,40.7127,-74.006,donor,3,Labdoo Hub Soho  - New York,"United States hub, 0% completed, 0 needed",exact
ESP,41.4728,2.0818,donor,64,Labdoo School Hub Sant Cugat - Aula de So,"Spain hub, 73% completed, 100 needed",exact
ESP,41.3826,2.1771,donor,4,Labdoo Hub Barcelona - Probike,"Spain hub, 0% completed, 0 needed",exact
CHE,47.4992,8.7291,donor,0,GESCHLOSSEN: Annahmestelle 8404 Winterthur (ZH),"Switzerland hub, 0% completed, 0 needed",exact
ESP,41.3777,2.09,donor,9,Labdoo Hub - Esplugues de Llobregat,"Spain hub, 0% completed, 0 needed",exact
KEN,-4.2945,39.5712,donor,100,Hub Ukunda UJUZI na UFUNDI Vocational Training Institute in Cooperation with Humanitas activa,"Kenya hub, 96% completed, 104 needed",exact
GEO,41.6935,44.8014,donor,0,Tblisi,"Georgia hub, 0% completed, 0 needed",exact
CHE,46.8064,9.2581,donor,0,Annahmestelle 7031 Laax (GR),"Switzerland hub, 0% completed, 0 needed",exact
ESP,0.0,0.0,donor,52,Labdoo City Hub Vilafranca del Penedès - La Nau,"Spain hub, 100% completed, 8 needed",exact
DEU,51.3406,12.3747,donor,69,Labdoo Annahmestelle 04229 Leipzig: DATA REVERSE,"Germany hub, 0% completed, 0 needed",exact
CHE,47.4053,9.6356,donor,0,Annahmestelle 9443 Widnau (SG),"Switzerland hub, 0% completed, 0 needed",exact
ESP,41.1172,1.2546,donor,49,URV-MongolRally-GoCharlieGo,"Spain hub, 100% completed, 17 needed",exact
ESP,41.9793,2.8199,donor,17,Labdoo Hub Girona @ Gimnàs Escola Avança,"Spain hub, 0% completed, 0 needed",exact
ESP,41.3826,2.1771,donor,114,Labdoo Hub Casa Orlandai,"Spain hub, 0% completed, 0 needed",exact
DEU,53.5502,10.0013,donor,69,Labdoo Annahmestelle 20146 Hamburg - Rotherbaum: Daniel Heydebreck am DKRZ [selten geöffnet],"Germany hub, 0% completed, 0 needed",exact
ESP,40.4168,-3.7035,donor,32,Labdoo Hub Madrid - IES Clara del Rey,"Spain hub, 100% completed, 31 needed",exact
CHE,47.3528,8.3701,donor,0,Annahmestelle 8965 Berikon (AG),"Switzerland hub, 0% completed, 0 needed",exact
CHE,47.408,9.4651,donor,0,Annahmestelle 9043 Trogen (AR),"Switzerland hub, 0% completed, 0 needed",exact
ESP,41.4728,2.0818,donor,1,Labdoo City Hub Sant Cugat - Ambiteca,"Spain hub, 10% completed, 40 needed",exact
ESP,41.4728,2.0818,donor,1,Labdoo School Hub Sant Cugat - Escola Santa Isabel,"Spain hub, 0% completed, 0 needed",exact
ESP,41.3826,2.1771,donor,51,Labdoo Hub AUCOOP UPC,"Spain hub, 76% completed, 107 needed",exact
IND,28.6139,77.209,donor,2,Labdoo Hub New Delhi,"India hub, 13% completed, 15 needed",exact
FIN,60.205,24.656,donor,0,Labdoo Hub Espoo,"Finland hub, 0% completed, 0 needed",exact
BEL,50.8792,4.7012,donor,7,Labdoo Hub Leuven,"Belgium hub, 11% completed, 63 needed",exact
CHE,47.5075,8.0203,donor,0,GESCHLOSSEN: Annahmestelle 5070 Frick (AG),"Switzerland hub, 0% completed, 0 needed",exact
DEU,52.0191,8.531,donor,75,Labdoo Annahmestelle 33609 Bielefeld: SeedCom Ltd,"Germany hub, 0% completed, 0 needed",exact
CHE,47.6055,7.5697,donor,0,GESCHLOSSEN: Annahmestelle 6025 Neudorf (LU),"Switzerland hub, 0% completed, 0 needed",exact
ESP,41.4728,2.0818,donor,0,Explorium,"Spain hub, 0% completed, 0 needed",exact
ESP,41.4728,2.0818,donor,9,Labdoo City Hub Sant Cugat del Vallès - Biblioteca Mira-sol Marta Pessarrodona,"Spain hub, 0% completed, 0 needed",exact
ESP,41.4728,2.0818,donor,1,"Labdoo City Hub Sant Cugat del Vallès - Biblioteca Miquel Batllori, Volpelleres.","Spain hub, 0% completed, 0 needed",exact
CHE,46.9485,7.4522,donor,0,GESCHLOSSEN: Annahmestelle 3007 Bern (BE),"Switzerland hub, 0% completed, 0 needed",exact
CHE,46.2319,9.0673,donor,0,GESCHLOSSEN: Annahmestelle 6533 Lumino (TI),"Switzerland hub, 0% completed, 0 needed",exact
ESP,41.1172,1.2546,donor,10,Punt de recollida Labdoo- CRAI URV Campus Catalunya (Tarragona),"Spain hub, 0% completed, 0 needed",exact
ESP,41.3826,2.1771,donor,6,Labdoo School Hub  Barcelona -  Aula 19 Centre de Formació,"Spain hub, 73% completed, 30 needed",exact
ESP,41.1172,1.2546,donor,16,Punt de recollida Labdoo- CRAI URV Campus Sescelades (Tarragona),"Spain hub, 100% completed, 4 needed",exact
ESP,41.1172,1.2546,donor,14,Hub Universitat Rovira i Virgili (URV),"Spain hub, 52% completed, 46 needed",exact
ESP,40.811,0.5209,donor,0,Punt de recollida Labdoo- CRAI URV Campus Terres de l’Ebre (Tortosa),"Spain hub, 0% completed, 0 needed",exact
ESP,41.1816,1.523,donor,0,Punt de recollida Labdoo- CRAI URV Campus Baix Penedès (Vendrell),"Spain hub, 0% completed, 0 needed",exact
ESP,41.1556,1.1076,donor,0,Punt de recollida Labdoo- CRAI URV Campus Bellissens (Reus),"Spain hub, 0% completed, 0 needed",exact
ESP,41.1556,1.1076,donor,0,Punt de recollida Labdoo- CRAI URV Campus Medicina (Reus),"Spain hub, 0% completed, 0 needed",exact
ESP,41.1172,1.2546,donor,34,Punt de recollida Labdoo- URV Solidària (Tarragona),"Spain hub, 74% completed, 81 needed",exact
ESP,41.1109,1.145,donor,0,Punt de recollida Labdoo- CRAI URV Campus Vila-seca,"Spain hub, 0% completed, 0 needed",exact
ESP,41.3826,2.1771,donor,194,Labdoo Hub Barcelona - Foundawtion,"Spain hub, 100% completed, 90 needed",exact
DEU,53.6288,11.4148,donor,0,Labdoo Annahmestelle 19055 Schwerin: Computer Studio GmbH Mecklenburg,"Germany hub, 0% completed, 0 needed",exact
ESP,41.4728,2.0818,donor,34,Labdoo School Hub Sant Cugat - Institut Angeleta Ferrer i Sensat,"Spain hub, 67% completed, 52 needed",exact
ESP,41.4728,2.0818,donor,187,Labdoo School Hub Sant Cugat - Institut FP Sant Cugat,"Spain hub, 100% completed, 10 needed",exact
DEU,50.9384,6.96,donor,31,Labdoo Annahmestelle 50737 Köln: KABRO Motorradtechnik,"Germany hub, 0% completed, 0 needed",exact
DEU,50.1106,8.6821,donor,29,Labdoo Annahmestelle 60489 Frankfurt am Main (Rödelheim): Chris Neygandhi,"Germany hub, 0% completed, 0 needed",exact
ESP,41.563,2.01,donor,57,Labdoo Hub Terrassa - Paisalanes,"Spain hub, 78% completed, 89 needed",exact
ESP,41.3826,2.1771,donor,66,Labdoo Hub - Acollida de persones refugiades a Catalunya (COVID-19-CAT),"Spain hub, 83% completed, 92 needed",exact
ESP,41.4728,2.0818,donor,2,Labdoo School Hub Sant Cugat - Escola Pi d'en Xandri,"Spain hub, 0% completed, 0 needed",exact
DEU,50.0949,8.0437,donor,19,Labdoo Annahmestelle 65388 Schlangenbad: Carola Bill,"Germany hub, 0% completed, 0 needed",exact
DEU,50.7977,7.5746,donor,3,Labdoo Annahmestelle 51570 Rhein-Sieg-Oberberg: Sascha Mantscheff (Hub),"Germany hub, 0% completed, 0 needed",exact
USA,33.917,-117.8889,donor,62,Labdoo Hub CEWS (Corporate eWaste Solutions),"United States hub, 100% completed, 10 needed",exact
DEU,53.6288,11.4148,donor,13,Labdoo Annahmestelle 19053 Schwerin: Perfectum Computersysteme,"Germany hub, 0% completed, 0 needed",exact
ESP,42.118,2.7654,donor,63,Banyoles City Hub,"Spain hub, 100% completed, 34 needed",exact
DEU,50.6209,11.4309,donor,411,Labdoo Annahmestelle 07338 Kaulsdorf: Axel Brümmer,"Germany hub, 59% completed, 689 needed",exact
USA,25.7742,-80.1936,donor,72,Labdoo Hub Miami,"United States hub, 33% completed, 222 needed",exact
ESP,41.3485,2.0723,donor,52,Labdoo School Hub Cornellà - Fundació El Llindar,"Spain hub, 100% completed, 1 needed",exact
ESP,41.4728,2.0818,donor,0,Labdoo  School Hub Sant Cugat - PFI-PTT Sant Cugat del Vallès,"Spain hub, 0% completed, 0 needed",exact
DEU,50.9571,14.0308,donor,16,Labdoo Annahmestelle 01829 Stadt Wehlen: Michael Klix,"Germany hub, 100% completed, 4 needed",exact
ESP,36.7213,-4.4216,donor,15,Labdoo Hub Malaga - Asociación Chavorrillos Asperones UMA,"Spain hub, 81% completed, 100 needed",exact
ESP,39.4697,-0.3763,donor,0,Labdoo Hub Valencia - Barrio Patraix,"Spain hub, 0% completed, 0 needed",exact
ESP,39.4697,-0.3763,donor,0,Labdoo Hub Valencia cg,"Spain hub, 0% completed, 0 needed",exact
ESP,43.5011,-8.1923,donor,0,Narón - La Coruña,"Spain hub, 0% completed, 0 needed",exact
ESP,38.5679,-0.2122,donor,0,Labdoo Hub - Finestrat - Sally Farrera,"Spain hub, 0% completed, 0 needed",exact
ESP,36.4866,-4.9905,donor,0,San Pedro Alcántara,"Spain hub, 0% completed, 0 needed",exact
ESP,39.4697,-0.3763,donor,0,Labdoo Hub Valencia - costa,"Spain hub, 0% completed, 0 needed",exact
ESP,43.5011,-8.1923,donor,0,Narón - La Coruña,"Spain hub, 0% completed, 0 needed",exact
ESP,38.5679,-0.2122,donor,0,Finestrat,"Spain hub, 0% completed, 0 needed",exact
ESP,42.118,2.7654,donor,43,Institut Pere Alsius,"Spain hub, 0% completed, 0 needed",exact
ESP,42.118,2.7654,donor,1,Punt Òmnia de Banyoles,"Spain hub, 0% completed, 0 needed",exact
DEU,53.5502,10.0013,donor,0,Labdoo Annahmestelle 22607 Hamburg - Groß Flottbek: Jacques Weindepot,"Germany hub, 0% completed, 0 needed",exact
DEU,53.0758,8.8072,donor,9,Labdoo Annahmestelle 28203 Bremen: Helmut R Werner,"Germany hub, 0% completed, 0 needed",exact
ESP,39.5659,-0.5303,donor,0,Labdoo Hub La Eliana - València,"Spain hub, 0% completed, 0 needed",exact
DEU,51.3879,7.3952,donor,17,Labdoo Annahmestelle 58300 Volmarstein: Berufsbildungswerk Volmarstein,"Germany hub, 100% completed, 1 needed",exact
ESP,42.118,2.7654,donor,3,Banyoles - Oficina Jove Cal Drac,"Spain hub, 0% completed, 0 needed",exact
ESP,42.118,2.7654,donor,0,Institut Josep Brugulat,"Spain hub, 0% completed, 0 needed",exact
ESP,42.118,2.7654,donor,2,Institut Pla de l'Estany,"Spain hub, 0% completed, 0 needed",exact
DEU,51.2254,6.7763,donor,95,Labdoo Annahmestelle 40223 Düsseldorf - Bilk / Südring: Jacques Weindepot,"Germany hub, 0% completed, 0 needed",exact
ESP,41.7289,1.8287,donor,0,Labdoo Hub Manresa - Xup Wadea,"Spain hub, 0% completed, 0 needed",exact
ESP,40.9652,-5.664,donor,0,Salamanca,"Spain hub, 0% completed, 0 needed",exact
ESP,41.6419,2.4026,donor,5,"City Hub Llinars del Vallès, Can Lletres","Spain hub, 27% completed, 70 needed",exact
ESP,42.1464,1.8606,donor,0,Labdoo Hub Cercs,"Spain hub, 0% completed, 0 needed",exact
DEU,49.937,8.7449,donor,8,Labdoo Annahmestelle 64409 Messel: SOCIALARTS E.V. & PROJEKTFABRIK gGmbH,"Germany hub, 0% completed, 0 needed",exact
ESP,42.1356,1.9941,donor,0,Labdoo hub Borredà,"Spain hub, 0% completed, 0 needed",exact
ESP,41.7289,1.8287,donor,0,Labdoo Hub Manresa - Aliehs,"Spain hub, 0% completed, 0 needed",exact
ESP,41.6419,2.4026,donor,0,Labdoo City Hub Llinars del Vallès - Biblioteca Can Casas,"Spain hub, 0% completed, 0 needed",exact
ESP,41.6419,2.4026,donor,0,Labdoo Hub Llinars del Vallès - Escola Ginebró,"Spain hub, 0% completed, 0 needed",exact
ESP,41.3826,2.1771,donor,25,Labdoo Hub Centre Ocupacional Taller Sant Camil,"Spain hub, 0% completed, 0 needed",exact
ESP,40.4168,-3.7035,donor,404,Labdoo Hub Madrid Futuro,"Spain hub, 82% completed, 490 needed",exact
ESP,41.608,2.2876,donor,33,Labdoo City Hub Granollers,"Spain hub, 23% completed, 138 needed",exact
DEU,48.3985,9.9912,donor,93,Labdoo Annahmestelle 89073 Ulm: Ulmer Weltladen,"Germany hub, 0% completed, 0 needed",exact
DEU,49.7045,9.6537,donor,82,Labdoo Annahmestelle 97277 Main-Tauber: Sambia e.V. Neubrunn-Böttigheim,"Germany hub, 100% completed, 21 needed",exact
DEU,50.5809,8.6938,donor,34,Labdoo Annahmestelle 35396 Gießen: IG Metall Geschäftsstelle Mittelhessen,"Germany hub, 0% completed, 0 needed",exact
ESP,41.5398,2.4449,donor,0,Labdoo School Hub Mataró - Institut Damià Campeny,"Spain hub, 0% completed, 0 needed",exact
CHE,47.3552,7.9999,donor,0,GESCHLOSSEN: Annahmestelle 5014 Gretzenbach (SO),"Switzerland hub, 0% completed, 0 needed",exact
ESP,40.4168,-3.7035,donor,24,Labdoo Hub Madrid - Universidad Complutense,"Spain hub, 37% completed, 64 needed",exact
DEU,50.9384,6.96,donor,14,Labdoo Annahmestelle 50678 Köln: Railslove GmbH,"Germany hub, 0% completed, 0 needed",exact
ESP,41.5461,2.1083,donor,211,Labdoo Hub Sabadell,"Spain hub, 53% completed, 489 needed",exact
DEU,50.7353,7.1025,donor,5,Labdoo Annahmestelle 53125 Bonn: Björn Wetzel,"Germany hub, 100% completed, 2 needed",exact
DEU,50.9384,6.96,donor,2,Labdoo Annahmestelle 50968 Köln: Alexander Artz Kibera Hope Academy gUG,"Germany hub, 0% completed, 0 needed",exact
DEU,48.4638,8.4112,donor,12,Labdoo Annahmestelle 72250 Freudenstadt: AVIA Freudenstadt,"Germany hub, 0% completed, 0 needed",exact
DEU,48.4638,8.4112,donor,33,Labdoo Annahmestelle 72250 Freudenstadt: Oest Tankstellen GmbH & Co. KG (Hub),"Germany hub, 0% completed, 0 needed",exact
DEU,48.3503,8.5079,donor,0,Labdoo Annahmestelle 72175 Dornham: AVIA Dornhan,"Germany hub, 0% completed, 0 needed",exact
DEU,48.5658,8.1521,donor,0,Labdoo Annahmestelle 77883 Ottenhöfen: AVIA Ottenhöfen,"Germany hub, 0% completed, 0 needed",exact
DEU,48.3138,8.5703,donor,0,Labdoo Annahmestelle 78727 Oberndorf: AVIA Oberndorf,"Germany hub, 0% completed, 0 needed",exact
ESP,41.5398,2.4449,donor,0,Labdoo City Hub Mataró - Biblioteca Antoni Comas,"Spain hub, 0% completed, 0 needed",exact
ESP,41.5398,2.4449,donor,1,Labdoo City Hub Mataró - Biblioteca Pompeu Fabra,"Spain hub, 0% completed, 0 needed",exact
ESP,41.9793,2.8199,donor,10,Labdoo Hub Girona - OIKIA,"Spain hub, 57% completed, 21 needed",exact
DEU,48.0662,11.6102,donor,73,Labdoo Annahmestelle 82008 Unterhaching [zur Zeit geschlossen],"Germany hub, 0% completed, 0 needed",exact
DEU,47.8119,10.8972,donor,15,Labdoo Annahmestelle 86956 Schongau,"Germany hub, 0% completed, 0 needed",exact
DEU,48.1371,11.5754,donor,156,Labdoo Annahmestelle 81541 München: Giesing,"Germany hub, 100% completed, 13 needed",exact
ESP,41.7289,1.8287,donor,0,"Labdoo School Hub - Institut Cal Gravat, Manresa","Spain hub, 0% completed, 0 needed",exact
DEU,53.5502,10.0013,donor,786,Labdoo Annahmestelle 22999 Hamburg: Winterhude [Hub],"Germany hub, 59% completed, 1737 needed",exact
DEU,51.1638,10.4478,donor,21,Labdoo.org (Deutschland),"Germany hub, 100% completed, 21 needed",exact
ESP,41.2367,1.8228,donor,0,Hub Labdoo Sitges,"Spain hub, 0% completed, 0 needed",exact
ESP,41.4728,2.0818,donor,0,Punt de Recollida Labdoo - 021 Informàtics,"Spain hub, 0% completed, 0 needed",exact
ESP,41.5461,2.1083,donor,2,Labdoo Hub Sabadell - Clarence House,"Spain hub, 0% completed, 0 needed",exact
ZAF,-26.1311,27.9622,donor,0,Labdoo Hub Johannesburg - Jumpstart,"South Africa hub, 0% completed, 0 needed",exact
DEU,53.5502,10.0013,donor,13,[Inactive] Labdoo Annahmestelle 20099 Hamburg - Sankt Georg [zur Zeit geschlossen],"Germany hub, 0% completed, 0 needed",exact
DEU,47.9568,7.7497,donor,7,Labdoo Annahmestelle 79227 Schallstadt: Simon Mittelstädt,"Germany hub, 0% completed, 0 needed",exact
ESP,60.3943,5.3259,donor,0,HUB Berga,"Spain hub, 0% completed, 0 needed",exact
ESP,40.54,-3.6358,donor,278,Labdoo Hub Madrid - Indra,"Spain hub, 84% completed, 357 needed",exact
DEU,51.4273,6.8829,donor,0,Zentrale Zustelladresse (Zentrallager Labdoo Deutschland),"Germany hub, 0% completed, 0 needed",exact
USA,25.6968,-80.1635,donor,17,Labdoo Hub Key Biscayne,"United States hub, 11% completed, 155 needed",exact
USA,25.8901,-80.1867,donor,6,Labdoo Hub North Miami,"United States hub, 0% completed, 0 needed",exact
DEU,53.5502,10.0013,donor,22,Labdoo Annahmestelle 22527 Hamburg - Eimsbüttel,"Germany hub, 0% completed, 0 needed",exact
ESP,41.5398,2.4449,donor,0,Labdoo Hub Mataró - Sant Pau,"Spain hub, 0% completed, 0 needed",exact
DEU,52.5174,13.3951,donor,42,Labdoo Annahmestelle 10999 Berlin: bUm GmbH,"Germany hub, 0% completed, 0 needed",exact
DEU,53.4901,10.375,donor,6,Labdoo Annahmestelle 21521 Dassendorf: Durchblick die Lernpraxis,"Germany hub, 0% completed, 0 needed",exact
ESP,40.4168,-3.7035,donor,9,Facultad de Informática - Universidad Complutense,"Spain hub, 34% completed, 55 needed",exact
ESP,40.4168,-3.7035,donor,0,Servicios Informáticos/Unidad de Medioambiente,"Spain hub, 0% completed, 0 needed",exact
ESP,40.4168,-3.7035,donor,0,Labdoo  Hub Madrid: Oficina OVUS en Facultad de Trabajo Social,"Spain hub, 0% completed, 0 needed",exact
GTM,15.5856,-90.3458,donor,0,Labdoo Hub Guatemala - Bibliotecas Comunitarias de Guatemala,"Guatemala hub, 0% completed, 0 needed",exact
FRA,48.8535,2.3484,donor,6,Labdoo Hub Paris - 18ème arrondissement,"France hub, 2% completed, 277 needed",exact
DEU,50.1106,8.6821,donor,11,Labdoo Annahmestelle 60388 Frankfurt Enkheim: Angelika Stryzhych,"Germany hub, 0% completed, 0 needed",exact
DEU,51.221,6.9056,donor,28,Labdoo Annahmestelle 40699 Erkrath: Abfallberatung Schimmelbuschstraße,"Germany hub, 0% completed, 0 needed",exact
DEU,51.221,6.9056,donor,0,Labdoo Annahmestelle 40699 Erkrath: Naturschutzzentrum,"Germany hub, 0% completed, 0 needed",exact
DEU,51.221,6.9056,donor,1,Labdoo Annahmestelle 40699 Erkrath: Wertstoffsammelhof,"Germany hub, 0% completed, 0 needed",exact
ESP,41.5393,2.2131,donor,0,Labdoo City Hub - Mollet,"Spain hub, 0% completed, 100 needed",exact
SWE,59.3251,18.0711,donor,8,Labdoo Hub Stockholm,"Sweden hub, 4% completed, 176 needed",exact
DEU,51.0862,6.5849,donor,4,Labdoo Annahmestelle 41517 Grevenbroich: Kleinanlieferstelle Neuenhausen,"Germany hub, 0% completed, 0 needed",exact
ESP,41.4728,2.0818,donor,9,Labdoo Hub - Club Muntanyenc Sant Cugat,"Spain hub, 0% completed, 0 needed",exact
DEU,50.8252,9.0292,donor,0,Labdoo Annahmestelle 35260 Stadtallendorf: Webhummel,"Germany hub, 0% completed, 0 needed",exact
NOR,63.4304,10.3952,donor,15,Labdoo Hub Trondheim: Innherredsveien 24,"Norway hub, 37% completed, 40 needed",exact
CHE,47.4614,8.9934,donor,0,GESCHLOSSEN: Annahmestelle 8370 Sirnach (TG),"Switzerland hub, 0% completed, 0 needed",exact
CHE,47.4501,8.5619,donor,0,Annahmestelle 8058 Zürich-Flughafen (ZH),"Switzerland hub, 0% completed, 0 needed",exact
DEU,51.4273,6.8829,donor,8,Labdoo Annahmestelle 45468 Mülheim an der Ruhr: Stadtteilbüro Eppinghofen,"Germany hub, 0% completed, 0 needed",exact
ZAF,-25.4729,30.9773,donor,0,Labdoo Hub Nelspruit - Penreach,"South Africa hub, 0% completed, 0 needed",exact
ESP,42.4301,-6.9801,donor,0,O Barco de Valdeorras,"Spain hub, 0% completed, 0 needed",exact
USA,25.7742,-80.1936,donor,0,Coral Reef Hub,"United States hub, 0% completed, 0 needed",exact
DEU,52.0842,9.7752,donor,10,Labdoo Annahmestelle 31028 Gronau: Leandra Irrgang,"Germany hub, 0% completed, 0 needed",exact
ESP,41.7289,1.8287,donor,0,Laboo Hub Manresa - CATALUNYA,"Spain hub, 0% completed, 30 needed",exact
DEU,51.5142,7.4653,donor,1,Labdoo Annahmestelle 44227 Dortmund: Jerome-Bennet Dietrich,"Germany hub, 0% completed, 0 needed",exact
DEU,50.0177,8.8853,donor,71,Labdoo Annahmestelle 63110 Rodgau: WISA - Wir sind angekommen e.V.,"Germany hub, 100% completed, 71 needed",exact
ESP,42.1822,2.489,donor,0,Labdoo Hub Olot - Ayonow,"Spain hub, 0% completed, 0 needed",exact
DEU,0.0,0.0,donor,5,Labdoo Annahmestelle 85399 Hallbergmoos: Mast-Eurokrallen-München GmbH,"Germany hub, 0% completed, 0 needed",exact
ESP,39.9812,-4.2806,donor,59,Labdoo Hub Toledo - Torrijos,"Spain hub, 0% completed, 0 needed",exact
ESP,43.3297,-3.0048,donor,5,Labdoo Hub Bilbao - Romo-Leioa,"Spain hub, 43% completed, 30 needed",exact
CHE,47.5581,7.5878,donor,0,GESCHLOSSEN: Annahmestelle 4051 Basel (BS),"Switzerland hub, 0% completed, 0 needed",exact
DEU,51.7534,6.2388,donor,0,Labdoo Annahmestelle 47551 Bedburg-Hau Moyland: KKA Entsorgungszentrum,"Germany hub, 0% completed, 0 needed",exact
DEU,51.4916,6.2962,donor,92,Labdoo Annahmestelle 47608 Geldern-Pont: KKA Entsorgungszentrum,"Germany hub, 0% completed, 0 needed",exact
DEU,51.6686,6.2736,donor,34,Labdoo Annahmestelle 47589 Uedem: KKA Verwaltung,"Germany hub, 0% completed, 0 needed",exact
DEU,52.5174,13.3951,donor,15,Labdoo Annahmestelle 13156 Berlin: Fauna-Reisen GmbH,"Germany hub, 0% completed, 0 needed",exact
ESP,41.6148,0.6268,donor,0,Labdoo Hub Lleida,"Spain hub, 0% completed, 0 needed",exact
DEU,49.3739,7.0831,donor,6,Labdoo Annahmestelle 66589 Wemmetsweiler: Sabrina Hartmann,"Germany hub, 0% completed, 0 needed",exact
DEU,52.3048,8.4972,donor,0,Labdoo Annahmestelle 32361 Preußisch Oldendorf: Sebastian Mallach,"Germany hub, 0% completed, 0 needed",exact
ESP,41.3826,2.1771,donor,42,Labdoo Hub Centre d'Estudis Politècnics,"Spain hub, 0% completed, 0 needed",exact
ESP,41.5398,2.4449,donor,4,Labdoo School Hub Mataró - Escola Pia Santa Anna,"Spain hub, 100% completed, 5 needed",exact
DEU,47.5672,8.0599,donor,5,Labdoo Annahmestelle 79725 Laufenburg: Daniel Zipfel,"Germany hub, 0% completed, 0 needed",exact
ESP,43.319,-3.0199,donor,0,Labdoo Hub Portugalete -   Hegoalde Visión Sur,"Spain hub, 0% completed, 0 needed",exact
DEU,51.9625,7.6252,donor,135,Labdoo Annahmestelle 48147 Münster: Benjamin Seebröker,"Germany hub, 70% completed, 195 needed",exact
ESP,36.7213,-4.4216,donor,0,Labdoo Hub Estepona -Malaga-,"Spain hub, 0% completed, 0 needed",exact
DEU,49.4893,8.4673,donor,148,Labdoo Annahmestelle 68307 Mannheim: IT-Consulting Engin Imal,"Germany hub, 0% completed, 0 needed",exact
DEU,48.1371,11.5754,donor,108,Labdoo Annahmestelle 80636 München: Meaalofa Foundation,"Germany hub, 100% completed, 85 needed",exact
ESP,41.7422,1.8036,donor,0,Labdoo City Hub Sant Joan de Vilatorrada - Biblioteca CAL GALLIFA,"Spain hub, 0% completed, 0 needed",exact
ESP,41.3826,2.1771,donor,0,Labdoo Hub - Biblioteques Públiques de Catalunya Adherides,"Spain hub, 0% completed, 0 needed",exact
ESP,42.0478,2.2643,donor,1,Labdoo City Hub Torelló - Biblioteca Dos Rius,"Spain hub, 0% completed, 0 needed",exact
ESP,41.3826,2.1771,donor,11,Labdoo School Hub - Institut Pedralbes,"Spain hub, 0% completed, 0 needed",exact
ESP,41.7764,2.5129,donor,0,Labdoo City Hub Riells i Viabrea - Biblioteca Pompeu Fabra,"Spain hub, 0% completed, 0 needed",exact
ESP,41.3826,2.1771,donor,0,Labdoo Hub reaprofitar o esborrar,"Spain hub, 0% completed, 0 needed",exact
ESP,41.2861,1.9824,donor,0,Labdoo Hub Castelldefels - Fundación Luz Solidaria,"Spain hub, 0% completed, 0 needed",exact
ESP,41.3826,2.1771,donor,2,Labdoo City Hub Barcelona - Biblioteca Sant Gervasi - Joan Maragall,"Spain hub, 0% completed, 0 needed",exact
ESP,41.5746,1.6085,donor,2,Labdoo City Hub Santa Margarida de Montbui - Biblioteca Mont-Agora,"Spain hub, 0% completed, 0 needed",exact
ESP,41.45,1.9719,donor,0,Labdoo City Hub Sant Andreu de la Barca - Biblioteca Aigüestoses,"Spain hub, 0% completed, 0 needed",exact
ESP,41.3367,1.9971,donor,0,Labdoo City Hub Sant Climent de Llobregat - Biblioteca Ca l'Altisent,"Spain hub, 0% completed, 0 needed",exact
ESP,41.6674,2.7499,donor,0,Labdoo City Hub Palafolls - Biblioteca Enric Miralles,"Spain hub, 0% completed, 0 needed",exact
ESP,41.5262,2.3676,donor,0,Labdoo City Hub Cabrils - Biblioteca Pública,"Spain hub, 0% completed, 0 needed",exact
ESP,41.4823,2.187,donor,0,Labdoo City Hub Montcada i Reixac- Biblioteca Elisenda de Montcada,"Spain hub, 0% completed, 0 needed",exact
ESP,41.3964,1.9586,donor,0,Labdoo City Hub Cervello - Biblioteca Municipal,"Spain hub, 0% completed, 0 needed",exact
DEU,47.7911,9.8829,donor,86,Labdoo Annahmestelle 88353 Kißlegg: APEG Automarkt im Allgäu GmbH,"Germany hub, 100% completed, 53 needed",exact
ESP,37.3886,-5.9953,donor,0,Labdoo Hub Sevilla - A3Satel,"Spain hub, 0% completed, 0 needed",exact
ESP,41.6693,2.2615,donor,0,Labdoo City Hub  L'Ametlla del Vallès - Biblioteca Josep Badia i Moret,"Spain hub, 0% completed, 0 needed",exact
ECU,-0.3989,-78.4368,donor,0,HUB SANGOLQUÍ - ECUADOR,"Ecuador hub, 0% completed, 0 needed",exact
DEU,49.8728,8.6512,donor,20,Labdoo Annahmestelle 64293 Darmstadt: AMC Media Network GmbH & Co. KG.,"Germany hub, 0% completed, 0 needed",exact
ESP,41.7852,1.289,donor,49,Labdoo Hub Guissona refugiats ucraïnians,"Spain hub, 100% completed, 63 needed",exact
ESP,41.3826,2.1771,donor,1,Labdoo City Hub Barcelona  - Biblioteca Nou Barris,"Spain hub, 0% completed, 0 needed",exact
ESP,41.7896,0.8051,donor,0,Labdoo City Hub Balaguer - BIblioteca Margarida de Montferrat,"Spain hub, 0% completed, 0 needed",exact
ESP,41.6085,2.2395,donor,0,Labdoo City Hub Lliçà d'Amunt - Biblioteca Ca l'Oliveres,"Spain hub, 0% completed, 0 needed",exact
ESP,41.3826,2.1771,donor,0,Labdoo City Hub Barcelona - Biblioteca Montserrat Abelló,"Spain hub, 0% completed, 0 needed",exact
ESP,41.3051,2.0063,donor,0,Labdoo City Hub Gavà Biblioteca Josep Soler i Vidal,"Spain hub, 0% completed, 0 needed",exact
ESP,41.4769,1.9284,donor,0,Labdoo City Hub Martorell  - Biblioteca de Martorell,"Spain hub, 0% completed, 0 needed",exact
ESP,41.9735,1.8775,donor,3,Labdoo City Hub Puig-Reig - Biblioteca Guillem de Berguedà,"Spain hub, 0% completed, 0 needed",exact
ESP,41.7289,1.8287,donor,0,Manresa Hub Valldaura,"Spain hub, 0% completed, 0 needed",exact
ESP,41.22,1.5349,donor,0,Labdoo City Hub El Vendrell Biblioteca Pública Terra baixa,"Spain hub, 0% completed, 0 needed",exact
ESP,41.8781,2.5132,donor,0,Labdoo City Hub Sant Hilari Sacalm - Biblioteca Soledat Ridaura i Feixas,"Spain hub, 0% completed, 0 needed",exact
ESP,34.4221,-119.7027,donor,0,Labdoo City Hub Santa Bàrbara - Biblioteca José Escudé de Santa Bàrbara,"Spain hub, 0% completed, 0 needed",exact
ESP,40.5968,0.4475,donor,0,Labdoo City Hub Ulldecona - Biblioteca Popular d'Ulldecona,"Spain hub, 0% completed, 0 needed",exact
ESP,41.6277,2.6899,donor,0,Labdoo City Hub Pineda Biblioteca M. Serra i Moret,"Spain hub, 0% completed, 0 needed",exact
ESP,41.4936,2.0319,donor,0,Labdoo City Hub Rubí - Biblioteca Mestre Martí Tauler,"Spain hub, 0% completed, 0 needed",exact
ESP,41.7848,1.8387,donor,0,Labdoo City Hub Santpedor - Biblioteca Santpedor,"Spain hub, 0% completed, 0 needed",exact
ESP,41.8989,1.8768,donor,0,Labdoo City Hub Navàs - Biblioteca Navàs,"Spain hub, 0% completed, 0 needed",exact
ESP,41.1528,1.2152,donor,0,Labdoo City Hub Constantí - Biblioteca Municipal de Constantí,"Spain hub, 0% completed, 0 needed",exact
ESP,41.563,2.01,donor,0,Labdoo City Hub Terrassa - Biblioteca Districte 2,"Spain hub, 0% completed, 0 needed",exact
ESP,41.5076,2.1154,donor,0,Labdoo City Hub Badia del Vallès - Biblioteca Vicente Aleixandre,"Spain hub, 0% completed, 0 needed",exact
ESP,41.7839,3.0283,donor,2,Labdoo City Hub Guíxols - Biblioteca Pública Octavi Viader i Margarit,"Spain hub, 0% completed, 0 needed",exact
ESP,41.8538,2.228,donor,0,Labdoo City Hub Tona - Biblioteca Caterina Figueras,"Spain hub, 0% completed, 0 needed",exact
ESP,41.3051,2.0063,donor,0,Labdoo City Hub Gavà - Biblioteca Marian Colomé,"Spain hub, 0% completed, 0 needed",exact
ESP,41.3108,1.3581,donor,0,Labdoo City Hub Vila-rodona - Biblioteca Municipal de Vila-rodona,"Spain hub, 0% completed, 0 needed",exact
ESP,41.2831,1.5534,donor,6,Labdoo City Hub Llorenç del Penedès - Biblioteca Municipal de Llorenç del Penedès,"Spain hub, 0% completed, 0 needed",exact
ESP,41.563,2.01,donor,1,Labdoo City Hub Terrassa - Biblioteca Districte 5,"Spain hub, 0% completed, 0 needed",exact
DEU,51.1947,6.4354,donor,43,"Labdoo Annahmestelle 41068 Mönchengladbach: mags Mönchengladbacher Abfall-, Grün- und Straßenbetriebe AöR","Germany hub, 0% completed, 0 needed",exact
ESP,41.7452,2.6331,donor,0,Labdoo City Hub Hostalric - Biblioteca Modest Salse i Camarasa,"Spain hub, 0% completed, 0 needed",exact
ESP,41.3328,1.9255,donor,0,Labdoo City Hub Begues - Biblioteca La Ginesta,"Spain hub, 0% completed, 0 needed",exact
ESP,40.7204,0.7243,donor,0,Labdoo City Hub Delta de l'Ebre - Biblioteca Delta de l'Ebre,"Spain hub, 0% completed, 0 needed",exact
ESP,42.167,0.895,donor,0,Labdoo City Hub Tremp - Biblioteca Maria Barbal,"Spain hub, 0% completed, 0 needed",exact
ESP,37.9775,-0.6828,donor,0,Rotary Torrevieja,"Spain hub, 0% completed, 0 needed",exact
ESP,41.9393,2.3181,donor,0,Labdoo HUB Folgueroles,"Spain hub, 0% completed, 0 needed",exact
DEU,52.5174,13.3951,donor,0,Labdoo Annahmestelle 13088 Berlin - Weißensee: Daniela Pilih,"Germany hub, 0% completed, 0 needed",exact
DEU,50.3119,12.3292,donor,1,Labdoo Annahmestelle 08258 Markneukirchen: Angela Glaßl,"Germany hub, 0% completed, 0 needed",exact
ESP,41.563,2.01,donor,2,Labdoo City Hub Terrassa - Sant Pere,"Spain hub, 0% completed, 0 needed",exact
ESP,41.5173,2.1266,donor,0,Labdoo City Hub Barberà del Vallès - Biblioteca Esteve Paluzie,"Spain hub, 0% completed, 0 needed",exact
DEU,53.9196,10.6979,donor,45,Labdoo Annahmestelle 23611 Bad Schwartau: Bernd Ziemens,"Germany hub, 60% completed, 74 needed",exact
ESP,40.811,0.5209,donor,0,Labdoo City Hub Tortosa - Biblioteca Marcel·lí Domingo,"Spain hub, 0% completed, 0 needed",exact
ESP,41.3668,2.057,donor,0,Labdoo City Hub Sant Joan Despí - Biblioteca Mercè Rodoreda,"Spain hub, 0% completed, 0 needed",exact
ESP,41.5461,2.1083,donor,4,Labdoo City Hub Sabadell - Biblioteca dels Safareigs,"Spain hub, 0% completed, 0 needed",exact
DEU,51.1947,6.4354,donor,0,Labdoo Annahmestelle 41068 Mönchengladbach: mags Wertstoffhof Heidgesberg,"Germany hub, 0% completed, 0 needed",exact
DEU,51.1947,6.4354,donor,0,Labdoo Annahmestelle 41068 Mönchengladbach: mags Wertstoffhof Luisental,"Germany hub, 0% completed, 0 needed",exact
ESP,41.563,2.01,donor,0,Labdoo City Hub Terrassa - Biblioteca Districte 4,"Spain hub, 0% completed, 0 needed",exact
ESP,41.813,2.0978,donor,0,Labdoo City Hub Moia - Biblioteca de Moià,"Spain hub, 0% completed, 0 needed",exact
ESP,41.7289,1.8287,donor,0,Labdoo Hub Vic - Remei,"Spain hub, 0% completed, 0 needed",exact
IRL,52.6613,-8.6301,donor,3,NNIT IE Hub,"Ireland hub, 0% completed, 0 needed",exact
ESP,41.4494,2.2483,donor,7,Labdoo School Hub Institut La Pineda Badalona,"Spain hub, 100% completed, 12 needed",exact
ESP,41.5393,1.8695,donor,0,Labdoo City Hub Esparreguera - Biblioteca Municipal L’Ateneu d’Esparreguera,"Spain hub, 0% completed, 0 needed",exact
DEU,51.5646,7.3106,donor,5,Labdoo Annahmestelle 44575 Castrop-Rauxel: Paracelsus Apotheke,"Germany hub, 0% completed, 0 needed",exact
DEU,49.4539,11.0773,donor,101,Labdoo Annahmestelle 90443 Nürnberg: AfB gGmbH Shop Nürnberg,"Germany hub, 0% completed, 0 needed",exact
ESP,41.563,2.01,donor,1,Labdoo City Hub Terrassa - Biblioteca Districte 3,"Spain hub, 0% completed, 0 needed",exact
ESP,39.4697,-0.3763,donor,8,Labdoo Hub Red Bona Via,"Spain hub, 0% completed, 0 needed",exact
ESP,41.3241,2.0511,donor,0,Labdoo Hub Rotary Club Gavà,"Spain hub, 0% completed, 0 needed",exact
DEU,50.2147,8.2902,donor,0,Labdoo Annahmestelle 65510 Idstein: FHI Flüchtlings- und Integrationshilfe Idstein e.V.,"Germany hub, 0% completed, 0 needed",exact
DEU,52.1315,11.6401,donor,12,Labdoo Annahmestelle 39104 Magdeburg: Mandala Kinderbetreuung gGmbH,"Germany hub, 0% completed, 0 needed",exact
ESP,41.563,2.01,donor,26,Labdoo City Hub Terrassa - Biblioteca Central de Terrassa,"Spain hub, 0% completed, 0 needed",exact
ESP,41.563,2.01,donor,0,Labdoo City Hub Terrassa - Biblioteca Districte 6,"Spain hub, 0% completed, 0 needed",exact
USA,25.7742,-80.1936,donor,0,Labdoo Hub Key Biscayne,"United States hub, 0% completed, 0 needed",exact
ESP,41.5576,2.1567,donor,0,ONG ADAIC,"Spain hub, 0% completed, 0 needed",exact
ESP,60.3943,5.3259,donor,0,AMALGAMA  7 - VALLDAURA,"Spain hub, 0% completed, 0 needed",exact
ESP,41.3826,2.1771,donor,23,Labdoo Hub - Asociación de Amigos del Pueblo Marroquí ITRAN,"Spain hub, 65% completed, 35 needed",exact
ESP,41.563,2.01,donor,16,Labdoo Hub Terrassa - Institut Nicolau Copèrnic,"Spain hub, 0% completed, 0 needed",exact
ESP,60.3943,5.3259,donor,0,Escola Vedruna Berga,"Spain hub, 0% completed, 0 needed",exact
DEU,50.7764,6.0839,donor,46,Labdoo Annahmestelle 52064 Aachen: Adrian Hamm,"Germany hub, 0% completed, 0 needed",exact
DEU,50.012,8.7124,donor,31,Labdoo Annahmestelle 63303 Dreieich: Luca Ricken,"Germany hub, 0% completed, 0 needed",exact
DEU,51.4696,6.8514,donor,3,Labdoo Annahmestelle 46149 Oberhausen: Levius GbR Lieber & Ronden,"Germany hub, 0% completed, 0 needed",exact
ESP,37.8339,-0.7902,donor,0,Labdoo Hub Rotary Club Mar Menor San Javier,"Spain hub, 0% completed, 0 needed",exact
DEU,47.6592,9.1751,donor,33,Labdoo Annahmestelle 78467 Konstanz: Constanze Riedinger,"Germany hub, 0% completed, 0 needed",exact
DEU,50.9384,6.96,donor,33,Labdoo Annahmestelle 50825 Köln: Lukas Fiebig (Hub),"Germany hub, 0% completed, 0 needed",exact
DEU,49.4539,11.0773,donor,7,Labdoo Annahmestelle 90402 Nürnberg: Begegnungsstätte Marie15,"Germany hub, 0% completed, 0 needed",exact
ESP,42.167,0.895,donor,0,Labdoo School Hub Institut de Tremp,"Spain hub, 0% completed, 0 needed",exact
ESP,41.5714,1.6361,donor,0,Labdoo City Hub Vilanova del Camí - Biblioteca de Vilanova del Camí,"Spain hub, 0% completed, 0 needed",exact
ESP,41.3826,2.1771,donor,12,Labdoo School Hub Institut Tecnològic Barcelona ITB,"Spain hub, 0% completed, 0 needed",exact
CHE,47.2532,8.6918,donor,0,GESCHLOSSEN: Annahmestelle 8708 Männedorf (ZH),"Switzerland hub, 0% completed, 0 needed",exact
CHE,47.696,8.6345,donor,0,Annahmestelle 8200 Schaffhausen (SH),"Switzerland hub, 0% completed, 0 needed",exact
DEU,51.1722,7.0846,donor,2,Labdoo Annahmestelle 42653 Solingen: Thomas Lunze,"Germany hub, 0% completed, 0 needed",exact
DEU,48.523,7.5272,donor,85,Labdoo Annahmestelle 90518 Altdorf,"Germany hub, 0% completed, 0 needed",exact
DEU,48.6728,9.3838,donor,38,Labdoo Annahmestelle 73240 Wendlingen am Neckar: Familie Biebl,"Germany hub, 0% completed, 0 needed",exact
DEU,50.3283,8.7476,donor,0,Labdoo Annahmestelle 61169 Friedberg: Umsonstladen Friedberg,"Germany hub, 0% completed, 0 needed",exact
DEU,51.3331,6.5623,donor,7,Labdoo Annahmestelle 47829 Krefeld: Mirko Teichmeier,"Germany hub, 0% completed, 0 needed",exact
CHE,47.4992,8.7291,donor,0,Annahmestelle 8406 Winterthur (ZH),"Switzerland hub, 0% completed, 0 needed",exact
DEU,51.1009,6.9459,donor,170,Labdoo Annahmestelle 40764 Langenfeld: D. Kremer,"Germany hub, 0% completed, 0 needed",exact
DEU,53.139,8.2146,donor,17,Labdoo Annahmestelle 26135 Oldenburg: Jürgen Köthnig,"Germany hub, 0% completed, 0 needed",exact
CHE,38.535,-0.8189,donor,0,Annahmestelle 9468 Sax (SG),"Switzerland hub, 0% completed, 0 needed",exact
DEU,51.5726,8.1061,donor,55,Labdoo Annahmestelle 59494 Soest: Ihr Soester Computer-Assistent,"Germany hub, 0% completed, 0 needed",exact
DEU,50.9384,6.96,donor,1,Labdoo Annahmestelle 51143 Köln: Torsten Decker - Solibund e.V.,"Germany hub, 0% completed, 0 needed",exact
DEU,49.0959,11.8072,donor,7,Labdoo Annahmestelle 93176 Beratzhausen: Bettina Laßleben - LETLIFERS for future e.V.,"Germany hub, 0% completed, 0 needed",exact
DEU,49.778,9.9435,donor,274,Labdoo Annahmestelle 97084 Würzburg: Thomas Barcatta - Mwanza e.V.,"Germany hub, 71% completed, 446 needed",exact
DEU,51.4513,6.6284,donor,4,Labdoo Annahmestelle 47445 Moers: Jörg Jellissen,"Germany hub, 0% completed, 0 needed",exact
DEU,0.0,0.0,donor,14,Labdoo Annahmestelle 57234 Wilnsdorf (b. Siegen): Gerlinde Schönberg,"Germany hub, 0% completed, 0 needed",exact
DEU,48.4536,9.0986,donor,77,Labdoo Annahmestelle 72810 Gomaringen (Kreis Tübingen): Tim Schmid,"Germany hub, 0% completed, 0 needed",exact
DEU,53.5502,10.0013,donor,164,Labdoo Annahmestelle 21035 Hamburg - Neuallermöhe,"Germany hub, 100% completed, 26 needed",exact
DEU,51.7718,7.4446,donor,31,Labdoo Annahmestelle 59348 Lüdinghausen: Heiko Günther-Ständker,"Germany hub, 100% completed, 1 needed",exact
DEU,49.4432,7.769,donor,26,Labdoo Annahmestelle 67663  Kaiserslautern: Hanny Hovenier,"Germany hub, 0% completed, 0 needed",exact
DEU,50.2313,8.7718,donor,117,Labdoo Annahmestelle 61184 Karben: BBW  Berufsbildungswerk Südhessen gGmbH,"Germany hub, 0% completed, 0 needed",exact
DEU,51.4513,6.6284,donor,1632,Labdoo Annahmestelle 47443 Moers: Interkulturelles Nachbarschaftsnetzwerk 55plus (Hub),"Germany hub, 100% completed, 26 needed",exact
DEU,51.2528,6.9778,donor,23,"Labdoo Annahmestelle 40822 Mettmann: Kreis Mettmann, Regionales Bildungsbüro","Germany hub, 0% completed, 0 needed",exact
COL,6.0573,-75.5026,donor,0,HUB LABORATORIO DEL ESPIRITU,"Colombia hub, 40% completed, 10 needed",exact
DEU,53.6811,10.0867,donor,156,Labdoo Annahmestelle 22397 Hamburg - Lemsahl Mellingstedt,"Germany hub, 100% completed, 59 needed",exact
DEU,51.3747,7.7,donor,142,Labdoo Annahmestelle 58640 Iserlohn: Armin Cibulski  (Hub),"Germany hub, 0% completed, 0 needed",exact
ESP,41.6068,1.7412,donor,0,Labdoo HUB Puigreig,"Spain hub, 0% completed, 0 needed",exact
ESP,43.4646,-0.615,donor,0,LABDOO HUB ARTES PER SIRIA,"Spain hub, 0% completed, 0 needed",exact
DEU,53.5502,10.0013,donor,201,Labdoo Annahmestelle 21075 Hamburg - Harburg,"Germany hub, 0% completed, 0 needed",exact
DEU,51.4696,6.8514,donor,13,Labdoo Annahmestelle 46149 Oberhausen: Sterkrader Gemeinschaftspraxis,"Germany hub, 0% completed, 0 needed",exact
ESP,41.579,1.6173,donor,17,Institut Milà i Fontanals d'Igualada,"Spain hub, 100% completed, 25 needed",exact
DEU,51.9625,7.6252,donor,221,Labdoo Annahmestelle 48143 Münster: Stadtbücherei Münster,"Germany hub, 0% completed, 0 needed",exact
DEU,49.2445,7.7308,donor,15,Labdoo Annahmestelle 66978 Merzalben: Stefan Diedenhöfer PC - Service,"Germany hub, 0% completed, 0 needed",exact
DEU,53.5279,8.1063,donor,2,Labdoo Annahmestelle 26389 Wilhelmshaven,"Germany hub, 0% completed, 0 needed",exact
DEU,49.1589,5.3867,donor,23,Zonta-Club Verden,"Germany hub, 0% completed, 0 needed",exact
DEU,49.1589,5.3867,donor,5,Zonta-Club Verden,"Germany hub, 0% completed, 0 needed",exact
DEU,52.8472,9.2299,donor,14,Zonta-Club Verden,"Germany hub, 0% completed, 0 needed",exact
CHE,46.9485,7.4522,donor,0,Annahmestelle 3012 Bern (BE),"Switzerland hub, 0% completed, 0 needed",exact
ESP,42.0338,1.8825,donor,0,Hub Institut Gironella,"Spain hub, 0% completed, 0 needed",exact
ESP,41.3826,2.1771,donor,0,HUB BCN COLOMBIA INNOVA,"Spain hub, 0% completed, 0 needed",exact
DEU,51.2254,6.7763,donor,8,Labdoo Annahmestelle 40215 Düsseldorf: Verbraucherzentrale NRW,"Germany hub, 0% completed, 0 needed",exact
ESP,60.3943,5.3259,donor,9,LABDOO HUB Berguedà,"Spain hub, 0% completed, 0 needed",exact
ESP,39.5917,-0.4623,donor,0,HUB Asoc. Esencia de África,"Spain hub, 0% completed, 0 needed",exact
DEU,50.7353,7.1025,donor,3,Labdoo Annahmestelle 53127 Bonn: Heike Gollub,"Germany hub, 0% completed, 0 needed",exact
CHE,47.3744,8.541,donor,0,"GESCHLOSSEN: Annahmestelle 8049 Zürich (ZH), Höngg","Switzerland hub, 0% completed, 0 needed",exact
DEU,53.0758,8.8072,donor,1,Labdoo Annahmestelle 28199 Bremen Airport: Airport Shop der Werkstatt Bremen,"Germany hub, 0% completed, 0 needed",exact
DEU,53.0345,8.5451,donor,0,Labdoo Annahmestelle 27777 Ganderkesse: GANTER Reisen,"Germany hub, 0% completed, 0 needed",exact
DEU,53.8664,10.6847,donor,0,Labdoo Annahmestelle 23566 Lübeck: Patrick Nötling,"Germany hub, 0% completed, 0 needed",exact
DEU,51.4273,6.8829,donor,1,Labdoo Annahmestelle 45473 Mülheim an der Ruhr: MEG Mülheimer Entsorgungsgesellschaft mbH,"Germany hub, 0% completed, 0 needed",exact
DEU,51.1009,6.9459,donor,38,Labdoo Annahmestelle 40764 Langenfeld: Reparatur Café FIX & FERTIG,"Germany hub, 0% completed, 0 needed",exact
DEU,49.3825,7.4392,donor,4,Labdoo Annahmestelle 66892 Bruchmühlbach-Miesau: AWO Repair-Café MACH-BAR im Sportheim des FV Bruchmühlbach,"Germany hub, 0% completed, 0 needed",exact
DEU,51.7169,9.1842,donor,0,Labdoo Annahmestelle 33034 Brakel: Gesamtschule Brakel,"Germany hub, 0% completed, 0 needed",exact
DEU,52.2881,8.9169,donor,0,Labdoo Annahmestelle 32425 Minden: Niko Dick,"Germany hub, 0% completed, 0 needed",exact
USA,33.6013,-117.5856,donor,23,Labdoo Hub Coto De Caza,"United States hub, 5% completed, 457 needed",exact
ESP,43.371,-8.3959,donor,0,Labdoo City Hub A Coruña,"Spain hub, 0% completed, 0 needed",exact
ESP,41.3826,2.1771,donor,1,Labdoo City Hub Barcelona - Biblioteca La Sagrera-Marina Clotet,"Spain hub, 0% completed, 0 needed",exact
ESP,43.5554,-5.9222,donor,0,Labdoo School Hub Avilés - CEIP Enrique Alonso,"Spain hub, 0% completed, 0 needed",exact
ESP,42.3617,3.1512,donor,11,Labdoo School Hub Llançà - Institut de Llançà,"Spain hub, 100% completed, 8 needed",exact
CHE,-24.7761,134.755,donor,0,Annahmestelle 8804 Au (ZH),"Switzerland hub, 0% completed, 0 needed",exact
ESP,41.2242,1.7256,donor,0,Labdoo School Hub Vilanova i la Geltrú - PFI Institut Joaquim Mir,"Spain hub, 0% completed, 0 needed",exact
DEU,50.4001,8.7461,donor,0,Labdoo Annahmestelle 61231 Bad Nauheim: Secondhand-Kaufhaus,"Germany hub, 0% completed, 0 needed",exact
USA,34.0855,-117.9612,donor,13,Care Mission USA,"United States hub, 26% completed, 50 needed",exact
ESP,43.334,-6.4165,donor,3,Labdoo School Hub Tineo (Asturias) - IES Concejo de Tineo,"Spain hub, 0% completed, 0 needed",exact
VEN,9.0408,-69.7413,donor,0,ALAS DE PAZ,"Venezuela hub, 0% completed, 8 needed",exact
DEU,49.4094,8.6947,donor,17,Labdoo Annahmestelle 69123 Heidelberg: Nils Babion,"Germany hub, 0% completed, 0 needed",exact
ESP,40.6565,-4.7002,donor,3,IES Alonso Madrigal,"Spain hub, 37% completed, 8 needed",exact
VEN,39.4697,-0.3763,donor,0,HUB SAN DIEGO,"Venezuela hub, 0% completed, 0 needed",exact
DEU,51.435,6.7596,donor,2,Labdoo Annahmestelle 47119 Duisburg Ruhrort: Umweltlokal Ruhrort,"Germany hub, 0% completed, 0 needed",exact
ESP,43.3533,-5.8795,donor,0,Villafria,"Spain hub, 0% completed, 0 needed",exact
DEU,54.7833,9.4333,donor,0,Labdoo Annahmestelle 24941 Flensburg: Flensburger Bildungsverein / Tamer Coskun,"Germany hub, 0% completed, 0 needed",exact
CHE,47.5192,7.6945,donor,0,Annahmestelle 4133 Pratteln (BL),"Switzerland hub, 0% completed, 0 needed",exact
DEU,49.9446,11.5744,donor,22,Labdoo Annahmestelle 95448 Bayreuth: [zur Zeit geschlossen],"Germany hub, 40% completed, 55 needed",exact
ESP,41.3213,1.6624,donor,0,Labdoo School Hub Santa Margarida i els Monjos - PFI Institut El Foix,"Spain hub, 0% completed, 0 needed",exact
DEU,51.2254,6.7763,donor,0,Labdoo Annahmestelle 40225 Düsseldorf: Bürgerhaus Salzmannbau,"Germany hub, 0% completed, 0 needed",exact
DEU,47.65,7.6,donor,0,Labdoo Annahmestelle 79592 Fischingen: Landhotel Tanne,"Germany hub, 0% completed, 0 needed",exact
ESP,41.579,1.6173,donor,0,Fundació UEA,"Spain hub, 0% completed, 0 needed",exact
DEU,48.1371,11.5754,donor,45,Labdoo Annahmestelle 81377 München: Hadern,"Germany hub, 100% completed, 18 needed",exact
ESP,41.5064,2.3914,donor,70,Labdoo Hub Vilassar de Mar,"Spain hub, 45% completed, 218 needed",exact
DEU,54.0131,12.2282,donor,24,Labdoo Annahmestelle 18196 Dummerstorf: Repair Café Dummerstorf,"Germany hub, 100% completed, 7 needed",exact
USA,33.8644,-118.0539,donor,0,Labdoo Hub Cerritos,"United States hub, 20% completed, 10 needed",exact
ESP,41.7423,1.8029,donor,0,HUB Sant Joan,"Spain hub, 0% completed, 0 needed",exact
CHE,46.8332,11.9475,donor,0,Annahmestelle 9056 Gais (AR),"Switzerland hub, 0% completed, 0 needed",exact
SLE,8.8882,-12.0442,donor,0,10 Billion Strong Sierra Leone Hub,"Sierra Leone hub, 0% completed, 0 needed",exact
ESP,41.5064,2.3914,donor,2,Labdoo City Hub Vilassar de Mar - Biblioteca Ernest Lluch i Martin,"Spain hub, 0% completed, 0 needed",exact
CHE,46.529,8.6086,donor,0,Annahmestelle 6780 Airolo (TI),"Switzerland hub, 0% completed, 0 needed",exact
CHL,-33.4377,-70.6511,donor,0,Hub empresa en Chile,"Chile hub, 0% completed, 0 needed",exact
ESP,42.2515,2.9418,donor,0,Labdoo School Hub Vilafant - Institut de Vilafant,"Spain hub, 0% completed, 0 needed",exact
DEU,48.1371,11.5754,donor,10,Labdoo Annahmestelle 80939 München: Freimann,"Germany hub, 100% completed, 10 needed",exact
MEX,38.9175,-6.3444,donor,0,Universidad Autonoma de Yucatan,"Mexico hub, 0% completed, 0 needed",exact
ESP,41.608,2.2876,donor,1,CanJoanCoworking,"Spain hub, 0% completed, 0 needed",exact
MEX,20.3333,-103.6667,donor,0,La Minerva,"Mexico hub, 0% completed, 0 needed",exact
DEU,49.5217,7.1403,donor,0,Labdoo Annahmestelle 66640 Namborn: Computer Service Czehak,"Germany hub, 0% completed, 0 needed",exact
DEU,51.435,6.7596,donor,0,Labdoo Annahmestelle 47053 Duisburg 47259: Recyclinghof Süd Wirtschaftsbetriebe Duisburg,"Germany hub, 0% completed, 0 needed",exact
DEU,52.601,7.2681,donor,2,Labdoo Annahmestelle 49744 Geeste (Emsland): Michael Rieken,"Germany hub, 0% completed, 0 needed",exact
DEU,50.9272,8.4124,donor,0,Labdoo Annahmestelle 57334 Bad Laasphe: F. Grebe,"Germany hub, 0% completed, 0 needed",exact
DEU,52.3745,9.7386,donor,0,Labdoo Annahmestelle 30449 Hannover: Erik Uden,"Germany hub, 0% completed, 0 needed",exact
ESP,41.3854,1.6108,donor,0,Labdoo School Hub - Institut de l'Alt Foix,"Spain hub, 0% completed, 0 needed",exact
DEU,52.5174,13.3951,donor,3,Labdoo Annahmestelle 12489 Berlin: Dezhi Jacky Fu,"Germany hub, 0% completed, 0 needed",exact
DEU,48.685,9.0113,donor,11,Labdoo Annahmestelle 71034 Böblingen: HP Deutschland GmbH,"Germany hub, 0% completed, 0 needed",exact
DEU,50.1505,8.5608,donor,3,Labdoo Annahmestelle 65760 Eschborn: HP Deutschland GmbH,"Germany hub, 0% completed, 0 needed",exact
ESP,42.1982,2.1932,donor,0,Labdoo City Hub Ripoll - Biblioteca Lambert Mata,"Spain hub, 0% completed, 0 needed",exact
DEU,49.9995,8.2736,donor,0,Labdoo Annahmestelle 55131 Mainz: Filip Bugajski,"Germany hub, 0% completed, 0 needed",exact
DEU,54.3881,9.2148,donor,4,Labdoo Annahmestelle 27798 Hude: Repair Café Hude,"Germany hub, 0% completed, 0 needed",exact
DEU,49.2246,8.5225,donor,0,Labdoo Annahmestelle 68753 Waghäusel-Wiesental: AfB gGmbH Shop Waghäusel-Wiesental,"Germany hub, 0% completed, 0 needed",exact
ESP,41.1556,1.1076,donor,0,Hub Reus,"Spain hub, 0% completed, 0 needed",exact
DEU,49.0352,11.4738,donor,3,Labdoo Annahmestelle 92339 Beilngries: Reparatur Initiative Beilngries,"Germany hub, 35% completed, 20 needed",exact
ESP,41.7289,1.8287,donor,0,Manresa - Esparraguera,"Spain hub, 0% completed, 0 needed",exact
ESP,41.7289,1.8287,donor,0,Manresa - Esparraguera,"Spain hub, 0% completed, 0 needed",exact
DEU,50.7754,7.2848,donor,0,Labdoo Annahmestelle 53773 Hennef: Furbyte,"Germany hub, 0% completed, 0 needed",exact
ESP,41.201,1.5687,donor,0,Biblioteca pública Casa Nova de Segur de Calafell,"Spain hub, 0% completed, 0 needed",exact
ESP,40.4168,-3.7035,donor,0,Red de Bibliotecas Públicas Madrid,"Spain hub, 0% completed, 0 needed",exact
ESP,40.4168,-3.7035,donor,0,Biblioteca Pública Luis Rosales,"Spain hub, 0% completed, 0 needed",exact
ESP,40.4168,-3.7035,donor,0,Biblioteca Pública Elena Fortún,"Spain hub, 0% completed, 0 needed",exact
ESP,41.1976,1.6345,donor,0,Labdoo City Hub Cunit - Biblioteca Municipal Marta Mata,"Spain hub, 0% completed, 0 needed",exact
DEU,51.8284,7.2791,donor,1,Labdoo Annahmestelle 48249 Dülmen: Mierisch EDV,"Germany hub, 0% completed, 0 needed",exact
DEU,51.3331,6.5623,donor,1,Labdoo Annahmestelle 47809 Krefeld: GSAK,"Germany hub, 0% completed, 0 needed",exact
DEU,49.4432,7.769,donor,0,Labdoo Annahmestelle 67655 Kaiserslautern: 42Kaiserslautern gGmbH,"Germany hub, 0% completed, 0 needed",exact
DEU,48.3252,10.0471,donor,0,Labdoo Annahmestelle 48308 Senden: Siegfried Kohlschein,"Germany hub, 0% completed, 0 needed",exact
KEN,10.63,10.1974,donor,0,Labdoo Hub CASE/ Kakuma Refugee Camp/ Kenya,"Kenya hub, 0% completed, 0 needed",exact
USA,33.6681,-117.3273,donor,0,Nurturing Purpose Labdoo Hub,"United States hub, 7% completed, 359 needed",exact
DEU,48.7784,9.18,donor,0,Labdoo Annahmestelle 70186 Stuttgart: Anton Mech,"Germany hub, 12% completed, 25 needed",exact
DEU,49.65,8.6677,donor,0,"Labdoo Annahmestelle 64646 Heppenheim: AWZ Heppenheim, Wertstoffhof des ZAKB","Germany hub, 0% completed, 0 needed",exact
DEU,0.0,0.0,donor,2,Labdoo Annahmestelle 47475 Kamp-Lintfort: Abfall- und Energiezentrum (AEZ) Asdonkshof,"Germany hub, 0% completed, 0 needed",exact
DEU,49.1366,10.072,donor,15,Labdoo Annahmestelle 74564 Crailsheim:  Alla Bakhmisova / Stärke der Einheit e.V.,"Germany hub, 100% completed, 15 needed",exact
DEU,51.2528,6.9778,donor,0,"Labdoo Annahmestelle 40822 Mettmann: Kreis Mettmann, Abfallberatung","Germany hub, 0% completed, 0 needed",exact
DEU,51.3407,7.044,donor,0,Labdoo Annahmestelle 42549 Velbert: Julien Ettel,"Germany hub, 0% completed, 0 needed",exact
ESP,40.4168,-3.7035,donor,0,Labdoo.org (Madrid),"Spain hub, 0% completed, 0 needed",exact
USA,33.6857,-117.826,donor,0,Saddleback Church Hub - Irvine North Campus,"United States hub, 0% completed, 0 needed",exact
ESP,8.6783,-66.5618,donor,0,CIFP Zonzamas. Reutiliza y Conecta,"Spain hub, 0% completed, 0 needed",exact
CHE,46.5531,6.6355,donor,0,Annahmestelle 1052 Le Mont-sur-Lausanne (VD),"Switzerland hub, 0% completed, 0 needed",exact
DEU,49.4946,10.7949,donor,0,Labdoo Annahmestelle 90579 Langenzenn: Euronics Jakob e.K.,"Germany hub, 0% completed, 0 needed",exact
BOL,-16.7312,-64.4521,recipient,0,"Bolivia, Beni: To set up a new computer laboratory for a sch","Bolivia, open, 700 students",country
BOL,-17.38195,-66.15995,recipient,2,"Bolivia, Cochabamba: Build 2 fully functioning computer labo","Cochabamba, completed, 150 students",city
BRA,-4.97139,-39.01528,recipient,10,"Brazil, Quixadá: To support wit computers the activities in ","Quixadá, completed, 10 students",city
AUT,47.6319,13.7978,recipient,4,"Austria, Imst: SOS Kinderdorf Imst (Austria)","Austria, completed, 42 students",country
KHM,12.6992,105.0397,recipient,9,"Cambodia, Takoh village, Pradak commune, Banteay Srey distri","Cambodia, open, 1420 students",country
COL,9.16095,-75.04811,recipient,10,"Colombia, Nueva Granada, Corregimiento de La Gloria, Departa","Galeras, open, 280 students",city
ECU,-1.24908,-78.61675,recipient,3,"Ecuador, Ambato, Tungurahua: ","Ambato, open, 325 students",city
ECU,-1.24908,-78.61675,recipient,1,"Ecuador, Ambato, Tungurahua: ","Ambato, open, 75 students",city
ECU,-1.24908,-78.61675,recipient,2,"Ecuador, Ambato, Tungurahua: Promover el desarrollo integral","Ambato, completed, 30 students",city
ECU,-1.24908,-78.61675,recipient,4,"Ecuador, Ambato, Tungurahua: ","Ambato, open, 240 students",city
ECU,-1.24908,-78.61675,recipient,2,"Ecuador, Ambato, Tungurahua: ","Ambato, open, 84 students",city
ECU,-1.24908,-78.61675,recipient,2,"Ecuador, Ambato, Tungurahua: ","Ambato, completed, 25 students",city
ECU,-1.24908,-78.61675,recipient,2,"Ecuador, Ambato, Tungurahua: ","Ambato, open, 376 students",city
ECU,-1.24908,-78.61675,recipient,2,"Ecuador, Ambato, Tungurahua: ","Ambato, completed, 20 students",city
ECU,-1.24908,-78.61675,recipient,2,"Ecuador, Ambato, Tungurahua: Promover el desarrollo integral","Ambato, completed, 147 students",city
ITA,45.53558,10.21472,recipient,3,"Italy, Brescia: The donated laptops will be available for la","Brescia, completed, 60 students",city
NPL,28.3009,84.1339,recipient,4,"Nepal, Nuwakot: Kalyankari Vidhya Mandir School","Nepal, open, 200 students",country
MEX,32.5027,-117.00371,recipient,3,"Mexico, Tijuana: A computer Lab for the after-school program","Tijuana, completed, 30 students",city
BIH,44.1442,17.8347,recipient,15,"Bosnia and Herzegovina, Mihatovici: students in refugee camp","Bosnia and Herzegovina, completed, 140 students",country
USA,37.33939,-121.89496,recipient,2,"United States, San Jose: The computers will be used to give ","San Jose, completed, 507 students",city
ZMB,-15.24835,23.12741,recipient,52,"Zambia, Mongu: Holy Cross Girls Secondary School and Poverel","Mongu, open, 750 students",city
ZMB,-15.24835,23.12741,recipient,5,"Zambia, Mongu: Chesire Home School | Förderverein Windeck","Mongu, open, 70 students",city
KEN,0.6899,37.9531,recipient,1,"Kenya, Ukanda: Diani Beach school (with EWB/IoG)","Kenya, completed, 210 students",country
LAO,19.8933,102.1525,recipient,5,"Laos, Luang Prabang: Support to high schools students in dev","Luang Prabang, open, 709 students",city
MEX,23.8744,-101.554,recipient,6,"Mexico, Zacualpan de Amilpas: Art workshop that gives course","Mexico, open, 40 students",country
GTM,14.52396,-90.76308,recipient,7,"Guatemala, Ciudad Vieja Sacatequez: Helping children at Educ","Ciudad Vieja, completed, 70 students",city
DEU,51.43247,6.76516,recipient,5,"Germany, Duisburg: Immersatt e.V. helps and improves the liv","Duisburg, completed, 70 students",city
DEU,51.43247,6.76516,recipient,3,"Germany, Duisburg: MINA - Muslimisches Frauenbildungszentrum","Duisburg, completed, 20 students",city
GTM,15.8209,-90.3122,recipient,6,"Guatemala, San Mateo: Computadoras son para la estacion de r","Guatemala, completed, 20 students",country
DEU,51.43247,6.76516,recipient,1,"Germany, Duisburg: Mabilda Mädchenbildungsarbeit e.V.","Duisburg, completed, 30 students",city
DEU,51.43247,6.76516,recipient,3,"Germany, Duisburg: Förderunterricht für Migrantenkinder","Duisburg, completed, 500 students",city
NIC,12.8936,-85.0161,recipient,6,"Nicaragua, Chontales, Villa Sandino, La Gateada: Centro de E","Nicaragua, completed, 250 students",country
DOM,18.48511,-69.84757,recipient,10,"Dominican Republic, Santo Domingo Este: To provide the Orpha","Santo Domingo Este, open, 40 students",city
KEN,-0.10221,34.76171,recipient,0,"Kenya, Kisumu  : Laptops to help Ogada Secondary School teac","Kisumu, open, 200 students",city
LBR,6.30054,-10.7969,recipient,12,"Liberia, Monrovia: GERLIB COMMUNITY CENTER","Monrovia, completed, 247 students",city
IDN,-8.58333,116.11667,recipient,5,"Indonesia, Mataram, Lombok: CLOSED Youth Creative Foundation","Mataram, completed, 20 students",city
LBR,6.30054,-10.7969,recipient,4,"Liberia, Monrovia: Ward Academy for Girls","Monrovia, completed, 30 students",city
CMR,6.2942,12.9485,recipient,140,"Cameroon, Bali Nyonga: The laptops will support our school c","Cameroon, completed, 580 students",country
NGA,4.95893,8.32695,recipient,6,"Nigeria, Calabar: Computer Lab  in Calabar","Calabar, open, 150 students",city
THA,13.3622,100.98345,recipient,2,"Thailand, Chonburi: Thailand, Chonburi: HHN Foundation Thail","Chon Buri, completed, 15 students",city
ITA,42.982,12.7637,recipient,25,"Italy, Piglio: To support using laptops the many start-up ac","Italy, completed, 20 students",country
MAR,30.42018,-9.59815,recipient,10,"Morocco, Agadir: Public Souk Khamis School near Tafraout","Agadir, completed, 100 students",city
TZA,-6.3558,34.8183,recipient,3,"Tanzania, Engaruka: Continous support to Tanzania computer l","Tanzania, completed, 400 students",country
TGO,8.6607,0.8991,recipient,2,"Togo, Akata Dzokpé: Build a permanent Computer workshop for ","Togo, completed, 25 students",country
GHA,6.38706,-0.37738,recipient,18,"Ghana, Begoro: Laptops for Ghana, Begoro - Anglican JHS","Begoro, open, 132 students",city
GHA,6.38706,-0.37738,recipient,17,"Ghana, Begoro: ","Begoro, open, 152 students",city
ARG,-34.92126,-57.95442,recipient,8,"Argentina, LA PLATA: To provide children in project 'La Maqu","La Plata, completed, 15 students",city
ECU,-2.19616,-79.88621,recipient,5,"Ecuador, Guayaquil: Yachana-huasi","Guayaquil, completed, 530 students",city
ZMB,-15.40669,28.28713,recipient,60,"Zambia, Lusaka: Holy Cross Convent school | Förderverein Win","Lusaka, completed, 400 students",city
GTM,15.32097,-91.47001,recipient,1,"Guatemala, Huehuetenango Cabecera: To provide the school (EL","Huehuetenango, completed, 492 students",city
GHA,7.33991,-2.32676,recipient,18,"Ghana, Sunyani: ","Sunyani, open, 25 students",city
ECU,-1.24908,-78.61675,recipient,2,"Ecuador, Ambato, Tungurahua: ","Ambato, completed, 60 students",city
THA,19.90858,99.8325,recipient,6,"Thailand, Chiang Rai: 把Ｅ化教育帶到泰北,為學校進行環境改善作業","Chiang Rai, completed, 94 students",city
GHA,7.9453,-1.2192,recipient,35,"Ghana, Sawla: NASCO ICT Feeding minds to help provide univer","Ghana, completed, 876 students",country
MEX,19.42847,-99.12766,recipient,0,"Mexico, Mexico City: Digital art workshops for kids and adol","Mexico City, open, 10 students",city
MEX,23.8744,-101.554,recipient,4,"Mexico, Tepoztlán: Give development tools to young people, r","Mexico, open, 20 students",country
BIH,44.1442,17.8347,recipient,15,"Bosnia and Herzegovina, Capljina: Computer room for a primar","Bosnia and Herzegovina, completed, 310 students",country
NPL,28.3009,84.1339,recipient,3,"Nepal, Ghyampesal: Shree Dullav Higher Secondary School","Nepal, open, 120 students",country
KHM,11.56245,104.91601,recipient,19,"Cambodia, Phnom Penh: Introduce IT skills to students (Toul ","Phnom Penh, completed, 250 students",city
ZMB,-12.95867,28.63659,recipient,23,"Zambia, Ndola: Chisankana Community Primary School","Ndola, completed, 190 students",city
MEX,19.42847,-99.12766,recipient,2,"Mexico, Distrito Federal: Adolescents and young adults promo","Mexico City, open, 10 students",city
PRY,-23.4219,-58.3891,recipient,2,"Paraguay, Ypacarai: Computer Lab","Paraguay, completed, 20 students",country
GTM,15.8209,-90.3122,recipient,9,"Guatemala, Chitocán II: laboratorio de computación auto-sost","Guatemala, completed, 200 students",country
MAR,28.6876,-8.8172,recipient,10,"Morocco, Tafrauot: computer lab in a school with disadvantag","Morocco, completed, 10 students",country
CMR,6.2942,12.9485,recipient,0,"Cameroon, Elak-Oku: Computer centre of Elak-Okuon on the pur","Cameroon, open, 40 students",country
NAM,-22.67842,14.52663,recipient,10,"Namibia, Swakopmund: Schule Swakopmund","Swakopmund, completed, 200 students",city
AFG,34.134,66.5922,recipient,10,"Afghanistan, Laghmani: school in Laghmani (DAI)","Afghanistan, completed, 100 students",country
BIH,44.97991,16.71401,recipient,10,"Bosnia and Herzegovina, Prijedor: school at Prijedor","Prijedor, completed, 60 students",city
BIH,44.1442,17.8347,recipient,10,"Bosnia and Herzegovina, Srebrenica / Srebrenik: Computer lab","Bosnia and Herzegovina, completed, 70 students",country
BIH,44.1442,17.8347,recipient,12,"Bosnia and Herzegovina, Vitez: Roma project and school (Merh","Bosnia and Herzegovina, completed, 85 students",country
CMR,3.86667,11.51667,recipient,20,"Cameroon, Yaoundé: Deutsche Schule Jaunde","Yaoundé, completed, 40 students",city
DEU,51.43247,6.76516,recipient,20,"Germany, Duisburg - Huckingen: Bertold-Brecht-Berufsschule","Duisburg, completed, 2100 students",city
DEU,51.43247,6.76516,recipient,4,"Germany, Duisburg: Kunstpause e.V. - Children and youth proj","Duisburg, completed, 12 students",city
DEU,51.43218,6.87967,recipient,8,"Germany, Mülheim an der Ruhr: CVJM / YMCA, new computer room","Mülheim, completed, 15 students",city
GHA,7.9453,-1.2192,recipient,16,"Ghana, Botianor: Future Now, Krokobite school ","Ghana, completed, 280 students",country
DEU,51.083,10.4262,recipient,5,"Germany, Köln / Cologne: Kölner Flüchtlingszentrum Fliehkraf","Germany, completed, 15 students",country
BIH,44.1442,17.8347,recipient,10,"Bosnia and Herzegovina, Srebrenica / Srebrenik: hospital","Bosnia and Herzegovina, completed, 20 students",country
TJK,39.9142,69.00328,recipient,15,"Tajikistan, Istaravshan: home and school for handicaped peop","Istaravshan, completed, 88 students",city
TJK,39.9142,69.00328,recipient,15,"Tajikistan, Istaravshan: NGO SADOQA, school for young women","Istaravshan, completed, 30 students",city
THA,16.71667,98.56667,recipient,2,"Thailand, Mae Sot: The laptops will allow to create a comput","Mae Sot, completed, 400 students",city
GHA,5.6698,-0.01657,recipient,45,"Ghana, Tema, Accra: Computer lab (African Angel eV)","Tema, open, 97 students",city
GMB,13.4286,-15.3834,recipient,2,"Gambia, Fulladu West: Boraba Youth Development Association (","Gambia, open, 60 students",country
NPL,28.26689,83.96851,recipient,0,"Nepal, Pokhara: ","Pokhara, open, 20 students",city
ALB,41.32744,19.81866,recipient,9,"Albania, Tirana: Fan S. Noli school","Tirana, completed, 900 students",city
MEX,17.06025,-96.72544,recipient,1,"Mexico, Santa María Tlahuitoltepec: Laboratory of indigenous","Oaxaca, open, 30 students",city
GMB,13.4286,-15.3834,recipient,0,"Gambia, Mandinaba: nursery school","Gambia, open, 142 students",country
KGZ,41.03709,72.4832,recipient,0,"Kyrgyzstan, Kochkor: school 02 in Kochkor Zhündübaeva","Kochkor-Ata, open, 1300 students",city
KGZ,41.357,74.1753,recipient,3,"Kyrgyzstan, Kochkor -  Ak-Talaa: school 01 in Kochkor Ak-Tal","Kyrgyzstan, open, 173 students",country
NPL,28.3009,84.1339,recipient,0,"Nepal, Nuwakot: Shree Mahendra Higher Secondary School","Nepal, open, 559 students",country
MEX,19.44506,-99.14612,recipient,8,"Mexico, Delegación Cuauhtémoc.  : Exilio Colectivo is puttin","Cuauhtémoc, completed, 25 students",city
KEN,-1.28333,36.81667,recipient,26,"Kenya, Nairobi Kangemi: Kangemi Hupendo school","Nairobi, open, 570 students",city
CMR,3.86667,11.51667,recipient,18,"Cameroon, Yaoundé: lab-village schools","Yaoundé, completed, 90 students",city
GTM,14.96807,-91.76172,recipient,1,"Guatemala, San Pedro Las Huertas: To construct a computer la","San Pedro Sacatepéquez, completed, 40 students",city
BIH,44.1442,17.8347,recipient,10,"Bosnia and Herzegovina, Zavidovici: To support 2 association","Bosnia and Herzegovina, completed, 78 students",country
ZMB,-15.40669,28.28713,recipient,53,"Zambia, Lusaka: St. Pauls Primary and Secondary School ","Lusaka, open, 1650 students",city
NPL,27.70169,85.3206,recipient,6,"Nepal, Kathmandu - Handigaun: Primary school in Handigaun","Kathmandu, completed, 70 students",city
IND,10.77319,76.65366,recipient,0,"India, Palakkad: To provide laptops for hearing-impaired chi","Palakkad, open, 158 students",city
GNB,12.16583,-14.66167,recipient,4,"Guinea-Bissau, Bafata: Dotar tecnologia para aulas informati","Bafatá, completed, 400 students",city
POL,50.43488,16.66145,recipient,11,"Poland, Kłodzko: Kinder- und Jugendbildung","Kłodzko, completed, 100 students",city
GHA,7.27386,-2.87348,recipient,49,"Ghana, Dormaa-Ahenkro: Onipa Nti Education and ICT Centre","Domaa-Ahenkro, completed, 1000 students",city
MEX,20.72111,-103.38742,recipient,4,"Mexico, Zapopan: Escuela para adultos o jóvenes que trabajan","Zapopan, open, 22 students",city
MEX,23.8744,-101.554,recipient,2,"Mexico, El Mazunte, Santa María Tonameca: Espacio de experim","Mexico, open, 400 students",country
SYR,35.0975,38.5117,recipient,6,"Syria, Darkush: Syria, Darkush: Camp school","Syria, completed, 900 students",country
AFG,34.134,66.5922,recipient,17,"Afghanistan, Bedmoschk: Afghanistan, Wardak, Jaghatu: Primar","Afghanistan, completed, 100 students",country
IND,9.93988,76.26022,recipient,2,"India, Fort Cochin: Cottolengo Special School for intellectu","Kochi, completed, 62 students",city
LBR,6.30054,-10.7969,recipient,28,"Liberia, Brewerville / Monrovia: Diana E. Davies, Elementary","Monrovia, open, 600 students",city
ECU,-1.24908,-78.61675,recipient,17,"Ecuador, Ambato, Tungurahua: Computer Lab in Luis Vivero Esp","Ambato, completed, 200 students",city
ECU,-1.24908,-78.61675,recipient,4,"Ecuador, Ambato, Tungurahua: To equip the local rural school","Ambato, completed, 20 students",city
THA,13.6622,101.0868,recipient,10,"Thailand, Hua Mak: Hua Mak School","Thailand, completed, 10 students",country
NPL,28.26689,83.96851,recipient,0,"Nepal, Pokhara: Nepal, Pokhara: IEC Inclusion Empowerment Ce","Pokhara, open, 20 students",city
MEX,23.8744,-101.554,recipient,1,"Mexico, Malinalco: Imaginalco is a program for young people ","Mexico, open, 30 students",country
MEX,19.42847,-99.12766,recipient,2,"Mexico, Mexico City: Promote popular culture projects and th","Mexico City, open, 60 students",city
MEX,21.88262,-102.2843,recipient,1,"Mexico, Aguascalientes: The young people working in the coll","Aguascalientes, open, 4 students",city
UGA,1.2822,32.3437,recipient,13,"Uganda, Nakaseke: Nakseke schools P.T.C staff students, indi","Uganda, completed, 100 students",country
NGA,6.65581,6.38494,recipient,20,"Nigeria, Ubiaja: Edeikholor Mixed Secondary School","Ubiaja, completed, 450 students",city
DEU,51.43247,6.76516,recipient,9,"Germany, Duisburg: Kindergärten und Kindertagesstätten","Duisburg, completed, 200 students",city
THA,13.6622,101.0868,recipient,10,"Thailand, Maesuai: Laptops for Maesuai High School Students ","Thailand, completed, 340 students",country
KEN,0.6899,37.9531,recipient,6,"Kenya, Kangemi: Educating the vulnerable children using comp","Kenya, completed, 311 students",country
MWI,-13.129,34.2344,recipient,23,"Malawi, Chipoka: Primary and Secondary School in Chipoka | S","Malawi, open, 1200 students",country
KEN,-1.28333,36.81667,recipient,27,"Kenya, Nairobi Kangemi: school and street kids project in Ka","Nairobi, completed, 200 students",city
PRY,-23.4219,-58.3891,recipient,24,"Paraguay, Ypacarai: laptops for Norma Hogar","Paraguay, completed, 150 students",country
VNM,16.06778,108.22083,recipient,8,"Vietnam, Danang: support and help create  conditions for the","Da Nang, completed, 40 students",city
BIH,43.84864,18.35644,recipient,5,"Bosnia and Herzegovina, Sarajevo: UZOPI support refugees and","Sarajevo, completed, 4 students",city
NGA,6.65581,6.38494,recipient,20,"Nigeria, Ubiaja: Nigeria, Ubiaja: St. John Boscos College","Ubiaja, completed, 400 students",city
ESP,41.34357,2.03659,recipient,11,"Spain, Sant Boi: Projecte de reinseció social al centre Salu","Sant Boi de Llobregat, completed, 100 students",city
DEU,51.56227,6.7434,recipient,5,"Germany, Dinslaken: Friedensdorf Oberhausen, Lernhaus | COVI","Dinslaken, completed, 150 students",city
NPL,28.3009,84.1339,recipient,6,"Nepal, Chitwan: These computers will be used in our village ","Nepal, completed, 500 students",country
BIH,44.1442,17.8347,recipient,15,"Bosnia and Herzegovina, Stolac: School in Stolac","Bosnia and Herzegovina, completed, 150 students",country
DEU,51.48165,7.21648,recipient,4,"Germany, Bochum: Die Brücke eV","Bochum, completed, 70 students",city
DEU,51.50508,7.09654,recipient,7,"Germany, Gelsenkirchen: Förderverein Krebsberatung","Gelsenkirchen, completed, 7 students",city
DEU,51.45657,7.01228,recipient,1,"Germany, Essen: WAKIGA Waldkindergarten","Essen, completed, 20 students",city
DEU,51.45657,7.01228,recipient,9,"Germany, Essen: Storp9 Haus für Bildung und Kultur","Essen, completed, 9 students",city
KEN,0.6899,37.9531,recipient,33,"Kenya, Shiamusinjiri: The laptops will be used to educate lo","Kenya, completed, 30 students",country
KGZ,42.87,74.59,recipient,5,"Kyrgyzstan, Bishkek  city: Friedensdorf Pre-School education","Bishkek, completed, 20 students",city
MWI,-13.129,34.2344,recipient,15,"Malawi, Madisi: School in Madisi","Malawi, completed, 1000 students",country
KHM,11.56245,104.91601,recipient,2,"Cambodia, Phnom Penh: Comped Home","Phnom Penh, completed, 45 students",city
ALB,41.1417,20.0611,recipient,8,"Albania, Preza: school","Albania, completed, 320 students",country
ROU,45.8245,25.0942,recipient,4,"Romania, Roades / Radeln: Dorfschule Radeln - Peter Maffay S","Romania, completed, 30 students",country
ROU,45.8245,25.0942,recipient,4,"Romania, Roades / Radeln: Schutzburg Radeln - Peter Maffay S","Romania, completed, 14 students",country
BIH,43.98889,18.17806,recipient,16,"Bosnia and Herzegovina, Kakanj (Visoko): Primary school in K","Visoko, completed, 150 students",city
MEX,23.8744,-101.554,recipient,5,"Mexico, Tepetlampa, Municipio Zongolica: Primary school, TEC","Mexico, open, 115 students",country
BIH,43.84864,18.35644,recipient,10,"Bosnia and Herzegovina, Sarajevo: Bosnia Herzegovina, Saraje","Sarajevo, completed, 10 students",city
BIH,44.1442,17.8347,recipient,5,"Bosnia and Herzegovina, Kladanj: Bosnia Herzegovina, Kladanj","Bosnia and Herzegovina, completed, 60 students",country
ESP,41.38879,2.15899,recipient,7,"Spain, Barcelona: Provisioning of laptops for children in Ce","Barcelona, completed, 60 students",city
BIH,44.1442,17.8347,recipient,12,"Bosnia and Herzegovina, Sapna: High School Sapna","Bosnia and Herzegovina, completed, 600 students",country
NIC,12.8936,-85.0161,recipient,2,"Nicaragua, Tola: escuelita Tola","Nicaragua, completed, 45 students",country
BIH,44.1442,17.8347,recipient,5,"Bosnia and Herzegovina, RAVNO: UDRUENJE MLADIH ENA POVRATNIK","Bosnia and Herzegovina, completed, 20 students",country
TZA,-3.35,37.33333,recipient,6,"Tanzania, Moshi-Kilimanjaro: FASO FUMBUKA AGRO SOLUTION ORGA","Moshi, completed, 30 students",city
TZA,-6.3558,34.8183,recipient,22,"Tanzania, Tengeru: Livestock Training Agency (LITA)","Tanzania, completed, 150 students",country
GMB,13.27136,-16.64944,recipient,19,"Gambia, Brikama: Secondary School O4EF","Brikama, open, 500 students",city
BIH,44.1442,17.8347,recipient,12,"Bosnia and Herzegovina, Perin Han: Laptops for primary schoo","Bosnia and Herzegovina, completed, 550 students",country
MWI,-14.3779,34.33322,recipient,3,"Malawi, Dedza / Bembeke: Ngonoonda school (MIM stichting)","Dedza, open, 65 students",city
CPV,15.0764,-23.634,recipient,3,"Cape Verde, Ponta do Sol: Casa Encontrar in Ponta do Sol","Cape Verde, open, 4 students",country
SYR,35.0975,38.5117,recipient,4,"Syria, Atmeh / Atima: Syria, Atmeh / Atima: Camp school Amal","Syria, completed, 200 students",country
MAR,28.98696,-10.05738,recipient,31,"Morocco, Guelmim: student dormitory Exellence","Guelmim, completed, 370 students",city
MAR,28.6876,-8.8172,recipient,20,"Morocco, Merzouga: Morocco, Merzouga: Sable D´Or primary sch","Morocco, completed, 300 students",country
MAR,35.76727,-5.79975,recipient,4,"Morocco, Tanger: Morocco, Tanger: DRAGON TANGER OPEN PROJECT","Tangier, open, 60 students",city
THA,13.6622,101.0868,recipient,23,"Thailand, Kapong: Yaowawit School","Thailand, open, 110 students",country
GTM,15.47745,-90.31105,recipient,0,"Guatemala, San Pedro Carchá: Prorcionamos servicios educativ","San Pedro Carchá, completed, 1800 students",city
DEU,51.48165,7.21648,recipient,2,"Germany, Bochum: Germany, Bochum: Lebensarchitekten e,V,","Bochum, completed, 7 students",city
TZA,-6.44222,38.90422,recipient,9,"Tanzania, Bagamoyo: Our goal is to build up computer classes","Bagamoyo, completed, 900 students",city
GTM,15.8209,-90.3122,recipient,2,"Guatemala, Playa Grande, Ixcán: GESTIÓN DE COMPUTADORAS PARA","Guatemala, completed, 50 students",country
DEU,51.45657,7.01228,recipient,34,"Germany, Essen: Computainer","Essen, completed, 40 students",city
ZAF,-25.47512,30.96935,recipient,10,"South Africa, Nelspruit Village: SASA Scout Centre in Nelspr","Mbombela, completed, 150 students",city
ECU,-1.24908,-78.61675,recipient,4,"Ecuador, Ambato, Tungurahua: Promover el desarrollo integral","Ambato, completed, 299 students",city
THA,12.93333,100.88333,recipient,2,"Thailand, Pattaya: School No 4","Pattaya, completed, 51 students",city
CMR,5.9597,10.14597,recipient,693,"Cameroon, Bamenda: 'Informatik für Afrika' (InfA)","Bamenda, completed, 3500 students",city
DEU,51.51494,7.466,recipient,15,"Germany, Dortmund: Africa Positive e.V. Computerkurse für Mi","Dortmund, completed, 60 students",city
MEX,19.42847,-99.12766,recipient,3,"Mexico, Mexico City: ICT workshops for kids and adolescents ","Mexico City, open, 40 students",city
BIH,43.84864,18.35644,recipient,10,"Bosnia and Herzegovina, Novo Sarajevo: Laptops for volunteer","Sarajevo, completed, 200 students",city
KGZ,41.357,74.1753,recipient,0,"Kyrgyzstan, Kochkor - Arabaev: school 03 in Kochkor","Kyrgyzstan, open, 1005 students",country
BIH,44.1442,17.8347,recipient,30,"Bosnia and Herzegovina, Zvirovici: To implement a computer l","Bosnia and Herzegovina, completed, 200 students",country
SEN,12.8939,-14.94125,recipient,2,"Senegal, Kolda: OFTALKOLDA, An eye-health project in Senegal","Kolda, open, 200 students",city
THA,13.6622,101.0868,recipient,24,"Thailand, Mae Hong Son: The Buddha Kasettra School","Thailand, open, 120 students",country
VEN,10.48801,-66.87919,recipient,6,"Venezuela, Caracas: To provide 16 laptops to the 8 schools i","Caracas, completed, 200 students",city
GTM,14.55636,-90.7332,recipient,13,"Guatemala, Antigua: Implementation of a Labdoo laptop librar","Antigua Guatemala, completed, 200 students",city
HND,14.7404,-86.4925,recipient,3,"Honduras, Olancho: To connect over 500 students to the Inter","Honduras, completed, 200 students",country
KEN,0.6899,37.9531,recipient,2,"Kenya, Endana: To provide the community with alternatives to","Kenya, completed, 200 students",country
NIC,12.8936,-85.0161,recipient,0,"Nicaragua, Subtiava: Equip a local school with a computer la","Nicaragua, completed, 200 students",country
NGA,9.6103,8.1477,recipient,30,"Nigeria, Ndoni: To Bring Laptops And Internet To The Childre","Nigeria, completed, 200 students",country
KHM,13.36179,103.86056,recipient,21,"Cambodia, Siem Reap: To provide laptops for high school tech","Siem Reap, completed, 200 students",city
TZA,-6.44222,38.90422,recipient,2,"Tanzania, Bagamoyo: computer classroom at Marian High School","Bagamoyo, completed, 200 students",city
ESP,41.38879,2.15899,recipient,10,"Spain, Barcelona: To equip the hospital with laptops loaded ","Barcelona, completed, 200 students",city
GTM,14.63823,-91.22901,recipient,5,"Guatemala, Santiago Zamora: Provisioning of laptops to Profe","Santiago Atitlán, completed, 200 students",city
KEN,0.6004,34.77119,recipient,10,"Kenya, Webuye: EWB Western Massachusetts is implementing a c","Webuye, completed, 200 students",city
CMR,5.9597,10.14597,recipient,19,"Cameroon, Mankon Bamenda: NWR - Educare Africa","Bamenda, open, 200 students",city
BIH,44.1442,17.8347,recipient,5,"Bosnia and Herzegovina, Blagaj: Returnees aid ","Bosnia and Herzegovina, completed, 200 students",country
ECU,-1.24908,-78.61675,recipient,5,"Ecuador, Ambato, Tungurahua: ","Ambato, open, 200 students",city
ECU,-1.24908,-78.61675,recipient,2,"Ecuador, Ambato, Tungurahua: ","Ambato, completed, 200 students",city
TGO,6.12874,1.22154,recipient,0,"Togo, Lome: School Project","Lomé, completed, 12 students",city
BIH,44.1442,17.8347,recipient,3,"Bosnia and Herzegovina, Srebrenik: Kinderkarawane project (M","Bosnia and Herzegovina, completed, 20 students",country
DEU,51.22172,6.77616,recipient,6,"Germany, Düsseldorf: SOS Kinder- und Jugendhilfen Düsseldorf","Düsseldorf, completed, 30 students",city
THA,18.79038,98.98468,recipient,5,"Thailand, Chiang Mai: Children's Shelter Foundation","Chiang Mai, completed, 200 students",city
DEU,51.22172,6.77616,recipient,5,"Germany, Düsseldorf: Several projects in Germany, focused on","Düsseldorf, completed, 20 students",city
LAO,19.8933,102.1525,recipient,8,"Laos, Luang Prabang: LELC LEOT English Learning Centre","Luang Prabang, completed, 100 students",city
ZAF,-33.92584,18.42322,recipient,2,"South Africa, Khayelitsha (Cape Town): AMANDLA EduFootball","Cape Town, completed, 1500 students",city
UGA,0.31628,32.58219,recipient,5,"Uganda, Kampala: To provide laptops to the children of In Mo","Kampala, completed, 200 students",city
PER,-8.5227,-74.1142,recipient,2,"Peru, El Porvenir, Trujillo: Nuestro objetivo principal es d","Peru, completed, 295 students",country
BRA,-22.28194,-42.53111,recipient,2,"Brazil, Nova Friburgo, Centenario: Haus des Wissens (Kinderd","Nova Friburgo, completed, 20 students",city
ESP,39.49093,2.89108,recipient,6,"Spain, Llucmajor: SI – Mallorca","Llucmajor, completed, 40 students",city
UGA,0.31628,32.58219,recipient,5,"Uganda, Kampala: Laptops for a dedicated subset of mobile st","Kampala, open, 250 students",city
KEN,-0.10221,34.76171,recipient,10,"Kenya, Kisumu: The laptops will serve the community towards ","Kisumu, completed, 400 students",city
DEU,51.45657,7.01228,recipient,23,"Germany, Essen: Krähennest DIe Perspektive e.V.","Essen, completed, 60 students",city
MAR,31.63416,-7.99994,recipient,10,"Morocco, Marrakech: Morocco, Marrakech: ABURY Laptop Challen","Marrakesh, completed, 55 students",city
DEU,51.22172,6.77616,recipient,13,"Germany, Düsseldorf: Diakonie Jump Jugendhilfe für minderjäh","Düsseldorf, completed, 15 students",city
KEN,0.5635,34.56055,recipient,18,"Kenya, Bungoma: Bungoma Street Kids Project","Bungoma, completed, 30 students",city
POL,51.25,22.56667,recipient,2,"Poland, Lublin: Fundacja Szczesliwe Dziecinstwo Jugendakadem","Lublin, completed, 80 students",city
COG,-0.7294,14.8797,recipient,10,"Congo (Brazzaville), Ngombé: Dans la ville de Ngombé, située","Congo (Brazzaville), completed, 2000 students",country
TJK,38.53575,68.77905,recipient,10,"Tajikistan, Duschanbe: Friedensdorf Dehkadaji Sulh Derewnija","Dushanbe, completed, 20 students",city
DEU,51.43247,6.76516,recipient,10,"Germany, Duisburg: Ganztags-Waldorfschule Duisburg","Duisburg, completed, 140 students",city
SEN,14.2289,-14.6109,recipient,0,"Senegal, Abéné: Collège d'Enseignement Moyen de Abéné","Senegal, open, 301 students",country
KEN,-1.28333,36.81667,recipient,15,"Kenya, Nairobi: MUMO Education & Orphanage Centre (Mpito eV)","Nairobi, completed, 70 students",city
COD,-4.32758,15.31357,recipient,77,"Congo (Kinshasa), Kinshasa Limete: WOCHOP Women and Children","Kinshasa, completed, 300 students",city
COD,-4.32758,15.31357,recipient,37,"Congo (Kinshasa), Kinshasa Musangu Mont-Ngafula: INAVM Inter","Kinshasa, completed, 150 students",city
ALB,41.1417,20.0611,recipient,5,"Albania, Peshkopia: University - YEP Youth Employment Projec","Albania, completed, 2500 students",country
IND,19.07283,72.88261,recipient,3,"India, Mumbai: Palms Care Childrens Home","Mumbai, open, 100 students",city
PAK,34.008,71.57849,recipient,0,"Pakistan, Peshawar: Chand welfare foundation","Peshawar, open, 15 students",city
MAR,33.43443,-5.22126,recipient,6,"Morocco, Pam Ahadaf-Azrou: Une école en milieu rural en moye","Azrou, open, 278 students",city
NAM,-21.9086,18.1645,recipient,26,"Namibia, Arandis: Talitha Kumi Christian Academy","Namibia, completed, 100 students",country
COL,4.1878,-72.6445,recipient,3,"Colombia, Tabio: Institutión Educativa Departamental José de","Colombia, open, 700 students",country
BLZ,17.2425,-88.6827,recipient,5,"Belize, Cayo: To teach the children in Cayo, Belize to use t","Belize, open, 60 students",country
ZMB,-15.40669,28.28713,recipient,47,"Zambia, Lusaka: City of Hope School | Förderverein Windeck","Lusaka, completed, 800 students",city
ALB,41.1417,20.0611,recipient,5,"Albania, Visoke, Mallakaster : Primary school in Visoke (Alb","Albania, completed, 150 students",country
GRC,37.98376,23.72784,recipient,0,"Greece, Athen: KRASS eV children project","Athens, completed, 0 students",city
KHM,13.80731,104.98046,recipient,7,"Cambodia, Meanchey: KRASS eV children project","Tbeng Meanchey, open, 100 students",city
CHN,31.22222,121.45806,recipient,7,"China, Shanghai: KRASS eV children project","Shanghai, completed, 0 students",city
PAK,34.008,71.57849,recipient,36,"Pakistan, Peshawar: Pak German Model School","Peshawar, completed, 560 students",city
GIN,10.256,-10.9869,recipient,9,"Guinea, Kagbélén: Schule La Lumiere | Hilfe-für-Guinea e.V.","Guinea, open, 200 students",country
HND,15.31476,-87.99383,recipient,15,"Honduras, Villanueva: Cortés Hogar San Rafael","Villanueva, completed, 180 students",city
PAK,32.15567,74.18705,recipient,3,"Pakistan, Baleywala (Gujranwala): Gujranwala Saint Thomas Hi","Gujranwala, completed, 500 students",city
PAK,33.72148,73.04329,recipient,12,"Pakistan, Islamabad, Meer Koh: Meer Koh Yamin Saya School | ","Islamabad, completed, 150 students",city
ZAF,-28.5536,24.7525,recipient,28,"South Africa, Kabokweni: Mpumalanga Mlilo Primary School and","South Africa, completed, 480 students",country
IND,9.93988,76.26022,recipient,13,"India, Cochin: Palluruthy DON BOSCO WELFARE CENTRE","Kochi, open, 200 students",city
IRQ,33.1051,43.8325,recipient,2,"Iraq, Tuz-al-askari: Salahaddin primary school","Iraq, completed, 20 students",country
TZA,-6.3558,34.8183,recipient,10,"Tanzania, Mwanakwerekwe, Stone Town: ZASO Zanzibar Aids Asso","Tanzania, completed, 30 students",country
TZA,-6.3558,34.8183,recipient,15,"Tanzania, Stone Town: Zanzibar PLCI school","Tanzania, completed, 130 students",country
TGO,9.03333,1.41667,recipient,4,"Togo, Balanka via Tchamba: School Library in Balanka, Togo","Tchamba, open, 2000 students",city
MAR,28.6876,-8.8172,recipient,5,"Morocco, Merzouga: This is a Berber women project - learn to","Morocco, completed, 25 students",country
PAK,35.29787,75.63372,recipient,7,"Pakistan, SKARDU (BALTISTAN, GILGIT BALTISTAN): Aid program ","Skardu, completed, 18 students",city
SEN,14.6937,-17.44406,recipient,40,"Senegal, Dakar: Ecole Elémentaire Joseph Gomis | Donaly Malu","Dakar, completed, 300 students",city
KEN,-1.52233,37.26521,recipient,0,"Kenya, Machakos: Pascal Machakos is an Information Technolog","Machakos, open, 60 students",city
KHM,13.36179,103.86056,recipient,7,"Cambodia, Siem Reap: Using computer to assist teaching Engli","Siem Reap, completed, 500 students",city
SLE,7.87687,-11.19025,recipient,7,"Sierra Leone, Kenema: Computer resources for the computer la","Kenema, completed, 1000 students",city
PHL,14.6042,120.9822,recipient,2,"Philippines, Manila: Providing computer education & internet","Manila, completed, 35 students",city
THA,19.90858,99.8325,recipient,15,"Thailand, Chiangrai: 提供筆電讓學校的同學老師使用，除了讓學生更加熟悉電腦的操作之外，也能提供給老師","Chiang Rai, completed, 278 students",city
KHM,10.99081,104.78498,recipient,1,"Cambodia, Takeo: To provide computer education & internet ac","Takeo, completed, 40 students",city
BLZ,17.49952,-88.19756,recipient,14,"Belize, Belize City: Computer Training Program on Ubuntu and","Belize City, completed, 15 students",city
KHM,12.48811,106.01879,recipient,1,"Cambodia, Kratie: To provide computer education & internet a","Kratié, completed, 60 students",city
TZA,-3.36667,36.68333,recipient,2,"Tanzania, Arusha: Enhancing the Quality of Teaching and Lear","Arusha, completed, 450 students",city
TZA,-1.5,33.8,recipient,5,"Tanzania, Musoma: Enabling the production of Audio Visual Le","Musoma, completed, 40 students",city
KHM,13.36179,103.86056,recipient,2,"Cambodia, Krong Siem Reap: Kid Drop Out Project & computer t","Siem Reap, completed, 900 students",city
NIC,12.8936,-85.0161,recipient,2,"Nicaragua, Tola:  Formación Fenix uses powerpoint presentati","Nicaragua, completed, 22 students",country
KEN,0.6899,37.9531,recipient,0,"Kenya, Sega Town: Improve the living standards of communitie","Kenya, open, 16 students",country
NIC,12.8936,-85.0161,recipient,2,"Nicaragua, Cusmapa: Apoyar a la población infantil de la esc","Nicaragua, completed, 200 students",country
KEN,-1.28333,36.81667,recipient,9,"Kenya, Nairobi: Shiroz Library & Resource Centre","Nairobi, completed, 200 students",city
ESP,41.38879,2.15899,recipient,9,"Spain, Barcelona: Sant Joan de Déu Serveis Socials Barcelona","Barcelona, completed, 10 students",city
SLE,8.68439,-12.53499,recipient,18,"Sierra Leone, Lunsar: Saint John of God Catholic Hospital","Lunsar, completed, 256 students",city
KEN,0.6899,37.9531,recipient,3,"Kenya, Mathare, Nairobi: Keepod Unite Mathare Project | Phas","Kenya, open, 0 students",country
GIN,9.53795,-13.67729,recipient,8,"Guinea, Conakry: ecole franco arabe Matoto Marché","Conakry, open, 117 students",city
NAM,-21.9086,18.1645,recipient,1,"Namibia, Epukiro: Epukiro Post 3 Junior Secondary School","Namibia, open, 200 students",country
NAM,-22.45338,18.97159,recipient,2,"Namibia, Gobabis: Cheeky Cheetah Kids Harnas.org","Gobabis, completed, 200 students",city
KEN,0.6899,37.9531,recipient,10,"Kenya, Mathare, Nairobi: Keepod Unite Mathare Project","Kenya, completed, 1500 students",country
LAO,17.96667,102.6,recipient,10,"Laos, Vientiane and Luang Prabang: help for pupils and stude","Vientiane, completed, 10 students",city
MMR,16.80528,96.15611,recipient,2,"Myanmar, Yangon: help for pupils and students Asienhilfe (W.","Yangon, completed, 3 students",city
UGA,0.31628,32.58219,recipient,8,"Uganda, Kampala: Her Tomorrow Project","Kampala, open, 10 students",city
COD,-4.32758,15.31357,recipient,111,"Congo (Kinshasa), Kinshasa: Leadership Academia University |","Kinshasa, completed, 1030 students",city
PER,-12.11331,-77.03274,recipient,12,"Peru, Miraflores: Estamos creando bibliotecas y necesitamos ","Miraflores, completed, 100 students",city
IND,23.5863,81.173,recipient,3,"India, Sutrehar: Dhauladhar Convent School (World Unite)","India, open, 250 students",country
MEX,31.87149,-116.60071,recipient,2,"Mexico, Ensenada: Support indigenous communities from Baja C","Ensenada, completed, 32 students",city
TZA,-6.3558,34.8183,recipient,39,"Tanzania, Ihanda Karagwe: Community Secondary school in Ihan","Tanzania, completed, 480 students",country
KEN,-4.05466,39.66359,recipient,1,"Kenya, Mombasa: Bright Montessori Junior Centre in Ukunda","Mombasa, open, 35 students",city
BIH,44.20169,17.90397,recipient,4,"Bosnia and Herzegovina, Zenica: LOTOS Informationszentrum fü","Zenica, completed, 50 students",city
BIH,44.20169,17.90397,recipient,4,"Bosnia and Herzegovina, Zenica: Organisation Pomozi.ba","Zenica, completed, 150 students",city
POL,52.0685,19.4357,recipient,21,"Poland, Bystrzyca: ZSO Bystrzyca Kłodzka ","Poland, completed, 600 students",country
LKA,7.6966,80.6693,recipient,4,"Sri Lanka, Haputale: Sri Lanka, Haputale: Schools Support Fa","Sri Lanka, completed, 20 students",country
ARM,40.17765,44.5126,recipient,5,"Armenia, Yerevan: Children Association of Armenia (Friedensd","Yerevan, completed, 10 students",city
TZA,-3.35,37.33333,recipient,23,"Tanzania, Moshi: Computer Training Centre MIT TAREO (World U","Moshi, completed, 60 students",city
MEX,18.46422,-97.39735,recipient,0,"Mexico, Tehuacán: Somos una organización de mujeres trabajad","Tehuacán, open, 24 students",city
PHL,7.30806,125.68417,recipient,27,"Philippines, Panabo City (Mindanao): Mindanao Life Enrichmen","Panabo, completed, 129 students",city
ROU,45.8245,25.0942,recipient,11,"Romania, Timis: Romania, Timis: Educational Center in Church","Romania, completed, 20 students",country
LKA,7.6966,80.6693,recipient,11,"Sri Lanka, Hikkaduwa: The project 'THARUMUTHU preschool' gav","Sri Lanka, completed, 55 students",country
GHA,5.0847,-1.35093,recipient,0,"Ghana, Elmina, Eguafo: Sankofa Preparatory School (World Uni","Elmina, open, 450 students",city
TZA,-6.3558,34.8183,recipient,1,"Tanzania, Stone Town: Amani ZAFSA Zansibar Football Standard","Tanzania, open, 50 students",country
ZAF,-25.87133,29.23323,recipient,12,"South Africa, Witbank: Blessings Childrens ministry | GS Mei","Emalahleni, completed, 250 students",city
GMB,13.43833,-16.67806,recipient,6,"Gambia, Serrekunda: AIM project for blind students","Serekunda, completed, 10 students",city
MOZ,-25.96553,32.58322,recipient,4,"Mozambique, Maputo: Eye health training to students from Moz","Maputo, completed, 30 students",city
MEX,23.8744,-101.554,recipient,3,"Mexico, Poxcautla, Tequila: Acceso a las TICs de escuela ind","Mexico, open, 49 students",country
GHA,5.28515,-2.76658,recipient,13,"Ghana, Elubo: Volunteering destination changed from Sierra L","Elubo, completed, 1000 students",city
KEN,0.00624,37.07398,recipient,0,"Kenya, Nanyuki: Computers will be given to Club Rafiki to su","Nanyuki, open, 100 students",city
TZA,-3.35,37.33333,recipient,0,"Tanzania, Moshi: Create new class room for the little school","Moshi, completed, 40 students",city
RWA,-2.0147,29.9194,recipient,8,"Rwanda, Burera: Desarrollar el conocimiento de nuestros alum","Rwanda, completed, 55 students",country
MMR,21.97473,96.08359,recipient,34,"Myanmar, Mandalay: Stiftunglife Students Project","Mandalay, completed, 88 students",city
GHA,7.9453,-1.2192,recipient,26,"Ghana, Moree: Moree Senior High Technical School | St. Hilde","Ghana, completed, 200 students",country
DEU,51.43247,6.76516,recipient,8,"Germany, Duisburg: Private Familien- und Flüchtlingshilfe","Duisburg, completed, 10 students",city
NPL,27.70169,85.3206,recipient,9,"Nepal, Kathmandu: Manjushree Community School","Kathmandu, open, 80 students",city
LAO,18.1173,103.7638,recipient,36,"Laos, Ban Nakang: Introduce/educate secondary school student","Laos, open, 400 students",country
ECU,-1.24908,-78.61675,recipient,2,"Ecuador, Ambato, Tungurahua: ","Ambato, completed, 100 students",city
GHA,5.10535,-1.2466,recipient,1692,"Ghana, Cape Coast Ghana: The Laptops will be used to train e","Cape Coast, completed, 2560 students",city
ECU,-2.19616,-79.88621,recipient,2,"Ecuador, Guayaquil: Hogar der Nazareth Casa de acogida (eviv","Guayaquil, completed, 15 students",city
SEN,12.56801,-16.27326,recipient,62,"Senegal, Zinguinchor: Primary school Zinguinchor","Ziguinchor, open, 800 students",city
KEN,-1.28333,36.81667,recipient,0,"Kenya, Nairobi: The computers will serve the community by us","Nairobi, open, 500 students",city
IND,12.22662,79.07461,recipient,3,"India, Tiruvanamalai: WIDE Children's Home","Tiruvannamalai, open, 20 students",city
UGA,1.43314,31.35241,recipient,13,"Uganda, Hoima, Uganda: Education That Changes Lives of Refug","Hoima, open, 100 students",city
SEN,14.6937,-17.44406,recipient,2,"Senegal, Dakar: This project is to improve the quality of li","Dakar, completed, 19 students",city
CRI,9.8635,-84.1467,recipient,3,"Costa Rica, Mastatal: UCI Global Sustainability Group","Costa Rica, completed, 9 students",country
CMR,5.47775,10.41759,recipient,4,"Cameroon, Bafoussam: Promote access to information technolog","Bafoussam, open, 200 students",city
UGA,0.225,32.31361,recipient,40,"Uganda, Mpigi Town: SINA Social Innovation Academy Magero Ch","Mpigi, completed, 400 students",city
TUN,33.87576,10.85745,recipient,1,"Tunisia, Fatou Djerba: Tunesienhilfe Hr Schmidt","Houmt Souk, completed, 2 students",city
ECU,-1.24908,-78.61675,recipient,3,"Ecuador, Ambato  - Tungurahua: ","Ambato, completed, 50 students",city
ECU,-1.24908,-78.61675,recipient,4,"Ecuador, Ambato  - Tungurahua: Promover el desarrollo integr","Ambato, completed, 100 students",city
ECU,-1.24908,-78.61675,recipient,4,"Ecuador, Ambato  - Tungurahua: ","Ambato, completed, 60 students",city
ECU,-1.24908,-78.61675,recipient,0,"Ecuador, Ambato  - Tungurahua: ","Ambato, completed, 60 students",city
ECU,-1.24908,-78.61675,recipient,2,"Ecuador, Ambato  - Tungurahua: Promover el desarrollo integr","Ambato, completed, 100 students",city
KEN,-1.28333,36.81667,recipient,2,"Kenya, Kawangware / Nairobi : Less Fortunatate Children Proj","Nairobi, open, 170 students",city
KEN,-4.05466,39.66359,recipient,22,"Kenya, Mombasa: Matterhorn Children Center","Mombasa, open, 250 students",city
IRL,52.65417,-7.25222,recipient,10,"Ireland, Kilkenny: Fr McGrath Centre - Homework Club","Kilkenny, completed, 110 students",city
ECU,-1.24908,-78.61675,recipient,7,"Ecuador, Ambato, Tungurahua: Fundación Don Bosco","Ambato, completed, 200 students",city
CMR,6.2942,12.9485,recipient,20,"Cameroon, Bachuo Akagbe: Mamfe St. Ignatius of Loyola’s Coll","Cameroon, completed, 64 students",country
TWN,22.75991,121.14457,recipient,2,"Taiwan, Taitung: 推動環境教育，讓地球更美好","Taitung, completed, 120 students",city
NPL,28.3009,84.1339,recipient,8,"Nepal, Udayapur: Nepal, Udayapur:  Shree Mahendra secondary ","Nepal, completed, 213 students",country
PER,-16.39899,-71.53747,recipient,7,"Peru, Arequipa: Colegio Villa Independiente","Arequipa, open, 80 students",city
BLR,53.4679,27.9643,recipient,15,"Belarus, Dobrin: Sommerschule Dobrin (Initiative Tschernobyl","Belarus, completed, 135 students",country
BLR,54.0985,28.3331,recipient,15,"Belarus, Zhodino: Jugendzentrum Zhodino (Initiative Tscherno","Horad Zhodzina, completed, 200 students",city
BIH,44.1442,17.8347,recipient,5,"Bosnia and Herzegovina, Sanski Most: CIM Education for the y","Bosnia and Herzegovina, completed, 50 students",country
CMR,5.75132,9.3137,recipient,15,"Cameroon, Mamfe, Fotabong, Lewoh: Mamfe Blessed John XXIII C","Mamfe, completed, 80 students",city
CMR,5.75132,9.3137,recipient,25,"Cameroon, Mamfe, Manyu Division: St. John College","Mamfe, completed, 125 students",city
CZE,49.7492,15.3833,recipient,4,"Czech Republic, Bartošovice v Orl.h. 84: Sdružení Neratov sc","Czech Republic, completed, 12 students",country
KEN,-4.2929,39.56404,recipient,100,"Kenya, Ukunda: UJUZI na UFUNDI Vocational Training Institute","Ukunda, completed, 100 students",city
NIC,11.93062,-85.95368,recipient,5,"Nicaragua, Granada: Los Gusanitos - Education and care cente","Granada, completed, 35 students",city
POL,49.55573,22.2056,recipient,15,"Poland, Sanok: Zespó³ Szkó³ (Primary School and Middle Schoo","Sanok, completed, 86 students",city
POL,50.72314,23.25196,recipient,7,"Poland, Zamość: Youth club in the old town","Zamość, completed, 30 students",city
TZA,-3.35,37.33333,recipient,10,"Tanzania, Moshi: NAFGEM","Moshi, completed, 100 students",city
THA,13.6622,101.0868,recipient,4,"Thailand, Nongprue: Nongprue school","Thailand, completed, 700 students",country
UZB,42.45861,59.60576,recipient,6,"Uzbekistan, Nukus City: Friedensdorf SAU Soglom Avlod Uchun","Nukus, completed, 217 students",city
ZMB,-14.4469,28.44644,recipient,10,"Zambia, Kabwe: AIDS-Orphans and School Project BOCCS","Kabwe, completed, 2000 students",city
HND,14.45577,-87.63968,recipient,4,"Honduras, Comayagua: A small contribution to create a better","Comayagua, completed, 100 students",city
GHA,10.52726,-0.36982,recipient,8,"Ghana, Nalerigu, Northern Region: Miracle Brain School Compl","Nalerigu, completed, 700 students",city
SOM,2.03711,45.34375,recipient,0,"Somalia, Mogadishu: Al-Jazeera Primary & Secondary School (A","Mogadishu, completed, 530 students",city
MAR,30.47028,-8.87695,recipient,2,"Morocco, Taroudant: The laptops will be used to provide cour","Taroudant, open, 15 students",city
MAR,34.01325,-6.83255,recipient,2,"Morocco, Rabat: The laptops will be used in a two-days a wee","Rabat, open, 15 students",city
MAR,34.01325,-6.83255,recipient,2,"Morocco, Rabat: The laptops will be used in an association f","Rabat, open, 20 students",city
MEX,23.8744,-101.554,recipient,0,"Mexico, Zacapoaxtla: A creative space for high school studen","Mexico, open, 53 students",country
CMR,6.2942,12.9485,recipient,16,"Cameroon, Medjémé (Endom): Les Retrouvailles Gemeinschaftspr","Cameroon, completed, 193 students",country
THA,13.75398,100.50144,recipient,1,"Thailand, Bangkok: Asienhilfe (Hr Schmidt)","Bangkok, completed, 1 students",city
IND,23.5863,81.173,recipient,29,"India, Rajasthan: Connect children with online teachers","India, completed, 100 students",country
KHM,12.6992,105.0397,recipient,1,"Cambodia, Knat Commune: Computer resources for students to l","Cambodia, open, 147 students",country
NPL,28.3009,84.1339,recipient,20,"Nepal, Kharikhola: Nepal, Kharikhola: Kharikhola Higher seco","Nepal, open, 450 students",country
KEN,-1.28333,36.81667,recipient,7,"Kenya, Nairobi: Mathare Slums, Mabatini, St. Michael Childre","Nairobi, completed, 300 students",city
TGO,8.6607,0.8991,recipient,2,"Togo, Agou Gare: Togo, Agou Nyogbo: Laptops for the library ","Togo, completed, 600 students",country
IND,12.97194,77.59369,recipient,4,"India, Bangalore South : Project Defy","Bengaluru, completed, 25 students",city
MAR,28.6876,-8.8172,recipient,8,"Morocco, Asni: La maison des filles scolarise à ASNI dans la","Morocco, completed, 54 students",country
COD,-4.32758,15.31357,recipient,58,"Congo (Kinshasa), Kinshasa: Association Bana Foncobel Kimban","Kinshasa, completed, 250 students",city
CMR,4.15342,9.24231,recipient,20,"Cameroon, Buea: IT training for Dispossed (H4BFSCOOPS)","Buea, completed, 655 students",city
CMR,6.2942,12.9485,recipient,16,"Cameroon, Medjémé (Endom): Ecole Publique de Medjémé 2","Cameroon, completed, 259 students",country
TGO,6.9,0.63333,recipient,9,"Togo, Kpalime, Plateaux Region: Kpalimé - Togo 'All for a be","Kpalimé, completed, 28 students",city
NAM,-21.9086,18.1645,recipient,3,"Namibia, Kamanjab: Blydskap-Vorschule auf der Farm Marienhöh","Namibia, completed, 20 students",country
KHM,13.36179,103.86056,recipient,2,"Cambodia, Siem Reap: To provide computer education & interne","Siem Reap, completed, 40 students",city
KHM,13.10271,103.19822,recipient,12,"Cambodia, Battambang: Teaching  Battambang children some bas","Battambang, completed, 220 students",city
LKA,7.6966,80.6693,recipient,2,"Sri Lanka, Mannar: Thadchanamaruthamadhu School","Sri Lanka, open, 305 students",country
DEU,51.43218,6.87967,recipient,13,"Germany, Mülheim an der Ruhr: BBWE Bildungswerk Mülheim an d","Mülheim, completed, 200 students",city
DEU,51.43218,6.87967,recipient,5,"Germany, Mülheim an der Ruhr: Katharinenschule Förderung Mig","Mülheim, completed, 200 students",city
UGA,1.08209,34.17503,recipient,8,"Uganda, Mbale: Nurses-Training school in Uganda","Mbale, completed, 140 students",city
ESP,39.56939,2.65024,recipient,1,"Spain, Palma de Mallorca: Fundación INDIG (SI Mallorca)","Palma, completed, 50 students",city
ESP,39.56939,2.65024,recipient,8,"Spain, Palma de Mallorca: IMAS Centros de acogida y protecci","Palma, completed, 360 students",city
COD,-1.67409,29.22845,recipient,2,"Congo (Kinshasa), Goma: Yolé!Africa The Art of Empowering Yo","Goma, open, 100 students",city
DEU,51.43247,6.76516,recipient,3,"Germany, Duisburg: Tausche Bildung für Wohnen","Duisburg, completed, 70 students",city
MWI,-15.78499,35.00854,recipient,0,"Malawi, Blantyre: Teachers Support Blantyre","Blantyre, open, 100 students",city
NPL,28.3009,84.1339,recipient,9,"Nepal, Udayapur: Nepal, Udayapur: Udaysi English Higher seco","Nepal, open, 1028 students",country
NPL,28.3009,84.1339,recipient,8,"Nepal, Sindhupalchok: Nepal, Helambu: Yangrima School E-ICT ","Nepal, open, 185 students",country
NPL,28.3009,84.1339,recipient,16,"Nepal, Salleri: Nepal, Salleri: White Hills Higher Secondary","Nepal, open, 377 students",country
NPL,28.3009,84.1339,recipient,6,"Nepal, Udayapur: Nepal, Udayapur:  Shree Majkharka scecondar","Nepal, open, 362 students",country
LAO,18.1173,103.7638,recipient,31,"Laos, Ban Phone Ngeng: Introduce elementary school students ","Laos, open, 100 students",country
ESP,37.98704,-1.13004,recipient,0,"Spain, Beniaján-Murcia: Montar un aula de informática para d","Murcia, open, 225 students",city
NPL,27.70169,85.3206,recipient,9,"Nepal, Kathmandu: Nepal, Kathmandu: Parizat Nestling Home Or","Kathmandu, open, 50 students",city
NPL,28.3009,84.1339,recipient,10,"Nepal, Beni, Tumbuk village - Solu Khumbu: Nepal, Beni: Budd","Nepal, open, 45 students",country
NPL,28.3009,84.1339,recipient,0,"Nepal, Gorkha: Nepal, Gorkha: Chaturmala higher secondary Sc","Nepal, open, 770 students",country
TUR,38.9321,35.5689,recipient,6,"Turkey, Demirköprü: Barada Schule der Hoffnung (Barada Syrie","Turkey, open, 120 students",country
ESP,40.4165,-3.70256,recipient,8,"Spain, Madrid: Ofrece a los chicos y chicas recursos que fav","Madrid, open, 19 students",city
MEX,20.67738,-103.34749,recipient,2,"Mexico, Guadalajara, Jalisco: Crear una aula virtual para qu","Guadalajara, open, 100 students",city
MAR,28.6876,-8.8172,recipient,7,"Morocco, Azemour: groupe d ecole dans une region rurale d az","Morocco, open, 222 students",country
NIC,12.8936,-85.0161,recipient,11,"Nicaragua, El Sauce: Public School Ruben Darío from el Sauce","Nicaragua, open, 78 students",country
AUT,47.6319,13.7978,recipient,0,"Austria, Hallein: Asyl, Hayat Hallein","Austria, completed, 20 students",country
TZA,-3.36667,36.68333,recipient,7,"Tanzania, Arusha: The Engilanget school was found by Anna Mo","Arusha, open, 210 students",city
CHN,34.75534,113.01137,recipient,20,"China, GongYi Shi: future4children","Gongyi, open, 100 students",city
DEU,51.52392,6.9285,recipient,1,"Germany, Bottrop: Wegweiser","Bottrop, completed, 10 students",city
KEN,-1.28333,36.81667,recipient,16,"Kenya, Nairobi: YSK Youth Support Kenya Skills Centre","Nairobi, completed, 60 students",city
ZWE,-18.927,29.7178,recipient,3,"Zimbabwe, Community of Hopely: School Project","Zimbabwe, completed, 100 students",country
GHA,5.80893,-0.35026,recipient,20,"Ghana, Nsawam: Ghana, Nsawam: African School of Hope","Nsawam, open, 110 students",city
ZMB,-12.80243,28.21323,recipient,23,"Zambia, Kitwe: Copperbelt Health Education Project (CHEP) - ","Kitwe, open, 50 students",city
DEU,51.43218,6.87967,recipient,19,"Germany, Mülheim an der Ruhr: Sprachförderungsraum für Flüch","Mülheim, completed, 40 students",city
GEO,41.69143,44.83412,recipient,14,"Georgia, Tibilisi: Union Healthy children (Friedensdorf)","Tbilisi, completed, 26 students",city
DEU,51.52392,6.9285,recipient,1,"Germany, Bottrop: Kreuzbund Suchtprävention an Schulen","Bottrop, completed, 20 students",city
DEU,52.39886,13.06566,recipient,25,"Germany, Potsdam: Germany, Potsdam: Refugees Emancipation Pr","Potsdam, completed, 300 students",city
LAO,19.8933,102.1525,recipient,10,"Laos, Luang Prabang: Kinderkulturzentrum Deutsch-Laotische G","Luang Prabang, completed, 80 students",city
UGA,1.2822,32.3437,recipient,9,"Uganda, LWEZA: SKY KIDS UGANDA EDUCATION PROJECT","Uganda, completed, 80 students",country
UGA,1.2822,32.3437,recipient,31,"Uganda, Kajjansi, Lweza, Zone B: St. Pauls school","Uganda, completed, 500 students",country
BLR,54.0985,28.3331,recipient,15,"Belarus, Zhodino: Mädchengymnasium (Initiative Tschernobyl-H","Horad Zhodzina, completed, 170 students",city
DEU,51.43218,6.87967,recipient,20,"Germany, Mülheim an der Ruhr: Flüchtlingshilfe Mülheim an de","Mülheim, completed, 284 students",city
NPL,28.3009,84.1339,recipient,14,"Nepal, Gerkhutar: Om Mane Public School","Nepal, open, 100 students",country
NPL,28.3009,84.1339,recipient,2,"Nepal, Charghare: New Nepal Primary School","Nepal, open, 67 students",country
ZAF,-28.5536,24.7525,recipient,27,"South Africa, Adelaide: Adelaide Primary School","South Africa, open, 841 students",country
MWI,-11.46556,34.02071,recipient,12,"Malawi, Mzuzu: With the help of computers, we can display id","Mzuzu, completed, 240 students",city
MWI,-11.46556,34.02071,recipient,13,"Malawi, Mzuzu: Use the laptops to help the Malawian create a","Mzuzu, open, 260 students",city
DEU,51.47805,6.8625,recipient,2,"Germany, Oberhausen: wellcome - Evangelisches Familienhilfsw","Oberhausen, completed, 40 students",city
LKA,7.4698,80.6217,recipient,3,"Sri Lanka, Matale: Vocational training center for carpenter ","Matale, completed, 15 students",city
GHA,5.58365,-0.10722,recipient,17,"Ghana, Teshie, Accra: Bethel Bridge Int.School | Deutsch-Gha","Teshi Old Town, open, 175 students",city
ESH,23.68477,-15.95798,recipient,6,"Western Sahara, Dajla: Dajla - Refugees Camp in Western Saha","Dakhla, open, 0 students",city
BIH,44.8825,16.15139,recipient,30,"Bosnia and Herzegovina, Bosanska Krupa (Nähe Bihac): Druga o","Bosanska Krupa, completed, 800 students",city
TGO,6.12874,1.22154,recipient,501,"Togo, Lome: Des sourires pour le Togo","Lomé, open, 1000 students",city
DEU,51.47805,6.8625,recipient,5,"Germany, Oberhausen: Die Kurbel Zentrum für Integration und ","Oberhausen, completed, 20 students",city
DEU,51.083,10.4262,recipient,11,"Germany, Miesbach: KOMM Schule für junge Flüchtlinge in Holz","Germany, completed, 30 students",country
PHL,12.52044,121.43851,recipient,4,"Philippines, Mansalay: Stiftunglife Students Project","Mansalay, open, 51 students",city
UGA,-1.28538,29.68497,recipient,5,"Uganda, Kisoro Town council : Peace Friends of Hope Foundati","Kisoro, completed, 200 students",city
BLR,54.0985,28.3331,recipient,31,"Belarus, Zhodino: Schule Nr 2 (Tschernobylhilfe eV)","Horad Zhodzina, completed, 200 students",city
CMR,3.86667,11.51667,recipient,20,"Cameroon, Yaoundé: CENTRE D’ACCUEIL ET DE VOLONTARIAT POUR O","Yaoundé, completed, 70 students",city
MLI,12.60915,-7.97522,recipient,25,"Mali, Bamako: MOURDIAH NIETA | AGT Africa GreenTec","Bamako, completed, 300 students",city
TZA,-10.26667,40.18333,recipient,19,"Tanzania, Mtwara: Call and Vision Secondary School","Mtwara, completed, 297 students",city
DEU,51.48165,7.21648,recipient,14,"Germany, Bochum: LPE NRW Computerkurse","Bochum, completed, 60 students",city
UGA,0.4175,32.02278,recipient,21,"Uganda, Mityana Town: JULINA MEMORIAL SCHOOL FOR THE DEAF (R","Mityana, completed, 105 students",city
UGA,0.4175,32.02278,recipient,26,"Uganda, Mityana town: FREMMA DAY AND BOARDING PRIMARY SCHOOL","Mityana, completed, 380 students",city
DEU,51.43247,6.76516,recipient,7,"Germany, Duisburg: Eventus Bildungszentrum","Duisburg, completed, 60 students",city
KEN,0.6899,37.9531,recipient,2,"Kenya, Lopiding: Kenya machakos primary school  Machakos ","Kenya, completed, 537 students",country
KEN,-0.42013,36.94759,recipient,0,"Kenya, Nyeri: Computer Lab for St. Anne's Ihithe Ranges Scho","Nyeri, completed, 170 students",city
ZAF,-25.87133,29.23323,recipient,8,"South Africa, Witbank: Sarahs Children „Something out of not","Emalahleni, completed, 20 students",city
USA,25.46872,-80.47756,recipient,8,"United States, Homestead: In our Community Learning Center h","Homestead, completed, 20 students",city
DEU,51.43247,6.76516,recipient,17,"Germany, Duisburg: Elly-Heuss-Knapp-Gymnasium","Duisburg, completed, 1000 students",city
TGO,8.98333,1.13333,recipient,20,"Togo, Sokodé: CENTRE GLOBAL | Aurore eV","Sokodé, open, 380 students",city
KEN,0.6899,37.9531,recipient,2,"Kenya, Lokichoggio: St. Mathews Nadome Pr School","Kenya, completed, 703 students",country
KEN,0.6899,37.9531,recipient,3,"Kenya, Lokichoggio: St.Cosmas Napopongoit Pr.School.","Kenya, completed, 703 students",country
DEU,51.52392,6.9285,recipient,3,"Germany, Bottrop: Nachhilfe und Jugendarbeit Helvalti eV","Bottrop, completed, 20 students",city
KEN,3.11988,35.59642,recipient,3,"Kenya, Lodwar: Kanamkemer Primary School","Lodwar, completed, 2254 students",city
KEN,3.11988,35.59642,recipient,3,"Kenya, Lodwar: Primary School","Lodwar, completed, 1400 students",city
BIH,44.1442,17.8347,recipient,25,"Bosnia and Herzegovina, Jezerski: Computerraum Schule Jezers","Bosnia and Herzegovina, completed, 520 students",country
BIH,44.1442,17.8347,recipient,18,"Bosnia and Herzegovina, Veliki Badic: Druga osnovna skola","Bosnia and Herzegovina, completed, 112 students",country
NPL,26.65422,86.20795,recipient,12,"Nepal, Siraha-1: Chandra Secondary School (Nepali Samaj e.V.","Siraha, completed, 1400 students",city
NPL,27.70169,85.3206,recipient,5,"Nepal, Kathmandu: The laptops will be used to enable a compu","Kathmandu, completed, 3 students",city
DEU,51.57077,6.98593,recipient,6,"Germany, Gladbeck: Primus Bildungszentrum","Gladbeck, completed, 80 students",city
PSE,31.50161,34.46672,recipient,0,"Palestinian Territory, Gaza: Computer room in a school","Gaza, completed, 240 students",city
CPV,15.0764,-23.634,recipient,10,"Cape Verde, Sal Rel: Schule Sal Rel","Cape Verde, completed, 40 students",country
KEN,-1.28333,36.81667,recipient,2,"Kenya, Nairobi: Amani Music School","Nairobi, open, 280 students",city
ZMB,-15.40669,28.28713,recipient,30,"Zambia, Lusaka: Morningstar Bible College","Lusaka, completed, 180 students",city
CIV,5.35444,-4.00167,recipient,4,"Ivory Coast, Abidjan : Reciclem tecnologia, compartim solida","Abidjan, completed, 4 students",city
VUT,-15.1891,166.8491,recipient,28,"Vanuatu, Tanna Island: Collège Technique et Lycée de Lowanat","Vanuatu, completed, 240 students",country
TZA,-6.82349,39.26951,recipient,5,"Tanzania, Dar es Salaam: Agape College","Dar es Salaam, open, 55 students",city
KEN,3.11988,35.59642,recipient,2,"Kenya, Lodwar: Kenya, Lokichoggio: Comboni Girls Primary Sch","Lodwar, completed, 477 students",city
KEN,0.6899,37.9531,recipient,2,"Kenya, Lokichoggio: Kenya, Lokichoggio: Lopiding Girls Secon","Kenya, completed, 470 students",country
KEN,0.6899,37.9531,recipient,2,"Kenya, Lokichoggio: Kenya, Lokichoggio: AIC Songot Secondary","Kenya, completed, 457 students",country
TZA,-6.3558,34.8183,recipient,0,"Tanzania, Kahe: Tansania, Kahe, Mpirani Secondary School","Tanzania, open, 400 students",country
ALB,41.32744,19.81866,recipient,10,"Albania, Tirane: HOPE Charity Center","Tirana, completed, 70 students",city
DEU,51.43247,6.76516,recipient,1,"Germany, Duisburg: Regenbogen","Duisburg, completed, 30 students",city
BRA,-22.28194,-42.53111,recipient,6,"Brazil, Nova Friburgo - Centenario: Portas Abertas Conselhei","Nova Friburgo, completed, 20 students",city
UGA,0.31628,32.58219,recipient,4,"Uganda, Kampala: help for Uganda (Rev Jjumba)","Kampala, completed, 12 students",city
MWI,-13.129,34.2344,recipient,10,"Malawi, Tsabango: Don Bosco Youth Technical Institute","Malawi, open, 875 students",country
KEN,-1.28333,36.81667,recipient,20,"Kenya, Nairobi: Africa Nazarene University","Nairobi, completed, 4000 students",city
TUR,38.9321,35.5689,recipient,0,"Turkey, Ölçülü / Kars: Dorfschule Ölçülü bei Kars","Turkey, open, 175 students",country
GMB,13.4286,-15.3834,recipient,1,"Gambia, Kuwonku: agriculture and education","Gambia, open, 250 students",country
MAR,28.6876,-8.8172,recipient,4,"Morocco, AIT ATTAB: AZILAL un groupe d ecole dans la rural r","Morocco, open, 198 students",country
DEU,51.47805,6.8625,recipient,10,"Germany, Oberhausen: Seiteneinsteigerkinder Elsa-Brändström-","Oberhausen, completed, 1060 students",city
BIH,44.81694,15.87083,recipient,30,"Bosnia and Herzegovina, Bosanska Otoka (Nähe Bihac): JU Osno","Bihać, completed, 564 students",city
TZA,-1.33167,31.81222,recipient,15,"Tanzania, Bukoba Kagera: Mugeza Mseto Primary School","Bukoba, completed, 39 students",city
UGA,0.31628,32.58219,recipient,1,"Uganda, Kampala: computer literacy at the child and elderly ","Kampala, open, 150 students",city
UKR,51.86296,33.4698,recipient,6,"Ukraine, Shostka: Computer class for disabled children","Shostka, completed, 21 students",city
DEU,50.93333,6.95,recipient,5,"Germany, Köln:  SprachFreude Flüchtlingsheim Mado","Köln, completed, 25 students",city
HRV,44.9119,16.6258,recipient,8,"Croatia, Selnica: Grundschule Selnica","Croatia, completed, 301 students",country
MWI,-13.96692,33.78725,recipient,0,"Malawi, Lilongwe : Taste of Malawi","Lilongwe, open, 10 students",city
GEO,41.69143,44.83412,recipient,4,"Georgia, Tiflis: Michael School","Tbilisi, completed, 250 students",city
ECU,-0.22985,-78.52495,recipient,9,"Ecuador, Quito: Centro Educativo y Solidario La Bota ","Quito, completed, 53 students",city
TZA,-6.82349,39.26951,recipient,7,"Tanzania, Dar es Salaam: Kigamboni Community Center","Dar es Salaam, open, 320 students",city
KHM,10.61041,104.18145,recipient,1,"Cambodia, Kampot: help for pupils and students Asienhilfe (W","Kampot, completed, 2 students",city
BIH,44.8825,16.15139,recipient,30,"Bosnia and Herzegovina, Bosanska Krupa: Prva Osnovna skola (","Bosanska Krupa, completed, 654 students",city
DEU,51.52392,6.9285,recipient,3,"Germany, Bottrop: InNatura","Bottrop, completed, 3 students",city
NPL,28.3009,84.1339,recipient,3,"Nepal, kanku 9 mera chhyngmiteng  Solukhumbu : Chhyngmiteng ","Nepal, open, 45 students",country
CUB,21.38083,-77.91694,recipient,12,"Cuba, Camaguey: Kinderhilfsorganisation Camaquito","Camagüey, completed, 50 students",city
DEU,51.43247,6.76516,recipient,5,"Germany, Duisburg: Rhein Ruhr Bildungsverein eV","Duisburg, completed, 50 students",city
NPL,28.3009,84.1339,recipient,10,"Nepal, Solukhumbu: Shree  Juving Secondary School Jubing  2 ","Nepal, completed, 285 students",country
UGA,1.2822,32.3437,recipient,23,"Uganda, Kyengere: St. Aloysius-Schule | Menschenbrücke e.V.","Uganda, open, 508 students",country
BIH,44.81694,15.87083,recipient,31,"Bosnia and Herzegovina, Bihac: Hauptschule Harmani 2","Bihać, completed, 800 students",city
BIH,45.18497,15.80579,recipient,21,"Bosnia and Herzegovina, Velika Kladuša: Prva osnovna škola V","Velika Kladuša, completed, 70 students",city
TZA,-10.26667,40.18333,recipient,50,"Tanzania, Mtwara: Montessori Teachers Training College | Kon","Mtwara, completed, 100 students",city
DEU,51.57077,6.98593,recipient,0,"Germany, Gladbeck: Deutsch für Asylbewerber im Dietrich-Bonh","Gladbeck, completed, 70 students",city
ESP,28.2977,-16.538,recipient,25,"Spain, Lliçà de Vall: Sala de Informática  FUNDACIO PRIVADA ","Spain, open, 24 students",country
CPV,15.0764,-23.634,recipient,11,"Cape Verde, Santa Maria: Hilfe für die Kinder von Terra Boa","Cape Verde, completed, 60 students",country
ZMB,-16.80889,26.9875,recipient,18,"Zambia, CHOMA: NJASE COMPUTER LAB","Choma, open, 925 students",city
TZA,-6.3558,34.8183,recipient,0,"Tanzania, Kahe: Tansania, Moshi, Kahe, Mapogini Secondary Sc","Tanzania, completed, 500 students",country
TZA,-6.3558,34.8183,recipient,0,"Tanzania, Kahe: Tansania, Moshi, Kahe, Orissa Primary School","Tanzania, completed, 1500 students",country
VNM,16.5173,105.9134,recipient,10,"Vietnam, Tam Phuoc Village, Long Thanh District: Laptops for","Vietnam, completed, 100 students",country
VNM,10.82302,106.62965,recipient,20,"Vietnam, Ho Chi Minh: Laptops for Viet Orphans","Ho Chi Minh City, completed, 100 students",city
DEU,51.43218,6.87967,recipient,47,"Germany, Mülheim an der Ruhr: Home Schooling , Integrationss","Mülheim, completed, 60 students",city
PHL,14.6042,120.9822,recipient,0,"Philippines, Manila: Cacao Plantation Philippines support","Manila, open, 500 students",city
BIH,44.8825,16.15139,recipient,11,"Bosnia and Herzegovina, Bosanska Krupa: Ausbildungsförderung","Bosanska Krupa, completed, 30 students",city
TZA,-3.35,37.33333,recipient,25,"Tanzania, Moshi Urban: Kilimanjaro Vicoba Network (KIVINET)","Moshi, completed, 15000 students",city
DEU,51.43247,6.76516,recipient,88,"Germany, Duisburg: Förderung Duisburger Schulklassen (Bürger","Duisburg, completed, 100 students",city
TZA,-6.3558,34.8183,recipient,0,"Tanzania, Kahe: Tansania, Moshi, Kahe, Mpirani Secondary Sch","Tanzania, completed, 400 students",country
SLE,8.48714,-13.2356,recipient,1,"Sierra Leone, Freetown: Sierra Leone, Landwirtschaftsuni,Stu","Freetown, completed, 2500 students",city
TZA,-8.85,34.83333,recipient,35,"Tanzania, Makambako: Sigrid Primary School","Makumbako, completed, 800 students",city
ETH,8.7294,39.9149,recipient,10,"Ethiopia, Fessa: Digital Literacy for Fessa Primary School S","Ethiopia, completed, 195 students",country
GNB,11.86357,-15.59767,recipient,21,"Guinea-Bissau, Bissau: IOGT-Jes Primarschule","Bissau, open, 100 students",city
DEU,51.33962,12.37129,recipient,0,"Germany, Leipzig: Students for Students – Refugees welcome@H","Leipzig, completed, 7 students",city
KEN,0.6899,37.9531,recipient,20,"Kenya, Mitume: Community Capacity Building through ICT (Leap","Kenya, completed, 200 students",country
KEN,-1.03326,37.06933,recipient,5,"Kenya, Donyo-Sabuk at Thika: Empowerment of young people (Le","Thika, completed, 40 students",city
IRL,52.65417,-7.25222,recipient,4,"Ireland, Kilkenny: TASK Involvement Centre Kilkenny","Kilkenny, open, 80 students",city
DEU,51.083,10.4262,recipient,10,"Germany, Pappenheim: Learning with digital support, above al","Germany, completed, 190 students",country
BLR,54.0985,28.3331,recipient,22,"Belarus, Zhodino: Sozialstation Jugendbetreuung (Tschernobyl","Horad Zhodzina, completed, 50 students",city
DEU,51.50508,7.09654,recipient,5,"Germany, Gelsenkirchen: Primus Bildungszentrum e.V.","Gelsenkirchen, completed, 40 students",city
DEU,49.45421,11.07752,recipient,4,"Germany, Nürnberg: Hilfe für Eltern und Kind Nürnberg","Nürnberg, completed, 6 students",city
DEU,51.46667,6.76667,recipient,4,"Germany, Duisburg-Meiderich: Förderung Schüler_innen GGS Hei","Meiderich, completed, 308 students",city
CMR,4.04827,9.70428,recipient,2,"Cameroon, Douala: HELP EXTENSION GROUP(HEG)","Douala, completed, 40 students",city
COD,-3.3386,23.4198,recipient,10,"Congo (Kinshasa), Ville d'Aru, Province de l'Ituri, North-DR","Congo (Kinshasa), open, 70 students",country
TZA,-2.51667,32.9,recipient,4,"Tanzania, Mwanza: Huruma School and Education - INTERTEAM","Mwanza, open, 48 students",city
NGA,6.44132,7.49883,recipient,50,"Nigeria, Enugu: Aru-Ngwa Community High School","Enugu, completed, 200 students",city
BIH,44.1442,17.8347,recipient,35,"Bosnia and Herzegovina, Konjevic Polje: Education Center Nov","Bosnia and Herzegovina, completed, 120 students",country
DEU,50.73438,7.09549,recipient,15,"Germany, Bonn: Ferienfreizeiten des Teckids e.V. (FrogLabs u","Bonn, completed, 800 students",city
ZMB,-15.40669,28.28713,recipient,20,"Zambia, Lusaka: Ramah Naioth Christian School","Lusaka, completed, 350 students",city
PRY,-23.4219,-58.3891,recipient,7,"Paraguay, Primavera: Primavera Indio Center","Paraguay, open, 130 students",country
THA,18.79038,98.98468,recipient,0,"Thailand, Omkoi Chiangmai: Jaluntam Internat","Chiang Mai, open, 186 students",city
TZA,-6.3558,34.8183,recipient,20,"Tanzania, Zansibar: EDEN International School","Tanzania, completed, 138 students",country
UGA,0.31628,32.58219,recipient,20,"Uganda, Kampala: Ebenezer Christian Secondary School","Kampala, completed, 320 students",city
ZMB,-15.40669,28.28713,recipient,20,"Zambia, Lusaka: Chalom Montessori School","Lusaka, completed, 284 students",city
ZMB,-15.40669,28.28713,recipient,20,"Zambia, Lusaka Makeni: Bayuni School","Lusaka, completed, 2100 students",city
MEX,20.67738,-103.34749,recipient,1,"Mexico, Guadalajara: ATENCIÓN INTEGRAL A LOS HIJOS DE LOS PR","Guadalajara, open, 0 students",city
GMB,13.43833,-16.67806,recipient,16,"Gambia, Serekunda: Millora de les condicions de vida dels in","Serekunda, open, 150 students",city
DEU,51.33645,6.55381,recipient,0,"Germany, Krefeld: Integration von Flüchtlingskindern an der ","Krefeld, completed, 352 students",city
DEU,51.083,10.4262,recipient,5,"Germany, Cremlingen: Flüchtlingshilfe Schandelah","Germany, completed, 50 students",country
DEU,52.52437,13.41053,recipient,22,"Germany, Berlin: Refugees on Rails","Berlin, completed, 50 students",city
DEU,53.62937,11.41316,recipient,9,"Germany, Schwerin: Deutsch- und Integrationsunterricht für G","Schwerin, completed, 23 students",city
MMR,19.9012,97.0889,recipient,3,"Myanmar, Thazin: Thazin Secondary School (Hilfswerk Myanmar ","Myanmar, open, 90 students",country
MMR,19.9012,97.0889,recipient,2,"Myanmar, Thazin: Thazin Primary School (Hilfswerk Myanmar eV","Myanmar, open, 40 students",country
MMR,19.9012,97.0889,recipient,2,"Myanmar, Tit Phyu Village: Tit Phyu Village School (Hilfswer","Myanmar, completed, 80 students",country
MMR,19.9012,97.0889,recipient,4,"Myanmar, Stone Village: Stone Village School (Hilfswerk Myan","Myanmar, open, 50 students",country
TZA,-6.3558,34.8183,recipient,1,"Tanzania, Dar es Saalam: Bunju B Primary school","Tanzania, open, 400 students",country
KHM,13.36179,103.86056,recipient,17,"Cambodia, Siem Reap: Computer Room for Teryao Elementary Sch","Siem Reap, completed, 1500 students",city
GHA,6.38706,-0.37738,recipient,4,"Ghana, Begoro: Rehabilitation Centre The Salvation Army","Begoro, open, 69 students",city
ESP,41.38879,2.15899,recipient,6,"Spain, Barcelona: Centre Obert Joan Salvador Gavina","Barcelona, open, 135 students",city
CPV,15.0764,-23.634,recipient,0,"Cape Verde, Sal Rei / Capo Verde: escola primaria Joao Galeg","Cape Verde, completed, 44 students",country
DEU,51.083,10.4262,recipient,15,"Germany, Hasbergen: Flüchtlingsforum Hasbergen","Germany, completed, 20 students",country
NPL,27.70169,85.3206,recipient,18,"Nepal, Kathmandu Bodnath: Kailash Bodhi Secondar y Boarding ","Kathmandu, open, 1000 students",city
KEN,-1.28333,36.81667,recipient,26,"Kenya, Nairobi: Kenya, Nairobi, Street Boys in Dagoretti","Nairobi, completed, 180 students",city
KEN,-1.28333,36.81667,recipient,5,"Kenya, Nairobi: Bright Education Centre (Mpito eV)","Nairobi, completed, 72 students",city
KEN,-1.28333,36.81667,recipient,7,"Kenya, Nairobi: Daystar Junior Educational Centre Mabatini (","Nairobi, completed, 320 students",city
KEN,-1.28333,36.81667,recipient,8,"Kenya, Nairobi: Destiny Community Education Centre (Mpito eV","Nairobi, completed, 509 students",city
KEN,-1.28333,36.81667,recipient,0,"Kenya, Nairobi: Mathare Wisdom Care Centre (Mpito eV)","Nairobi, completed, 274 students",city
KEN,-1.28333,36.81667,recipient,5,"Kenya, Nairobi: Star Educational Centre (Mpito eV)","Nairobi, completed, 251 students",city
KEN,-1.28333,36.81667,recipient,5,"Kenya, Nairobi: Success Care Centre (Mpito eV)","Nairobi, completed, 274 students",city
DEU,51.083,10.4262,recipient,12,"Germany, Windeck-Leuscheid: Flüchtlingshilfe Evgl Kirchengem","Germany, completed, 80 students",country
DEU,48.17904,11.2547,recipient,15,"Germany, Fürstenfeldbruck: Erstaufnahmelager (Refugees Onlin","Fürstenfeldbruck, completed, 1600 students",city
MDG,-19.86586,47.03333,recipient,41,"Madagascar, Antsirabe: Kinderhilfe Madagaskar","Antsirabe, open, 400 students",city
LBR,6.5201,-9.259,recipient,46,"Liberia, Margibi: TVET HELOG Academy","Liberia, open, 60 students",country
NPL,28.3009,84.1339,recipient,1,"Nepal, Phulkharka: Mandali-Technical-School (for Agriculture","Nepal, completed, 9 students",country
NAM,-21.9086,18.1645,recipient,23,"Namibia, Usakos: Anistémi College and Training Centre (Kinde","Namibia, completed, 40 students",country
GMB,13.4286,-15.3834,recipient,19,"Gambia, Sanyany: Projekte des Kindergarten Meschede eV in Ga","Gambia, completed, 20 students",country
DEU,51.43247,6.76516,recipient,20,"Germany, Duisburg:  Deutsch-Sprachkurse für Geflüchtete aus ","Duisburg, completed, 35 students",city
BIH,44.96694,15.94306,recipient,30,"Bosnia and Herzegovina, Cazin: JUI SREDNJA SKOLA (Leben und ","Cazin, completed, 730 students",city
DEU,52.47093,9.84179,recipient,11,"Germany, Isernhagen: Politik zum Anfassen eV","Isernhagen Farster Bauerschaft, completed, 1000 students",city
EGY,30.06263,31.24967,recipient,15,"Egypt, Cairo: Community Center - Bildung für Kinder der Müll","Cairo, completed, 35 students",city
GHA,6.09408,-0.25913,recipient,4,"Ghana, Koforidua: Catholic School","Koforidua, completed, 50 students",city
DEU,51.61379,7.19738,recipient,12,"Germany, Recklinghausen: Flüchtlingscafe (Freifunk)","Recklinghausen, completed, 24 students",city
BOL,-17.39228,-66.27838,recipient,7,"Bolivia, Quillacollo: Berufsschule Sayarinapaj (Bildung blei","Quillacollo, completed, 15 students",city
DEU,51.22172,6.77616,recipient,5,"Germany, Düsseldorf: Computerkurse Düssel-buntu eV","Düsseldorf, completed, 10 students",city
COL,3.43054,-76.5199,recipient,9,"Colombia, Cali: Schule für Strassenkinder (Schule fürs Leben","Cali, open, 300 students",city
DEU,51.28635,7.29388,recipient,0,"Germany, Schwelm: Willkommensinitiative Schwelm","Schwelm, completed, 500 students",city
SEN,14.78944,-16.92602,recipient,7,"Senegal, Thiès:  École Saint-Anne","Thiès, completed, 197 students",city
DEU,51.19807,6.68504,recipient,6,"Germany, Neuss: Computerkurse für Flüchtlings- und Tages-Obd","Neuss, completed, 70 students",city
DEU,50.9856,7.13298,recipient,20,"Germany, Bergisch Gladbach: Deutschkurse Flüchtlingsunterkun","Bergisch Gladbach, completed, 60 students",city
DEU,51.43247,6.76516,recipient,16,"Germany, Duisburg: James-Rizzi Schule","Duisburg, completed, 214 students",city
DEU,50.93333,6.95,recipient,3,"Germany, Köln: Betreuung unbegleiteter minderjähriger Flücht","Köln, completed, 14 students",city
SEN,14.2289,-14.6109,recipient,12,"Senegal, Podor: Projecte d’equipament informàtic per a l’ins","Senegal, completed, 411 students",country
SEN,14.2289,-14.6109,recipient,8,"Senegal, Podor: Projecte d’equipament informàtic per a l’esc","Senegal, open, 371 students",country
CHL,-37.8294,-70.7686,recipient,0,"Chile, Independencia: CORPORACIÓN COLECTIVO SIN FRONTERAS","Chile, open, 60 students",country
DEU,51.43218,6.87967,recipient,8,"Germany, Mülheim an der Ruhr: Netzwerk Broich","Mülheim, completed, 40 students",city
ROU,46.38333,23.85,recipient,0,"Romania, Ocna Mures: Orphanage and Youth Welfare Training an","Ocna Mureş, completed, 280 students",city
DEU,51.43247,6.76516,recipient,20,"Germany, Duisburg: Hans-Christian-Andersen Gemeinschaftsgrun","Duisburg, completed, 191 students",city
BIH,44.1442,17.8347,recipient,60,"Bosnia and Herzegovina, Bosanski Petrovac: Grundschule Ahmet","Bosnia and Herzegovina, completed, 627 students",country
HTI,18.8835,-72.8929,recipient,0,"Haiti, Titanyen: Haiti Community Work","Haiti, open, 300 students",country
SEN,16.01793,-16.48962,recipient,2,"Senegal, St.Louis: Lycée Cheikh Omar Foutiyou Tall LCOFT (Er","Saint-Louis, open, 2000 students",city
GMB,13.4286,-15.3834,recipient,0,"Gambia, Wassu: Niani Upper and Senior Secondary School and N","Gambia, open, 700 students",country
CMR,6.2942,12.9485,recipient,0,"Cameroon, Bazou: Lycee Bilingue de Bazou","Cameroon, open, 900 students",country
TZA,-6.3558,34.8183,recipient,7,"Tanzania, Bugene, Karagwe-Kagera: BUSHANGARO COMMUNITY POVER","Tanzania, completed, 40 students",country
PHL,15.5865,121.8221,recipient,4,"Philippines, Luyang, Carmen: Luyang Elementary School","Philippines, open, 130 students",country
NGA,6.45407,3.39467,recipient,16,"Nigeria, Lagos: Bishop Ajayi Crowther Memorial Grammar Schoo","Lagos, open, 300 students",city
AUT,47.79941,13.04399,recipient,2,"Austria, Salzburg: Austria, Salzburg, technical support","Salzburg, completed, 30 students",city
DEU,51.43218,6.87967,recipient,14,"Germany, Mülheim an der Ruhr: Betreuung und Begleitung von m","Mülheim, completed, 14 students",city
TZA,-1.33167,31.81222,recipient,2,"Tanzania, Bukoba: Nyaishozi Primary School Jambo Bukoba e.V.","Bukoba, open, 952 students",city
NPL,28.3009,84.1339,recipient,13,"Nepal, Lagankhel: Hilfe für Dorfschulen und Kinderdorf Kalan","Nepal, open, 15 students",country
ESP,40.4165,-3.70256,recipient,11,"Spain, madrid: Queremos introducir la robótica en nuestro co","Madrid, open, 150 students",city
DEU,50.93275,7.28389,recipient,3,"Germany, Overath: Flüchtlingsprojekt Overath","Overath, completed, 5 students",city
TGO,6.12874,1.22154,recipient,0,"Togo, Lomé: Shelter 'Casa de Acogida Alegría'","Lomé, open, 25 students",city
DEU,50.9856,7.13298,recipient,5,"Germany, Bergisch Gladbach: Q1 Jugend-Kulturzentrum und Q1st","Bergisch Gladbach, completed, 15 students",city
KHM,12.6992,105.0397,recipient,15,"Cambodia, Pangna Villay: Eine Schule für Pang Na (Enactus Un","Cambodia, completed, 85 students",country
KEN,0.6899,37.9531,recipient,3,"Kenya, Umoja: Primary School Umoja Muehlbauer Academy","Kenya, open, 87 students",country
MEX,32.5027,-117.00371,recipient,2,"Mexico, Tijuana : Orphanage supported by Global Youth Missio","Tijuana, completed, 20 students",city
TZA,-6.3558,34.8183,recipient,5,"Tanzania, Dar es Saalam: MIYOSHA Computer Lab","Tanzania, open, 150 students",country
TGO,8.6607,0.8991,recipient,0,"Togo, Noepe-Demime: Noepe-Demime School","Togo, open, 30 students",country
ESP,40.03108,-3.60246,recipient,8,"Spain, Aranjuez: Rincón informático del aula: articular un e","Aranjuez, open, 450 students",city
HTI,19.75938,-72.19815,recipient,15,"Haiti, Cap-Haitien: Kinderhilfeprojekt Waisenhaus (action fi","Cap-Haïtien, completed, 423 students",city
DEU,51.43247,6.76516,recipient,15,"Germany, Duisburg: Otfried-Preußler-Schule Sprachförderung v","Duisburg, completed, 288 students",city
DEU,51.083,10.4262,recipient,10,"Germany, Hohenhameln: Deutschkurse und Integrationshilfe für","Germany, completed, 125 students",country
DEU,51.083,10.4262,recipient,5,"Germany, Bitburg: Workshop Jugendmedienschutz (Kinderlachen-","Germany, completed, 10 students",country
AUT,47.79941,13.04399,recipient,3,"Austria, Salzburg: Salzburg Fluechtlingsquartier","Salzburg, completed, 50 students",city
DEU,51.43218,6.87967,recipient,3,"Germany, Mülheim an der Ruhr: CIIC Zentrum für Integration u","Mülheim, completed, 25 students",city
GHA,5.55602,-0.1969,recipient,6,"Ghana, Accra: Jerremmites Academy","Accra, open, 100 students",city
CRI,9.8635,-84.1467,recipient,2,"Costa Rica, Potrero: Abriendo Mentes","Costa Rica, open, 80 students",country
CHE,47.05048,8.30635,recipient,0,"Switzerland, Luzern: @ctive Asyl","Luzern, completed, 200 students",city
IND,34.08565,74.80555,recipient,21,"India, Srinagar: Syed Sahab Memorial School","Srinagar, open, 150 students",city
PAK,32.15567,74.18705,recipient,4,"Pakistan, Gujranwala: Zephaniah Free School to raise the sta","Gujranwala, completed, 100 students",city
DEU,51.083,10.4262,recipient,8,"Germany, Bonner Raum: Runder Tisch Flüchtlinge Bonn/ Bad God","Germany, completed, 450 students",country
DEU,51.43247,6.76516,recipient,55,"Germany, Duisburg: Landfermann Gymnasium, Gelingende Integra","Duisburg, completed, 1200 students",city
TGO,8.6607,0.8991,recipient,0,"Togo, Sagada: Centre informatique villageois des jeunes mill","Togo, open, 210 students",country
BLZ,17.2425,-88.6827,recipient,19,"Belize, Cayo District: 2016 Belize Educational Service Group","Belize, open, 150 students",country
DEU,48.78232,9.17702,recipient,6,"Germany, Stuttgart: Flüchtlings-Computerwerkstatt","Stuttgart, completed, 100 students",city
SEN,14.74521,-17.13783,recipient,3,"Senegal, Sebikotane: School-Project Sebikotane, Senegal","Sébikhotane, completed, 166 students",city
DEU,51.43247,6.76516,recipient,35,"Germany, Duisburg: Aletta-Haniel-Gesamtschule Förderung Seit","Duisburg, completed, 1000 students",city
TZA,-6.3558,34.8183,recipient,2,"Tanzania, Dar es Saalam: Bahari Nursery and Primary School","Tanzania, open, 800 students",country
GHA,6.04024,-0.80876,recipient,14,"Ghana, Akwatia: Free Heart Complex Academy","Akwatia, completed, 235 students",city
UKR,51.86296,33.4698,recipient,25,"Ukraine, Shostka: Charity Foundation 'Life' Computer class f","Shostka, completed, 360 students",city
DEU,51.43247,6.76516,recipient,15,"Germany, Duisburg: Zentrum für Integrations- und Migrationsa","Duisburg, completed, 30 students",city
DEU,50.9856,7.13298,recipient,4,"Germany, Bergisch Gladbach: Neue Heimat Begegnungscafe für F","Bergisch Gladbach, completed, 40 students",city
SLE,8.48714,-13.2356,recipient,4,"Sierra Leone, Freetown: Josmariam Junior Secondary School","Freetown, open, 90 students",city
KEN,1.01572,35.00622,recipient,5,"Kenya, Kitale: Child Welfare Society of Kenya (CWSOK)","Kitale, completed, 50 students",city
DEU,51.25627,7.14816,recipient,1,"Germany, Wuppertal: Flüchtlingshilfe OT Höhe (Stadt Wupperta","Wuppertal, completed, 2 students",city
CMR,6.2942,12.9485,recipient,4,"Cameroon, Arrondissement VII,Yaoundé: École Bilingue Les phi","Cameroon, open, 350 students",country
DEU,50.93333,6.95,recipient,3,"Germany, Köln: 180 Grad Wende (JubiGO eV)","Köln, completed, 12 students",city
DEU,50.9856,7.13298,recipient,1,"Germany, Bergisch Gladbach: Sprachkurse für Flüchtlingsheime","Bergisch Gladbach, completed, 40 students",city
DEU,51.50508,7.09654,recipient,1,"Germany, Gelsenkirchen: Suizidprävention für Jugendliche","Gelsenkirchen, completed, 10 students",city
DEU,51.52392,6.9285,recipient,5,"Germany, Bottrop: Ausbildung und Bewerbertraining für Flücht","Bottrop, completed, 20 students",city
DEU,51.43218,6.87967,recipient,2,"Germany, Mülheim an der Ruhr: Drogenhilfe für Jugendliche","Mülheim, completed, 50 students",city
DEU,51.48165,7.21648,recipient,9,"Germany, Bochum: Flüchtlingshilfe SkF eV","Bochum, completed, 18 students",city
DEU,51.43218,6.87967,recipient,2,"Germany, Mülheim an der Ruhr: esCor Weiterbildung Betreuer F","Mülheim, completed, 10 students",city
DEU,51.48165,7.21648,recipient,1,"Germany, Bochum: Integrative Kindergemeinschaft","Bochum, completed, 30 students",city
DEU,51.43218,6.87967,recipient,10,"Germany, Mülheim an der Ruhr: Sprachkurse für Flüchtlinge (C","Mülheim, completed, 30 students",city
DEU,51.43247,6.76516,recipient,4,"Germany, Duisburg: Lebenshilfe Duisburg","Duisburg, completed, 10 students",city
CHE,47.3264,8.79779,recipient,15,"Switzerland, Wetzikon: REMAR S.O.S Flüchtlingshilfe","Wetzikon, completed, 300 students",city
DEU,51.50508,7.09654,recipient,2,"Germany, Gelsenkirchen: Lern-PC Kleiderstube Caritas","Gelsenkirchen, completed, 10 students",city
DEU,51.45657,7.01228,recipient,5,"Germany, Essen: Integrations- und Sprachkurse für Jugendlich","Essen, completed, 20 students",city
IND,23.5863,81.173,recipient,8,"India, Rajasthan: Connect children with online teachers (Pro","India, completed, 100 students",country
BFA,12.36566,-1.53388,recipient,3,"Burkina Faso, Ouagadougou: Gerry School Faso","Ouagadougou, open, 20 students",city
CHN,38.0733,104.6911,recipient,4,"China, Ganzi County, Ganzi Tibetan Autonomous Prefecture: fr","China, open, 450 students",country
DEU,51.50508,7.09654,recipient,1,"Germany, Gelsenkirchen: Quartiersprojekt Gelsenkirchen-Schol","Gelsenkirchen, completed, 10 students",city
DEU,50.73438,7.09549,recipient,10,"Germany, Bonn:   Flüchtlingsprojekt:DRK-Betreuungsdienste We","Bonn, completed, 500 students",city
BIH,44.1442,17.8347,recipient,20,"Bosnia and Herzegovina, Jajce: škola „13. RUJAN“ Jajce","Bosnia and Herzegovina, completed, 700 students",country
DEU,51.40055,6.71187,recipient,7,"Germany, Duisburg Rheinhausen: Deutsch- und Integrationskurs","Rheinhausen, completed, 84 students",city
MLI,17.1681,-4.3464,recipient,41,"Mali, Dalakana: 2 schools | AGT Africa GreenTec","Mali, completed, 120 students",country
MLI,17.1681,-4.3464,recipient,40,"Mali, Djoliba: 2 village schools | AGT Africa GreenTec","Mali, completed, 120 students",country
MLI,17.1681,-4.3464,recipient,20,"Mali, Nafadji: village school | AGT Africa GreenTec","Mali, open, 120 students",country
IND,28.65195,77.23149,recipient,2,"India, New Dehli: Sharing Experiences – India 2016 - CNI SHI","Delhi, completed, 70 students",city
BDI,-3.2613,29.8852,recipient,43,"Burundi, Muramvya: Lycee de Muramvya","Burundi, completed, 800 students",country
MWI,-11.46556,34.02071,recipient,6,"Malawi, Mzuzu: Computer education for :Mzuzu government seco","Mzuzu, open, 360 students",city
SLB,-9.43333,159.95,recipient,2,"Solomon Islands, Honiara: Computer Education for isale Prima","Honiara, completed, 400 students",city
MMR,16.77919,94.73212,recipient,10,"Myanmar, Pathein: Computer education for Pathein School","Pathein, completed, 200 students",city
MNG,48.96833,89.9625,recipient,16,"Mongolia, Ulgii Soum: College of Education","Ölgii, open, 490 students",city
MNG,47.0864,103.3987,recipient,13,"Mongolia, Nogoonnuur Soum: Nogoonnuur High School","Mongolia, open, 1000 students",country
MNG,47.0864,103.3987,recipient,14,"Mongolia, Sagsai Soum: Sagsai Secondary School","Mongolia, open, 350 students",country
DEU,51.48813,13.76623,recipient,15,"Germany, Lüchow: Integrationshaus Wendland","Lauchhammer, completed, 35 students",city
DEU,48.27525,8.85464,recipient,1,"Germany, Balingen: Raum Balingen Kulturelle Vielfalt und Int","Balingen, completed, 20 students",city
MNG,48.96833,89.9625,recipient,7,"Mongolia, Ulgii Soum: Zayed Secondary School","Ölgii, open, 400 students",city
NGA,9.6103,8.1477,recipient,25,"Nigeria, Umunohu: Ikperejere, Ihitte/Uboma L.G.A. Umunohu","Nigeria, completed, 1000 students",country
AFG,34.52813,69.17233,recipient,1,"Afghanistan, Kabul: Hospital with workshop","Kabul, completed, 10 students",city
BFA,11.17715,-4.2979,recipient,11,"Burkina Faso, Bobo-Dioulasso: ONG CAT SYA Suport educatiu pe","Bobo-Dioulasso, open, 75 students",city
COL,4.1878,-72.6445,recipient,0,"Colombia, Girardota: Aula digital 'Conectados por la paz'","Colombia, open, 100 students",country
DOM,18.7795,-70.435,recipient,22,"Dominican Republic, Luperón: Centro Educativo Liceo El Higo","Dominican Republic, completed, 200 students",country
CHE,46.7368,8.2869,recipient,0,"Switzerland, Au: Stiftung Kinderheim Grünau","Switzerland, completed, 16 students",country
COL,6.245,-75.57151,recipient,2,"Colombia, Medellin: Colaboratorio para la Paz ","Medellín, completed, 20 students",city
DEU,51.84967,8.30017,recipient,1,"Germany, Rheda-Wiedenbrück: Weltreise durch Wohnzimmer","Rheda-Wiedenbrück, completed, 10 students",city
BLR,53.90019,27.56653,recipient,19,"Belarus, Minsk: Green Cross SocMed","Minsk, completed, 200 students",city
CHL,-37.8294,-70.7686,recipient,2,"Chile, Peñalolén: Tres escuelas municipales de la Comuna de ","Chile, open, 75 students",country
DEU,51.083,10.4262,recipient,2,"Germany, Bad Godesberg: Flüchtlingsprojekt 'Cafe Kontakt', B","Germany, completed, 130 students",country
IND,19.07283,72.88261,recipient,2,"India, Mumbai: Gao Yi North India Service Group","Mumbai, open, 400 students",city
IRQ,36.86608,42.9879,recipient,30,"Iraq, Dohuk:  Computertraining für Kinder und Jugendliche | ","Dihok, completed, 350 students",city
ETH,14.12109,38.72337,recipient,4,"Ethiopia, axum: Laptops für die Hawelti-Schule im nordäthiop","Aksum, open, 530 students",city
BOL,-16.7312,-64.4521,recipient,6,"Bolivia, San Pedro de Buenavista, Posito: Berufsschule 'Inst","Bolivia, completed, 200 students",country
UGA,0.31628,32.58219,recipient,24,"Uganda, Kampala: Out of school youth empowerment project","Kampala, open, 0 students",city
VNM,10.82302,106.62965,recipient,6,"Vietnam, Ho Chi Minh City: Computer Room for Vinh Phuoc Budd","Ho Chi Minh City, open, 20 students",city
GHA,7.9453,-1.2192,recipient,49,"Ghana, Offinso: Reverence Preparatory School and Junior High","Ghana, completed, 600 students",country
CMR,3.86667,11.51667,recipient,0,"Cameroon, Yaoundé: Centre LIKALO","Yaoundé, open, 40 students",city
PHL,14.6042,120.9822,recipient,10,"Philippines, Manila: Student Center for street children","Manila, completed, 112 students",city
SEN,14.2289,-14.6109,recipient,1,"Senegal, Kabrousse: College Kabrousse ","Senegal, open, 1000 students",country
DEU,50.73438,7.09549,recipient,10,"Germany, Bonn: Flüchtlings Projekt: Internet Cafe Caritsverb","Bonn, completed, 180 students",city
DEU,51.19807,6.68504,recipient,6,"Germany, Neuss: Geschwister-Scholl-Haus","Neuss, completed, 40 students",city
MDG,-19.0416,46.6849,recipient,14,"Madagascar, Cobara: Comunication, Information and Education ","Madagascar, completed, 700 students",country
CRI,9.8635,-84.1467,recipient,2,"Costa Rica, Tablazo de Sardinal: Lakeside International Scho","Costa Rica, open, 8 students",country
UKR,51.5225,30.71806,recipient,24,"Ukraine, Slavutych: Green Cross of Ukraine","Slavutych, completed, 250 students",city
DEU,49.45421,11.07752,recipient,2,"Germany, Nürnberg: Deutschland, Nürnberg: Asylothek Kohlenho","Nürnberg, completed, 10 students",city
TZA,-10.26667,40.18333,recipient,8,"Tanzania, Mtwara: Ordensausbildung junger Frauen in Luagala ","Mtwara, completed, 18 students",city
NIC,12.8936,-85.0161,recipient,7,"Nicaragua, Puerta Cabezas: Associació Amics de Puerto Cabeza","Nicaragua, completed, 0 students",country
ESP,41.34618,1.69713,recipient,4,"Spain, Vilafranca del Penedés: Atendemos la discapacidad, fo","Vilafranca del Penedès, completed, 4 students",city
KEN,-4.05466,39.66359,recipient,14,"Kenya, Mombasa: School and orphanage homes Twaayf Foundation","Mombasa, open, 45 students",city
MAR,28.6876,-8.8172,recipient,15,"Morocco, Sidi Flah / Skoura: school III Chemins sans Frontiè","Morocco, completed, 100 students",country
ALB,41.1417,20.0611,recipient,0,"Albania, Preza: Albanienhilfe e.V.","Albania, completed, 30 students",country
MNG,47.0864,103.3987,recipient,15,"Mongolia, Tschoibalsan: Dornod Polytechnic College","Mongolia, open, 956 students",country
NGA,6.45407,3.39467,recipient,2,"Nigeria, Lagos State: Star of Hope Transformation Center","Lagos, open, 300 students",city
CHE,47.36667,8.55,recipient,6,"Switzerland, Zurich: Action from Switzerland / Action for Wo","Zürich, open, 50 students",city
GHA,6.68848,-1.62443,recipient,1,"Ghana, Kumasi / Santasi: Maria Montessori School (UMAWA)","Kumasi, open, 1300 students",city
NPL,28.3009,84.1339,recipient,4,"Nepal, Nuwakot: Learn to Learn","Nepal, completed, 20 students",country
KEN,-4.05466,39.66359,recipient,0,"Kenya, Mombasa: KiD Kenia Diani","Mombasa, open, 87 students",city
CHE,46.7368,8.2869,recipient,0,"Switzerland, Mobil: Papa-Help","Switzerland, completed, 10 students",country
GTM,16.33111,-89.41694,recipient,9,"Guatemala, Poptun: Ixobobo School","Poptún, completed, 78 students",city
DEU,51.22172,6.77616,recipient,6,"Germany, Düsseldorf: Flüchtlingshilfe Düsseldorf (Private In","Düsseldorf, completed, 20 students",city
DEU,51.083,10.4262,recipient,14,"Germany, bad godesberg: Flüchtlings-Projekt 'Karl-Finkelnbur","Germany, completed, 180 students",country
ROU,45.8245,25.0942,recipient,11,"Romania, Lipova: Jakobushaus Lipova (Elsa-Brändström-Gymnasi","Romania, completed, 24 students",country
MEX,20.93537,-89.01802,recipient,22,"Mexico, Izamal: Schoolprojeht: Bethel International Christia","Izamal, completed, 160 students",city
GHA,7.9453,-1.2192,recipient,0,"Ghana, Abodom: Teaching Computer Basics (TCB) ","Ghana, open, 1913 students",country
BIH,44.81694,15.87083,recipient,10,"Bosnia and Herzegovina, Bihac: Udruzenje 'Radosti druzenja' ","Bihać, completed, 20 students",city
NPL,28.3009,84.1339,recipient,2,"Nepal, Bhuthamod Rajmarg, Dhulikhel: Project CodeForNepal","Nepal, open, 40 students",country
DEU,51.083,10.4262,recipient,6,"Germany, Kleines Wiesental: Wohngruppe Gretherhof WIESE Kind","Germany, completed, 20 students",country
BOL,-17.78629,-63.18117,recipient,5,"Bolivia, Santa Cruz de la Sierra: Kinderheim „Hogar de Niños","Santa Cruz de la Sierra, open, 152 students",city
DEU,51.43247,6.76516,recipient,0,"Germany, Duisburg: Lernangebot an der Flüchtlingsunterkunft ","Duisburg, completed, 120 students",city
MEX,32.5027,-117.00371,recipient,8,"Mexico, Tijuana : Laptops for Boys Orphanage","Tijuana, completed, 15 students",city
GHA,5.55602,-0.1969,recipient,1,"Ghana, Accra: Saint  Martin de Porres School (UMAWA)","Accra, open, 1300 students",city
PRY,-23.4219,-58.3891,recipient,8,"Paraguay, Puerto Barra (bei Naranjal): Puerto Barra (IoG Aac","Paraguay, completed, 822 students",country
DEU,51.17343,7.0845,recipient,1,"Germany, Solingen: Flüchtlings- / Integrationsprojekte (Priv","Solingen, completed, 10 students",city
DEU,51.33645,6.55381,recipient,40,"Germany, Krefeld: Flüchtlings- / Integrationsprojekte (Priva","Krefeld, completed, 420 students",city
GHA,5.55602,-0.1969,recipient,0,"Ghana, Accra: iTeach DreamOval Foundation","Accra, completed, 250 students",city
IDN,-8.45,115.61667,recipient,0,"Indonesia, Karangasem: International Humanity Foundation (IH","Amlapura, completed, 50 students",city
DEU,51.45342,6.6326,recipient,1,"Germany, Moers: Flüchtlings- / Integrationsprojekte (Private","Moers, completed, 5 students",city
UGA,1.2822,32.3437,recipient,0,"Uganda, Kabagaya A, Kiboga District: Martyr´s Primary School","Uganda, open, 100 students",country
DEU,51.43247,6.76516,recipient,1,"Germany, Duisburg: Sprachförderung GGS Laar","Duisburg, completed, 205 students",city
DEU,51.43218,6.87967,recipient,6,"Germany, Mülheim an der Ruhr: Welcome “Bros and Sis' (Afro M","Mülheim, completed, 20 students",city
IND,12.22662,79.07461,recipient,12,"India, Tiruvannamalai: Arunachala Rising Sun","Tiruvannamalai, open, 530 students",city
KEN,0.28422,34.75229,recipient,4,"Kenya, Kakamega: Bildungshaus fürs Waisenhaus ( In Our Own Q","Kakamega, completed, 50 students",city
KEN,0.6899,37.9531,recipient,15,"Kenya, Loitokitok: village school ( Big Life Foundation )","Kenya, completed, 132 students",country
GHA,7.9453,-1.2192,recipient,2,"Ghana, Adaklu Kodzobi : Volta Aid Foundation, High School co","Ghana, completed, 80 students",country
ESP,41.38879,2.15899,recipient,0,"Spain, Barcelona: Apoyo en el proceso de aprendizaje de una ","Barcelona, completed, 1 students",city
GHA,9.40079,-0.8393,recipient,10,"Ghana, Tamale: Neesim Community Children Education and Libra","Tamale, completed, 34 students",city
LKA,6.93548,79.84868,recipient,4,"Sri Lanka, Colombo: NETHRA - Vision through wisdom","Colombo, completed, 15 students",city
GMB,13.41033,-16.70815,recipient,17,"Gambia, Sukuta-Nema: Holland Gambian Foundation Ding Ding Be","Sukuta, completed, 150 students",city
ETH,7.06205,38.47635,recipient,6,"Ethiopia, Hawassa: Inside Travel Yirgalem","Awasa, completed, 3981 students",city
KEN,-4.2929,39.56404,recipient,25,"Kenya, Ukunda: Computer School Diani for all and also handic","Ukunda, completed, 40 students",city
NAM,-22.67842,14.52663,recipient,10,"Namibia, Swakopmund: Mondesa Youth Opportunities","Swakopmund, open, 120 students",city
DEU,51.43218,6.87967,recipient,26,"Germany, Mülheim an der Ruhr: Grundschule am Dichterviertel ","Mülheim, completed, 160 students",city
DEU,50.93333,6.95,recipient,1,"Germany, Köln: dib e. V. - Projekt MINT Flucht/Migration Fra","Köln, completed, 20 students",city
DEU,51.33645,6.55381,recipient,20,"Germany, Krefeld: Bischöfliche Maria-Montessori-Gesamtschule","Krefeld, completed, 1000 students",city
TZA,-2.8725,32.2325,recipient,2,"Tanzania, Geita: Children education by Alliance Care for Ini","Geita, open, 63 students",city
COL,1.21456,-77.27846,recipient,0,"Colombia, San Juan de Pasto: INSTITUCIÓN EDUCATIVA MUNICIPAL","Pasto, completed, 994 students",city
ESP,41.56667,2.01667,recipient,4,"Spain, Terrassa: ASOCIACION CULTURAL HOPE","Terrassa, open, 12 students",city
BLR,54.0985,28.3331,recipient,2,"Belarus, Zhodino: Behindertenzentrum und Augenklinik (Tscher","Horad Zhodzina, open, 25 students",city
NGA,10.52641,7.43879,recipient,4,"Nigeria, Kaduna: ICT4GENDEREQUALITY ( Deltawomen.org )","Kaduna, open, 370 students",city
GHA,6.68848,-1.62443,recipient,10,"Ghana, Kumasi: Ashanti Community Libraries Little Angels Aca","Kumasi, open, 290 students",city
KEN,0.6899,37.9531,recipient,8,"Kenya, Nyilima: Kar Geno Teachers2Teachers International Pro","Kenya, completed, 6118 students",country
DEU,50.93333,6.95,recipient,1,"Germany, Köln: Flüchtlingshilfe und Integrationsprojekte ( P","Köln, completed, 10 students",city
UGA,0.4175,32.02278,recipient,15,"Uganda, Mityana: St. Noas Senior Secondary School Mityana","Mityana, completed, 60 students",city
UGA,0.40444,32.45944,recipient,15,"Uganda, Wakiso: Padre Pio Nursery and Primary School","Wakiso, completed, 200 students",city
UGA,0.4175,32.02278,recipient,20,"Uganda, Mityana: Naama Senior Secondary School","Mityana, completed, 80 students",city
TZA,-9.34917,34.77167,recipient,41,"Tanzania, Kibena bei Njombe, Ortsteil Idunditali: Josephine ","Njombe, open, 500 students",city
ROU,45.8245,25.0942,recipient,9,"Romania, Sinnicolau Mare: Schule Theodor Bucurescu ( Frieden","Romania, completed, 17 students",country
DEU,51.51494,7.466,recipient,34,"Germany, Dortmund: Integrationsarbeit Projekt Ankommen e.V.","Dortmund, completed, 50 students",city
DEU,51.47805,6.8625,recipient,67,"Germany, Oberhausen: Lernförderung der städtischen Gemeinsch","Oberhausen, completed, 125 students",city
DEU,51.43247,6.76516,recipient,1,"Germany, Duisburg: Repaircafe Duisburg Ruhrort","Duisburg, completed, 10 students",city
NGA,9.6103,8.1477,recipient,7,"Nigeria, Kajola: Oyo-State Irepodun High School Ilero","Nigeria, completed, 300 students",country
DEU,51.47805,6.8625,recipient,26,"Germany, Oberhausen:  Lernförderung für Geflüchtete „Unbegle","Oberhausen, completed, 85 students",city
DEU,51.47805,6.8625,recipient,21,"Germany, Oberhausen:  Lernförderung für Geflüchtete im priva","Oberhausen, completed, 40 students",city
NGA,9.6103,8.1477,recipient,4,"Nigeria, kajola: Oyo-State Illero  Baptist High School","Nigeria, completed, 300 students",country
IND,25.31668,83.01041,recipient,55,"India, Varanasi OT Aurangabad: Badi Asha School | Learn for ","Varanasi, open, 250 students",city
NGA,9.6103,8.1477,recipient,2,"Nigeria, Kajola: Oyo-State Ansaru-Deen Comprehensive middle ","Nigeria, completed, 300 students",country
COD,-4.32758,15.31357,recipient,0,"Congo (Kinshasa), Kinshasa - Ngaliema: Miniis  Charité","Kinshasa, open, 30 students",city
IND,23.5863,81.173,recipient,2,"India, Umrangso: Computers for Vidya Bharati School ","India, open, 210 students",country
DEU,51.45657,7.01228,recipient,10,"Germany, Essen: Freie Schule Essen e.V.","Essen, completed, 30 students",city
BIH,44.8825,16.15139,recipient,40,"Bosnia and Herzegovina, Bosanska Krupa: U MSŠ „Safet Krupić“","Bosanska Krupa, completed, 650 students",city
DEU,51.43218,6.87967,recipient,1,"Germany, Mülheim an der Ruhr: Aufwind - Christliche Drogensu","Mülheim, completed, 20 students",city
ETH,8.7294,39.9149,recipient,10,"Ethiopia, Agena Town: Digital Literacy for Agena secondary a","Ethiopia, open, 1342 students",country
MMR,19.9012,97.0889,recipient,3,"Myanmar, Aleyar: Aleyar Education in the Ayeyarwady Division","Myanmar, open, 110 students",country
DEU,51.19139,6.51352,recipient,11,"Germany, Korschenbroich-Glehn : Integrationsarbeit TZG und W","Korschenbroich, completed, 25 students",city
RUS,59.0394,98.6705,recipient,9,"Russia, г. Луга / Luga: Lugskaya Internatsschule","Russia, open, 211 students",country
CHE,46.7368,8.2869,recipient,1,"Switzerland, Rüschlikon: Diakonie Nidelbad Flüchtlingshilfe","Switzerland, completed, 5 students",country
MEX,32.5027,-117.00371,recipient,31,"Mexico, Tijuana: Laptops for El Nino Public School Study Roo","Tijuana, completed, 50 students",city
DEU,51.083,10.4262,recipient,1,"Germany, Moisburg: Integrations-/Flüchtlingsprojekt (private","Germany, completed, 8 students",country
BOL,-19.03332,-65.26274,recipient,2,"Bolivia, Sucre: Fundación Amazonía","Sucre, completed, 45 students",city
BOL,-16.7312,-64.4521,recipient,0,"Bolivia, Lajastambo: Bolivia, Lajastambo, Musug Sunqu","Bolivia, open, 10 students",country
BOL,-16.7312,-64.4521,recipient,1,"Bolivia, El Alto: Inthi Phajsi","Bolivia, completed, 100 students",country
BOL,-17.78629,-63.18117,recipient,13,"Bolivia, Santa Cruz: Plataforma Solidaria","Santa Cruz de la Sierra, completed, 70 students",city
MAR,33.58831,-7.61138,recipient,12,"Morocco, Casablanca: Transit to Labdoo Hub-Casablanca, Moroc","Casablanca, completed, 400 students",city
RWA,-1.70278,29.25639,recipient,0,"Rwanda, Gisenyi: Friends of Ruanda  - Ausbildung in Gastrono","Gisenyi, completed, 200 students",city
SEN,14.2289,-14.6109,recipient,2,"Senegal, cabrousse: Senegal Ziguinchor, Carbousse,  Student ","Senegal, completed, 63 students",country
DEU,51.16818,6.93093,recipient,2,"Germany, Hilden: UMA Betreuung Sozialpädagogische Einrichtun","Hilden, completed, 25 students",city
TZA,-6.3558,34.8183,recipient,6,"Tanzania, Makete: Iringa Njombe Makete-School","Tanzania, open, 0 students",country
ECU,-2.19616,-79.88621,recipient,9,"Ecuador, Guayaquil: escuela Reino Unido","Guayaquil, open, 200 students",city
BOL,-15.83403,-67.56586,recipient,5,"Bolivia, Caranavi:  Casa Esperanza","Caranavi, completed, 100 students",city
BOL,-19.03332,-65.26274,recipient,2,"Bolivia, Sucre: ONG Musuq Sunqu","Sucre, completed, 50 students",city
BGD,23.6737,90.4321,recipient,1,"Bangladesh, durgapur: Bangladesh, Durgapur, Nomuna","Bangladesh, completed, 150 students",country
BOL,-19.03332,-65.26274,recipient,2,"Bolivia, Sucre:  Musuq Sunqu, Lajastambo:","Sucre, completed, 25 students",city
KEN,-1.28333,36.81667,recipient,0,"Kenya, nairobi: The Laptops are in Salzburg office, some top","Nairobi, open, 0 students",city
BOL,-19.03332,-65.26274,recipient,2,"Bolivia, Sucre: 'CEMVA  Centro Educativo Multifuncional Vill","Sucre, completed, 65 students",city
BOL,-19.03332,-65.26274,recipient,1,"Bolivia, Sucre: Fundación Wiñay","Sucre, completed, 60 students",city
BOL,-19.03332,-65.26274,recipient,1,"Bolivia, Sucre: Hogar de Niñas Santa Clotilde","Sucre, completed, 60 students",city
BOL,-17.78629,-63.18117,recipient,3,"Bolivia, Santa Cruz: Centro San Isidro","Santa Cruz de la Sierra, completed, 15 students",city
NPL,28.3009,84.1339,recipient,0,"Nepal, Jharkot: Labdoo it, Jharkot Kids!","Nepal, completed, 30 students",country
MNG,47.0864,103.3987,recipient,12,"Mongolia, Umnugobi: Umnugobi School","Mongolia, open, 1260 students",country
MNG,49.48667,105.92278,recipient,20,"Mongolia, Darkhan: New Darkhan City School #19","Darhan, open, 400 students",city
ALB,41.1417,20.0611,recipient,0,"Albania, Rembec: Shkolla e mesme e Bashkuar „Dhimitraq Gjata","Albania, open, 267 students",country
KEN,-1.36696,38.01055,recipient,2,"Kenya, Misewani Sub-Location Kitui: Kwa-Ukungu Joylight Acad","Kitui, open, 72 students",city
ESP,28.2977,-16.538,recipient,7,"Spain, Nulles: Robòtica a l’escola de Nulles (Alt Camp)","Spain, open, 53 students",country
TGO,9.25025,0.78213,recipient,7,"Togo, bassar: Togo, Bassar, Bikotiba-Schule (Grund-, Real- u","Bassar, open, 800 students",city
TGO,9.25025,0.78213,recipient,7,"Togo, bassar: Togo, Bassar, Bassar-Krankenhaus ","Bassar, open, 0 students",city
GHA,7.9453,-1.2192,recipient,1,"Ghana, Awudome Kwanta: Primary School Awudome Kwanta","Ghana, completed, 99 students",country
NPL,28.3009,84.1339,recipient,28,"Nepal, Lumbini: Action Missions","Nepal, completed, 200 students",country
KHM,11.56245,104.91601,recipient,2,"Cambodia, Phnom Penh Post: Wat Opot Children’s Community","Phnom Penh, completed, 10 students",city
SEN,14.2289,-14.6109,recipient,4,"Senegal, Kafountine Commune: School centre Kafountine","Senegal, open, 27 students",country
ESP,41.67419,2.79036,recipient,3,"Spain, Blanes : ESCOLA JOAQUIM RUYRA - Atenció a la diversit","Blanes, open, 292 students",city
GRC,37.98376,23.72784,recipient,12,"Greece, Athens: 'Educational laptops for refugee students in","Athens, completed, 9 students",city
TZA,-6.3558,34.8183,recipient,9,"Tanzania, Muungoni: Muungoni Village – Zanzibar Turtle and T","Tanzania, open, 150 students",country
SDN,15.6706,29.9515,recipient,9,"Sudan, Karthum: Privatschule","Sudan, completed, 1000 students",country
ESP,37.18817,-3.60667,recipient,18,"Spain, Granada: Aldeas Infantiles SOS: Equipamiento informát","Granada, completed, 120 students",city
NIC,12.43527,-86.87862,recipient,1,"Nicaragua, Leon: Escuela Hermanos de Salzburgo ","León, open, 600 students",city
UGA,0.31628,32.58219,recipient,19,"Uganda, Kampala: Berufschule für Straßenkindern - SAI","Kampala, completed, 60 students",city
ZWE,-18.927,29.7178,recipient,7,"Zimbabwe, Zvimba: Computer laboratory Chikambi Primary Schoo","Zimbabwe, open, 350 students",country
SRB,44.0268,20.8568,recipient,37,"Serbia, Majur: Primary School Majur","Serbia, open, 743 students",country
TZA,-6.3558,34.8183,recipient,0,"Tanzania, Lekrimuni: NAFGEM Play School | Robert-Bosch-Gesam","Tanzania, open, 90 students",country
TZA,-6.3558,34.8183,recipient,0,"Tanzania, Lekrimuni: Primary School | Robert-Bosch-Gesamtsch","Tanzania, open, 250 students",country
TZA,-6.3558,34.8183,recipient,0,"Tanzania, Lekrimuni: Hospital and village development center","Tanzania, open, 100 students",country
ZAF,-26.20227,28.04363,recipient,38,"South Africa, Johannesburg: ADET - African Digital Education","Johannesburg, open, 246 students",city
DEU,51.45657,7.01228,recipient,8,"Germany, Essen: Förderung Seiteneinsteigerkinder Franz-Dinne","Essen, completed, 450 students",city
TZA,-3.85,35.53333,recipient,5,"Tanzania, Mbulu: Utwari school","Mbulu, completed, 231 students",city
BLZ,17.2425,-88.6827,recipient,30,"Belize, San Ignacio: 2017 Belize Educational Service Group, ","Belize, completed, 120 students",country
DEU,51.19807,6.68504,recipient,18,"Germany, Neuss: UMA Betreuung Geulenstrasse | Neukirchener E","Neuss, completed, 18 students",city
TZA,-6.3558,34.8183,recipient,17,"Tanzania, Komolo, Simanjiro: Komolo community | E.ON Off Gri","Tanzania, completed, 552 students",country
IND,25.3687,72.78038,recipient,3,"India, BHENSWARA / TEHSIL - AHORE: ADARSH - Goverment School","Ahor, open, 226 students",city
TZA,-6.3558,34.8183,recipient,31,"Tanzania, Mbweni: Willey Academy | home of talents","Tanzania, completed, 500 students",country
NPL,27.70169,85.3206,recipient,10,"Nepal, Kathmandu: Triveni Public School","Kathmandu, open, 250 students",city
BRA,-3.73611,-38.65306,recipient,4,"Brazil, Caucaia: CRIANÇA LEVANTA-TE","Caucaia, completed, 15 students",city
PHL,14.6488,121.0509,recipient,18,"Philippines, Quezon City, Metro Manila: Aiducation Philippin","Quezon City, open, 453 students",city
GRC,37.98376,23.72784,recipient,5,"Greece, Athens: Action from Switzerland","Athens, open, 15 students",city
UGA,1.2822,32.3437,recipient,5,"Uganda, Buloba: Christ Secure Orphans","Uganda, open, 33 students",country
SEN,14.78944,-16.92602,recipient,209,"Senegal, Thiès: Hand für Afrika","Thiès, open, 10000 students",city
KEN,-0.90711,34.52895,recipient,0,"Kenya, Sare-Awendo: Nyota Day Care Centre","Awendo, open, 3 students",city
MLI,17.1681,-4.3464,recipient,0,"Mali, Fangasso: Ecole Fondamentale Kecouta Diallo de Fangass","Mali, open, 1200 students",country
CPV,15.0764,-23.634,recipient,0,"Cape Verde, Porto Novo: ONG Dar as Mãos","Cape Verde, open, 5 students",country
NPL,28.3009,84.1339,recipient,0,"Nepal, Kaparphori: Kaparphori Lower Secondary school (Freund","Nepal, open, 380 students",country
NPL,28.3009,84.1339,recipient,0,"Nepal, Kaparphori: Support N Care Rehabilitation Centerl (Fr","Nepal, open, 3 students",country
CMR,5.9597,10.14597,recipient,8,"Cameroon, Bamenda: GEH – Garden of Education and Healing","Bamenda, open, 100 students",city
BDI,-3.38193,29.36142,recipient,10,"Burundi, Bujumbura: Petit Séminaire Notre Dame de Fatima de ","Bujumbura, open, 220 students",city
CMR,3.51667,11.5,recipient,0,"Cameroon, Mbalmayo: Pour la class d’Informatique du collège ","Mbalmayo, open, 410 students",city
ROU,45.8245,25.0942,recipient,83,"Romania, Sanjob: Orphanage and Youth Welfare Training and So","Romania, open, 280 students",country
DEU,51.43218,6.87967,recipient,0,"Germany, Mülheim an der Ruhr: Hospiz Mülheim","Mülheim, completed, 1 students",city
DEU,51.43218,6.87967,recipient,2,"Germany, Mülheim an der Ruhr: Luisenschule","Mülheim, completed, 1000 students",city
ETH,7.06205,38.47635,recipient,12,"Ethiopia, Awassa: Edget Baandnet Children Center e.V.","Awasa, open, 120 students",city
TZA,-3.36667,36.68333,recipient,2,"Tanzania, Arusha: Pippi House - Foundation for girls","Arusha, open, 56 students",city
DEU,51.22172,6.77616,recipient,10,"Germany, Düsseldorf: Hispi Das Lernhaus - Flüchtlingsunterku","Düsseldorf, completed, 20 students",city
SLE,8.5613,-11.7866,recipient,19,"Sierra Leone, Pujehun: community library Kindernetzwerk Sier","Sierra Leone, completed, 300 students",country
GRC,37.98376,23.72784,recipient,0,"Greece, Athens: City Plaza Computer School","Athens, open, 5 students",city
UGA,-0.33379,31.73409,recipient,21,"Uganda, Masaka: St. Mark VII School for the Deaf Bwanda","Masaka, completed, 170 students",city
CMR,3.86667,11.51667,recipient,0,"Cameroon, Yaoundé: J’apprends par moi même","Yaoundé, open, 140 students",city
DEU,51.45657,7.01228,recipient,22,"Germany, Essen: Gemeinsam sind wir stark | Serge Menga","Essen, completed, 30 students",city
THA,18.79038,98.98468,recipient,16,"Thailand, Chiang Mai: School for Life.org ","Chiang Mai, open, 120 students",city
NPL,28.3009,84.1339,recipient,2,"Nepal, Bhojpur: Shree Shabitra higher secondary school | Fre","Nepal, open, 42 students",country
NPL,28.3009,84.1339,recipient,0,"Nepal, Rashwa: Barahi primary school | Freunde Nepals e.V.","Nepal, open, 55 students",country
NPL,28.3009,84.1339,recipient,13,"Nepal, Dolakha: Sunrise Academy English Boarding School | Fr","Nepal, completed, 352 students",country
TZA,-3.36667,36.85,recipient,19,"Tanzania, Usa River: Maasai Vision Medium English Academy | ","Usa River, completed, 270 students",city
NGA,6.14978,6.78569,recipient,10,"Nigeria, Ukpor Onitsha: Bishop Okoye Memorial Nursery and Pr","Onitsha, open, 680 students",city
DEU,51.43247,6.76516,recipient,20,"Germany, Duisburg: UMA´s in der Jugendhilfe | Sankt Josef Ki","Duisburg, completed, 40 students",city
TZA,-6.3558,34.8183,recipient,35,"Tanzania, Lekrimuni Karansi: Secondary School Karansi und Do","Tanzania, open, 420 students",country
DEU,51.45342,6.6326,recipient,8,"Germany, Moers: sci:Moers Jugendwohnen umF","Moers, completed, 27 students",city
CMR,6.2942,12.9485,recipient,15,"Cameroon, Boboyo: Lycée de Boboyo | ident.africa e.V.","Cameroon, open, 600 students",country
DEU,51.19807,6.68504,recipient,10,"Germany, Neuss: Sprachtraining + Hausaufgabenhilfe mit den I","Neuss, completed, 50 students",city
GIN,9.53795,-13.67729,recipient,10,"Guinea, Conakry: Integration Rückkehrer und Geflüchtete | ON","Conakry, completed, 40 students",city
COD,-3.3386,23.4198,recipient,31,"Congo (Kinshasa), Murara Goma: Maison Amani-Paix | Haus Aman","Congo (Kinshasa), open, 2060 students",country
COD,-1.67409,29.22845,recipient,24,"Congo (Kinshasa), Goma: Collège Mwanga | Haus Amani – Wir he","Goma, completed, 1876 students",city
DEU,51.083,10.4262,recipient,5,"Germany, Dießen am Ammersee: Flüchtlingshilfe Dießen am Amme","Germany, completed, 5 students",country
MMR,19.67798,97.20975,recipient,0,"Myanmar, Loikaw:  Waisenhaus St. Paul's Home der Schwestern ","Loikaw, open, 35 students",city
MMR,19.9012,97.0889,recipient,4,"Myanmar, Hoya: Kinderheim St. Joseph der Schwestern vom St. ","Myanmar, open, 80 students",country
DEU,51.22172,6.77616,recipient,4,"Germany, Düsseldorf: Begegnungscafé ","Düsseldorf, completed, 10 students",city
IND,23.5863,81.173,recipient,8,"India, Sangau: Mangili Library at Sangau, Mizoram, India","India, open, 200 students",country
NPL,28.3009,84.1339,recipient,11,"Nepal,  Bamti Bhandar / Ramechap:  Sherpa Secondary School |","Nepal, open, 300 students",country
DEU,51.45657,7.01228,recipient,7,"Germany, Essen: Gymnasium Essen Nord-Ost Integrationsprojekt","Essen, completed, 56 students",city
MAR,33.58831,-7.61138,recipient,2,"Morocco, Casablanca: HOPITAL ABDERRAHIM EL HAROUCHI CASABLAN","Casablanca, open, 10 students",city
MAR,33.89352,-5.54727,recipient,0,"Morocco, MEKNES: Ecole MEKNES","Meknes, open, 188 students",city
MAR,28.6876,-8.8172,recipient,3,"Morocco, El attaouia: Ecole Centre sahrij El attaouia","Morocco, open, 270 students",country
MAR,33.00103,-7.61662,recipient,4,"Morocco, SETTAT: Ecole SETTAT","Settat, open, 119 students",city
MAR,33.61601,-7.12153,recipient,3,"Morocco, Benslimane: Ecole Benslimane","Benslimane, open, 152 students",city
DEU,51.50508,7.09654,recipient,1,"Germany, Gelsenkirchen: Flüchtlingshilfe Gelsenkirchen | Pri","Gelsenkirchen, completed, 1 students",city
CHE,46.7368,8.2869,recipient,2,"Switzerland, Wintersingen: AsyLex","Switzerland, completed, 2 students",country
COD,-4.32758,15.31357,recipient,22,"Congo (Kinshasa), Kinshasa - Gombe: Ambassadrice des enfants","Kinshasa, completed, 900 students",city
GHA,7.9453,-1.2192,recipient,18,"Ghana, Offinso: Namong Methodist Primary & Junior High Schoo","Ghana, open, 335 students",country
TGO,8.6607,0.8991,recipient,5,"Togo, Yelivo: Les Amis des Populations Vulnérables du Togo","Togo, completed, 200 students",country
COD,-4.32758,15.31357,recipient,6,"Congo (Kinshasa), Kinshasa - Maluku: École primaire Elikya n","Kinshasa, completed, 360 students",city
COD,-4.32758,15.31357,recipient,1,"Congo (Kinshasa), Kinshasa - Kisenso: Maison des enfants Bom","Kinshasa, completed, 20 students",city
COD,-4.32758,15.31357,recipient,1,"Congo (Kinshasa), Kinshasa - Maluku: Maison des enfants Kiki","Kinshasa, completed, 20 students",city
COD,-4.32758,15.31357,recipient,1,"Congo (Kinshasa), Kinshasa - Kisenso: Administration de l’ON","Kinshasa, completed, 10 students",city
NGA,6.33815,5.62575,recipient,7,"Nigeria, Benin: Support Education for IDP camp in Benin","Benin City, completed, 3000 students",city
TGO,8.6607,0.8991,recipient,0,"Togo, Gapé: Togo – Gapé – Teaching Computer Basics","Togo, completed, 200 students",country
ETH,13.49667,39.47528,recipient,15,"Ethiopia,  Mekelle: Mekelle Adventist School | Initiative „L","Mek'ele, completed, 265 students",city
TZA,-10.68333,39.83333,recipient,15,"Tanzania, Nanyamba: Haushaltungsschule St. Ursula Nanyamba V","Nanyamba, completed, 60 students",city
MMR,22.9359,97.7498,recipient,0,"Myanmar, Lashio: Ethnic minority education in Myanmar","Lashio, open, 40 students",city
LKA,7.6966,80.6693,recipient,18,"Sri Lanka, Bandarawela: SKILLS","Sri Lanka, completed, 100 students",country
UGA,0.31628,32.58219,recipient,0,"Uganda, Kampala: Refugee Children Online Education for their","Kampala, open, 75 students",city
TZA,-2.51667,32.9,recipient,2,"Tanzania, Mwanza: FONELISCO Orphanage","Mwanza, open, 7 students",city
UGA,1.46083,33.93611,recipient,20,"Uganda, Kumi: St. Charles Borromeo Akulony | Kumi-Freunde e.","Kumi, completed, 60 students",city
GHA,10.53689,-2.70155,recipient,45,"Ghana, Jirapa: St. Joseph Junior High School and St. Joseph ","Jirapa, open, 420 students",city
DOM,18.7795,-70.435,recipient,8,"Dominican Republic, Las Terrenas: Fundación Aldeas de Paz Co","Dominican Republic, completed, 200 students",country
ETH,8.7294,39.9149,recipient,21,"Ethiopia, Duramba: Duramba School | Etiopia Witten e.V.","Ethiopia, completed, 480 students",country
ETH,8.7294,39.9149,recipient,21,"Ethiopia, Laley Segen: Laley Segen School | Etiopia Witten e","Ethiopia, completed, 440 students",country
ETH,8.7294,39.9149,recipient,21,"Ethiopia, Bassale: Bassale Holzkamp School | Etiopia Witten ","Ethiopia, completed, 420 students",country
ETH,8.7294,39.9149,recipient,21,"Ethiopia, Chekon: Chekon School | Etiopia Witten e.V.","Ethiopia, completed, 840 students",country
ROU,45.8245,25.0942,recipient,20,"Romania, Lipova: Kinderheime Pupils of the Poor | Ruhrdax 20","Romania, completed, 100 students",country
DEU,51.43247,6.76516,recipient,4,"Germany, Duisburg: Gedächtnistraining Fliedner Stiftung | Ru","Duisburg, completed, 134 students",city
DEU,51.45657,7.01228,recipient,2,"Germany, Essen: Waldbienen Waldkindergarten e.V. | Ruhrdax 2","Essen, completed, 21 students",city
DEU,51.43218,6.87967,recipient,0,"Germany, Mülheim an der Ruhr: Infopoints Eppinghofer Bürgerv","Mülheim, completed, 100 students",city
DEU,51.45657,7.01228,recipient,3,"Germany, Essen: Aidshilfe Essen e.V. | Ruhrdax 2017","Essen, completed, 100 students",city
DEU,51.61379,7.19738,recipient,11,"Germany, Recklinghausen: SkF Sozialarbeit Katholischer Fraue","Recklinghausen, completed, 580 students",city
DEU,51.43247,6.76516,recipient,12,"Germany, Duisburg: Deutscher Kinderschutzbund | Ruhrdax 2017","Duisburg, completed, 200 students",city
CHE,46.94809,7.44744,recipient,5,"Switzerland, Bern: Eritreischer Medienbund Schweiz","Bern, open, 15 students",city
BEN,6.36536,2.41833,recipient,8,"Benin, Cotonou: Fondation NADCA","Cotonou, completed, 25 students",city
IND,23.5863,81.173,recipient,8,"India, Rajasthan: Escuela RAJASTHAN BAL VIDYA MANDIR - KOLAM","India, open, 235 students",country
DEU,51.47805,6.8625,recipient,2,"Germany, Oberhausen (Rhld.): Mädchenmobil 'Flotte Lotte' Evg","Oberhausen, completed, 50 students",city
TGO,8.6607,0.8991,recipient,6,"Togo, Défalé Animadé: Schule EPC-Amaidé-Worodé | Jürgen Wahn","Togo, open, 72 students",country
ZAF,-26.9033,27.45727,recipient,5,"South Africa, Parys: LBF - Edoovillage on the move | Südafri","Parys, open, 80 students",city
DEU,51.43247,6.76516,recipient,95,"Germany, Duisburg: GS Globus am Dellplatz | COVID-19-DE","Duisburg, completed, 300 students",city
ESP,41.38879,2.15899,recipient,4,"Spain, Barcelona: Servei de préstec de portàtils per a joves","Barcelona, open, 10 students",city
BIH,44.1442,17.8347,recipient,15,"Bosnia and Herzegovina, Otoka Bosanska: Ausbildungszentrum F","Bosnia and Herzegovina, completed, 25 students",country
BIH,44.1442,17.8347,recipient,1,"Bosnia and Herzegovina, Jajce: Grundschule „Berta Kučera“ Ba","Bosnia and Herzegovina, completed, 6 students",country
BIH,44.1442,17.8347,recipient,1,"Bosnia and Herzegovina, Jajce: Grundschule „Berta Kučera“ Bi","Bosnia and Herzegovina, completed, 8 students",country
BIH,44.1442,17.8347,recipient,4,"Bosnia and Herzegovina, Jajce: Grundschule „Berta Kučera“ Bu","Bosnia and Herzegovina, completed, 18 students",country
BIH,44.1442,17.8347,recipient,3,"Bosnia and Herzegovina, Jajce: Grundschule „Berta Kučera“ Ca","Bosnia and Herzegovina, completed, 7 students",country
BIH,44.1442,17.8347,recipient,15,"Bosnia and Herzegovina, Jajce: Grundschule „Berta Kučera“ Fr","Bosnia and Herzegovina, completed, 330 students",country
BIH,44.1442,17.8347,recipient,10,"Bosnia and Herzegovina, Jajce: Grundschule „Berta Kučera“ Ši","Bosnia and Herzegovina, completed, 40 students",country
BIH,44.1442,17.8347,recipient,25,"Bosnia and Herzegovina, Jajce: Grundschule „Berta Kučera“ Vi","Bosnia and Herzegovina, completed, 150 students",country
BIH,44.1442,17.8347,recipient,12,"Bosnia and Herzegovina, Jajce: Grundschule „Berta Kučera“ Vl","Bosnia and Herzegovina, completed, 50 students",country
DEU,51.47805,6.8625,recipient,25,"Germany, Oberhausen: DRK Flüchtlingsgemeinschaftsunterkünfte","Oberhausen, completed, 300 students",city
PHL,10.59306,124.01778,recipient,4,"Philippines, Carmen: Carmen National High School","Cogan, completed, 2500 students",city
MOZ,-25.96553,32.58322,recipient,8,"Mozambique, Maputo: Millora de les condicions de vida al Dis","Maputo, completed, 20 students",city
DEU,51.50508,7.09654,recipient,21,"Germany, Gelsenkirchen: Flüchtlingshilfe im Quartier im Anku","Gelsenkirchen, completed, 21 students",city
MNG,47.0864,103.3987,recipient,30,"Mongolia, Hatgal: Hatgal High School","Mongolia, open, 680 students",country
MNG,46.37222,96.25833,recipient,20,"Mongolia, Altai: Khantaishir-Erdem Complex School","Altai, open, 800 students",city
MNG,48.96833,89.9625,recipient,40,"Mongolia, Bayan-Ulgii: Vocational Training School","Ölgii, open, 650 students",city
GHA,7.9453,-1.2192,recipient,0,"Ghana, Afienya: ICT for National Youth Authority projects","Ghana, completed, 176 students",country
ESP,37.18817,-3.60667,recipient,6,"Spain, Granada: La Aldea - Aldea Infantil","Granada, open, 66 students",city
MAR,28.6876,-8.8172,recipient,5,"Morocco, khamlia: Bringing computer technologies in the remo","Morocco, completed, 20 students",country
NIC,14.03507,-83.38882,recipient,3,"Nicaragua, Puerto Cabezas: Projecte Educatiu d'Agermanament ","Puerto Cabezas, completed, 1106 students",city
MAR,35.76727,-5.79975,recipient,10,"Morocco, TANGER: Ecole ABDELHADI BOUTALEB ","Tangier, completed, 1200 students",city
BDI,-3.2613,29.8852,recipient,27,"Burundi, Gitaramkua: Lycée St. Augustin de Gitaramkua | St. ","Burundi, open, 500 students",country
MNG,47.90771,106.88324,recipient,12,"Mongolia, Ulaanbaatar: ASRAL","Ulan Bator, open, 0 students",city
ESP,36.72016,-4.42034,recipient,0,"Spain, Málaga: La Aldea - Centro de Día Málaga","Málaga, open, 50 students",city
ESP,37.18817,-3.60667,recipient,2,"Spain, Granada: La Aldea - Centros de Día Granada","Granada, open, 120 students",city
ESP,37.18817,-3.60667,recipient,0,"Spain, Granada: La Aldea - Programa de jóvenes","Granada, open, 127 students",city
UGA,3.37786,31.7909,recipient,21,"Uganda, Adjumani Town (Minia Village): School Project | Ugan","Adjumani, open, 640 students",city
UGA,3.37786,31.7909,recipient,15,"Uganda, Pakele Adjumani: Monsignore Bala Secondary School","Adjumani, open, 300 students",city
SEN,14.2289,-14.6109,recipient,6,"Senegal, Ndangane: Una lectura, un somriure per Senegal. ","Senegal, open, 1000 students",country
NIC,12.38383,-85.51277,recipient,8,"Nicaragua, Camoapa: Soporte TIC en Camoapa y Bilwi (Nicaragu","Camoapa, open, 65 students",city
NPL,28.3009,84.1339,recipient,7,"Nepal, Selang: Projecte TIC a la vall de Selang, Nepal","Nepal, open, 281 students",country
KEN,-1.28333,36.81667,recipient,3,"Kenya, Nairobi Mbagathi: Trompetenschule Nairobi | DIGUNA eV","Nairobi, completed, 65 students",city
KEN,-1.28333,36.81667,recipient,3,"Kenya, Nairobi Mbagathi: New Scent Centre International | DI","Nairobi, completed, 26 students",city
ZAF,-33.63981,19.0112,recipient,9,"South Africa, Wellington: Education on after-Care children i","Wellington, completed, 104 students",city
ETH,8.7294,39.9149,recipient,1,"Ethiopia, Meki:  Suport TIC Meki Ethiopia","Ethiopia, open, 110 students",country
UGA,0.43902,33.20317,recipient,20,"Uganda, Jinja: Tandem Partner | Global Match eV","Jinja, open, 20 students",city
UGA,0.31628,32.58219,recipient,44,"Uganda, Kampala: Kitokolo Projekt Grundschule und Berufsschu","Kampala, completed, 629 students",city
DEU,51.61633,7.64451,recipient,0,"Germany, Bergkamen: Flüchtlings- / Integrationsprojekte (Pri","Bergkamen, completed, 1 students",city
TZA,-6.3558,34.8183,recipient,1,"Tanzania, Kayanga Karagwe: Computer Training  Project for th","Tanzania, open, 50 students",country
TWN,23.6978,120.9605,recipient,2,"Taiwan, Chu Dong: Hao Shang Orphanage After School Program ","Taiwan, completed, 8 students",country
MWI,-15.78499,35.00854,recipient,0,"Malawi, Limbe: James Chiona Catholic High School","Blantyre, open, 304 students",city
TZA,-10.33333,39.28333,recipient,18,"Tanzania, Nyangao: Nurse training school Nyangao Hospital","Nyangao, open, 57 students",city
TZA,-6.3558,34.8183,recipient,20,"Tanzania, Malambo: Secondary School Naserian | Hilfe für die","Tanzania, completed, 140 students",country
UKR,46.48572,30.74383,recipient,8,"Ukraine, Odessa Oblast: Empowerment Lab","Odesa, completed, 7 students",city
KEN,-0.42013,36.94759,recipient,8,"Kenya, Nyeri: Nyeri German Childsupport","Nyeri, completed, 50 students",city
GIN,9.53795,-13.67729,recipient,35,"Guinea, Conakry: Hoffnungsstern über Conakry","Conakry, completed, 35 students",city
COL,4.60971,-74.08175,recipient,1,"Colombia, Bogotá: Aula digital aeioTU - La Estrella","Bogotá, completed, 300 students",city
COL,4.60971,-74.08175,recipient,1,"Colombia, Bogotá: Aula digital aeioTU - Suba","Bogotá, open, 495 students",city
BRA,-20.12861,-40.30778,recipient,5,"Brazil, Alto da Serra : Colors Beyond Artistlove Petrópolis ","Serra, completed, 40 students",city
IND,28.65195,77.23149,recipient,4,"India,  New Delhi: Bright Futures","Delhi, completed, 100 students",city
MAR,30.91894,-6.89341,recipient,37,"Morocco,  Ouarzazate:  Ecole communautaire | Asso cooperatio","Ouarzazate, completed, 500 students",city
SYR,34.72405,36.72559,recipient,13,"Syria, Homs: Um Al-Zenar Relief & Development Center | Syria","Homs, open, 50 students",city
SYR,36.20124,37.16117,recipient,17,"Syria, Aleppo: St. Aphrem Suryoyo Church | Syrian Orthodox A","Aleppo, open, 50 students",city
MOZ,-26.04236,32.33027,recipient,1,"Mozambique, Aldea de Masaca (Distrito de Boane): Casa di Gai","Boane, completed, 800 students",city
GHA,7.9453,-1.2192,recipient,43,"Ghana, ASSIN NGRESI: Laptop laboratory for Adankwaman Commun","Ghana, completed, 524 students",country
NAM,-19.57328,18.1003,recipient,2,"Namibia, Grootfontein: Feith Kindergarten | Lilli eV","Grootfontein, completed, 75 students",city
NAM,-19.57328,18.1003,recipient,1,"Namibia, Grootfontein: Immanuel Kindergarten | Lilli eV","Grootfontein, completed, 26 students",city
NAM,-19.57328,18.1003,recipient,1,"Namibia, Grootfontein: Vanona Garden Kindergarten | Lilli eV","Grootfontein, completed, 39 students",city
GHA,4.89816,-1.76029,recipient,48,"Ghana, Takoradi: Nkotompo Community Lab | Ghana Union Düssel","Takoradi, completed, 500 students",city
GHA,7.9453,-1.2192,recipient,25,"Ghana, Ajumako Bisease: St. Luke Anglican Basic School | Gha","Ghana, completed, 2000 students",country
THA,13.6622,101.0868,recipient,16,"Thailand, Nunmapran: Ban Nunmaprang School","Thailand, open, 1500 students",country
UKR,49.98177,36.25475,recipient,8,"Ukraine, Kharkiv: Versorgung des Kinder-Rehazentrums für Seh","Kharkiv, completed, 60 students",city
GHA,5.53711,-0.69984,recipient,23,"Ghana, Agona Swedru: Saint Germain School | Ghana Union Düss","Swedru, completed, 200 students",city
THA,13.6622,101.0868,recipient,8,"Thailand, Pitsanoluk: Ban Langkhao School","Thailand, completed, 200 students",country
NPL,28.3009,84.1339,recipient,19,"Nepal, Udayapur: Nepal, Udayapur:Secondary School Balamta","Nepal, open, 435 students",country
GHA,7.9453,-1.2192,recipient,12,"Ghana, Karimenga: School The Green House Karimenga | Reveren","Ghana, completed, 168 students",country
CHE,46.7368,8.2869,recipient,8,"Switzerland, Oberrohrdorf: Asylunterkunft (COVID-19-CH)","Switzerland, completed, 8 students",country
CHE,46.20222,6.14569,recipient,18,"Switzerland, Geneva: Project Integration","Genève, completed, 35 students",city
MNG,47.90771,106.88324,recipient,3,"Mongolia, Ulaanbaatar: Recreation Center for Children","Ulan Bator, open, 80 students",city
SEN,14.15197,-16.07259,recipient,0,"Senegal, Kaolack: Senegal, Kaolack, Complexe socio-éducatif ","Kaolack, open, 68 students",city
TZA,-6.3558,34.8183,recipient,0,"Tanzania, Karagwe: Ascar Community project","Tanzania, open, 30 students",country
DEU,51.43247,6.76516,recipient,34,"Germany, Duisburg: Willkommen in Duisburg - Patenschaften mi","Duisburg, completed, 90 students",city
GHA,7.9453,-1.2192,recipient,7,"Ghana, MPEHI Offinso: BISHOP SARPONG R/C (Roman Catholic) Ju","Ghana, completed, 300 students",country
GHA,7.9453,-1.2192,recipient,7,"Ghana, Ashanti Offinso: Namong Methodist Primary & Junior Hi","Ghana, completed, 335 students",country
GHA,7.9453,-1.2192,recipient,7,"Ghana, MPEHI Offinso: Maase Roman/Catholic Junior High Schoo","Ghana, completed, 325 students",country
COG,-4.26613,15.28318,recipient,10,"Congo (Brazzaville), Brazzaville: Ausbildungszentrum Soeurs ","Brazzaville, completed, 20 students",city
KHM,12.6992,105.0397,recipient,8,"Edoovillage #1003 - Cambodia, Tumneab Svay, Distrikt Varin: ","Cambodia, completed, 50 students",country
MWI,-9.70237,33.26969,recipient,13,"Edoovillage #1004 - Malawi, Chitipa: Kaseye Girls' Secondary","Chitipa, completed, 368 students",city
UGA,-1.24857,29.98993,recipient,12,"Edoovillage #1005 - Uganda, Kabale: African College of Comme","Kabale, open, 710 students",city
SOM,6.5245,45.4004,recipient,14,"Edoovillage #1006 - Somalia, gabiley: Sh. Muxumed Warsame Pr","Somalia, open, 1900 students",country
TWN,22.99083,120.21333,recipient,0,"Edoovillage #1007 - Taiwan, Tainan: PTWA After School Tutori","Tainan, completed, 0 students",city
DEU,51.43218,6.87967,recipient,31,"Edoovillage #1008 - Germany, Mülheim an der Ruhr: Integratio","Mülheim, completed, 35 students",city
IND,25.31668,83.01041,recipient,0,"Edoovillage #1009 - India, Varanasi: The Social Advancement ","Varanasi, open, 18 students",city
KEN,0.6899,37.9531,recipient,2,"Edoovillage #1010 - Kenya, Machakas: Kenya machakos primary ","Kenya, completed, 500 students",country
ETH,8.55,39.26667,recipient,0,"Edoovillage #1011 - Ethiopia,  Adama, Shewa: Berhan School |","Nazrēt, open, 575 students",city
GHA,9.40079,-0.8393,recipient,8,"Edoovillage #1012 - Ghana, Tamale: St. Charles Minor seminar","Tamale, completed, 602 students",city
CHE,46.20222,6.14569,recipient,6,"Edoovillage #1013 - Switzerland, Geneva: Association Europe-","Genève, completed, 30 students",city
ZAF,-26.20227,28.04363,recipient,10,"Edoovillage #1014 - South Africa, Johannesburg: Green Busine","Johannesburg, completed, 15 students",city
LKA,7.6966,80.6693,recipient,24,"Edoovillage #1015 - Sri Lanka, Kekirawa: Kekirawa Learning C","Sri Lanka, completed, 2500 students",country
KEN,0.0607,34.28806,recipient,16,"Edoovillage #1016 - Kenya, Siaya: Siaya Kenya Children Found","Siaya, completed, 58 students",city
TZA,-6.3558,34.8183,recipient,37,"Edoovillage #1017 - Tanzania, Dimani: Dimani Primary School","Tanzania, completed, 600 students",country
GIN,9.53795,-13.67729,recipient,4,"Edoovillage #1018 - Guinea, Conakry: Fodeya - Guinea, Region","Conakry, completed, 78 students",city
GIN,9.53795,-13.67729,recipient,3,"Edoovillage #1019 - Guinea, Conakry: Kanty School, Guinea, R","Conakry, completed, 88 students",city
GIN,9.53795,-13.67729,recipient,3,"Edoovillage #1020 - Guinea, Conakry: Wondikhoure, Region Kin","Conakry, completed, 93 students",city
ETH,14.12109,38.72337,recipient,24,"Edoovillage #1021 - Ethiopia, Axum: Laptops für die Megabit-","Aksum, open, 1000 students",city
SEN,14.42196,-16.96375,recipient,7,"Edoovillage #1022 - Senegal, M´bour: École Latir Diouf | Axa","Mbour, open, 136 students",city
DEU,51.43218,6.87967,recipient,0,"Edoovillage #1023 - Germany, Mülheim an der Ruhr: Flüchtling","Mülheim, completed, 76 students",city
NGA,9.6103,8.1477,recipient,21,"Edoovillage #1024 - Nigeria, Akabo: Father Philip Agu Spirit","Nigeria, completed, 292 students",country
ETH,13.49667,39.47528,recipient,11,"Edoovillage #1025 - Ethiopia, Mekele : Ayder Elementary scho","Mek'ele, open, 850 students",city
SOM,6.5245,45.4004,recipient,5,"Edoovillage #1026 - Somalia, Gailey: Qalax Secondary School,","Somalia, open, 980 students",country
NGA,9.6103,8.1477,recipient,48,"Edoovillage #1027 - Nigeria, Awkuzu: Mater Dei Secondary Sch","Nigeria, completed, 230 students",country
TZA,-6.3558,34.8183,recipient,9,"Edoovillage #1028 - Tanzania, Nainokanoka: Maasai Community ","Tanzania, completed, 18 students",country
DOM,18.48511,-69.84757,recipient,99,"Edoovillage #1029 - Dominican Republic, Santo Domingo Este: ","Santo Domingo Este, open, 27502 students",city
NPL,28.3009,84.1339,recipient,8,"Edoovillage #1030 - Nepal, Phulkharka: Montari School","Nepal, completed, 8 students",country
DEU,52.52437,13.41053,recipient,5,"Edoovillage #1031 - Germany, Berlin: Villa Silvester (Träger","Berlin, completed, 4 students",city
UGA,1.2822,32.3437,recipient,0,"Edoovillage #1032 - Uganda, Zinga: Proyecto Zinga","Uganda, completed, 115 students",country
CHE,47.05048,8.30635,recipient,19,"Edoovillage #1033 - Switzerland, Luzern: Universität Luzern ","Luzern, completed, 50 students",city
UGA,1.2822,32.3437,recipient,31,"Edoovillage #1034 - Uganda, Kalangala: Bbanga school in Ugan","Uganda, open, 35 students",country
DEU,51.33645,6.55381,recipient,2,"Edoovillage #1035 - Germany, Krefeld: Redaktion Flüchtlingsz","Krefeld, completed, 5 students",city
UGA,0.31628,32.58219,recipient,2,"Edoovillage #1001 - Uganda, Kampala: St. Paul Ggaba Demonstr","Kampala, open, 100 students",city
ZMB,-12.36475,27.82286,recipient,14,"Edoovillage #1002 - Zambia, Chililabombwe: ZAMBIA - Computer","Chililabombwe, open, 250 students",city
KEN,-1.28333,36.81667,recipient,8,"Edoovillage #1036 - Kenya, Nairobi: Bildung als Weg aus der ","Nairobi, completed, 10 students",city
GIN,10.256,-10.9869,recipient,32,"Edoovillage #1037 - Guinea, Foderika: Realschule und dem Gym","Guinea, completed, 200 students",country
KOR,35.97861,126.71139,recipient,1,"Edoovillage #1038 - South Korea, kunsan: Computers for Child","Gunsan, completed, 28 students",city
CHE,47.36667,8.55,recipient,0,"Edoovillage #1039 - Switzerland, Zurich: Solinetz Zürich","Zürich, completed, 20 students",city
ZWE,-18.927,29.7178,recipient,13,"Edoovillage #1040 - Zimbabwe, Kariyangwe: Kariyangwe Mission","Zimbabwe, completed, 850 students",country
ESP,41.38879,2.15899,recipient,1,"Edoovillage #1041 - Spain, Barcelona: Fundación Obinso Obra ","Barcelona, completed, 1 students",city
DEU,51.56227,6.7434,recipient,1,"Edoovillage #1042 - Germany, Dinslaken: Flüchtlings- / Integ","Dinslaken, completed, 10 students",city
COD,-3.3386,23.4198,recipient,56,"Edoovillage #1043 - Congo (Kinshasa), Makomeno: Complexe sco","Congo (Kinshasa), completed, 940 students",country
TGO,6.12874,1.22154,recipient,145,"Edoovillage #1044 - Togo, Lome: Ecole CFPPS KINGs Tech | Don","Lomé, completed, 1900 students",city
IND,23.72894,92.71791,recipient,5,"Edoovillage #1045 - India, Aizawl : Extension of Mangil's Li","Aizawl, open, 293 students",city
DEU,51.22235,6.90831,recipient,2,"Edoovillage #1046 - Germany, Erkrath: Mentoring und Integrat","Erkrath, completed, 80 students",city
BLR,54.0985,28.3331,recipient,3,"Edoovillage #1047 - Belarus, Zhodino: Kinderisolator Zhodino","Horad Zhodzina, completed, 25 students",city
ROU,45.8245,25.0942,recipient,5,"Edoovillage #1048 - Romania, Baia Commune: Fundatia FARA - M","Romania, open, 25 students",country
BIH,44.1442,17.8347,recipient,35,"Edoovillage #1049 - Bosnia and Herzegovina, Jajce: Zentrale ","Bosnia and Herzegovina, completed, 433 students",country
CHN,22.54554,114.0683,recipient,2,"Edoovillage #1050 - China, Shenzhen City: 中国娃俱乐部","Shenzhen, completed, 0 students",city
KEN,0.6899,37.9531,recipient,2,"Edoovillage #1051 - Kenya, Mwala: Kibau Primary School - Ord","Kenya, completed, 272 students",country
KEN,0.6899,37.9531,recipient,2,"Edoovillage #1052 - Kenya, Mwala: Mussalani Primary School -","Kenya, completed, 272 students",country
MWI,-11.01863,33.85746,recipient,6,"Edoovillage #1053 - Malawi, Rumphi: Roscher Youth Developmen","Rumphi, completed, 30 students",city
DEU,51.18539,6.44172,recipient,0,"Edoovillage #1054 - Germany, Mönchengladbach: GGS Gemeinscha","Mönchengladbach, completed, 31 students",city
ZMB,-17.84194,25.85425,recipient,22,"Edoovillage #1055 - Zambia, Livingstone: Nekacheya School (P","Livingstone, completed, 280 students",city
IDN,-5.14861,119.43194,recipient,15,"Edoovillage #1056 - Indonesia, Makassar: Makassar Tourism Po","Makassar, completed, 180 students",city
BRA,-23.5475,-46.63611,recipient,21,"Edoovillage #1057 - Brazil, Sao Paulo - CEP: Arco Associatio","São Paulo, completed, 600 students",city
MEX,32.36044,-117.04645,recipient,17,"Edoovillage #1058 - Mexico, Rosarito: Castillo Fuerte Educat","Rosarito, completed, 43 students",city
DEU,49.47593,10.98856,recipient,1,"Edoovillage #1059 - Germany, Fürth: Fachakademie für Sozialp","Fürth, completed, 130 students",city
KOR,37.43861,127.13778,recipient,5,"Edoovillage #1060 - South Korea, Seongnam-si: Heavenly Dream","Seongnam-si, open, 65 students",city
CHE,46.20222,6.14569,recipient,10,"Edoovillage #1061 - Switzerland, Geneva: Association des Fam","Genève, completed, 10 students",city
CHE,46.20222,6.14569,recipient,3,"Edoovillage #1062 - Switzerland, Geneva: Codap","Genève, completed, 10 students",city
CHE,46.20222,6.14569,recipient,3,"Edoovillage #1063 - Switzerland, Geneva: Plateform Interreli","Genève, completed, 6 students",city
CHE,46.7368,8.2869,recipient,13,"Edoovillage #1064 - Switzerland, Troinex: COS","Switzerland, completed, 60 students",country
GRC,37.98376,23.72784,recipient,20,"Edoovillage #1065 - Greece, Athens: Match & Teach Me for Int","Athens, completed, 20 students",city
MAR,31.9314,-4.42663,recipient,20,"Edoovillage #1066 - Morocco, Errachidia: AL AKWAM de Taouz","Errachidia, completed, 372 students",city
KEN,-4.05466,39.66359,recipient,2,"Edoovillage #1067 - Kenya, Mombasa: Tsunza Village - Compute","Mombasa, open, 5 students",city
GHA,7.9453,-1.2192,recipient,4,"Edoovillage #1068 - Ghana, Kuntanase: Catholic Basic School","Ghana, open, 360 students",country
LKA,6.98918,79.89167,recipient,9,"Edoovillage #1069 - Sri Lanka, Wattala: Paalam International","Wattala, completed, 200 students",city
LKA,9.66845,80.00742,recipient,7,"Edoovillage #1070 - Sri Lanka, Jaffna: Paalam International ","Jaffna, completed, 100 students",city
TWN,23.91566,120.66387,recipient,1,"Edoovillage #1071 - Taiwan, NanTou : Nantou Kindness Home","Nantou, completed, 60 students",city
PER,-8.5227,-74.1142,recipient,4,"Edoovillage #1072 - Peru, Cayma: Arequipa School (PIECES)","Peru, completed, 70 students",country
SEN,14.2289,-14.6109,recipient,13,"Edoovillage #1073 - Senegal, cabrousse: Senegal, Mädchen-Woh","Senegal, completed, 20 students",country
MDG,-19.0416,46.6849,recipient,5,"Edoovillage #1075 - Madagascar, Talata: Kinder von Talata","Madagascar, open, 750 students",country
GHA,5.55602,-0.1969,recipient,20,"Edoovillage #1076 - Ghana, Adenta Accra: Preparatory and Jun","Accra, completed, 600 students",city
BGD,23.6737,90.4321,recipient,0,"Edoovillage #1077 - Bangladesh, Ibrahimpur: Village School |","Bangladesh, open, 1250 students",country
BIH,44.81694,15.87083,recipient,24,"Edoovillage #1078 - Bosnia and Herzegovina, Bihac: Schule Iz","Bihać, completed, 534 students",city
CHE,46.7368,8.2869,recipient,0,"Edoovillage #1079 - Switzerland, Bachenbülach: PC-Kurs für A","Switzerland, completed, 6 students",country
GHA,5.55602,-0.1969,recipient,13,"Edoovillage #1080 - Ghana, Accra: Perfect High Senior School","Accra, completed, 200 students",city
ESP,41.45004,2.24741,recipient,2,"Edoovillage #1081 - Spain, Badalona: Projecte Coco - Comunic","Badalona, completed, 20 students",city
GHA,6.11982,1.19012,recipient,25,"Edoovillage #1082 - Ghana,  Aflao:  Home of Brains | On The ","Aflao, open, 2326 students",city
DOM,19.11683,-70.63595,recipient,0,"Edoovillage #1083 - Dominican Republic, Jarabacoa: OpenStree","Jarabacoa, completed, 7 students",city
KHM,13.36179,103.86056,recipient,0,"Edoovillage #1084 - Cambodia, Siem Reap: Rotary Club Angkor ","Siem Reap, open, 2480 students",city
KHM,12.6992,105.0397,recipient,3,"Edoovillage #1085 - Cambodia, Wat Kor / Kampongseyma village","Cambodia, open, 145 students",country
PAK,32.15567,74.18705,recipient,4,"Edoovillage #1086 - Pakistan, Gujranwala: IT for Zeph Girls","Gujranwala, open, 36 students",city
UGA,-0.86864,30.83019,recipient,14,"Edoovillage #1087 - Uganda, Nakivale / Isingiro: Opportunity","Isingiro, completed, 42 students",city
KEN,-0.10221,34.76171,recipient,2,"Edoovillage #1088 - Kenya, Kisumu: Open Learning Exchange Ki","Kisumu, open, 400 students",city
GHA,7.27386,-2.87348,recipient,27,"Edoovillage #1089 - Ghana, Ahenkro: Ahenkro District Junior ","Domaa-Ahenkro, open, 400 students",city
IND,23.53798,93.3732,recipient,6,"Edoovillage #1090 - India, Champhai: FOR LEARNING AND DEVELO","Ngūr, open, 115 students",city
CMR,5.9597,10.14597,recipient,45,"Edoovillage #1091 - Cameroon, Bamenda: ACTWID vocational tra","Bamenda, completed, 500 students",city
DEU,51.43247,6.76516,recipient,19,"Edoovillage #1092 - Germany, Duisburg: Duisentrieb - Offene ","Duisburg, completed, 60 students",city
CHE,47.52197,8.54049,recipient,8,"Edoovillage #1093 - Switzerland, Bülach: OEKOWI","Bülach, completed, 50 students",city
CMR,6.2942,12.9485,recipient,5,"Edoovillage #1094 - Cameroon, Molyko, Buae, : Technology for","Cameroon, completed, 75 students",country
SLE,8.48714,-13.2356,recipient,6,"Edoovillage #1095 - Sierra Leone, Freetown: The Vidya Projec","Freetown, open, 200 students",city
KEN,-4.2929,39.56404,recipient,0,"Edoovillage #1096 - Kenya, Ukunda: Diani Busara Junior Schoo","Ukunda, open, 400 students",city
KEN,-1.28333,36.81667,recipient,10,"Edoovillage #1097 - Kenya, nairobi: Don Bosco Boys Town","Nairobi, completed, 400 students",city
KEN,-1.36696,38.01055,recipient,0,"Edoovillage #1098 - Kenya, Kitui: Primary School Kitui","Kitui, completed, 78 students",city
GRC,39.4201,23.1104,recipient,0,"Edoovillage #1099 - Greece, Antissa, Lesbos: Senior High Sch","Greece, open, 93 students",country
ZAF,-33.92584,18.42322,recipient,22,"Edoovillage #1100 - South Africa, Kapstadt: Sammelprojekt Pf","Cape Town, completed, 80 students",city
MAR,28.6876,-8.8172,recipient,13,"Edoovillage #1101 - Morocco, CITE SALAM: Association de sauv","Morocco, open, 30 students",country
GHA,7.9453,-1.2192,recipient,66,"Edoovillage #1102 - Ghana, Odomase, Sunyani: Odomaseman Seni","Ghana, completed, 1226 students",country
KEN,-1.28333,36.81667,recipient,8,"Edoovillage #1103 - Kenya, Kibera Nairobi: Globle Foundation","Nairobi, open, 530 students",city
IDN,-6.2349,106.9896,recipient,2,"Edoovillage #1104 - Indonesia, Bekasi  : Serving kids |  Lov","Bekasi, completed, 100 students",city
BIH,44.1442,17.8347,recipient,20,"Edoovillage #1105 - Bosnia and Herzegovina, Domanovici: Prim","Bosnia and Herzegovina, completed, 295 students",country
ROU,45.8245,25.0942,recipient,2,"Edoovillage #1106 - Romania, Santana: Liceul Technologie 'St","Romania, open, 380 students",country
CMR,6.2942,12.9485,recipient,6,"Edoovillage #1107 - Cameroon, Bassamba: Projecte Bandjuijong","Cameroon, open, 23 students",country
CMR,6.2942,12.9485,recipient,1,"Edoovillage #1108 - Cameroon, Batié: Intercanvi correspondèn","Cameroon, open, 0 students",country
MMR,19.745,96.12972,recipient,8,"Edoovillage #1109 - Myanmar, Naypyitaw: Myanmar Women and Ch","Nay Pyi Taw, completed, 500 students",city
CRI,10.01723,-84.21275,recipient,1,"Edoovillage #1110 - Costa Rica, Alajuela: Sancarleños Empren","Alajuela, open, 20 students",city
ROU,45.8245,25.0942,recipient,6,"Edoovillage #1111 - Romania, Santana: scoala-sfanta-ana","Romania, open, 156 students",country
GBR,50.82838,-0.13947,recipient,1,"Edoovillage #1112 - United Kingdom, Brighton: Master’s thesi","Brighton, completed, 1 students",city
IND,23.5863,81.173,recipient,3,"Edoovillage #1113 - India, Dantu: Bridging the Digital empow","India, open, 260 students",country
KEN,-1.28333,36.81667,recipient,9,"Edoovillage #1114 - Kenya, Nairobi: Judah Care Foundation St","Nairobi, open, 176 students",city
ESP,40.4165,-3.70256,recipient,3,"Edoovillage #1115 - Spain, Madrid: Asociación de mujeres uni","Madrid, open, 6 students",city
KEN,-0.10221,34.76171,recipient,40,"Edoovillage #1116 - Kenya, Kisumu City: Home of Brains | On ","Kisumu, completed, 2950 students",city
CMR,4.075,9.36005,recipient,0,"Edoovillage #1117 - Cameroon, Tiko: Educational Program for ","Tiko, completed, 60 students",city
KHM,12.6992,105.0397,recipient,3,"Edoovillage #1118 - Cambodia, Bech Khlok: Primary School | S","Cambodia, completed, 70 students",country
DEU,48.13743,11.57549,recipient,10,"Edoovillage #1119 - Germany, München: Flüchtlings- / Integra","Munich, completed, 30 students",city
GHA,7.9453,-1.2192,recipient,36,"Edoovillage #1120 - Ghana, Abesowa  Juaben Ashanti: ICT Cent","Ghana, completed, 150 students",country
DEU,51.33645,6.55381,recipient,24,"Edoovillage #1121 - Germany, Krefeld: Selbstlernzentren | Fl","Krefeld, completed, 75 students",city
TZA,-8.9,33.45,recipient,12,"Edoovillage #1122 - Tanzania, Mbeya: Lunji Primary School | ","Mbeya, completed, 300 students",city
KEN,0.6899,37.9531,recipient,4,"Edoovillage #1123 - Kenya, karaba: Mwea Wango Institute of T","Kenya, open, 94 students",country
GMB,13.4286,-15.3834,recipient,34,"Edoovillage #1124 - Gambia, Jamwelly: Holland Gambian Founda","Gambia, completed, 150 students",country
GHA,7.9453,-1.2192,recipient,25,"Edoovillage #1125 - Ghana, Ada Foah: Creació d’una estructur","Ghana, open, 4 students",country
UGA,0.31628,32.58219,recipient,16,"Edoovillage #1126 - Uganda, Kampala: Digital Literacy Progra","Kampala, completed, 40 students",city
TZA,-6.3558,34.8183,recipient,20,"Edoovillage #1127 - Tanzania, Mtware: Secondary/Highschool A","Tanzania, open, 523 students",country
DEU,51.083,10.4262,recipient,5,"Edoovillage #1128 - Germany, Ostseebad Heringsdorf: Hort „Al","Germany, completed, 130 students",country
CMR,6.2942,12.9485,recipient,3,"Edoovillage #1129 - Cameroon, Nkoumissé-Sud: Brunnen- und Hy","Cameroon, completed, 100 students",country
ZAF,-28.5536,24.7525,recipient,1,"Edoovillage #1130 - South Africa, Philippi, 7750: Educationa","South Africa, open, 450 students",country
CHE,46.20222,6.14569,recipient,11,"Edoovillage #1131 - Switzerland, Geneva: Interactions","Genève, completed, 10 students",city
GHA,5.55602,-0.1969,recipient,40,"Edoovillage #1132 - Ghana, Accra: Advent Reformed Institute","Accra, completed, 719 students",city
UGA,0.35333,32.75528,recipient,22,"Edoovillage #1133 - Uganda, Mukono: Martin Nkoyoyo Primary S","Mukono, open, 500 students",city
CMR,4.02356,9.20607,recipient,0,"Edoovillage #1134 - Cameroon, Limbe: Goddy Tabi Bilingual Nu","Limbe, open, 250 students",city
JOR,31.95522,35.94503,recipient,1,"Edoovillage #1135 - Jordan, Amman: Hilfe für eine Schule zur","Amman, completed, 7 students",city
PER,-7.16378,-78.50027,recipient,0,"Edoovillage #1136 - Peru, Cajamarca: Colegio San Agustin | B","Cajamarca, open, 152 students",city
COD,-4.96589,19.59151,recipient,78,"Edoovillage #1137 - Congo (Kinshasa), Idiofa:  Sainte Edith ","Idiofa, completed, 200 students",city
ETH,9.02497,38.74689,recipient,16,"Edoovillage #1138 - Ethiopia, Addis Ababa: PROJECT-E Hospita","Addis Ababa, completed, 40 students",city
VEN,9.74569,-63.18323,recipient,4,"Edoovillage #1139 - Venezuela, Maturin:                     ","Maturín, open, 400 students",city
GHA,6.60084,0.4713,recipient,0,"Edoovillage #1140 - Ghana, Hohoe: Royal Academy Preparation ","Ho, completed, 130 students",city
ZAF,-33.92584,18.42322,recipient,18,"Edoovillage #1141 - South Africa, Cape Town: 9miles project","Cape Town, completed, 40 students",city
BLZ,17.2425,-88.6827,recipient,0,"Edoovillage #1142 - Belize, San Ignacio:  2018 Belize Educat","Belize, open, 120 students",country
GMB,13.4286,-15.3834,recipient,2,"Edoovillage #1143 - Gambia, Kololi: John Pickering School","Gambia, completed, 600 students",country
BDI,-3.38193,29.36142,recipient,8,"Edoovillage #1144 - Burundi, Bujumbura: École Saint Michel A","Bujumbura, open, 30 students",city
DEU,51.22172,6.77616,recipient,3,"Edoovillage #1145 - Germany, Düsseldorf: Internationalen Kla","Düsseldorf, completed, 45 students",city
NGA,6.44132,7.49883,recipient,35,"Edoovillage #1146 - Nigeria, Enugu: DDL Education Department","Enugu, completed, 70 students",city
MWI,-9.93333,33.93333,recipient,28,"Edoovillage #1147 - Malawi, Karonga: St. Mary’s Girls‘ Secon","Karonga, completed, 600 students",city
MWI,-9.93333,33.93333,recipient,25,"Edoovillage #1148 - Malawi, Karonga: Chaminade Secondary Sch","Karonga, open, 1300 students",city
SDN,15.6706,29.9515,recipient,13,"Edoovillage #1149 - Sudan, Tawilah - Darfur: Secondery Boy S","Sudan, completed, 550 students",country
SEN,14.78944,-16.92602,recipient,6,"Edoovillage #1150 - Senegal, Thiès:  École Cem Nguinth","Thiès, completed, 170 students",city
KHM,12.6992,105.0397,recipient,6,"Edoovillage #1151 - Cambodia, Puok District: Camboya Sonríe","Cambodia, open, 220 students",country
MLI,17.1681,-4.3464,recipient,30,"Edoovillage #1152 - Mali, Senou, Bamako: Ecole Tagnè","Mali, completed, 130 students",country
HKG,22.3193,114.1694,recipient,1,"Edoovillage #1153 - Hong Kong S.A.R., China, Hong Kong: Refu","Hong Kong S.A.R., China, open, 10 students",country
MWI,-13.129,34.2344,recipient,6,"Edoovillage #1154 - Malawi, Zalewa: FACE Secondary School Za","Malawi, open, 130 students",country
DEU,52.52437,13.41053,recipient,25,"Edoovillage #1155 - Germany, Berlin: Fondation Bolingo e.V.","Berlin, completed, 23 students",city
VIR,17.738,-64.7616,recipient,2,"Edoovillage #1156 - U.S. Virgin Islands, St. Thomas,: Re-Cha","U.S. Virgin Islands, completed, 365 students",country
MAR,28.6876,-8.8172,recipient,1,"Edoovillage #1157 - Morocco, Ouled MBarek: Union Nationale d","Morocco, open, 0 students",country
SEN,14.2289,-14.6109,recipient,4,"Edoovillage #1158 - Senegal, cabrousse: Senegal Ziguinchor, ","Senegal, completed, 18 students",country
DEU,51.43247,6.76516,recipient,48,"Edoovillage #1159 - Germany, Duisburg: Max-Planck-Gymnasium ","Duisburg, completed, 950 students",city
IND,8.72742,77.6838,recipient,25,"Edoovillage #1160 - India, Tirunelveli: Friends of India","Tirunelveli, open, 450 students",city
CMR,4.075,9.36005,recipient,6,"Edoovillage #1161 - Cameroon, Tiko: SABIBI FOUNDATION-Integr","Tiko, completed, 600 students",city
UGA,0.225,32.31361,recipient,7,"Edoovillage #1162 - Uganda, Mpigi Kampala: Technologies for ","Mpigi, open, 30 students",city
KEN,-1.28333,36.81667,recipient,0,"Edoovillage #1163 - Kenya, Kibera Nairobi: Garden of Hope Fo","Nairobi, open, 15 students",city
GMB,13.38417,-16.75139,recipient,52,"Edoovillage #1164 - Gambia, Brufut: Scanaid Secondary School","Brufut, completed, 930 students",city
MLI,12.60915,-7.97522,recipient,34,"Edoovillage #1165 - Mali, Bamako: Mädchenzentrum Jigiya Bon ","Bamako, open, 70 students",city
IND,12.97194,77.59369,recipient,5,"Edoovillage #1166 - India, Bengaluru: Morning Star Orphanage","Bengaluru, completed, 100 students",city
NGA,7.09316,4.83528,recipient,23,"Edoovillage #1167 - Nigeria, Ondo: St Raphael’s Primary scho","Ondo, open, 758 students",city
MNG,47.0864,103.3987,recipient,20,"Edoovillage #1168 - Mongolia, Tschoibalsan: Dornod Province ","Mongolia, completed, 322 students",country
NGA,4.77742,7.0134,recipient,0,"Edoovillage #1169 - Nigeria, Port Harcourt: ATTEC – AfricanT","Port Harcourt, open, 400 students",city
UGA,0.31628,32.58219,recipient,4,"Edoovillage #1170 - Uganda, Kampala: Pearl farmers training","Kampala, open, 100 students",city
DEU,51.5388,7.22572,recipient,4,"Edoovillage #1171 - Germany, Herne: 'Lern-Medien-Werkstatt' ","Herne, completed, 65 students",city
UGA,0.31628,32.58219,recipient,3,"Edoovillage #1172 - Uganda, Kampala: Youth Empowerment, trai","Kampala, open, 120 students",city
UGA,0.225,32.31361,recipient,6,"Edoovillage #1173 - Uganda, Mpigi Town: SINA Lazima Nipate","Mpigi, completed, 30 students",city
HKG,22.3193,114.1694,recipient,1,"Edoovillage #1174 - Hong Kong S.A.R., China, Hong Kong: Lens","Hong Kong S.A.R., China, open, 40 students",country
DEU,51.083,10.4262,recipient,0,"Edoovillage #1175 - Germany, Lübben: Flüchtlingshilfe Diakon","Germany, completed, 2 students",country
TZA,-7.76667,35.7,recipient,0,"Edoovillage #1176 - Tanzania, Iringa Region: Mobile Computer","Iringa, open, 1000 students",city
MEX,32.44363,-117.00371,recipient,9,"Edoovillage #1177 - Mexico, La Joya: Children with Faith, Co","La Joya, completed, 20 students",city
ZAF,-28.5536,24.7525,recipient,8,"Edoovillage #1178 - South Africa, Phoenix, Durban: Enhancing","South Africa, open, 650 students",country
UGA,0.225,32.31361,recipient,5,"Edoovillage #1179 - Uganda, Mpigi town: Kyaffe Farmers | SIN","Mpigi, completed, 10 students",city
UGA,0.225,32.31361,recipient,2,"Edoovillage #1180 - Uganda, Mpigi town: Training mechanics a","Mpigi, open, 10 students",city
CMR,3.86667,11.51667,recipient,0,"Edoovillage #1181 - Cameroon, Yaoundé: Ecole des Sages","Yaoundé, open, 567 students",city
TZA,-6.3558,34.8183,recipient,8,"Edoovillage #1182 - Tanzania, Kagera City: ICT Training for ","Tanzania, open, 100 students",country
GHA,7.9453,-1.2192,recipient,25,"Edoovillage #1183 - Ghana, Akim-Awenare: ICT Center for Akim","Ghana, completed, 120 students",country
CHE,46.7368,8.2869,recipient,0,"Edoovillage #1184 - Switzerland, Oberwil-Lieli: Lieliputs Sc","Switzerland, completed, 30 students",country
CMR,6.2942,12.9485,recipient,35,"Edoovillage #1185 - Cameroon, Nkolafamba: Groupe Scolaire Bi","Cameroon, completed, 310 students",country
GHA,5.53711,-0.69984,recipient,15,"Edoovillage #1186 - Ghana, Agona Duakwa: Saint Michael prep ","Swedru, open, 292 students",city
GHA,5.53711,-0.69984,recipient,3,"Edoovillage #1187 - Ghana, Agona Duakwa: Gift of Hope projec","Swedru, open, 30 students",city
GHA,7.9453,-1.2192,recipient,5,"Edoovillage #1188 - Ghana, Asikuma: Catholic Girls School | ","Ghana, open, 785 students",country
GHA,7.9453,-1.2192,recipient,0,"Edoovillage #1189 - Ghana, NWOMASO: METHODIST PRIMARY SCHOOL","Ghana, open, 386 students",country
GHA,7.9453,-1.2192,recipient,28,"Edoovillage #1190 - Ghana, Kokoben: PRESBY BASIC COMPUTER PR","Ghana, completed, 381 students",country
GHA,7.9453,-1.2192,recipient,28,"Edoovillage #1191 - Ghana, Gomoa  Dago: Basic School | Ghana","Ghana, completed, 1041 students",country
TGO,6.9,0.63333,recipient,10,"Edoovillage #1192 - Togo, Kpalimé: Bildungszentrum ASTOVOT","Kpalimé, open, 3000 students",city
DOM,18.7795,-70.435,recipient,7,"Edoovillage #1193 - Dominican Republic, Santa Barbara de Sam","Dominican Republic, completed, 10 students",country
GHA,5.53711,-0.69984,recipient,28,"Edoovillage #1194 - Ghana, Agona Swedru: St. Anthony of Padu","Swedru, completed, 400 students",city
GHA,6.68848,-1.62443,recipient,40,"Edoovillage #1195 - Ghana, Kumasi: Achiaa Greenlight School ","Kumasi, open, 800 students",city
DOM,18.41713,-70.10682,recipient,3,"Edoovillage #1196 - Dominican Republic, San Cristobal: CHEJA","San Cristóbal, completed, 30 students",city
DEU,51.43247,6.76516,recipient,12,"Edoovillage #1197 - Germany, Duisburg: DRK Flüchtlingsunterk","Duisburg, completed, 12 students",city
GHA,6.68848,-1.62443,recipient,0,"Edoovillage #1198 - Ghana, Ayeduasei Kumasi: Peace and Love ","Kumasi, open, 200 students",city
TZA,-6.82349,39.26951,recipient,57,"Edoovillage #1199 - Tanzania, Dar es Salaam Mbagala-Chamazi ","Dar es Salaam, completed, 280 students",city
UGA,0.31628,32.58219,recipient,26,"Edoovillage #1200 - Uganda, Kampala: Nursery and Primary Sch","Kampala, completed, 217 students",city
DEU,51.45657,7.01228,recipient,3,"Edoovillage #1201 - Germany, Essen: Flüchtlings- / Integrati","Essen, completed, 3 students",city
DEU,50.13423,8.91418,recipient,0,"Edoovillage #1202 - Germany, Hanau: Flüchtlings- / Integrati","Hanau am Main, completed, 4 students",city
MWI,-13.129,34.2344,recipient,20,"Edoovillage #1203 - Malawi, Eswazini: Eswazini Community Day","Malawi, completed, 230 students",country
KEN,-3.63045,39.84992,recipient,5,"Edoovillage #1204 - Kenya, Kilifi: Gapeka Children’s Hope Ce","Kilifi, open, 666 students",city
GHA,5.80893,-0.35026,recipient,28,"Edoovillage #1206 - Ghana, Nsawam: Amanfo Presby Basic Schoo","Nsawam, completed, 287 students",city
NPL,28.3009,84.1339,recipient,4,"Edoovillage #1207 - Nepal, Tarakeshwar : Teaching Computer S","Nepal, open, 200 students",country
GHA,7.9453,-1.2192,recipient,12,"Edoovillage #1208 - Ghana, Kumawu Besoro: DA 2 Junior High S","Ghana, completed, 65 students",country
GHA,7.9453,-1.2192,recipient,12,"Edoovillage #1209 - Ghana, Kumawu Besoro: DA Primary school ","Ghana, completed, 280 students",country
GHA,7.9453,-1.2192,recipient,12,"Edoovillage #1210 - Ghana, Kumawu Besoro: RC Primary school ","Ghana, completed, 253 students",country
GHA,7.9453,-1.2192,recipient,14,"Edoovillage #1211 - Ghana, Kumawu Besoro: Methodists Junior ","Ghana, completed, 43 students",country
GHA,7.9453,-1.2192,recipient,12,"Edoovillage #1212 - Ghana, Kumawu Besoro: DA 1 Junior High S","Ghana, completed, 65 students",country
GHA,7.9453,-1.2192,recipient,14,"Edoovillage #1213 - Ghana, Kumawu Besoro: Methodists Primary","Ghana, completed, 65 students",country
GHA,7.17487,-2.09961,recipient,13,"Edoovillage #1214 - Ghana, Nkwanta: AME Zion Junior High Sch","Duayaw-Nkwanta, completed, 45 students",city
GHA,7.9453,-1.2192,recipient,12,"Edoovillage #1215 - Ghana, Aninangya: Methodists Junior High","Ghana, completed, 50 students",country
GHA,7.9453,-1.2192,recipient,12,"Edoovillage #1216 - Ghana, Aninangya: Methodists Primary Sch","Ghana, completed, 158 students",country
GHA,7.9453,-1.2192,recipient,14,"Edoovillage #1217 - Ghana, Woraso: DA Junior High School | G","Ghana, completed, 81 students",country
GHA,7.9453,-1.2192,recipient,14,"Edoovillage #1218 - Ghana, Woraso: Presby Junior High School","Ghana, completed, 66 students",country
GHA,7.9453,-1.2192,recipient,16,"Edoovillage #1219 - Ghana, Atwidie: DA Junior High School | ","Ghana, completed, 80 students",country
TZA,-3.35,37.33333,recipient,15,"Edoovillage #1220 - Tanzania, Moshi: Kilacha Production and ","Moshi, open, 452 students",city
UGA,-0.86864,30.83019,recipient,0,"Edoovillage #1221 - Uganda, Nakivale / Isingiro: NYANDJA Art","Isingiro, open, 52 students",city
UGA,0.31628,32.58219,recipient,2,"Edoovillage #1222 - Uganda, Kampala: Marget’s Orphanage Cent","Kampala, open, 65 students",city
UGA,1.2822,32.3437,recipient,13,"Edoovillage #1223 - Uganda, Rwera: School for the Deaf","Uganda, completed, 115 students",country
GHA,5.55602,-0.1969,recipient,10,"Edoovillage #1224 - Ghana, Accra: Paullen Kids Academy","Accra, completed, 40 students",city
DEU,53.55073,9.99302,recipient,13,"Edoovillage #1225 - Germany, Hamburg: OUR NEWSTART NETWORK","Hamburg, completed, 120 students",city
COD,-1.67409,29.22845,recipient,0,"Edoovillage #1226 - Congo (Kinshasa), Goma: Africa New Day U","Goma, completed, 129 students",city
GHA,7.9453,-1.2192,recipient,28,"Edoovillage #1227 - Ghana, Adiembra: Kweikuma ITC Lab | Ghan","Ghana, completed, 550 students",country
ROU,45.8245,25.0942,recipient,28,"Edoovillage #1228 - Romania, ciuhou: Rumania Bihor, ciuhoi-S","Romania, completed, 62 students",country
UGA,0.225,32.31361,recipient,4,"Edoovillage #1229 - Uganda, Mpigi town: FASHIONABILITY Train","Mpigi, open, 35 students",city
ARM,40.1784,45.0549,recipient,5,"Edoovillage #1230 - Armenia, Aygehovit: Aygehovit Kindergart","Armenia, open, 101 students",country
CHE,46.7368,8.2869,recipient,0,"Edoovillage #1231 - Switzerland, Oberwil-Lieli: Projekt CROW","Switzerland, completed, 40 students",country
DZA,27.67111,-8.14743,recipient,1,"Edoovillage #1232 - Algeria, Tindouf: Escuela Ahmed Abdel Fa","Tindouf, completed, 70 students",city
UGA,0.225,32.31361,recipient,0,"Edoovillage #1233 - Uganda, Mpigi Town: Virtual Hostel | SIN","Mpigi, open, 25 students",city
GHA,7.9453,-1.2192,recipient,31,"Edoovillage #1234 - Ghana, Diabene: Diabene Community ICT Pr","Ghana, completed, 600 students",country
DEU,51.18539,6.44172,recipient,0,"Edoovillage #1235 - Germany, Mönchengladbach: Villa Humboldt","Mönchengladbach, completed, 9 students",city
MWI,-13.129,34.2344,recipient,13,"Edoovillage #1236 - Malawi, Tawuka: Takuwa School | SES Bonn","Malawi, completed, 300 students",country
HTI,18.54349,-72.33881,recipient,9,"Edoovillage #1237 - Haiti, Port-au-Prince: Associazione Miss","Port-au-Prince, completed, 1700 students",city
UGA,0.225,32.31361,recipient,0,"Edoovillage #1238 - Uganda, Mpigi: Women of Destiny - Mpigi,","Mpigi, open, 20 students",city
GTM,14.65881,-90.8216,recipient,0,"Edoovillage #1239 - Guatemala, Chimaltenango: Comunidad La E","Chimaltenango, open, 58 students",city
UGA,0.225,32.31361,recipient,0,"Edoovillage #1240 - Uganda, Mpigi Town: Kankobe Childrens Ho","Mpigi, open, 96 students",city
BDI,-3.42708,29.92463,recipient,5,"Edoovillage #1241 - Burundi, Gitega: Lycée S. Kizito | Next ","Gitega, completed, 742 students",city
GTM,14.64072,-90.51327,recipient,12,"Edoovillage #1242 - Guatemala, Guatemala: Jordi Project: for","Guatemala City, completed, 50 students",city
DEU,48.13743,11.57549,recipient,7,"Edoovillage #1243 - Germany, München: Flüchtlings- / Integra","Munich, completed, 6 students",city
BFA,12.36566,-1.53388,recipient,2,"Edoovillage #1244 - Burkina Faso, Ouagadougou: AEV2D Associa","Ouagadougou, open, 65 students",city
GHA,5.55602,-0.1969,recipient,2,"Edoovillage #1245 - Ghana, Accra: Solid Rock Association","Accra, open, 40 students",city
BOL,-16.7312,-64.4521,recipient,2,"Edoovillage #1246 - Bolivia, Cochapampa Vilaque: Escuela Coc","Bolivia, open, 18 students",country
GHA,6.09392,-0.83599,recipient,20,"Edoovillage #1247 - Ghana, KADE: ASTRA INTERNATIONAL SCHOOL ","Kade, completed, 675 students",city
TWN,24.83833,121.00778,recipient,10,"Edoovillage #1248 - Taiwan, Zhubei City: 程式教育扎根計畫","Zhubei, completed, 10 students",city
UGA,0.225,32.31361,recipient,6,"Edoovillage #1249 - Uganda, Mpigi Town: Totya Women | SINA |","Mpigi, completed, 100 students",city
KEN,-0.71383,36.43261,recipient,32,"Edoovillage #1250 - Kenya, Naivasha: Milimani Primary School","Naivasha, open, 3000 students",city
CHE,46.01008,8.96004,recipient,10,"Edoovillage #1252 - Switzerland, Lugano: Association Culture","Lugano, completed, 2000 students",city
DEU,51.083,10.4262,recipient,10,"Edoovillage #1253 - Germany, Tecklenburg: MineHandy Evangeli","Germany, completed, 600 students",country
LBR,6.5201,-9.259,recipient,28,"Edoovillage #1254 - Liberia, Bong Mines: Help-Liberia for nu","Liberia, open, 5 students",country
MAR,30.91894,-6.89341,recipient,14,"Edoovillage #1251 - Morocco, Ouarzazate: Collège Atlas El Ka","Ouarzazate, open, 900 students",city
MAR,30.91894,-6.89341,recipient,10,"Edoovillage #1255 - Morocco, Ouarzazate: Asso Cooperation Sc","Ouarzazate, open, 500 students",city
IND,22.94936,79.18357,recipient,2,"Edoovillage #1256 - India, Narsingpur, West Bengal: Pentecos","Narsimhapur, open, 120 students",city
VNM,10.82302,106.62965,recipient,25,"Edoovillage #1257 - Vietnam, Ho Chi Minh: Laptops for Mai Am","Ho Chi Minh City, open, 35 students",city
VNM,10.49626,107.1685,recipient,2,"Edoovillage #1258 - Vietnam, Tinh Ba Ria: Laptops for Ngoc H","Thành Phố Bà Rịa, open, 25 students",city
PAN,8.4395,-80.1443,recipient,3,"Edoovillage #1259 - Panama, Saboga: Formació en navegació so","Panama, completed, 20 students",country
MOZ,-26.04236,32.33027,recipient,0,"Edoovillage #1260 - Mozambique, Aldea de Masaca (Distrito de","Boane, open, 800 students",city
MOZ,-26.04236,32.33027,recipient,0,"Edoovillage #1261 - Mozambique, Aldea de Masaca (Distrito de","Boane, open, 800 students",city
KEN,1.25881,35.09569,recipient,0,"Edoovillage #1262 - Kenya, Makutano: Makutano Primary School","Makutano, completed, 470 students",city
ROU,45.8245,25.0942,recipient,2,"Edoovillage #1263 - Romania, Curtuiseni: Érkörtvélyes Scoala","Romania, open, 70 students",country
UGA,0.31628,32.58219,recipient,0,"Edoovillage #1264 - Uganda, Kampala: RFC Refugee Friends Car","Kampala, open, 200 students",city
KEN,0.6899,37.9531,recipient,10,"Edoovillage #1265 - Kenya, Ukanda: Diani Elite Educational C","Kenya, open, 100 students",country
KEN,0.6899,37.9531,recipient,20,"Edoovillage #1266 - Kenya, Mteza: Primary School Mteza | VER","Kenya, completed, 629 students",country
LKA,7.6966,80.6693,recipient,14,"Edoovillage #1267 - Sri Lanka, Netolpitiya: Tangalle Canadap","Sri Lanka, completed, 25 students",country
GTM,14.63823,-91.22901,recipient,2,"Edoovillage #1268 - Guatemala, Santiago Atitlán: Mano a Mano","Santiago Atitlán, open, 13 students",city
GHA,7.9453,-1.2192,recipient,46,"Edoovillage #1269 - Ghana, Daffiama: Kay Roberts Memorial Ju","Ghana, completed, 175 students",country
HUN,47.2253,19.3962,recipient,11,"Edoovillage #1270 - Hungary, Buzsak: Primary School","Hungary, open, 152 students",country
HUN,46.36667,17.8,recipient,18,"Edoovillage #1271 - Hungary, Kaposvár: Kaposvár Táncsics Mah","Kaposvár, completed, 150 students",city
HTI,18.8835,-72.8929,recipient,9,"Edoovillage #1272 - Haiti, Fort Liberté: Polytechnique Sales","Haiti, open, 361 students",country
DZA,36.2674,6.50135,recipient,10,"Edoovillage #1273 - Algeria, Smara, Campamento Refugiados Sa","Aïn Smara, open, 0 students",city
NGA,9.6103,8.1477,recipient,20,"Edoovillage #1274 - Nigeria, Okunoegbu Umudim, Nnewi: St. Jo","Nigeria, completed, 50 students",country
PAK,33.72148,73.04329,recipient,18,"Edoovillage #1275 - Pakistan, Islamabad: Saya School Maira A","Islamabad, completed, 700 students",city
MWI,-13.129,34.2344,recipient,7,"Edoovillage #1276 - Malawi, Yavundika Village:  St. Luke Sch","Malawi, open, 385 students",country
MWI,-13.129,34.2344,recipient,7,"Edoovillage #1277 - Malawi, Lusangazi: Secondary School Capu","Malawi, open, 126 students",country
MWI,-13.129,34.2344,recipient,7,"Edoovillage #1278 - Malawi, Bala: Primary School | Malawi-Hi","Malawi, open, 469 students",country
DEU,48.13743,11.57549,recipient,0,"Edoovillage #1279 - Germany, München: ArrivalAid","Munich, completed, 40 students",city
NPL,28.3009,84.1339,recipient,9,"Edoovillage #1280 - Nepal, Lurpung: Shree Bhumestan Higher S","Nepal, open, 160 students",country
UGA,1.71464,33.61113,recipient,6,"Edoovillage #1281 - Uganda, Soroti: Tech for Matunda Hub","Soroti, completed, 40 students",city
DEU,51.083,10.4262,recipient,1,"Edoovillage #1282 - Germany, Deutschland: Kinderhospize | St","Germany, completed, 1 students",country
CIV,7.69385,-5.03031,recipient,7,"Edoovillage #1283 - Ivory Coast, Bouaké: AREBO","Bouaké, open, 120 students",city
ARM,40.1784,45.0549,recipient,14,"Edoovillage #1284 - Armenia, Varser: Mittelschule Varser","Armenia, completed, 164 students",country
KEN,-1.28333,36.81667,recipient,23,"Edoovillage #1285 - Kenya, Nairobi: New Horizon Home | Local","Nairobi, completed, 40 students",city
KEN,0.6899,37.9531,recipient,11,"Edoovillage #1286 - Kenya, Ukanda: CPU Cerebral Palsy | Fr. ","Kenya, completed, 37 students",country
KEN,-1.47612,36.96144,recipient,3,"Edoovillage #1287 - Kenya, Athi-Kitengela: Primary school of","Kitengela, completed, 700 students",city
TGO,8.6607,0.8991,recipient,25,"Edoovillage #1288 - Togo, Adakpamé Lome: Ecole primaire publ","Togo, open, 500 students",country
NGA,9.6103,8.1477,recipient,12,"Edoovillage #1289 - Nigeria,  Ihitte-Uboma: MARGLEO Internat","Nigeria, completed, 380 students",country
DEU,51.51494,7.466,recipient,8,"Edoovillage #1291 - Germany, Dortmund: Flüchtlings- / Integr","Dortmund, completed, 8 students",city
THA,13.6622,101.0868,recipient,18,"Edoovillage #1292 - Thailand, Hin Lek Fai, Hua Hin: X-cluesI","Thailand, completed, 190 students",country
ROU,45.8245,25.0942,recipient,15,"Edoovillage #1293 - Romania, Costuleni: Scoala Gimnaziala Co","Romania, completed, 100 students",country
CHE,46.7368,8.2869,recipient,50,"Edoovillage #1295 - Switzerland, Rüti: Freie Computer","Switzerland, completed, 250 students",country
BIH,44.1442,17.8347,recipient,10,"Edoovillage #1296 - Bosnia and Herzegovina, Srebrenica: La T","Bosnia and Herzegovina, completed, 10 students",country
CMR,3.86667,11.51667,recipient,6,"Edoovillage #1297 - Cameroon, Yaoundé: Lycée Technique de Ya","Yaoundé, open, 50 students",city
ZMB,-12.36475,27.82286,recipient,0,"Edoovillage #1298 - Zambia, Chililabombwe: Education - Zambi","Chililabombwe, open, 50 students",city
UGA,0.31628,32.58219,recipient,1,"Edoovillage #1299 - Uganda, Kampala: Home care for women and","Kampala, open, 20 students",city
BFA,12.36566,-1.53388,recipient,29,"Edoovillage #1301 - Burkina Faso, Ouagadougou: Alpha Literac","Ouagadougou, open, 4000 students",city
GMB,13.4286,-15.3834,recipient,27,"Edoovillage #1302 - Gambia, Medina Sotokoi: Smart Kids Acade","Gambia, open, 250 students",country
UGA,1.2822,32.3437,recipient,0,"Edoovillage #1303 - Uganda, Nakawa: Innovation Nest - Kampal","Uganda, open, 20 students",country
NGA,9.6103,8.1477,recipient,5,"Edoovillage #1304 - Nigeria, Umunohu: Servitenschule","Nigeria, open, 500 students",country
SYR,33.5102,36.29128,recipient,0,"Edoovillage #1305 - Syria, Damaskus: Rebuilt of School after","Damascus, open, 230 students",city
ROU,45.8245,25.0942,recipient,6,"Edoovillage #1306 - Romania, Com Mariselu: Şcoala Gimnazială","Romania, completed, 300 students",country
ROU,45.85,24.96667,recipient,70,"Edoovillage #1307 - Romania, Fagaras: Education for Life","Făgăraș, open, 1500 students",city
KEN,0.6899,37.9531,recipient,25,"Edoovillage #1308 - Kenya, Maakani: Friends of Makaani","Kenya, completed, 40 students",country
LBN,33.89332,35.50157,recipient,52,"Edoovillage #1309 - Lebanon, Beirut: Beit bil Jnoub & Swiss4","Beirut, completed, 40 students",city
UGA,1.2822,32.3437,recipient,5,"Edoovillage #1310 - Uganda, Luweero: LICSOU","Uganda, open, 350 students",country
MEX,32.36044,-117.04645,recipient,9,"Edoovillage #1311 - Mexico, Rosarito: Study Room Centro Educ","Rosarito, completed, 20 students",city
DEU,51.43218,6.87967,recipient,7,"Edoovillage #1312 - Germany, Mülheim an der Ruhr: Discoverin","Mülheim, completed, 20 students",city
EGY,30.06263,31.24967,recipient,2,"Edoovillage #1313 - Egypt, Cairo: Center for Agricultural Re","Cairo, completed, 0 students",city
COL,6.33732,-75.55795,recipient,6,"Edoovillage #1314 - Colombia, Bello: Fundación Social Humani","Bello, open, 420 students",city
GHA,7.9453,-1.2192,recipient,32,"Edoovillage #1315 - Ghana, Sekyedumasi Ash: Bruce Modern Int","Ghana, completed, 400 students",country
COD,-4.32758,15.31357,recipient,24,"Edoovillage #1316 - Congo (Kinshasa), Kinshasa: College Mate","Kinshasa, completed, 510 students",city
GHA,4.93422,-1.71454,recipient,23,"Edoovillage #1317 - Ghana, Ketan Sekondi: Youth Foundation L","Sekondi, completed, 200 students",city
UGA,1.2822,32.3437,recipient,2,"Edoovillage #1318 - Uganda, Kasokoso North: ICT Literacy Pro","Uganda, completed, 60 students",country
HKG,22.3193,114.1694,recipient,0,"Edoovillage #1319 - Hong Kong S.A.R., China, Yuen Long, N.T:","Hong Kong S.A.R., China, open, 8 students",country
ZAF,-33.92584,18.42322,recipient,11,"Edoovillage #1320 - South Africa, Cape Town: Egoli Community","Cape Town, completed, 24 students",city
UGA,1.2822,32.3437,recipient,9,"Edoovillage #1321 - Uganda, Namayingo district: Infants’ Hea","Uganda, open, 130 students",country
UGA,1.2822,32.3437,recipient,0,"Edoovillage #1322 - Uganda, Namakwa: Youth Post Uganda (YPU)","Uganda, open, 523 students",country
EGY,26.6052,30.2401,recipient,11,"Edoovillage #1323 - Egypt, Dahab: Kind & Kunst","Egypt, completed, 100 students",country
DEU,51.083,10.4262,recipient,1,"Edoovillage #1325 - Germany, Mauern: Familienkrebshilfe Sonn","Germany, completed, 1 students",country
ECU,-2.233,-80.91039,recipient,2,"Edoovillage #1326 - Ecuador, Libertad: Unidad de Educación M","La Libertad, open, 150 students",city
CMR,6.2942,12.9485,recipient,2,"Edoovillage #1327 - Cameroon, Biem Assi, Yaoundé: Academi Cu","Cameroon, completed, 10 students",country
DEU,50.73438,7.09549,recipient,46,"Edoovillage #1328 - Germany, bonn: Projektkoordination Ost A","Bonn, completed, 400 students",city
SYR,33.5102,36.29128,recipient,18,"Edoovillage #1329 - Syria, Damaskus: Schule Maaruneh | Korbg","Damascus, open, 230 students",city
CHE,46.516,6.63282,recipient,10,"Edoovillage #1330 - Switzerland, Lausanne: Terre des Hommes ","Lausanne, completed, 5309 students",city
SEN,14.78944,-16.92602,recipient,12,"Edoovillage #1331 - Senegal, Thiès: LANS Lycée Ahmadou Ndack","Thiès, completed, 24 students",city
TZA,-5.72651,39.2987,recipient,6,"Edoovillage #1332 - Tanzania, Nungwi: Kwetu School Sansibar","Nungwi, completed, 133 students",city
MAR,28.6876,-8.8172,recipient,0,"Edoovillage #1333 - Morocco, douar douagher lalla yetto kcei","Morocco, open, 540 students",country
UGA,0.18333,30.08333,recipient,26,"Edoovillage #1334 - Uganda, Kasese Municipality: Rwenzori Vo","Kasese, open, 146 students",city
KEN,-0.50974,34.73067,recipient,0,"Edoovillage #1335 - Kenya, Oyugis: St. Marys School | Kaarst","Oyugis, open, 400 students",city
GHA,7.9453,-1.2192,recipient,3,"Edoovillage #1336 - Ghana, Nadowli: St. Augustine Senior Hig","Ghana, open, 800 students",country
ZAF,-33.92584,18.42322,recipient,1,"Edoovillage #1337 - South Africa, Cape Town: Ubuntu Football","Cape Town, open, 25 students",city
UGA,0.44166,33.17917,recipient,17,"Edoovillage #1338 - Uganda, Njeru: Njeru Municiparity ARISE ","Njeru, completed, 30 students",city
UGA,0.225,32.31361,recipient,6,"Edoovillage #1339 - Uganda, Mpigi: Tusafishe Clear Water Pro","Mpigi, completed, 8 students",city
UGA,1.2822,32.3437,recipient,4,"Edoovillage #1340 - Uganda, Bukibira: Uganics Women empowerm","Uganda, open, 9 students",country
GHA,10.53689,-2.70155,recipient,1,"Edoovillage #1341 - Ghana, Jirapa: Ghana, Power House Intern","Jirapa, open, 93 students",city
PAK,30.1162,69.0884,recipient,2,"Edoovillage #1342 - Pakistan, PINDI HASHIM: FREE EAR CAMPS |","Pakistan, completed, 50 students",country
UGA,0.225,32.31361,recipient,0,"Edoovillage #1343 - Uganda, Mpigi: Kaleke Kasome Foundation ","Mpigi, open, 400 students",city
DEU,51.68033,7.82089,recipient,1,"Edoovillage #1344 - Germany, Hamm: Karlschule Hamm Integrati","Hamm, completed, 1 students",city
SEN,14.6937,-17.44406,recipient,6,"Edoovillage #1345 - Senegal, Dakar: Ekando Kumer; Studenteng","Dakar, open, 12 students",city
SEN,14.2289,-14.6109,recipient,4,"Edoovillage #1346 - Senegal, St Luis: Ekando Kumer; Studente","Senegal, open, 12 students",country
SEN,14.2289,-14.6109,recipient,10,"Edoovillage #1347 - Senegal, Cap Skirring: Ekando Kumer; Stu","Senegal, open, 12 students",country
NGA,9.6103,8.1477,recipient,27,"Edoovillage #1348 - Nigeria, kajola: Oyo-State Illero IREPOD","Nigeria, completed, 300 students",country
UGA,1.2822,32.3437,recipient,2,"Edoovillage #1349 - Uganda, Kimya: Kumwenya Eco-School","Uganda, open, 175 students",country
HND,15.61444,-87.95302,recipient,5,"Edoovillage #1350 - Honduras, Choloma: Con la educación pode","Choloma, open, 598 students",city
MWI,-13.129,34.2344,recipient,15,"Edoovillage #1351 - Malawi, Likoma Island: Computer Training","Malawi, completed, 165 students",country
UGA,1.2822,32.3437,recipient,16,"Edoovillage #1352 - Uganda, Bushiyi: Secondary School Bushiy","Uganda, completed, 250 students",country
UGA,1.2822,32.3437,recipient,28,"Edoovillage #1353 - Uganda, Busulwa: Secondary School Busulw","Uganda, completed, 250 students",country
TZA,-3.36667,36.68333,recipient,36,"Edoovillage #1354 - Tanzania, Arusha: Edmund Rice Sinon Seco","Arusha, open, 1400 students",city
UGA,0.31628,32.58219,recipient,0,"Edoovillage #1355 - Uganda, Kampala: Start Hub Africa | Star","Kampala, completed, 200 students",city
SLE,8.48714,-13.2356,recipient,3,"Edoovillage #1356 - Sierra Leone, Freetown: LadooVillage Sch","Freetown, open, 298 students",city
UGA,0.225,32.31361,recipient,5,"Edoovillage #1357 - Uganda, Mpigi: Techforcommunity","Mpigi, open, 112 students",city
ROU,45.8245,25.0942,recipient,23,"Edoovillage #1358 - Romania, Sanjob: Village school close to","Romania, completed, 50 students",country
ARM,40.1784,45.0549,recipient,0,"Edoovillage #1359 - Armenia, Aghzk: Aghzk Mittelschule","Armenia, open, 187 students",country
CMR,3.86667,11.51667,recipient,2,"Edoovillage #1360 - Cameroon, Yaoundé: St Joseph’s Foundatio","Yaoundé, open, 603 students",city
GHA,6.68848,-1.62443,recipient,32,"Edoovillage #1361 - Ghana, Mamponteng Kumasi: Wadie Adwumaka","Kumasi, completed, 300 students",city
GMB,13.35222,-16.43389,recipient,15,"Edoovillage #1362 - Gambia, Lamin Daranka: John Pickering Up","Lamin, completed, 500 students",city
BEN,7.18286,1.99119,recipient,5,"Edoovillage #1363 - Benin, Houndjroto-Abomey:  Waisenhaus Ce","Abomey, open, 72 students",city
ROU,45.8245,25.0942,recipient,15,"Edoovillage #1364 - Romania, Toporu: Scoala Gimnaziala Petre","Romania, completed, 119 students",country
KEN,-1.28333,36.81667,recipient,0,"Edoovillage #1365 - Kenya, Nairobi: COTRR","Nairobi, completed, 30 students",city
GTM,14.84462,-91.52316,recipient,8,"Edoovillage #1366 - Guatemala, Quetzaltenango: Ninos en Xela","Quetzaltenango, completed, 80 students",city
CHE,47.36667,8.55,recipient,4,"Edoovillage #1367 - Switzerland, Zurich: Winterstube (COVID-","Zürich, completed, 10 students",city
TGO,8.6607,0.8991,recipient,5,"Edoovillage #1368 - Togo, Dangbéssito: Foyer Antonio","Togo, completed, 20 students",country
PRY,-25.28646,-57.647,recipient,20,"Edoovillage #1369 - Paraguay, Asunción: Penguin Academy","Asunción, completed, 30 students",city
CHE,46.94809,7.44744,recipient,7,"Edoovillage #1370 - Switzerland, Bern: Migrabe (COVID-19-CH)","Bern, completed, 7 students",city
CHE,47.0311,8.28547,recipient,5,"Edoovillage #1371 - Switzerland, Kriens: Verein Hope (COVID-","Kriens, completed, 40 students",city
CHE,46.94809,7.44744,recipient,48,"Edoovillage #1372 - Switzerland, Bern: VSS-UNES","Bern, completed, 50 students",city
ZAF,-29.06415,30.59279,recipient,10,"Edoovillage #1373 - South Africa, Greytown: Greytown Childre","Greytown, completed, 165 students",city
TGO,6.9,0.63333,recipient,0,"Edoovillage #1374 - Togo, Kpalime: Lycée de Nyveme |  Togo G","Kpalimé, completed, 1020 students",city
GHA,5.55602,-0.1969,recipient,10,"Edoovillage #1375 - Ghana, Accra: Golden Sunbeam Pre- and JH","Accra, completed, 650 students",city
LAO,18.1173,103.7638,recipient,10,"Edoovillage #1376 - Laos, Ban Phone Ngeng: Computer Classroo","Laos, open, 500 students",country
DEU,51.083,10.4262,recipient,2,"Edoovillage #1377 - Germany, Bundesweit: Private Hilfsinitia","Germany, completed, 1 students",country
CHE,46.38318,6.23955,recipient,5,"Edoovillage #1378 - Switzerland, Nyon: Water Inception","Nyon, completed, 30 students",city
SLE,8.48714,-13.2356,recipient,19,"Edoovillage #1379 - Sierra Leone, Freetown: Alpha Foundation","Freetown, open, 35 students",city
ESP,41.38879,2.15899,recipient,4,"Edoovillage #1380 - Spain, Barcelona: Institut Joan d'Àustri","Barcelona, completed, 734 students",city
NPL,28.3009,84.1339,recipient,2,"Edoovillage #1381 - Nepal, Gosaikunda Khamjin: Childhome Kha","Nepal, open, 8 students",country
ROU,45.8245,25.0942,recipient,12,"Edoovillage #1382 - Romania, Valea Doftanei: CoderDojo","Romania, open, 712 students",country
ZMB,-15.40669,28.28713,recipient,3,"Edoovillage #1383 - Zambia, Lusaka: DigiHub","Lusaka, completed, 20 students",city
GHA,7.9453,-1.2192,recipient,11,"Edoovillage #1384 - Ghana, Kpassa: Fair River International ","Ghana, completed, 80 students",country
TZA,-6.3558,34.8183,recipient,0,"Edoovillage #1385 - Tanzania, Loliondo: EMBUDEO","Tanzania, open, 40 students",country
CIV,5.78377,-6.59388,recipient,0,"Edoovillage #1386 - Ivory Coast, Soubré:  Groupe scolaire So","Soubré, open, 248 students",city
GHA,7.9453,-1.2192,recipient,15,"Edoovillage #1387 - Ghana, Asamang: Amoakohene  D/A Junior H","Ghana, completed, 187 students",country
GHA,7.9453,-1.2192,recipient,15,"Edoovillage #1388 - Ghana, Asamang: R/C Primary School | Una","Ghana, completed, 350 students",country
DEU,51.43247,6.76516,recipient,0,"Edoovillage #1389 - Germany, Duisburg: KGS Don Bosco","Duisburg, completed, 280 students",city
BEN,7.22868,2.21317,recipient,0,"Edoovillage #1390 - Benin,  Kpozoun: Complexe scolaire Kpozo","Kpozoun, open, 308 students",city
UGA,0.31628,32.58219,recipient,27,"Edoovillage #1391 - Uganda, Kampala: Integrated Development ","Kampala, completed, 65 students",city
UGA,1.2822,32.3437,recipient,0,"Edoovillage #1392 - Uganda, Kyeshero: KYESHERO COMMUNITY VOC","Uganda, open, 160 students",country
GHA,5.55602,-0.1969,recipient,12,"Edoovillage #1393 - Ghana, Accra: Paradise Children Academy ","Accra, completed, 620 students",city
CIV,5.35444,-4.00167,recipient,1,"Edoovillage #1394 - Ivory Coast, Abidjan: AJECI Côte d’Ivoir","Abidjan, open, 156 students",city
NPL,27.70169,85.3206,recipient,20,"Edoovillage #1395 - Nepal, Kathmandu: Center for disabled ch","Kathmandu, open, 34 students",city
NPL,28.3009,84.1339,recipient,25,"Edoovillage #1396 - Nepal, Solukhumbu: Classrooms in the Clo","Nepal, open, 54 students",country
NGA,7.79688,6.74048,recipient,0,"Edoovillage #1397 - Nigeria, lokongoma Lokoja: Back2School","Lokoja, open, 30 students",city
ESP,41.98311,2.82493,recipient,5,"Edoovillage #1398 - Spain, Girona: CRAE nova llar de futur","Girona, open, 10 students",city
GHA,5.55602,-0.1969,recipient,0,"Edoovillage #1399 - Ghana, Accra: AnyBodyCanDevelop (ABCD)","Accra, open, 50 students",city
ROU,45.8245,25.0942,recipient,21,"Edoovillage #1400 - Romania, Sanjob: Village school close to","Romania, completed, 50 students",country
CMR,6.2942,12.9485,recipient,10,"Edoovillage #1401 - Cameroon, Sokolo: Bildungszentrum | Afri","Cameroon, completed, 20 students",country
DEU,53.86828,8.69902,recipient,0,"Edoovillage #1402 - Germany, Cuxhaven: Private Hilfsinitiati","Cuxhaven, completed, 1 students",city
MWI,-13.129,34.2344,recipient,64,"Edoovillage #1403 - Malawi, Majiga: Music Crossroads Malawi ","Malawi, open, 6000 students",country
GHA,7.9453,-1.2192,recipient,4,"Edoovillage #1404 - Ghana, Lawra: Digitization Methodist Cli","Ghana, completed, 0 students",country
HTI,18.8835,-72.8929,recipient,5,"Edoovillage #1405 - Haiti, Pointe, Grand-Bois/Cornillon: Ser","Haiti, completed, 50 students",country
GHA,5.53449,-0.41679,recipient,8,"Edoovillage #1406 - Ghana, Kasoa: Cosmic Academy | Plietsch ","Kasoa, open, 100 students",city
CMR,5.44397,10.05332,recipient,18,"Edoovillage #1407 - Cameroon, Dschang: Computer literacy | A","Dschang, open, 233 students",city
CMR,3.86667,11.51667,recipient,25,"Edoovillage #1409 - Cameroon, Yaoundé: Groupe Scolaire Bilin","Yaoundé, open, 353 students",city
GHA,10.78556,-0.85139,recipient,19,"Edoovillage #1074 - Ghana, Bolgatanga:  Future For Africa (P","Bolgatanga, open, 230 students",city
DEU,51.25435,6.39441,recipient,1,"Edoovillage #1410 - Germany, Viersen: Flüchtlings- / Integra","Viersen, completed, 1 students",city
DZA,27.67111,-8.14743,recipient,7,"Edoovillage #1411 - Algeria, Tindouf: Technology Center in t","Tindouf, open, 20 students",city
NGA,6.85783,7.39577,recipient,4,"Edoovillage #1412 - Nigeria, Nsukka: University primary scho","Nsukka, open, 1250 students",city
COD,-1.67409,29.22845,recipient,9,"Edoovillage #1413 - Congo (Kinshasa), Goma: Séminaire Propéd","Goma, open, 50 students",city
ZWE,-17.93285,25.83066,recipient,15,"Edoovillage #1414 - Zimbabwe, Victoria Falls: Umhambi Childr","Victoria Falls, completed, 30 students",city
DEU,51.43247,6.76516,recipient,38,"Edoovillage #1408 - Germany, Duisburg: GHS Ludgerusstraße Sp","Duisburg, completed, 51 students",city
CMR,6.2942,12.9485,recipient,0,"Edoovillage #1415 - Cameroon, Awaé: Ecole Privée Bilingue le","Cameroon, open, 890 students",country
IND,22.53254,92.89902,recipient,1,"Edoovillage #1416 - India, Lawngtlai: LAIRAM HIGHER ACADEMY ","Lawngtlai, open, 26 students",city
CMR,4.02356,9.20607,recipient,48,"Edoovillage #1417 - Cameroon, Limbe: Rising Hope Foundation ","Limbe, completed, 2550 students",city
MNG,47.90771,106.88324,recipient,6,"Edoovillage #1418 - Mongolia, Ulaanbaatar: Mahrberg Library ","Ulan Bator, completed, 20 students",city
SEN,14.2289,-14.6109,recipient,119,"Edoovillage #1419 - Senegal, Thionk Essyl : Foundawtion – CE","Senegal, open, 500 students",country
PER,-18.01465,-70.25362,recipient,2,"Edoovillage #1420 - Peru, Tacna,: Tech for Tacna","Tacna, completed, 40 students",city
KGZ,42.87,74.59,recipient,30,"Edoovillage #1421 - Kyrgyzstan, Bishkek: Technovation Kyrgyz","Bishkek, completed, 150 students",city
MNG,48.00556,91.64194,recipient,16,"Edoovillage #1422 - Mongolia, Jargalant: Bulgan Soum School","Khovd, completed, 863 students",city
AGO,-8.83682,13.23432,recipient,51,"Edoovillage #1423 - Angola, Luanda: Ecole Primaire de Palank","Luanda, completed, 700 students",city
KEN,0.6899,37.9531,recipient,0,"Edoovillage #1424 - Kenya, Taita Bura: Primary School","Kenya, completed, 228 students",country
KEN,1.25881,35.09569,recipient,2,"Edoovillage #1425 - Kenya, Makutano: Hope Theatre","Makutano, completed, 40 students",city
KEN,-1.28333,36.81667,recipient,4,"Edoovillage #1426 - Kenya, Nairobi: Fountain Youth Initiativ","Nairobi, completed, 100 students",city
KEN,0.6899,37.9531,recipient,2,"Edoovillage #1427 - Kenya, Kahawa: FRED KISEREM EPILEPTIC FO","Kenya, open, 3 students",country
BEN,6.36536,2.41833,recipient,19,"Edoovillage #1428 - Benin, Ahouansori Cotonou: ASSOCIATION L","Cotonou, open, 303 students",city
BEN,9.503,2.3057,recipient,2,"Edoovillage #1429 - Benin, Benin: ASSOCIATION DES FEMMES DU ","Benin, open, 30 students",country
SLE,8.48714,-13.2356,recipient,3,"Edoovillage #1430 - Sierra Leone, Freetown: Strassenkinderpr","Freetown, open, 20 students",city
UGA,0.31628,32.58219,recipient,13,"Edoovillage #1431 - Uganda, Kampala: SINA LOKETA","Kampala, open, 30 students",city
NZL,-36.84853,174.76349,recipient,13,"Edoovillage #1432 - New Zealand, Auckland: Shine Foundation","Auckland, open, 0 students",city
BIH,44.1442,17.8347,recipient,15,"Edoovillage #1433 - Bosnia and Herzegovina, Kalesija: Grunds","Bosnia and Herzegovina, completed, 703 students",country
BIH,44.1442,17.8347,recipient,25,"Edoovillage #1435 - Bosnia and Herzegovina, Breza: Osnovna S","Bosnia and Herzegovina, completed, 687 students",country
BIH,44.1442,17.8347,recipient,29,"Edoovillage #1436 - Bosnia and Herzegovina, Breza: MSŠ Mehme","Bosnia and Herzegovina, completed, 368 students",country
SEN,14.2289,-14.6109,recipient,6,"Edoovillage #1437 - Senegal, Marda: Projecte d’equipament in","Senegal, open, 263 students",country
GHA,7.9453,-1.2192,recipient,25,"Edoovillage #1294 - Ghana, Mamponteng: FAWOADE R/C SCHOOL CO","Ghana, completed, 400 students",country
UGA,1.2822,32.3437,recipient,8,"Edoovillage #1000 - Uganda, Bukaya: REACT NOW SAVE YOUNG MOT","Uganda, open, 42 students",country
CMR,6.2942,12.9485,recipient,9,"Edoovillage #999 - Cameroon, Mankon, Bamenda: UYO United You","Cameroon, open, 90 students",country
COD,-2.49077,28.84281,recipient,32,"Edoovillage #998 - Congo (Kinshasa), Bukavu: NHBH NEW HOPE F","Bukavu, completed, 300 students",city
TGO,6.12874,1.22154,recipient,4,"Edoovillage #997 - Togo, Lomé: JUNA Jeunesse Unie pour une N","Lomé, open, 30 students",city
TGO,6.58333,1.5,recipient,0,"Edoovillage #996 - Togo, Tabligbo-Ville (Cité A): SOS-DEVEVE","Tabligbo, open, 10 students",city
BEN,7.18286,1.99119,recipient,0,"Edoovillage #995 - Benin, Abomey: Association SEGANHO des pe","Abomey, open, 60 students",city
BEN,6.36536,2.41833,recipient,0,"Edoovillage #994 - Benin, Cotonou: AEIPED Association d’Entr","Cotonou, open, 30 students",city
TGO,6.58333,1.5,recipient,0,"Edoovillage #993 - Togo, Tabligbo: ONG ADEAVE | HeidelbergCe","Tabligbo, open, 250 students",city
UGA,0.31628,32.58219,recipient,3,"Edoovillage #992 - Uganda, Kampala: Auro Foundation | AMAIDI","Kampala, completed, 95 students",city
UGA,0.18333,30.08333,recipient,0,"Edoovillage #990 - Uganda, Kasese Municipality: Semuliki Voc","Kasese, open, 120 students",city
CHE,47.50564,8.72413,recipient,20,"Edoovillage #989 - Switzerland, Winterthur: Primarschule Tal","Winterthur, completed, 24 students",city
ALB,41.1417,20.0611,recipient,22,"Edoovillage #988 - Albania, Ballsh: Grundschule 'Beselidhja'","Albania, open, 372 students",country
GAB,0.39241,9.45356,recipient,10,"Edoovillage #1438 - Gabon, Libreville: EL-ELYON Multimedia r","Libreville, open, 100 students",city
GEO,42.1799,43.3789,recipient,0,"Edoovillage #1439 - Georgia, Kaspi: Public school #2 | Think","Georgia, completed, 52 students",country
ROU,45.8245,25.0942,recipient,13,"Edoovillage #1440 - Romania, Saniob: Village school close to","Romania, open, 60 students",country
DEU,51.50508,7.09654,recipient,4,"Edoovillage #1442 - Germany, Gelsenkirchen: Lebenstraum Kids","Gelsenkirchen, completed, 30 students",city
KEN,0.6899,37.9531,recipient,4,"Edoovillage #1443 - Kenya, Matuu: Kivingoni Primary School |","Kenya, open, 416 students",country
NAM,-22.55941,17.08323,recipient,45,"Edoovillage #1444 - Namibia, Windhoek: A. Shipena Secondary ","Windhoek, completed, 1100 students",city
GHA,6.68848,-1.62443,recipient,20,"Edoovillage #1445 - Ghana, Bechem Kumasi: Presbyterian Senio","Kumasi, completed, 2761 students",city
GHA,7.06273,-1.4001,recipient,25,"Edoovillage #1446 - Ghana, Mampong: Ejuraman Secondary Schoo","Mampong, open, 450 students",city
ZAF,-28.5536,24.7525,recipient,29,"Edoovillage #1447 - South Africa, Kwa-Guqa: Township-Schule ","South Africa, open, 1200 students",country
UGA,0.35333,32.75528,recipient,0,"Edoovillage #1448 - Uganda, Mukono: KIDA KATOSI INTER-COMMUN","Mukono, open, 84 students",city
SOM,2.03711,45.34375,recipient,33,"Edoovillage #1449 - Somalia, Mogadishu: Darul Hikma Universi","Mogadishu, open, 950 students",city
USA,29.76328,-95.36327,recipient,2,"Edoovillage #1450 - United States, Houston: ASPIRE Tutorials","Houston, completed, 130 students",city
DEU,51.45657,7.01228,recipient,10,"Edoovillage #1451 - Germany, Essen: Zukunft Bildungswerk gUG","Essen, completed, 40 students",city
ETH,9.02497,38.74689,recipient,20,"Edoovillage #1452 - Ethiopia, Addis Ababa: Hamlin College of","Addis Ababa, completed, 98 students",city
DEU,51.45657,7.01228,recipient,32,"Edoovillage #1453 - Germany, Essen: Grundschule Cranachschul","Essen, completed, 350 students",city
GEO,42.1799,43.3789,recipient,9,"Edoovillage #1454 - Georgia, Taleri / ტალერი: Dorfschule | B","Georgia, open, 107 students",country
SLE,8.48714,-13.2356,recipient,10,"Edoovillage #1455 - Sierra Leone, Freetown: Sierra Leone, Fr","Freetown, open, 100 students",city
KGZ,41.357,74.1753,recipient,2,"Edoovillage #1456 - Kyrgyzstan, Kaiyndy: Kaiyndy Aaly Tokomb","Kyrgyzstan, open, 700 students",country
DEU,51.083,10.4262,recipient,3,"Edoovillage #1457 - Germany, Bad Doberan: AWO Kita Uns Windr","Germany, completed, 182 students",country
COD,-3.3386,23.4198,recipient,0,"Edoovillage #1458 - Congo (Kinshasa), Bulongo: BULONGO FRIEN","Congo (Kinshasa), open, 40 students",country
UGA,0.31628,32.58219,recipient,11,"Edoovillage #1459 - Uganda, Kampala: Infants' Health Foundat","Kampala, open, 300 students",city
MEX,31.87149,-116.60071,recipient,3,"Edoovillage #1460 - Mexico, Ensenada: LET'S BUILD A CHURCH","Ensenada, completed, 0 students",city
MEX,32.5027,-117.00371,recipient,2,"Edoovillage #1461 - Mexico, Tijuana: Casa Hogar","Tijuana, completed, 21 students",city
DEU,51.51494,7.466,recipient,1,"Edoovillage #991 - Germany, Dortmund: Integrationsprojekte S","Dortmund, completed, 100 students",city
USA,37.46883,-122.14108,recipient,14,"Edoovillage #1462 - United States, East Palo Alto: Aspire Tu","East Palo Alto, completed, 20 students",city
COD,-4.32758,15.31357,recipient,80,"Edoovillage #1463 - Congo (Kinshasa), Limete Kinshasa: Ecole","Kinshasa, completed, 1200 students",city
CHN,38.0733,104.6911,recipient,3,"Edoovillage #1464 - China, Dali Shi: Computer Learning for S","China, completed, 8 students",country
UGA,-0.60467,30.64851,recipient,20,"Edoovillage #1465 - Uganda, Mbarara: Sisters of our Lady of ","Mbarara, open, 30 students",city
SEN,14.2289,-14.6109,recipient,10,"Edoovillage #1466 - Senegal, Oussouye: Projecte d'aula infor","Senegal, open, 100 students",country
ETH,8.7294,39.9149,recipient,20,"Edoovillage #1467 - Ethiopia, Wotara: Junior Secondary Schoo","Ethiopia, completed, 1000 students",country
ROU,45.8245,25.0942,recipient,5,"Edoovillage #1441 - Romania, Vadu-Parului: Scratch Club","Romania, completed, 180 students",country
VNM,10.82302,106.62965,recipient,15,"Edoovillage #1468 - Vietnam, Ho Chi Minh City: Mahrberg Libr","Ho Chi Minh City, completed, 195 students",city
CMR,4.04827,9.70428,recipient,0,"Edoovillage #1469 - Cameroon, Douala: CETIF | Afrika-Herne A","Douala, open, 70 students",city
UGA,-1.18833,29.84611,recipient,0,"Edoovillage #1470 - Uganda, Rubanda Kabale: St. Adrian’s Sem","Rubanda, open, 471 students",city
TUR,38.9321,35.5689,recipient,2,"Edoovillage #1471 - Turkey, Mahmudiye: Mahmudiye Primary Sch","Turkey, completed, 233 students",country
MOZ,-19.84361,34.83889,recipient,2,"Edoovillage #1472 - Mozambique, Beira: Residencia de estudia","Beira, open, 10 students",city
GRC,39.4201,23.1104,recipient,6,"Edoovillage #1473 - Greece, Lesbos: Movement on the Ground /","Greece, open, 50 students",country
NPL,27.70169,85.3206,recipient,9,"Edoovillage #1474 - Nepal, kathmandu: Shree Dudha Koshi Basi","Kathmandu, open, 60 students",city
NPL,28.3009,84.1339,recipient,20,"Edoovillage #1475 - Nepal, Kerung: Baleshwar Basic School Ke","Nepal, open, 0 students",country
UGA,0.225,32.31361,recipient,13,"Edoovillage #1476 - Uganda, Mpigi Town: Tusobola women","Mpigi, completed, 40 students",city
UGA,1.2822,32.3437,recipient,7,"Edoovillage #1477 - Uganda, Bugolobi: Mercy Hands Primary Sc","Uganda, completed, 140 students",country
GHA,7.9453,-1.2192,recipient,30,"Edoovillage #1478 - Ghana, Akim Krobo: ZION ITC Lab | Ghana ","Ghana, completed, 116 students",country
MAR,35.19321,-6.15572,recipient,17,"Edoovillage #1479 - Morocco, Larache: College Abdelkrim el k","Larache, open, 760 students",city
UGA,0.66174,30.2748,recipient,3,"Edoovillage #1480 - Uganda, Fort Portal: Uganda, Fort Portal","Fort Portal, completed, 1510 students",city
GHA,7.9453,-1.2192,recipient,50,"Edoovillage #1481 - Ghana, Manso Amenfi: Calvary Methodist C","Ghana, completed, 520 students",country
GHA,7.9453,-1.2192,recipient,40,"Edoovillage #1483 - Ghana, Gomoa Kokofu: SACKEY ITC LAB | Gh","Ghana, completed, 250 students",country
GHA,7.9453,-1.2192,recipient,31,"Edoovillage #1484 - Ghana, TIKOBO: Nr. 2 Junior High School ","Ghana, completed, 150 students",country
GHA,7.9453,-1.2192,recipient,60,"Edoovillage #1485 - Ghana, Gomoa Potsin: Potsin D/A Primary ","Ghana, completed, 402 students",country
GHA,6.61667,-1.21667,recipient,25,"Edoovillage #1486 - Ghana, Odumase: Sereso Holy Trinity rc B","Konongo, completed, 50 students",city
TZA,-2.51667,32.9,recipient,23,"Edoovillage #1487 - Tanzania, Mwanza: NEW CHAPTER DEVELOPMEN","Mwanza, open, 92 students",city
UGA,0.18333,30.08333,recipient,10,"Edoovillage #1488 - Uganda, Kasese: YESI Africa - Increasing","Kasese, open, 30 students",city
CRI,10.01723,-84.21275,recipient,20,"Edoovillage #1489 - Costa Rica, La Trinidad de Alajuela: Sep","Alajuela, completed, 200 students",city
KEN,0.6899,37.9531,recipient,1,"Edoovillage #1490 - Kenya, Kangundo: Ktithunthi Primary Scho","Kenya, open, 200 students",country
UGA,0.31628,32.58219,recipient,2,"Edoovillage #1491 - Uganda, Kampala: Ndejje University and S","Kampala, open, 3 students",city
NPL,27.70169,85.3206,recipient,6,"Edoovillage #1492 - Nepal, Kathmandu: Haus der Hoffnung eV","Kathmandu, open, 175 students",city
UGA,1.2822,32.3437,recipient,4,"Edoovillage #1493 - Uganda,  Kanyanya Parish, Kawempe Divisi","Uganda, open, 20 students",country
TZA,-6.82349,39.26951,recipient,11,"Edoovillage #1494 - Tanzania, Dar Es Salaam: WEEDO | Tabasam","Dar es Salaam, open, 35 students",city
MWI,-13.129,34.2344,recipient,0,"Edoovillage #1495 - Malawi, Chikwawa: Sustainable Rural Comm","Malawi, open, 30 students",country
ESP,41.38879,2.15899,recipient,2,"Edoovillage #1496 - Spain, Barcelona: Open Cultural Center -","Barcelona, open, 10 students",city
CIV,6.72972,-3.49639,recipient,0,"Edoovillage #1497 - Ivory Coast, Abengourou: Creer Africa Ce","Abengourou, open, 30 students",city
TZA,-6.3558,34.8183,recipient,2,"Edoovillage #1498 - Tanzania, Luganga: Mafinga Lutheran Voca","Tanzania, completed, 245 students",country
COD,-2.49077,28.84281,recipient,8,"Edoovillage #1499 - Congo (Kinshasa), Ville de Bukavu: CODDI","Bukavu, open, 200 students",city
NPL,27.70169,85.3206,recipient,5,"Edoovillage #1500 - Nepal, Kathmandu: United World Schools","Kathmandu, open, 354 students",city
SEN,14.6937,-17.44406,recipient,4,"Edoovillage #1501 - Senegal, Dakar: Gibei Village | wir für ","Dakar, completed, 3 students",city
UGA,1.2822,32.3437,recipient,11,"Edoovillage #1502 - Uganda, Nyenga: CARDINAL NSUBUGA SECONDA","Uganda, open, 450 students",country
IRQ,36.86608,42.9879,recipient,0,"Edoovillage #1503 - Iraq, Xhanke / Duhok: Khanik Camp | Bild","Dihok, open, 120 students",city
GHA,5.55602,-0.1969,recipient,3,"Edoovillage #1504 - Ghana, Accra: Tete Adehyemma Dance Theat","Accra, open, 25 students",city
TZA,-6.3558,34.8183,recipient,1,"Edoovillage #1505 - Tanzania, Olpiro: Olpiro Dispensary | En","Tanzania, completed, 300 students",country
UGA,0.18333,30.08333,recipient,5,"Edoovillage #1506 - Uganda,  Kasese Municipality:  Daylight ","Kasese, open, 300 students",city
GHA,7.9453,-1.2192,recipient,34,"Edoovillage #1507 - Ghana, Awutu-Bereku / Bosomabena: Farm o","Ghana, completed, 111 students",country
GHA,7.9453,-1.2192,recipient,12,"Edoovillage #1508 - Ghana, Kumawu: WORASO D/A Primary School","Ghana, completed, 345 students",country
GHA,7.9453,-1.2192,recipient,12,"Edoovillage #1509 - Ghana, Kumawu: WORASO D/A Presbyterian P","Ghana, completed, 412 students",country
GHA,7.9453,-1.2192,recipient,12,"Edoovillage #1510 - Ghana, Kumawu: Presbyterian Primary Scho","Ghana, completed, 560 students",country
GHA,7.9453,-1.2192,recipient,12,"Edoovillage #1511 - Ghana, Kumawu: Presbyterian JHS Junior H","Ghana, completed, 182 students",country
GHA,7.9453,-1.2192,recipient,13,"Edoovillage #1512 - Ghana, Kumawu: R/C Primary School | Ghan","Ghana, completed, 370 students",country
GHA,7.9453,-1.2192,recipient,12,"Edoovillage #1513 - Ghana, Kumawu: R/C JHS Junior High Schoo","Ghana, completed, 153 students",country
GHA,7.9453,-1.2192,recipient,12,"Edoovillage #1514 - Ghana, Kumawu Bodomase: Methodist JHS Ju","Ghana, completed, 150 students",country
GHA,7.9453,-1.2192,recipient,12,"Edoovillage #1515 - Ghana, Kumawu Bodomase: St. Stephen R/C ","Ghana, completed, 409 students",country
GHA,7.9453,-1.2192,recipient,12,"Edoovillage #1516 - Ghana, Kumawu Bodomase: Methodist Primar","Ghana, completed, 545 students",country
GHA,7.9453,-1.2192,recipient,12,"Edoovillage #1517 - Ghana, Kumawu Bodomase: D/A JHS Junior H","Ghana, completed, 78 students",country
GHA,7.9453,-1.2192,recipient,11,"Edoovillage #1518 - Ghana, Kumawu Bodomase: St. Stephen R/C ","Ghana, completed, 125 students",country
UGA,0.43902,33.20317,recipient,30,"Edoovillage #1519 - Uganda, Jinja: REINHARD FOUNDATION","Jinja, completed, 100 students",city
SLE,8.48714,-13.2356,recipient,22,"Edoovillage #1520 - Sierra Leone, Freetown: Light Salone Inn","Freetown, completed, 15 students",city
MAR,30.91894,-6.89341,recipient,31,"Edoovillage #1521 - Morocco, FEDRAGOUM OUARZAZATE: Ecole Fed","Ouarzazate, completed, 685 students",city
GHA,7.9453,-1.2192,recipient,8,"Edoovillage #1522 - Ghana, Kumawu: Administration and Traini","Ghana, completed, 20 students",country
UGA,1.2822,32.3437,recipient,2,"Edoovillage #1523 - Uganda, Nyatonzi: Mawejje Creations","Uganda, open, 10 students",country
TZA,-2.51667,32.9,recipient,5,"Edoovillage #1524 - Tanzania, Mwanza: HOPE CHILDREN HOME","Mwanza, open, 22 students",city
TZA,-2.51222,30.65583,recipient,23,"Edoovillage #1525 - Tanzania, Ngara: Baramba Girls Secondary","Ngara, open, 160 students",city
ZAF,-34.4187,19.23446,recipient,10,"Edoovillage #1526 - South Africa, Hermanus: Sparklekids Vars","Hermanus, open, 100 students",city
NAM,-21.9086,18.1645,recipient,1,"Edoovillage #1527 - Namibia, Otovi: Schulheim Kohareb","Namibia, completed, 135 students",country
ROU,47.85,25.91667,recipient,15,"Edoovillage #1528 - Romania, Rădăuţi: Settlement of Children","Rădăuți, completed, 200 students",city
SRB,44.8458,20.40116,recipient,15,"Edoovillage #1529 - Serbia, Zemun: Kreacije Savremenog Detin","Zemun, completed, 50 students",city
DOM,18.48511,-69.84757,recipient,5,"Edoovillage #1530 - Dominican Republic, Santo Domingo Este: ","Santo Domingo Este, open, 200 students",city
NGA,9.6103,8.1477,recipient,0,"Edoovillage #1531 - Nigeria, Amauzari: St. Theresa's Parish","Nigeria, open, 20 students",country
CHE,47.55839,7.57327,recipient,4,"Edoovillage #1532 - Switzerland, Basel: Primarschule Dreiros","Basel, completed, 16 students",city
AFG,34.34817,62.19967,recipient,6,"Edoovillage #1533 - Afghanistan, Herat: Nachhilfeunterricht ","Herāt, open, 600 students",city
TZA,-6.3558,34.8183,recipient,1,"Edoovillage #1534 - Tanzania, Ngorongoro: Endulen Buschkrank","Tanzania, completed, 70 students",country
CHE,46.20222,6.14569,recipient,5,"Edoovillage #1535 - Switzerland, Geneva: Empowerment Lab","Genève, completed, 10 students",city
ZWE,-18.927,29.7178,recipient,10,"Edoovillage #1536 - Zimbabwe, Matibi: Friends for Matibi","Zimbabwe, completed, 50 students",country
TGO,6.12874,1.22154,recipient,2,"Edoovillage #1537 - Togo, Lomé: School NET (School of the Ne","Lomé, open, 1600 students",city
KEN,0.6899,37.9531,recipient,3,"Edoovillage #1538 - Kenya, Kwale: Boyani Pefa Academy | Iman","Kenya, completed, 120 students",country
UGA,1.2822,32.3437,recipient,7,"Edoovillage #1539 - Uganda, Bwera: Rusese Pride Secondary Sc","Uganda, open, 270 students",country
DEU,53.59337,9.47629,recipient,0,"Edoovillage #1540 - Germany, Stade: Private Hilfsinitiativen","Stade, completed, 0 students",city
MMR,20.78919,97.03776,recipient,10,"Edoovillage #1541 - Myanmar, Taunggyi: St. Aloysius Gonzaga ","Taunggyi, completed, 100 students",city
UGA,0.31628,32.58219,recipient,27,"Edoovillage #1542 - Uganda, Kampala: Rhythm of Life","Kampala, completed, 50 students",city
IND,19.17132,83.41428,recipient,1,"Edoovillage #1543 - India, RAYAGADA: Free Computer Learning ","Rāyagada, open, 100 students",city
GHA,6.38706,-0.37738,recipient,2,"Edoovillage #1544 - Ghana, Klo Begoro: 3 schools | Heidelber","Begoro, open, 125 students",city
KEN,0.0607,34.28806,recipient,2,"Edoovillage #1545 - Kenya, Siaya : Schizophrenia Society Of ","Siaya, open, 1500 students",city
DEU,51.47805,6.8625,recipient,10,"Edoovillage #1546 - Germany, Oberhausen: Chancen und Teilhab","Oberhausen, completed, 12 students",city
DEU,53.55073,9.99302,recipient,29,"Edoovillage #1547 - Germany, Hamburg: Stadtteilschule Kirchw","Hamburg, completed, 1052 students",city
TZA,-2.51667,32.9,recipient,10,"Edoovillage #1548 - Tanzania, Mwanza: Stipendienprogramm | E","Mwanza, completed, 11 students",city
ZAF,-33.963,22.46173,recipient,2,"Edoovillage #1549 - South Africa, George: Education Center i","George, completed, 1000 students",city
TZA,-10.26667,40.18333,recipient,16,"Edoovillage #1550 - Tanzania, Mtwara: Ndanda school of Nursi","Mtwara, completed, 179 students",city
UGA,1.71464,33.61113,recipient,0,"Edoovillage #1551 - Uganda, Soroti: Christian Hubs","Soroti, open, 120 students",city
COD,-3.3386,23.4198,recipient,0,"Edoovillage #1552 - Congo (Kinshasa), Lukala: Ecole Institut","Congo (Kinshasa), open, 36 students",country
COD,-3.3386,23.4198,recipient,0,"Edoovillage #1553 - Congo (Kinshasa), Lukala: Ecole Conventi","Congo (Kinshasa), open, 601 students",country
COD,-3.3386,23.4198,recipient,1,"Edoovillage #1554 - Congo (Kinshasa), Lukala: Ecole Institut","Congo (Kinshasa), open, 735 students",country
TZA,-2.51667,32.9,recipient,0,"Edoovillage #1555 - Tanzania, Mwanza: STEP GROUP TANZANIA. I","Mwanza, open, 200 students",city
TZA,-6.3558,34.8183,recipient,0,"Edoovillage #1556 - Tanzania, Ndala Ward: Expansion Computer","Tanzania, open, 20 students",country
DEU,51.45657,7.01228,recipient,28,"Edoovillage #1557 - Germany, Essen: Integrationsprojekt One ","Essen, completed, 50 students",city
GHA,7.9453,-1.2192,recipient,8,"Edoovillage #1558 - Ghana, Ampenyi: School Ampenyi | ANAD eV","Ghana, open, 50 students",country
GHA,6.68848,-1.62443,recipient,11,"Edoovillage #1559 - Ghana, Kumasi: School Economy For the Co","Kumasi, open, 100 students",city
SLE,8.48714,-13.2356,recipient,12,"Edoovillage #1560 - Sierra Leone, Freetown: EB Williams Muni","Freetown, open, 825 students",city
COG,-4.26613,15.28318,recipient,66,"Edoovillage #1561 - Congo (Brazzaville), Brazzaville: Ecole ","Brazzaville, completed, 400 students",city
THA,17.41567,102.78589,recipient,7,"Edoovillage #1562 - Thailand, Udon Thani: Volunt2Thai Campus","Udon Thani, open, 100 students",city
DEU,51.25435,6.39441,recipient,2,"Edoovillage #1564 - Germany, Viersen: ZUE Zentrale Unterbrin","Viersen, completed, 100 students",city
TGO,8.6607,0.8991,recipient,1,"Edoovillage #1565 - Togo, Sika Kondji: CEG Sika Kondji | Hei","Togo, open, 279 students",country
TGO,8.6607,0.8991,recipient,1,"Edoovillage #1566 - Togo, Atakpamede: CEG Atakpamede Kondji ","Togo, open, 311 students",country
ALB,41.1417,20.0611,recipient,3,"Edoovillage #1567 - Albania, Fushe Arrez: Missionsstation | ","Albania, completed, 30 students",country
UGA,1.43314,31.35241,recipient,2,"Edoovillage #1568 - Uganda, Hoima Municipality:  Skilling un","Hoima, completed, 75 students",city
GHA,7.9453,-1.2192,recipient,30,"Edoovillage #1569 - Ghana, Dumanafo Mamponteng: Solid Stone ","Ghana, completed, 390 students",country
MLI,17.1681,-4.3464,recipient,3,"Edoovillage #1570 - Mali, Takoti: Ecole Fondamentale Verena ","Mali, open, 450 students",country
TGO,8.98333,1.13333,recipient,10,"Edoovillage #1571 - Togo, Sokodé: Association Didaurè BIYA","Sokodé, completed, 61 students",city
NPL,27.70169,85.3206,recipient,5,"Edoovillage #1572 - Nepal, Kathmandu: Self-Help Group for Ce","Kathmandu, open, 200 students",city
NPL,27.70169,85.3206,recipient,4,"Edoovillage #1573 - Nepal, Kathmandu: Nepal Jesuit Social In","Kathmandu, open, 200 students",city
IND,22.56263,88.36304,recipient,16,"Edoovillage #1574 - India, Kolkata: Institute for Indian Mot","Kolkata, open, 4000 students",city
TGO,9.25025,0.78213,recipient,3,"Edoovillage #1575 - Togo, Bassar: Berufsschulneubau in Bassa","Bassar, open, 249 students",city
TZA,-6.3558,34.8183,recipient,0,"Edoovillage #1576 - Tanzania, Ngusero, Arusha: Good Hope Pre","Tanzania, open, 1182 students",country
SEN,16.01793,-16.48962,recipient,14,"Edoovillage #1577 - Senegal, Saint-Louis: Origen DIADEM Open","Saint-Louis, open, 750 students",city
SEN,14.6937,-17.44406,recipient,8,"Edoovillage #1578 - Senegal, Grand Dakar: Origen Dunia Kato ","Dakar, open, 200 students",city
DEU,53.16118,12.48287,recipient,0,"Edoovillage #1579 - Germany, Wittstock / Dosse: Volkssolidar","Wittstock, completed, 18 students",city
UGA,0.18333,30.08333,recipient,6,"Edoovillage #1580 - Uganda, Kasese: Liberty college of Manag","Kasese, completed, 356 students",city
GHA,7.9453,-1.2192,recipient,51,"Edoovillage #1581 - Ghana, Kumawu: TWENEBOA KODUA SENIOR HIG","Ghana, completed, 3300 students",country
UGA,-0.74064,30.99632,recipient,1,"Edoovillage #1582 - Uganda, Nakivale: SCHOOL FOR REFUGEE GIR","Nakivale Refugee Camp, open, 100 students",city
NZL,-36.84853,174.76349,recipient,13,"Edoovillage #1583 - New Zealand, Auckland: Woven Earth","Auckland, open, 0 students",city
GHA,6.68848,-1.62443,recipient,26,"Edoovillage #1584 - Ghana, Mamponteng Kumasi: Catholic Prima","Kumasi, completed, 390 students",city
UGA,1.2822,32.3437,recipient,2,"Edoovillage #1585 - Uganda, Kikuube: SELF-WORTH FOUNDATION -","Uganda, completed, 60 students",country
GHA,7.9453,-1.2192,recipient,0,"Edoovillage #1586 - Ghana, Ko Parish: Yezu Tang Vocational C","Ghana, open, 40 students",country
ZWE,-17.82772,31.05337,recipient,9,"Edoovillage #1587 - Zimbabwe, Harare: St. Rupert Mayer Jesui","Harare, open, 50 students",city
UGA,1.2822,32.3437,recipient,6,"Edoovillage #1588 - Uganda, Lweza: Lake View High School","Uganda, open, 120 students",country
BIH,44.1442,17.8347,recipient,15,"Edoovillage #1589 - Bosnia and Herzegovina, Srebrenik: JU Pr","Bosnia and Herzegovina, completed, 903 students",country
GHA,7.9453,-1.2192,recipient,28,"Edoovillage #1590 - Ghana, Gomoa Fetteh: Hope College | Hild","Ghana, open, 427 students",country
BRA,-16.25667,-56.62278,recipient,19,"Edoovillage #1591 - Brazil, Poconé: Escola Fazenda Jofre Vel","Poconé, completed, 20 students",city
KHM,12.6992,105.0397,recipient,8,"Edoovillage #1592 - Cambodia, Toek Chum village, Ta An commu","Cambodia, open, 188 students",country
MRT,20.4667,-10.4951,recipient,4,"Edoovillage #1593 - Mauritania, Nouakchoot: Selam Schule | H","Mauritania, open, 50 students",country
COD,-4.32758,15.31357,recipient,19,"Edoovillage #1594 - Congo (Kinshasa), Kinshasa: Centre de Fo","Kinshasa, completed, 175 students",city
COD,-6.47833,16.81735,recipient,0,"Edoovillage #1595 - Congo (Kinshasa), Kasongo-Lunda: College","Kasongo-Lunda, open, 415 students",city
COD,-4.32758,15.31357,recipient,0,"Edoovillage #1596 - Congo (Kinshasa), Kinshasa: Institut Lum","Kinshasa, open, 1230 students",city
COD,-4.32758,15.31357,recipient,0,"Edoovillage #1597 - Congo (Kinshasa), Kinshasa: ITC NDJILI |","Kinshasa, open, 615 students",city
COD,-4.32758,15.31357,recipient,0,"Edoovillage #1598 - Congo (Kinshasa), Kinshasa: Institut de ","Kinshasa, open, 944 students",city
COD,-4.38361,15.39139,recipient,0,"Edoovillage #1599 - Congo (Kinshasa), Masina: ISCOM MASINA |","Masina, open, 617 students",city
COD,-4.38361,15.39139,recipient,0,"Edoovillage #1600 - Congo (Kinshasa), Masina: INSTITUT BAHUM","Masina, open, 315 students",city
COD,-3.3386,23.4198,recipient,0,"Edoovillage #1601 - Congo (Kinshasa), Kimbanseke: I.T.C. MOK","Congo (Kinshasa), open, 417 students",country
COD,-4.32758,15.31357,recipient,0,"Edoovillage #1602 - Congo (Kinshasa), Kinshasa: I.T.C. CETA ","Kinshasa, open, 931 students",city
COD,-4.32758,15.31357,recipient,0,"Edoovillage #1603 - Congo (Kinshasa), Kinshasa: INSTITUT DE ","Kinshasa, open, 946 students",city
COD,-4.32758,15.31357,recipient,0,"Edoovillage #1604 - Congo (Kinshasa), Kinshasa: ECOLE D’AFRI","Kinshasa, open, 258 students",city
COD,-3.3386,23.4198,recipient,0,"Edoovillage #1605 - Congo (Kinshasa), Pelende: Ecole Primair","Congo (Kinshasa), open, 343 students",country
GHA,6.09392,-0.83599,recipient,20,"Edoovillage #1606 - Ghana, Kade: Kade Mcneilus SDA Junior Hi","Kade, completed, 216 students",city
KEN,0.33474,34.48796,recipient,3,"Edoovillage #1607 - Kenya, Mumias East: People against Pover","Mumias, open, 1000 students",city
CHE,46.7368,8.2869,recipient,25,"Edoovillage #1608 - Switzerland, Randa: Schulen Randa/Täsch ","Switzerland, completed, 100 students",country
CHE,47.36667,8.55,recipient,2,"Edoovillage #1609 - Switzerland, Zurich: OFF (COVID-19-CH)","Zürich, completed, 10 students",city
ROU,45.8245,25.0942,recipient,5,"Edoovillage #1610 - Romania, Boldesti-Scaeni: Mihai Viteazul","Romania, completed, 300 students",country
LBN,33.9116,35.8965,recipient,25,"Edoovillage #1611 - Lebanon, Ghaza: Damma Educational Centre","Lebanon, completed, 456 students",country
PER,-8.37915,-74.55387,recipient,10,"Edoovillage #1612 - Peru, Pucallpa, Dedtriti de Yarina Cocha","Pucallpa, open, 25 students",city
NPL,28.3009,84.1339,recipient,12,"Edoovillage #1613 - Nepal, Nishankhe, Okhaldungha: Mahrberg ","Nepal, completed, 200 students",country
RWA,-2.0147,29.9194,recipient,26,"Edoovillage #1614 - Rwanda, Kirengeri: Gahengeri Primary Sch","Rwanda, completed, 825 students",country
IND,28.65195,77.23149,recipient,1,"Edoovillage #1615 - India, New Delhi: Sunshine Project of 'S","Delhi, completed, 100 students",city
IND,28.65195,77.23149,recipient,1,"Edoovillage #1616 - India, New Delhi: SVM Education Centre o","Delhi, completed, 100 students",city
TGO,8.6607,0.8991,recipient,0,"Edoovillage #1617 - Togo, Adetikopé-Awan: Schule Adetikopé-A","Togo, open, 100 students",country
BIH,44.1442,17.8347,recipient,19,"Edoovillage #1618 - Bosnia and Herzegovina, Tojšići: JU Osno","Bosnia and Herzegovina, completed, 187 students",country
MMR,16.29415,95.39742,recipient,0,"Edoovillage #1619 - Myanmar,  Bogalay Township: D&D High Sch","Bogale, open, 50 students",city
GRC,39.4201,23.1104,recipient,0,"Edoovillage #1620 - Greece, Polikastro : Open Cultural Cente","Greece, open, 10 students",country
IND,26.16638,75.78824,recipient,2,"Edoovillage #1621 - India, Tonk: Rajasthan Tonk School","Tonk, open, 151 students",city
GHA,7.9453,-1.2192,recipient,0,"Edoovillage #1622 - Ghana, Santrokofi-Bume (Sanko): Kids Cor","Ghana, open, 25 students",country
TZA,-6.3558,34.8183,recipient,10,"Edoovillage #1623 - Tanzania, Mbesa: Handwerkerschule Nazare","Tanzania, open, 70 students",country
AGO,-5.56198,12.19476,recipient,65,"Edoovillage #1482 - Angola,  Cabinda: Ecole des refugiés Reg","Cabinda, open, 900 students",city
ZAF,-25.74486,28.18783,recipient,31,"Edoovillage #1624 - South Africa, Pretoria: Down's Syndrome ","Pretoria, open, 45 students",city
UGA,0.31628,32.58219,recipient,0,"Edoovillage #1625 - Uganda, kampala: ORPHANS SMILE UGANDA","Kampala, open, 23 students",city
SRB,43.32472,21.90333,recipient,0,"Edoovillage #1626 - Serbia, Nis: Inklusive Schule Carica Jel","Niš, completed, 650 students",city
GHA,7.9453,-1.2192,recipient,40,"Edoovillage #1627 - Ghana, Akatekyiwa: Vocational Centre in ","Ghana, completed, 90 students",country
GHA,5.55602,-0.1969,recipient,34,"Edoovillage #1628 - Ghana, Accra: Universal Wonderful Street","Accra, open, 150 students",city
UGA,1.43314,31.35241,recipient,2,"Edoovillage #1629 - Uganda, Hoima : VESCOD ICT for Training ","Hoima, completed, 12 students",city
MEX,19.41116,-102.05644,recipient,6,"Edoovillage #1630 - Mexico, Uruapan: taki mundo","Uruapan, open, 50 students",city
GHA,7.38558,-1.35617,recipient,15,"Edoovillage #1631 - Ghana, Ejura: Bemi Municipal Assembly Pr","Ejura, completed, 457 students",city
ZAF,-33.92584,18.42322,recipient,41,"Edoovillage #1632 - South Africa, Cape Town: Township-Kinder","Cape Town, completed, 200 students",city
UGA,0.31628,32.58219,recipient,5,"Edoovillage #1633 - Uganda, Kampala: Good Time Nursery & Pri","Kampala, open, 280 students",city
MWI,-13.96692,33.78725,recipient,52,"Edoovillage #1634 - Malawi, lilongwe: University students un","Lilongwe, open, 700 students",city
SLE,8.48714,-13.2356,recipient,0,"Edoovillage #1635 - Sierra Leone, Freetown: Girls Empowermen","Freetown, open, 15 students",city
IRQ,36.86608,42.9879,recipient,49,"Edoovillage #1636 - Iraq, Dohuk:  Sprachkurse für Kinder/Jug","Dihok, completed, 80 students",city
MAR,28.6876,-8.8172,recipient,5,"Edoovillage #1637 - Morocco, gourrama: NOMADS UNIRAID","Morocco, open, 560 students",country
SRB,44.0268,20.8568,recipient,0,"Edoovillage #1638 - Serbia, Vlasotince: Kindergarten institu","Serbia, completed, 650 students",country
TZA,-6.3558,34.8183,recipient,2,"Edoovillage #1639 - Tanzania, Kipatimu: St. Martin’s Mission","Tanzania, open, 36 students",country
UGA,1.2822,32.3437,recipient,8,"Edoovillage #1640 - Uganda, Nkokonjeru: Initiative for Rural","Uganda, completed, 25 students",country
CMR,6.2942,12.9485,recipient,0,"Edoovillage #1641 - Cameroon, Cameroon: Computer literacy ce","Cameroon, open, 25 students",country
COD,-3.3386,23.4198,recipient,33,"Edoovillage #1642 - Congo (Kinshasa), Koka-Koli:  Petit  Sem","Congo (Kinshasa), completed, 207 students",country
COD,-3.3386,23.4198,recipient,43,"Edoovillage #1643 - Congo (Kinshasa), Yakoma: Lycée Maman Le","Congo (Kinshasa), completed, 588 students",country
COD,4.279,21.00284,recipient,53,"Edoovillage #1644 - Congo (Kinshasa), Gbadolite: Collège de ","Gbadolite, completed, 786 students",city
UGA,0.31628,32.58219,recipient,27,"Edoovillage #1645 - Uganda, Kampala: Childrens kings School ","Kampala, completed, 170 students",city
GHA,7.33991,-2.32676,recipient,0,"Edoovillage #1646 - Ghana, Sunyani: UENR Outreach Programe","Sunyani, open, 1000 students",city
KEN,-0.30719,36.07225,recipient,6,"Edoovillage #1647 - Kenya, Nakuru: Makungu Care Home","Nakuru, open, 8 students",city
MEX,32.5027,-117.00371,recipient,0,"Edoovillage #1648 - Mexico, Tanetze de Zaragoza: CEU-XHIDZA ","Tijuana, open, 16 students",city
BIH,43.84864,18.35644,recipient,10,"Edoovillage #1649 - Bosnia and Herzegovina, Sarajevo: NGO Pa","Sarajevo, completed, 70 students",city
DEU,51.43247,6.76516,recipient,146,"Edoovillage #1650 - Germany, Duisburg: Werkkiste gGmbH | Bür","Duisburg, completed, 300 students",city
NAM,-21.9086,18.1645,recipient,4,"Edoovillage #1651 - Namibia, Omaruru: Martin Luther Highscho","Namibia, open, 246 students",country
GHA,7.9453,-1.2192,recipient,8,"Edoovillage #1652 - Ghana, Wa: Digitization Seventh Day Adve","Ghana, completed, 0 students",country
CMR,6.2942,12.9485,recipient,0,"Edoovillage #1653 - Cameroon, Kouoptamo: Cetic Kouopara | Ba","Cameroon, open, 200 students",country
ZAF,-26.20227,28.04363,recipient,0,"Edoovillage #1654 - South Africa, Johannesburg: Malapa Motse","Johannesburg, open, 350 students",city
CAF,4.36122,18.55496,recipient,21,"Edoovillage #1655 - Central African Republic, Bangui: CEFODE","Bangui, completed, 21 students",city
ZAF,-28.5536,24.7525,recipient,0,"Edoovillage #1656 - South Africa, Mphahlele village: Sefalao","South Africa, open, 544 students",country
MAR,34.03313,-5.00028,recipient,0,"Edoovillage #1657 - Morocco, Fes: Association marocaine des ","Fes, open, 650 students",city
UGA,1.2822,32.3437,recipient,4,"Edoovillage #1658 - Uganda, Bwera: Van Merode Skills Trainin","Uganda, open, 125 students",country
NGA,9.6103,8.1477,recipient,103,"Edoovillage #1659 - Nigeria, Yenegua: Divine Image Kindergar","Nigeria, completed, 250 students",country
NGA,9.6103,8.1477,recipient,0,"Edoovillage #1660 - Nigeria, Mbato. Orlu Diözese: St. Theres","Nigeria, open, 250 students",country
NGA,9.6103,8.1477,recipient,29,"Edoovillage #1661 - Nigeria, Otulu: St. Anthony Nursery and ","Nigeria, completed, 150 students",country
NGA,9.6103,8.1477,recipient,0,"Edoovillage #1662 - Nigeria, Oboro: St. Michael Nursery and ","Nigeria, open, 150 students",country
NGA,5.78917,7.83829,recipient,27,"Edoovillage #1663 - Nigeria, Amaigbo: St. Gregory Secondary ","Amaigbo, completed, 150 students",city
CMR,4.04827,9.70428,recipient,6,"Edoovillage #1664 - Cameroon, Douala: Innovative ICT Solutio","Douala, open, 750 students",city
MEX,22.15234,-100.97135,recipient,5,"Edoovillage #1665 - Mexico, San Luis Potosí: PROYECTO COMUNI","San Luis Potosí, open, 134 students",city
IND,19.07283,72.88261,recipient,3,"Edoovillage #1666 - India, Mumbai: Apnalaya Project of 'Stif","Mumbai, completed, 50 students",city
GIN,10.256,-10.9869,recipient,45,"Edoovillage #1667 - Guinea, Raka Fofana: Complexe Scolaire R","Guinea, completed, 850 students",country
MWI,-13.129,34.2344,recipient,10,"Edoovillage #1668 - Malawi, Mua: Mua Primary School | Malawi","Malawi, completed, 30 students",country
UGA,0.18333,30.08333,recipient,5,"Edoovillage #1669 - Uganda, Kasese: Rwenzori Royal Institute","Kasese, completed, 170 students",city
NIC,12.13282,-86.2504,recipient,9,"Edoovillage #1670 - Nicaragua, Managua: Stipendienprogramm B","Managua, open, 10 students",city
ESP,41.38879,2.15899,recipient,50,"Edoovillage #1671 - Spain, Barcelona: Acollida de persones r","Barcelona, open, 200 students",city
GHA,7.9453,-1.2192,recipient,3,"Edoovillage #1672 - Ghana, Asikuma: Abehenase Cargill | Go4M","Ghana, open, 100 students",country
ESP,41.47063,2.08611,recipient,24,"Edoovillage #1673 - Spain, Sant Cugat del Vallès: PFI-PTT Sa","Sant Cugat del Vallès, open, 45 students",city
AUT,47.79941,13.04399,recipient,9,"Edoovillage #1674 - Austria, Salzburg: Salzburg Lerncafe","Salzburg, completed, 50 students",city
AUT,47.6319,13.7978,recipient,0,"Edoovillage #1675 - Austria, Thalgau: Mittelschule Thalgau","Austria, completed, 1222 students",country
ESP,41.47063,2.08611,recipient,6,"Edoovillage #1676 - Spain, Sant Cugat del Vallès: CRAE Lledo","Sant Cugat del Vallès, open, 15 students",city
BFA,12.36566,-1.53388,recipient,0,"Edoovillage #1677 - Burkina Faso, Ouagadougou: Städtisches L","Ouagadougou, open, 163 students",city
BFA,12.36566,-1.53388,recipient,0,"Edoovillage #1678 - Burkina Faso, Ouagadougou: Privatschulen","Ouagadougou, open, 162 students",city
BFA,12.36566,-1.53388,recipient,0,"Edoovillage #1679 - Burkina Faso,  Ouagadougou: Grundschule ","Ouagadougou, open, 100 students",city
BFA,12.36566,-1.53388,recipient,0,"Edoovillage #1680 - Burkina Faso, Ouagadougou: Komplex Scola","Ouagadougou, open, 93 students",city
BFA,12.66664,-0.57469,recipient,0,"Edoovillage #1681 - Burkina Faso,  Boulsa: Provinzial-Hochsc","Boulsa, open, 90 students",city
ESP,41.38879,2.15899,recipient,3,"Edoovillage #1682 - Spain, Barcelona: Institut Moisès Broggi","Barcelona, open, 700 students",city
ESP,41.28612,1.24993,recipient,14,"Edoovillage #1683 - Spain, Valls: Serveis Social Municipals ","Valls, open, 8 students",city
IND,22.53254,92.89902,recipient,0,"Edoovillage #1684 - India, Lawngtlai: Lawngtlai Government C","Lawngtlai, open, 0 students",city
IND,23.5863,81.173,recipient,0,"Edoovillage #1685 - India, Lungpher: Lungpher Phawngpui Engl","India, open, 0 students",country
MMR,22.64452,93.61076,recipient,0,"Edoovillage #1686 - Myanmar, Hakha: Chin Christian Universit","Hakha, open, 0 students",city
IND,23.5863,81.173,recipient,0,"Edoovillage #1687 - India, Sangau: Sangau Primary-I","India, open, 0 students",country
IND,23.72894,92.71791,recipient,0,"Edoovillage #1688 - India, Aizawl: North Point School","Aizawl, open, 380 students",city
DEU,53.55073,9.99302,recipient,1,"Edoovillage #1689 - Germany, Hamburg: Private Hilfsinitiativ","Hamburg, completed, 1 students",city
CHE,46.20222,6.14569,recipient,11,"Edoovillage #1690 - Switzerland, Geneva: THRIVE (COVID-19-CH","Genève, completed, 50 students",city
ZAF,-34.4187,19.23446,recipient,6,"Edoovillage #1691 - South Africa, Hermanus: The Osanalerona ","Hermanus, completed, 50 students",city
KEN,2.33468,37.99086,recipient,0,"Edoovillage #1692 - Kenya, Marsabit: Northern Pastoralist Yo","Marsabit, open, 153 students",city
ESP,41.49109,2.14079,recipient,16,"Edoovillage #1693 - Spain, Cerdanyola: Itineraris de Protecc","Cerdanyola del Vallès, open, 50 students",city
ESP,41.47063,2.08611,recipient,1,"Edoovillage #1694 - Spain, Sant Cugat del Vallès: Institut J","Sant Cugat del Vallès, open, 480 students",city
AUT,47.6319,13.7978,recipient,3,"Edoovillage #1695 - Austria, 5411 Obralm: Seniorenheim Kahls","Austria, completed, 120 students",country
AUT,47.42681,12.848,recipient,6,"Edoovillage #1696 - Austria, Saalfelden: NMS: Mittelschule S","Saalfelden am Steinernen Meer, completed, 120 students",city
GHA,7.9453,-1.2192,recipient,13,"Edoovillage #1697 - Ghana, ADUAMOA - KWAHU: Aduamoa Presbyte","Ghana, completed, 65 students",country
GHA,7.9453,-1.2192,recipient,13,"Edoovillage #1698 - Ghana, ADUAMOA - KWAHU: Aduamoa R/C Basi","Ghana, completed, 65 students",country
DEU,51.96236,7.62571,recipient,19,"Edoovillage #1699 - Germany, Münster: Laptops für Auszubilde","Münster, completed, 29 students",city
DEU,51.43247,6.76516,recipient,2,"Edoovillage #1700 - Germany, Duisburg: Abtei-Gymnasium Coron","Duisburg, completed, 26 students",city
ESP,40.81249,0.5216,recipient,4,"Edoovillage #1701 - Spain, TORTOSA: UTE FMF-RESILIS (COVID-1","Tortosa, open, 16 students",city
ESP,41.34618,1.69713,recipient,31,"Edoovillage #1702 - Spain, Vilafranca del Penedes: Alt Pened","Vilafranca del Penedès, open, 17 students",city
ESP,41.38879,2.15899,recipient,10,"Edoovillage #1703 - Spain, Barcelona: SICAR (COVID-19-CAT)","Barcelona, open, 14 students",city
ESP,41.38879,2.15899,recipient,6,"Edoovillage #1704 - Spain, Barcelona: Fundación Putxet (COVI","Barcelona, open, 6 students",city
DEU,51.96236,7.62571,recipient,21,"Edoovillage #1705 - Germany, Münster: Geschwister-Scholl-Rea","Münster, completed, 437 students",city
ESP,41.60797,2.28773,recipient,41,"Edoovillage #1706 - Spain, Granollers: Fundació Reir (COVID-","Granollers, completed, 0 students",city
DEU,51.43247,6.76516,recipient,59,"Edoovillage #1707 - Germany, Duisburg: Kinderheime und Außen","Duisburg, completed, 190 students",city
ESP,41.34618,1.69713,recipient,5,"Edoovillage #1708 - Spain, Vilafranca del Penedes: COVID19 -","Vilafranca del Penedès, open, 346 students",city
ESP,41.35,2.08333,recipient,55,"Edoovillage #1710 - Spain, Cornellà del Llobregat : Fundació","Cornellà de Llobregat, open, 400 students",city
ESP,41.11905,1.24544,recipient,9,"Edoovillage #1711 - Spain, Tarragona: UTE FMF-RESILIS  (COVI","Tarragona, open, 36 students",city
ESP,41.98311,2.82493,recipient,9,"Edoovillage #1712 - Spain, Girona: UTE FMF-RESILIS (COVID-19","Girona, open, 24 students",city
DEU,51.083,10.4262,recipient,3,"Edoovillage #1713 - Germany, Eichenau: Pflegezentrum Eichena","Germany, completed, 100 students",country
ESP,41.38879,2.15899,recipient,3,"Edoovillage #1714 - Spain, Barcelona: CRAE Elima  Sabadell (","Barcelona, open, 18 students",city
DEU,51.43247,6.76516,recipient,21,"Edoovillage #1715 - Germany, Duisburg: St. Hildegardis-Gymna","Duisburg, completed, 800 students",city
AUT,47.79941,13.04399,recipient,3,"Edoovillage #1716 - Austria, 5026 Salzburg: Haus für Seniore","Salzburg, completed, 120 students",city
AUT,47.79941,13.04399,recipient,3,"Edoovillage #1717 - Austria, Salzburg: Haus für Senioren,","Salzburg, completed, 120 students",city
ESP,41.47063,2.08611,recipient,27,"Edoovillage #1718 - Spain, Sant Cugat del Vallès: Colegio El","Sant Cugat del Vallès, open, 26 students",city
ESP,28.2977,-16.538,recipient,7,"Edoovillage #1719 - Spain, MOLLERUSA: UTE FMF-RESILIS (COVID","Spain, open, 18 students",country
ESP,41.38879,2.15899,recipient,15,"Edoovillage #1720 - Spain, Barcelona: Associació L'Esquitx (","Barcelona, open, 14 students",city
DEU,53.55073,9.99302,recipient,12,"Edoovillage #1721 - Germany, Hamburg: DIE ARCHE Kinderstiftu","Hamburg, completed, 80 students",city
USA,33.61891,-117.92895,recipient,15,"Edoovillage #1722 - United States, Newport Beach: All Things","Newport Beach, completed, 45 students",city
COL,10.96854,-74.78132,recipient,25,"Edoovillage #1723 - Colombia, Baranquilla: IT/Sprachkurse fü","Barranquilla, completed, 25 students",city
COL,4.60971,-74.08175,recipient,44,"Edoovillage #1724 - Colombia, Bogota: IT/Sprachkurse für Kin","Bogotá, completed, 90 students",city
COL,6.245,-75.57151,recipient,18,"Edoovillage #1725 - Colombia, Medellin: IT/Sprachkurse für K","Medellín, completed, 40 students",city
DEU,47.9959,7.85222,recipient,3,"Edoovillage #1726 - Germany, Freiburg: Corona-Hilfe zur digi","Freiburg, completed, 3 students",city
DEU,51.22172,6.77616,recipient,5,"Edoovillage #1727 - Germany, Düsseldorf: Inklusionsteam der ","Düsseldorf, completed, 27 students",city
ESP,41.47063,2.08611,recipient,25,"Edoovillage #1728 - Spain, Sant Cugat del Vallès: Institut A","Sant Cugat del Vallès, open, 800 students",city
ESP,41.47063,2.08611,recipient,10,"Edoovillage #1729 - Spain, Sant Cugat del Vallès: Institut L","Sant Cugat del Vallès, open, 500 students",city
ESP,41.47063,2.08611,recipient,7,"Edoovillage #1730 - Spain, Sant Cugat del Vallès: Institut A","Sant Cugat del Vallès, open, 680 students",city
ESP,41.21667,1.53333,recipient,18,"Edoovillage #1731 - Spain, El Vendrell: Consell C. Baix Pene","El Vendrell, open, 0 students",city
ESP,41.54329,2.10942,recipient,0,"Edoovillage #1732 - Spain, Sabadell: Spaai Mestral - Fundaci","Sabadell, completed, 12 students",city
ESP,41.35967,2.10028,recipient,5,"Edoovillage #1733 - Spain, L'Hospitalet de Llobregat: Espai ","L'Hospitalet de Llobregat, open, 50 students",city
ESP,41.38879,2.15899,recipient,5,"Edoovillage #1734 - Spain, Barcelona: Escola Jeroni de Morag","Barcelona, open, 40 students",city
ESP,41.38879,2.15899,recipient,9,"Edoovillage #1735 - Spain, Barcelona: Escola Diputacio (COVI","Barcelona, open, 50 students",city
ESP,41.28612,1.24993,recipient,3,"Edoovillage #1736 - Spain, Valls:  Serveis d’Intervenció so","Valls, open, 225 students",city
CHE,46.7368,8.2869,recipient,6,"Edoovillage #1737 - Switzerland, Oberwil-Lieli: Primarschule","Switzerland, completed, 221 students",country
CHE,46.7368,8.2869,recipient,0,"Edoovillage #1738 - Switzerland, Oberwil-Lieli: Primarschule","Switzerland, completed, 221 students",country
UGA,1.08209,34.17503,recipient,15,"Edoovillage #1739 - Uganda, Mbale: Dream School Internationa","Mbale, open, 70 students",city
UGA,1.08209,34.17503,recipient,6,"Edoovillage #1740 - Uganda, Mbale: ANA Daycare and Kindergar","Mbale, open, 30 students",city
ESP,41.28612,1.24993,recipient,4,"Edoovillage #1741 - Spain, VALLS: UEC Vallsgenera (COVID-19-","Valls, open, 14 students",city
CHE,47.47333,8.30592,recipient,46,"Edoovillage #1742 - Switzerland, Baden: Schweizerisches Rote","Baden, completed, 50 students",city
CHE,47.50564,8.72413,recipient,5,"Edoovillage #1743 - Switzerland, Winterthur: Glocal Steps - ","Winterthur, completed, 13 students",city
DEU,49.64145,8.63206,recipient,20,"Edoovillage #1744 - Germany, Heppenheim: Nibelungenschule He","Heppenheim an der Bergstrasse, completed, 250 students",city
DEU,48.13743,11.57549,recipient,17,"Edoovillage #1745 - Germany, München: Innere Mission - Sozia","Munich, completed, 100 students",city
DEU,51.22172,6.77616,recipient,25,"Edoovillage #1746 - Germany, Düsseldorf: Digitale Nachhilfe ","Düsseldorf, completed, 25 students",city
DEU,48.13743,11.57549,recipient,0,"Edoovillage #1747 - Germany, München: SFZ Sonderpädagogische","Munich, completed, 170 students",city
ESP,41.47063,2.08611,recipient,41,"Edoovillage #1748 - Spain, Sant Cugat del Vallès: Institut F","Sant Cugat del Vallès, open, 400 students",city
ESP,41.56667,2.01667,recipient,54,"Edoovillage #1749 - Spain, Terrassa: El Viver, reforç socioe","Terrassa, open, 64 students",city
ECU,-1.5643,-78.463,recipient,5,"Edoovillage #1750 - Ecuador, Tiputini: Cuisine sans frontièr","Ecuador, completed, 25 students",country
ESP,41.72815,1.82399,recipient,9,"Edoovillage #1434 - Spain, Manresa: Fundació del Convent San","Manresa, open, 7 students",city
ESP,41.47063,2.08611,recipient,16,"Edoovillage #1751 - Spain, Sant Cugat del Vallès: Escola San","Sant Cugat del Vallès, open, 400 students",city
DEU,52.52437,13.41053,recipient,21,"Edoovillage #1752 - Germany, Berlin: Lebenswelt gGmbH interk","Berlin, completed, 28 students",city
ROU,46.91667,26.33333,recipient,10,"Edoovillage #1709 - Romania, Piatra Neamt: Fundatia Piatra N","Piatra Neamţ, completed, 100 students",city
BGR,42.8204,25.2517,recipient,10,"Edoovillage #1753 - Bulgaria, Trjavna: Judo goes Orient - SO","Bulgaria, completed, 80 students",country
KHM,10.61041,104.18145,recipient,0,"Edoovillage #1754 - Cambodia, Kampot: Sonja Kill Memorial Ho","Kampot, completed, 3 students",city
DEU,48.13743,11.57549,recipient,4,"Edoovillage #1755 - Germany, Munich: Evangelisches Pflegezen","Munich, completed, 0 students",city
ZWE,-20.15,28.58333,recipient,10,"Edoovillage #1756 - Zimbabwe, Bulawayo: SwiZimAid - Bulawayo","Bulawayo, completed, 0 students",city
CHE,46.7368,8.2869,recipient,5,"Edoovillage #1757 - Switzerland, Widen: Reformierte Kirche B","Switzerland, completed, 5 students",country
DEU,50.77368,6.22595,recipient,3,"Edoovillage #1758 - Germany, Stolberg: Endgeräte für Home Sc","Stolberg, completed, 3 students",city
ESP,41.35967,2.10028,recipient,28,"Edoovillage #1759 - Spain, L'Hospitalet de Llobregat: AMPA C","L'Hospitalet de Llobregat, open, 396 students",city
DEU,51.00166,13.6488,recipient,1,"Edoovillage #1760 - Germany, Dresden / Freital: Endgeräte fü","Freital, completed, 1 students",city
AUT,48.20849,16.37208,recipient,4,"Edoovillage #1761 - Austria, Wien: Notquartier-Nord         ","Vienna, open, 120 students",city
DEU,48.13743,11.57549,recipient,3,"Edoovillage #1762 - Germany, München: Innere Mission - Sozia","Munich, open, 100 students",city
DEU,48.13743,11.57549,recipient,0,"Edoovillage #1763 - Germany, München: Innere Mission - Sozia","Munich, open, 100 students",city
DEU,48.13743,11.57549,recipient,2,"Edoovillage #1764 - Germany, München: Innere Mission - Sozia","Munich, open, 100 students",city
DEU,48.13743,11.57549,recipient,1,"Edoovillage #1765 - Germany, München: Innere Mission - Sozia","Munich, open, 100 students",city
DEU,48.13743,11.57549,recipient,11,"Edoovillage #1766 - Germany, München: Innere Mission - Sozia","Munich, completed, 100 students",city
DEU,48.13743,11.57549,recipient,2,"Edoovillage #1767 - Germany, München: Innere Mission - Sozia","Munich, open, 100 students",city
DEU,48.13743,11.57549,recipient,13,"Edoovillage #1768 - Germany, München: Innere Mission - Sozia","Munich, completed, 100 students",city
COL,6.245,-75.57151,recipient,15,"Edoovillage #1769 - Colombia, Medellin: Filotimo Language Sc","Medellín, completed, 12 students",city
DEU,49.3,6.81667,recipient,15,"Edoovillage #1770 - Germany, Bad Schwalbach: IT-Spenden für ","Schwalbach, completed, 15 students",city
DEU,51.22172,6.77616,recipient,76,"Edoovillage #1771 - Germany, Düsseldorf: Gerricus-Schule IT-","Düsseldorf, completed, 200 students",city
ESP,41.98311,2.82493,recipient,3,"Edoovillage #1772 - Spain, Girona: Fundació Apip-Acam Girona","Girona, open, 50 students",city
DEU,51.083,10.4262,recipient,15,"Edoovillage #1773 - Germany, Zierenberg: Elisabeth-Selbert-S","Germany, completed, 16 students",country
ESP,41.45004,2.24741,recipient,2,"Edoovillage #1774 - Spain, Badalona: Fundación privada La Sa","Badalona, open, 144 students",city
DEU,51.083,10.4262,recipient,10,"Edoovillage #1775 - Germany, Malchin: Förderzentrum Lindensc","Germany, completed, 65 students",country
DEU,48.13743,11.57549,recipient,25,"Edoovillage #1776 - Germany, Munich: Netzwerk Soforthilfe fü","Munich, completed, 150 students",city
MWI,-12.92744,34.29614,recipient,0,"Edoovillage #1777 - Malawi, Nkhotakota: Stipendien Chancen d","Nkhotakota, open, 6 students",city
DEU,51.96236,7.62571,recipient,2,"Edoovillage #1778 - Germany, Münster: Schiller Gymnasium Mün","Münster, completed, 800 students",city
ESP,41.38879,2.15899,recipient,18,"Edoovillage #1780 - Spain, Barcelona: Fundació privada Benal","Barcelona, open, 12 students",city
ESP,41.38879,2.15899,recipient,1,"Edoovillage #1781 - Spain, Barcelona: Serveis Socials Sarrià","Barcelona, open, 1 students",city
DEU,51.22172,6.77616,recipient,102,"Edoovillage #1782 - Germany, Düsseldorf: Gesamtschule Stetti","Düsseldorf, completed, 420 students",city
COD,-4.96589,19.59151,recipient,40,"Edoovillage #1783 - Congo (Kinshasa), Cité d’Idiofa: Complex","Idiofa, open, 285 students",city
DEU,48.13743,11.57549,recipient,48,"Edoovillage #1784 - Germany, Munich: AWO Kreisverband Münche","Munich, completed, 140 students",city
DEU,51.083,10.4262,recipient,7,"Edoovillage #1785 - Germany, Eichenau: Germany, Munich: Jose","Germany, completed, 250 students",country
ESP,41.47063,2.08611,recipient,9,"Edoovillage #1786 - Spain, Sant Cugat del Vallès: Escola d'A","Sant Cugat del Vallès, open, 150 students",city
ESP,41.38879,2.15899,recipient,16,"Edoovillage #1788 - Spain, Barcelona: Asociación ACATHI  (CO","Barcelona, open, 30 students",city
ESP,41.49226,2.03305,recipient,19,"Edoovillage #1789 - Spain, Rubi: ASAV RUBI (COVID-19-CAT)","Rubí, open, 30 students",city
DEU,51.38747,7.39277,recipient,1,"Edoovillage #1790 - Germany, Wetter: Berufskolleg Volmarstei","Wetter, completed, 600 students",city
ESP,41.47063,2.08611,recipient,9,"Edoovillage #1791 - Spain, Sant Cugat del Vallès: Escola Pi ","Sant Cugat del Vallès, open, 496 students",city
ESP,41.47063,2.08611,recipient,45,"Edoovillage #1792 - Spain, Sant Cugat del Vallès: Mentoria G","Sant Cugat del Vallès, open, 3000 students",city
ESP,41.98311,2.82493,recipient,0,"Edoovillage #1793 - Spain, Girona: Creu Roja Girona - Acolli","Girona, open, 10 students",city
DEU,51.45657,7.01228,recipient,19,"Edoovillage #1794 - Germany, Essen: SWOD Substainable Women ","Essen, completed, 30 students",city
DEU,48.13743,11.57549,recipient,0,"Edoovillage #1795 - Germany, München: Coronahilfe / Integrat","Munich, completed, 1 students",city
CMR,5.9597,10.14597,recipient,51,"Edoovillage #1796 - Cameroon,  Bamenda: Sustainable Women fo","Bamenda, completed, 100 students",city
DEU,51.45657,7.01228,recipient,7,"Edoovillage #1797 - Germany, Essen: HSW Hauptschule an der W","Essen, completed, 7 students",city
ESP,41.38879,2.15899,recipient,7,"Edoovillage #1799 - Spain, Barcelona: Proyecto Chatillon Bar","Barcelona, open, 20 students",city
CMR,6.2942,12.9485,recipient,29,"Edoovillage #1800 - Cameroon, Mbalngong: Lycée Billingue de ","Cameroon, completed, 160 students",country
ESP,41.38879,2.15899,recipient,36,"Edoovillage #1801 - Spain, barcelona: Escola Cal Maiol (COVI","Barcelona, open, 256 students",city
DEU,51.45657,7.01228,recipient,20,"Edoovillage #1802 - Germany, Essen: PC-Kenntnisse in der Cor","Essen, completed, 60 students",city
SWZ,-26.5625,31.5107,recipient,30,"Edoovillage #1803 - Swaziland, Inyandza: Inyandza High Schoo","Swaziland, completed, 400 students",country
ESP,41.38879,2.15899,recipient,7,"Edoovillage #1804 - Spain, Barcelona: Fundació Bayt al-Thaqa","Barcelona, open, 350 students",city
DEU,52.52437,13.41053,recipient,40,"Edoovillage #1805 - Germany, Berlin: XENION Psychosoziale Hi","Berlin, completed, 40 students",city
DEU,51.45342,6.6326,recipient,27,"Edoovillage #1806 - Germany, Moers: Tell Tessy Charity eV | ","Moers, completed, 50 students",city
CMR,5.75132,9.3137,recipient,0,"Edoovillage #1807 - Cameroon, Mamfe: Together against Corona","Mamfe, open, 100 students",city
DEU,51.45657,7.01228,recipient,18,"Edoovillage #1808 - Germany, Essen: African Mother eV | COVI","Essen, completed, 40 students",city
HKG,22.3193,114.1694,recipient,0,"Edoovillage #1809 - Hong Kong S.A.R., China, Hong Kong: Hong","Hong Kong S.A.R., China, open, 300 students",country
TZA,-6.3558,34.8183,recipient,6,"Edoovillage #1810 - Tanzania, Kibwigwa: Manus Dei Secondary ","Tanzania, completed, 120 students",country
ESP,41.47063,2.08611,recipient,4,"Edoovillage #1811 - Spain, Sant Cugat del Vallès: Sant Cugat","Sant Cugat del Vallès, completed, 8 students",city
DEU,53.55073,9.99302,recipient,12,"Edoovillage #1812 - Germany, Hamburg: Lerntherapie und Nachh","Hamburg, completed, 12 students",city
ESP,41.38879,2.15899,recipient,0,"Edoovillage #1813 - Spain, Barcelona: Xarxa suport 3 voltes ","Barcelona, open, 10 students",city
USA,33.66946,-117.82311,recipient,9,"Edoovillage #1814 - United States, Irvine: Saddleback Church","Irvine, completed, 0 students",city
ESP,41.47063,2.08611,recipient,37,"Edoovillage #1815 - Spain, Sant Cugat del Vallès: Escola Joa","Sant Cugat del Vallès, open, 466 students",city
GHA,7.9453,-1.2192,recipient,15,"Edoovillage #1816 - Ghana, Kansaworodo: Kansaworodo JHS Lab ","Ghana, completed, 223 students",country
GHA,7.9453,-1.2192,recipient,16,"Edoovillage #1817 - Ghana, Aboso: Aboso Catholic School | Gh","Ghana, completed, 600 students",country
GHA,7.9453,-1.2192,recipient,15,"Edoovillage #1818 - Ghana, Aboso: Aboso Municipal Assembly S","Ghana, completed, 600 students",country
GHA,6.61667,-1.21667,recipient,20,"Edoovillage #1819 - Ghana, Odumase: Suyani Dumase Promise Sc","Konongo, completed, 130 students",city
GHA,7.9453,-1.2192,recipient,15,"Edoovillage #1820 - Ghana, Ajumako: Ajumako Ochiso Catholic ","Ghana, completed, 800 students",country
GHA,6.04089,-0.45004,recipient,39,"Edoovillage #1821 - Ghana, Suhum: Suhum Anglican Primary and","Suhum, completed, 1036 students",city
GHA,6.68848,-1.62443,recipient,51,"Edoovillage #1822 - Ghana, Kumasi: Kumasi High Technical Sch","Kumasi, completed, 5200 students",city
GHA,6.09408,-0.25913,recipient,15,"Edoovillage #1823 - Ghana, Koforidua: Victory Vocational and","Koforidua, completed, 150 students",city
GHA,7.9453,-1.2192,recipient,15,"Edoovillage #1824 - Ghana, Ajumako: Ajumako Enyan Essiam Dis","Ghana, completed, 1000 students",country
GHA,6.68848,-1.62443,recipient,20,"Edoovillage #1825 - Ghana, Kumasi: Adankwame D/A Junior High","Kumasi, completed, 259 students",city
ESP,41.38879,2.15899,recipient,2,"Edoovillage #1827 - Spain, Barcelona: Fundació Roure (COVID-","Barcelona, open, 60 students",city
BLZ,17.2425,-88.6827,recipient,6,"Edoovillage #1826 - Belize, San Lazaro: Village Book Builder","Belize, open, 200 students",country
ESP,41.38879,2.15899,recipient,5,"Edoovillage #1828 - Spain, Barcelona: Creu Roja Barcelona - ","Barcelona, open, 400 students",city
ESP,41.38879,2.15899,recipient,18,"Edoovillage #1829 - Spain, Barcelona: CEAR Comisión Española","Barcelona, open, 1 students",city
ESP,41.38879,2.15899,recipient,5,"Edoovillage #1830 - Spain, Barcelona: Fundació Ficat (COVID-","Barcelona, open, 35 students",city
DEU,53.55073,9.99302,recipient,16,"Edoovillage #1831 - Germany, Hamburg: Sammelprojekt Digitale","Hamburg, completed, 25 students",city
DEU,53.07582,8.80717,recipient,37,"Edoovillage #1833 - Germany, Bremen: Sammelprojekt Digitale ","Bremen, open, 50 students",city
DEU,52.52437,13.41053,recipient,7,"Edoovillage #1836 - Germany, Berlin: Home Schooling Hilfe | ","Berlin, completed, 7 students",city
DEU,51.47805,6.8625,recipient,1,"Edoovillage #1837 - Germany, Oberhausen: Unterstützung der O","Oberhausen, completed, 0 students",city
ESP,41.38879,2.15899,recipient,15,"Edoovillage #1838 - Spain, Barcelona: Escola Professional Ma","Barcelona, open, 95 students",city
DEU,51.083,10.4262,recipient,592,"Edoovillage #1839 - Germany, Nordrhein-Westfalen: Sammelproj","Germany, completed, 750 students",country
DEU,50.93333,6.95,recipient,0,"Edoovillage #1840 - Germany, Köln: Endgeräte für Home School","Köln, completed, 1 students",city
DEU,51.083,10.4262,recipient,234,"Edoovillage #1841 - Germany, Baden-Württemberg: Sammelprojek","Germany, completed, 300 students",country
DEU,51.083,10.4262,recipient,279,"Edoovillage #1845 - Germany, Bayern: Sammelprojekt Digitale ","Germany, completed, 300 students",country
DEU,51.083,10.4262,recipient,23,"Edoovillage #1842 - Germany, Schleswig-Holstein: Sammelproje","Germany, completed, 50 students",country
DEU,51.083,10.4262,recipient,125,"Edoovillage #1847 - Germany, Niedersachsen: Sammelprojekt Di","Germany, completed, 150 students",country
DEU,52.41667,12.55,recipient,63,"Edoovillage #1848 - Germany, Brandenburg: Sammelprojekt Digi","Brandenburg an der Havel, completed, 100 students",city
DEU,51.083,10.4262,recipient,116,"Edoovillage #1849 - Germany, Thüringen: Sammelprojekt Digita","Germany, completed, 150 students",country
DEU,51.083,10.4262,recipient,125,"Edoovillage #1850 - Germany, Sachsen: Sammelprojekt Digitale","Germany, completed, 150 students",country
SWZ,-26.5625,31.5107,recipient,48,"Edoovillage #1851 - Swaziland,  NHLANGANO: Ekuthuleni High S","Swaziland, completed, 350 students",country
SWZ,-26.5625,31.5107,recipient,41,"Edoovillage #1852 - Swaziland, Eswatini: Mlambo High School ","Swaziland, completed, 350 students",country
ESH,24.2155,-12.8858,recipient,8,"Edoovillage #1853 - Western Sahara, undisclosed: Escuela de ","Western Sahara, open, 0 students",country
GRC,39.4201,23.1104,recipient,30,"Edoovillage #1854 - Greece, Moria, Lesbos: Labdoo Laptops fo","Greece, open, 4000 students",country
DEU,51.083,10.4262,recipient,21,"Edoovillage #1798 - Germany, Mecklenburg-Vorpommern: Sammelp","Germany, completed, 30 students",country
DEU,50.00976,8.77783,recipient,40,"Edoovillage #1835 - Germany, Dietzenbach: Förder- und Kultur","Dietzenbach, completed, 207 students",city
ESP,41.38879,2.15899,recipient,2,"Edoovillage #1844 - Spain, Barcelona: Centre Català de Solid","Barcelona, open, 8 students",city
ESP,41.38879,2.15899,recipient,6,"Edoovillage #1846 - Spain, Barcelona: Associació Provivienda","Barcelona, open, 55 students",city
DEU,53.07582,8.80717,recipient,5,"Edoovillage #1855 - Germany, Bremen: BOSp Klasse - SZ Bördes","Bremen, completed, 16 students",city
DEU,51.083,10.4262,recipient,115,"Edoovillage #1856 - Germany, Rheinland-Pfalz: Sammelprojekt ","Germany, open, 125 students",country
DEU,48.13743,11.57549,recipient,4,"Edoovillage #1857 - Germany, Munich: Evangelische PflegeAkad","Munich, completed, 0 students",city
DEU,48.13743,11.57549,recipient,10,"Edoovillage #1858 - Germany, München: Malteser Jobmentoring","Munich, completed, 76 students",city
NAM,-20.46369,16.64772,recipient,43,"Edoovillage #1832 - Namibia, Otjiwarongo: Osire Secondary Sc","Otjiwarongo, open, 450 students",city
UGA,1.2822,32.3437,recipient,22,"Edoovillage #987 - Uganda, Bukomansimbi: Global Social Netwo","Uganda, open, 2500 students",country
BOL,-17.78629,-63.18117,recipient,10,"Edoovillage #1859 - Bolivia, Santa Cruz de la Sierra: Centro","Santa Cruz de la Sierra, open, 30 students",city
GHA,7.38558,-1.35617,recipient,4,"Edoovillage #1860 - Ghana, Ahenboboano EJURA : Out Of School","Ejura, completed, 500 students",city
DEU,50.11552,8.68417,recipient,10,"Edoovillage #1861 - Germany, Frankfurt am Main: IB Südwest J","Frankfurt am Main, completed, 25 students",city
DEU,51.083,10.4262,recipient,58,"Edoovillage #1862 - Germany, Sachsen-Anhalt: Sammelprojekt D","Germany, completed, 75 students",country
MEX,32.5027,-117.00371,recipient,4,"Edoovillage #1834 - Mexico, Tijuana: Rojo Gomez Church Learn","Tijuana, completed, 0 students",city
BRA,-12.97563,-38.49096,recipient,39,"Edoovillage #1863 - Brazil, Retiro Salvador: Global Social B","Salvador, open, 32 students",city
BOL,-16.7312,-64.4521,recipient,15,"Edoovillage #1864 - Bolivia, Islas del Palmar: Plataforma So","Bolivia, open, 8 students",country
BOL,-17.78629,-63.18117,recipient,5,"Edoovillage #1865 - Bolivia, Santa Cruz de la Sierra: Fundac","Santa Cruz de la Sierra, open, 140 students",city
SEN,14.2289,-14.6109,recipient,70,"Edoovillage #1866 - Senegal, Senegal: Journalist*innen Schul","Senegal, completed, 96 students",country
DEU,50.11552,8.68417,recipient,6,"Edoovillage #1867 - Germany, Frankfurt am Main: Niedrigschwe","Frankfurt am Main, completed, 7 students",city
PER,-16.39899,-71.53747,recipient,3,"Edoovillage #1779 - Peru, Arequipa: Asociación Hogar de Cris","Arequipa, open, 60 students",city
TUR,37.41908,41.33909,recipient,10,"Edoovillage #1843 - Turkey, Midyat / Mardin: Schwester Hatun","Midyat, completed, 15 students",city
TGO,6.33333,1.53333,recipient,0,"Edoovillage #1868 - Togo, Vogan: Computer center for pupils ","Vogan, open, 1391 students",city
DEU,52.52437,13.41053,recipient,10,"Edoovillage #1869 - Germany, Berlin: Youth Power Germany eV ","Berlin, completed, 9 students",city
BOL,-17.78629,-63.18117,recipient,1,"Edoovillage #1870 - Bolivia, Santa Cruz de la Sierra: Orques","Santa Cruz de la Sierra, open, 35 students",city
USA,44.97997,-93.26384,recipient,8,"Edoovillage #1871 - United States, Minneapolis: Planting Peo","Minneapolis, open, 12 students",city
DEU,49.47593,10.98856,recipient,20,"Edoovillage #986 - Germany, Fürth: Workshops und Weiterbildu","Fürth, completed, 15 students",city
MEX,21.01858,-101.2591,recipient,9,"Edoovillage #1872 - Mexico, Guanajuato: Ayuda a homescholing","Guanajuato, open, 20 students",city
GHA,7.9453,-1.2192,recipient,35,"Edoovillage #1873 - Ghana, Bogoso: St. Michael’s Lab | Ghana","Ghana, completed, 200 students",country
COD,-4.32758,15.31357,recipient,78,"Edoovillage #1874 - Congo (Kinshasa), Kinshasa: Institut de ","Kinshasa, completed, 1230 students",city
IND,23.5863,81.173,recipient,0,"Edoovillage #1875 - India, Newdelhi: Steps Home","India, open, 22 students",country
BRA,-3.10194,-60.025,recipient,3,"Edoovillage #1876 - Brazil, Manaus: Associação Mães Unidas P","Manaus, open, 50 students",city
ZMB,-13.1628,27.7552,recipient,10,"Edoovillage #1877 - Zambia, Loloma: Kaula Secondary School |","Zambia, open, 249 students",country
KEN,-4.05466,39.66359,recipient,0,"Edoovillage #1878 - Kenya, Utange Mombasa: Barnabas Children","Mombasa, open, 500 students",city
DEU,50.73438,7.09549,recipient,14,"Edoovillage #1879 - Germany, Bonn: Ausbildung statt Abschieb","Bonn, completed, 185 students",city
ESP,41.38879,2.15899,recipient,26,"Edoovillage #1880 - Spain, Barcelona: Centre Ocupacional Tal","Barcelona, open, 75 students",city
ESP,41.48333,2.18333,recipient,3,"Edoovillage #1881 - Spain, Montcada i Reixac: PFI Institut L","Montcada i Reixac, open, 23 students",city
ESP,41.47063,2.08611,recipient,15,"Edoovillage #1882 - Spain, Sant Cugat del Vallès: Escola la ","Sant Cugat del Vallès, open, 226 students",city
ESP,41.38879,2.15899,recipient,4,"Edoovillage #1883 - Spain, Barcelona: Centro Materno Infanti","Barcelona, open, 36 students",city
ESP,41.98311,2.82493,recipient,9,"Edoovillage #1884 - Spain, Girona: Centre d’acollida OIKIA (","Girona, open, 40 students",city
BFA,12.46338,-3.46075,recipient,21,"Edoovillage #1885 - Burkina Faso, Dedougou: Creuset d´Eveil ","Dédougou, open, 60 students",city
ESP,40.4165,-3.70256,recipient,2,"Edoovillage #1886 - Spain, Madrid: Departamento Servicios So","Madrid, completed, 1 students",city
ESP,41.61674,0.62218,recipient,0,"Edoovillage #1887 - Spain, Lleida: Centro CREI Intress / COV","Lleida, open, 24 students",city
ESP,41.38879,2.15899,recipient,34,"Edoovillage #1888 - Spain, Barcelona: Institut Emperador Car","Barcelona, open, 630 students",city
ROU,45.8245,25.0942,recipient,4,"Edoovillage #1889 - Romania, Cidreag: BuKi Asociatia Pentru ","Romania, completed, 40 students",country
AGO,-6.26667,14.23833,recipient,70,"Edoovillage #1890 - Angola, Mbanza Kongo: Instituto Politech","Mbanza Kongo, completed, 1300 students",city
ESP,41.61674,0.62218,recipient,0,"Edoovillage #1891 - Spain, Lleida: Creu Roja Lleida - Acolli","Lleida, open, 3 students",city
GRC,37.98376,23.72784,recipient,177,"Edoovillage #1892 - Greece, Athens: Edoovillage #1854 - Gree","Athens, open, 5000 students",city
GRC,37.98376,23.72784,recipient,17,"Edoovillage #1893 - Greece, Athens: Greece, Athens: Laptops,","Athens, open, 200 students",city
UGA,0.43902,33.20317,recipient,2,"Edoovillage #1894 - Uganda, Jinja City: Trybe Plastic Recycl","Jinja, completed, 30 students",city
ESP,40.4165,-3.70256,recipient,0,"Edoovillage #1895 - Spain, Madrid: IES Villablanca School (C","Madrid, open, 0 students",city
MRT,20.4667,-10.4951,recipient,9,"Edoovillage #1896 - Mauritania, Tidjikja: Tidjikja Schule | ","Mauritania, completed, 300 students",country
NAM,-22.67842,14.52663,recipient,8,"Edoovillage #1897 - Namibia, Swakopmund: DRC School Project ","Swakopmund, open, 120 students",city
ESP,40.4165,-3.70256,recipient,30,"Edoovillage #1898 - Spain, Madrid: CEIP Martínez Montañés","Madrid, completed, 218 students",city
DEU,51.43247,6.76516,recipient,2,"Edoovillage #1899 - Germany, Duisburg: Livingroom - help you","Duisburg, completed, 70 students",city
BFA,12.1087,-1.6933,recipient,10,"Edoovillage #1900 - Burkina Faso, Ouargaye: Lycée Provincial","Burkina Faso, open, 1000 students",country
DEU,53.55073,9.99302,recipient,1,"Edoovillage #1901 - Germany, Hamburg: 5. Hamburger Frauenhau","Hamburg, completed, 1 students",city
DEU,51.51494,7.466,recipient,15,"Edoovillage #1902 - Germany, Dortmund: Kommunales Integratio","Dortmund, completed, 15 students",city
DEU,48.13743,11.57549,recipient,5,"Edoovillage #1903 - Germany, München: Global Shapers Munich ","Munich, completed, 10 students",city
ESP,41.60797,2.28773,recipient,2,"Edoovillage #1904 - Spain, Granollers: Escola Pia de Granoll","Granollers, open, 900 students",city
ESP,41.47063,2.08611,recipient,4,"Edoovillage #1905 - Spain, Sant Cugat del Vallès: Fundació M","Sant Cugat del Vallès, open, 30 students",city
AUT,47.6319,13.7978,recipient,0,"Edoovillage #1906 - Austria, Rankweil: Mittelschule Rankweil","Austria, open, 1 students",country
ESP,40.4165,-3.70256,recipient,3,"Edoovillage #1907 - Spain, Madrid: Niños conectados para apr","Madrid, completed, 20 students",city
ESP,41.38879,2.15899,recipient,21,"Edoovillage #1908 - Spain, Barcelona: Colombia Conecta - Con","Barcelona, open, 20 students",city
ECU,-0.22985,-78.52495,recipient,2,"Edoovillage #1909 - Ecuador, Quito:  Kolpingfamilien |  Medi","Quito, open, 15 students",city
PHL,15.15,120.58333,recipient,0,"Edoovillage #1910 - Philippines, Angeles City: Jordi Project","Angeles City, open, 90 students",city
COD,-4.32758,15.31357,recipient,62,"Edoovillage #1911 - Congo (Kinshasa), Kinshasa: Orphelinat P","Kinshasa, completed, 215 students",city
ESP,41.47063,2.08611,recipient,6,"Edoovillage #1912 - Spain, Sant Cugat del Vallès: CFA Sant C","Sant Cugat del Vallès, open, 400 students",city
SLE,8.76609,-12.78696,recipient,0,"Edoovillage #1913 - Sierra Leone, Port Loko: Children's Educ","Port Loko, open, 250 students",city
ESP,41.47063,2.08611,recipient,0,"Edoovillage #1914 - Spain, Sant Cugat del Vallès: Escola Fus","Sant Cugat del Vallès, completed, 400 students",city
DEU,50.00976,8.77783,recipient,15,"Edoovillage #1915 - Germany, Dietzenbach: DIGITOL Digital In","Dietzenbach, completed, 15 students",city
ESP,36.72016,-4.42034,recipient,15,"Edoovillage #1916 - Spain, Málaga: CEIP Maria de la O - Aspe","Málaga, open, 100 students",city
COD,-5.04098,18.81619,recipient,25,"Edoovillage #1917 - Congo (Kinshasa), Ville de Kikwit: ANA A","Kikwit, completed, 30 students",city
ESP,41.47063,2.08611,recipient,7,"Edoovillage #1918 - Spain, Sant Cugat del Vallès: Escola Jau","Sant Cugat del Vallès, open, 450 students",city
ESP,41.47063,2.08611,recipient,1,"Edoovillage #1919 - Spain, Sant Cugat del Vallès: Escola Ciu","Sant Cugat del Vallès, open, 486 students",city
CMR,4.04827,9.70428,recipient,0,"Edoovillage #1920 - Cameroon, Douala: FACP - FEMMES EN ACTIO","Douala, open, 56 students",city
MAR,30.42018,-9.59815,recipient,10,"Edoovillage #1921 - Morocco, Agadir: Dar Si Hmad pour le Dev","Agadir, open, 158 students",city
ZMB,-13.1628,27.7552,recipient,45,"Edoovillage #1922 - Zambia, Loloma: Sammelprojekt | Sambia e","Zambia, completed, 50 students",country
ESP,41.47063,2.08611,recipient,30,"Edoovillage #1923 - Spain, Sant Cugat del Vallès: Escola l'O","Sant Cugat del Vallès, open, 481 students",city
ROU,45.8245,25.0942,recipient,18,"Edoovillage #1924 - Romania, Saniob: Village school close to","Romania, open, 60 students",country
ESP,42.11667,2.76667,recipient,50,"Edoovillage #1925 - Spain, Banyoles: Banyoles","Banyoles, open, 0 students",city
ESP,41.38879,2.15899,recipient,1,"Edoovillage #1926 - Spain, Barcelona: Cottolengo","Barcelona, completed, 0 students",city
ESP,41.38879,2.15899,recipient,0,"Edoovillage #1927 - Spain, Barcelona: SSL (Servei Substituto","Barcelona, open, 3 students",city
GHA,7.9453,-1.2192,recipient,24,"Edoovillage #1928 - Ghana, Mbem: Mbem M/A basic Jomoro Munic","Ghana, completed, 62 students",country
GHA,7.9453,-1.2192,recipient,60,"Edoovillage #1929 - Ghana, Gomoa Kokofu: Gomoa Kokofu Islami","Ghana, completed, 230 students",country
ZAF,-28.5536,24.7525,recipient,59,"Edoovillage #1930 - South Africa, Paternoster: LifeSkillProg","South Africa, completed, 300 students",country
AUT,47.6319,13.7978,recipient,2,"Edoovillage #1931 - Austria, Divers: Hauptschulen und Mittel","Austria, open, 1222 students",country
ESP,41.38879,2.15899,recipient,6,"Edoovillage #1932 - Spain, Barcelona:  Aula 19 Centre de For","Barcelona, open, 40 students",city
ESP,41.47063,2.08611,recipient,33,"Edoovillage #1933 - Spain, Sant Cugat del Vallès: Escola Pin","Sant Cugat del Vallès, open, 469 students",city
ESP,28.2977,-16.538,recipient,5,"Edoovillage #1934 - Spain, Llinars del Vallès: Escola Damià ","Spain, open, 156 students",country
ESP,28.2977,-16.538,recipient,9,"Edoovillage #1935 - Spain, Catalonia: Laptops for social cha","Spain, completed, 6 students",country
GHA,7.9453,-1.2192,recipient,45,"Edoovillage #1936 - Ghana, LIATI - DATEM: BUILDING FUTURE LE","Ghana, completed, 80 students",country
DEU,51.05089,13.73832,recipient,4,"Edoovillage #1937 - Germany, Dresden: Homeschooling-Spende K","Dresden, completed, 0 students",city
GEO,42.5084,41.86796,recipient,9,"Edoovillage #1938 - Georgia, Zugdidi: Global Peace Room | La","Zugdidi, completed, 20 students",city
GHA,10.78556,-0.85139,recipient,21,"Edoovillage #1939 - Ghana, Bolgatanga: Asoegoom Basic School","Bolgatanga, completed, 489 students",city
ESP,41.34618,1.69713,recipient,20,"Edoovillage #1940 - Spain, Vilafranca del Penedes: Associaci","Vilafranca del Penedès, completed, 150 students",city
ESP,41.54211,2.4445,recipient,2,"Edoovillage #1941 - Spain, Mataró: PTT Pla de Transició al T","Mataró, open, 15 students",city
ESP,41.37732,2.08809,recipient,0,"Edoovillage #1942 - Spain, Esplugues de Llobregat: Escola Ca","Esplugues de Llobregat, open, 220 students",city
ESP,41.34618,1.69713,recipient,9,"Edoovillage #1943 - Spain, Vilafranca del Penedes: Escola Pu","Vilafranca del Penedès, open, 453 students",city
DEU,50.80904,8.77069,recipient,4,"Edoovillage #1944 - Germany, Marburg: St. Martin Haus | COVI","Marburg an der Lahn, completed, 20 students",city
ESP,28.2977,-16.538,recipient,0,"Edoovillage #1945 - Spain, Llinars del Vallès: Serveis Socia","Spain, open, 50 students",country
SEN,14.2289,-14.6109,recipient,35,"Edoovillage #1946 - Senegal, Gandiol: Hahatay son risas de G","Senegal, open, 7300 students",country
ESP,41.45004,2.24741,recipient,4,"Edoovillage #1947 - Spain, Badalona: Biblioteca Maria Aurèli","Badalona, open, 15 students",city
ESP,41.54211,2.4445,recipient,16,"Edoovillage #1948 - Spain, Mataró: Centre sòcio-educatiu San","Mataró, open, 80 students",city
BGD,22.80979,89.56439,recipient,2,"Edoovillage #1949 - Bangladesh, Khulna: Khulna University | ","Khulna, open, 140 students",city
MNG,47.0864,103.3987,recipient,9,"Edoovillage #1950 - Mongolia, Tschoibalsan: Dornod Province ","Mongolia, completed, 350 students",country
ESP,41.49109,2.14079,recipient,1,"Edoovillage #1951 - Spain, Cerdanyola del Vallès: Càritas Pa","Cerdanyola del Vallès, open, 20 students",city
TZA,-6.3558,34.8183,recipient,0,"Edoovillage #1952 - Tanzania, Mfangano Island: Mfangano Isla","Tanzania, open, 300 students",country
CPV,15.0764,-23.634,recipient,7,"Edoovillage #1953 - Cape Verde, Cruzinha: Escuela Cruzinha |","Cape Verde, completed, 43 students",country
DEU,50.6,6.3,recipient,30,"Edoovillage #1954 - Germany, Simmerath: Anad eV | COVID-19-D","Simmerath, completed, 40 students",city
DEU,52.51732,13.58871,recipient,15,"Edoovillage #1955 - Germany, Kaulsdorf: Grundschule Kaulsdor","Kaulsdorf, completed, 29 students",city
DEU,51.083,10.4262,recipient,9,"Edoovillage #1956 - Germany, Saarland: Sammelprojekt Digital","Germany, completed, 15 students",country
DEU,51.083,10.4262,recipient,25,"Edoovillage #1957 - Germany, Faulbach: Grund- und Mittelschu","Germany, completed, 260 students",country
DEU,51.43218,6.87967,recipient,9,"Edoovillage #1958 - Germany, Mülheim an der Ruhr: NCDA Nkwen","Mülheim, completed, 10 students",city
CMR,5.44397,10.05332,recipient,23,"Edoovillage #1959 - Cameroon, Dschang:  CETIC de Fotetsa pré","Dschang, open, 580 students",city
AUT,47.26266,11.39454,recipient,31,"Edoovillage #1960 - Austria, Innsbruck / Atzl: MS: Mittelsch","Innsbruck, completed, 252 students",city
BEN,7.92807,1.97558,recipient,25,"Edoovillage #1961 - Benin, Gobada via Savalou: Logozohoé Ben","Savalou, completed, 1000 students",city
BRA,-23.5475,-46.63611,recipient,26,"Edoovillage #1962 - Brazil, São Paulo: Gesundheits-/ Hygiene","São Paulo, open, 500 students",city
MKD,41.594,21.71,recipient,13,"Edoovillage #1963 - Macedonia, Slupchane: Municipal Elementa","Macedonia, open, 684 students",country
ESP,40.4165,-3.70256,recipient,27,"Edoovillage #1964 - Spain, MADRID: IES Ciudad de los Ángeles","Madrid, completed, 970 students",city
ESP,40.4165,-3.70256,recipient,0,"Edoovillage #1965 - Spain, MADRID: CE Ponce de León - Madrid","Madrid, open, 450 students",city
ESP,40.4165,-3.70256,recipient,0,"Edoovillage #1966 - Spain, MADRID: CEIP Cristóbal Colón - Ma","Madrid, open, 700 students",city
ZAF,-28.78301,32.03768,recipient,14,"Edoovillage #1967 - South Africa, Richards Bay: Lungelo Yout","Richards Bay, open, 170 students",city
SLE,8.5613,-11.7866,recipient,6,"Edoovillage #1968 - Sierra Leone, Free Town: Girls Empowerme","Sierra Leone, completed, 15 students",country
ESP,40.4165,-3.70256,recipient,24,"Edoovillage #1969 - Spain, Madrid: Colegio López Vicuña (RR ","Madrid, completed, 15 students",city
ESP,41.34618,1.69713,recipient,17,"Edoovillage #1970 - Spain, Vilafranca del Penedes:  ACTUA, C","Vilafranca del Penedès, completed, 1202 students",city
KHM,12.6992,105.0397,recipient,0,"Edoovillage #1971 - Cambodia, Sankae District: HDLF Kampong ","Cambodia, open, 335 students",country
KHM,12.6992,105.0397,recipient,0,"Edoovillage #1972 - Cambodia, Kampong Trolach: HDLF Kbal Dam","Cambodia, open, 161 students",country
KHM,12.6992,105.0397,recipient,0,"Edoovillage #1973 - Cambodia, Moung Russei District: HDLF Ko","Cambodia, open, 161 students",country
TZA,-6.3558,34.8183,recipient,13,"Edoovillage #1974 - Tanzania, Marangu: Datengetriebe Nothilf","Tanzania, completed, 20 students",country
COD,-4.96589,19.59151,recipient,35,"Edoovillage #1975 - Congo (Kinshasa), Idiofa: Orphelinat Pro","Idiofa, completed, 360 students",city
UKR,50.45466,30.5238,recipient,130,"Edoovillage #1976 - Ukraine, Kiew: Schaste - children, Pro S","Kyiv, completed, 1000 students",city
BFA,12.1087,-1.6933,recipient,0,"Edoovillage #1977 - Burkina Faso, Ouargaye:  Ecole Primaire ","Burkina Faso, open, 350 students",country
SEN,14.6937,-17.44406,recipient,60,"Edoovillage #1978 - Senegal, Dakar: Social Change Factory SC","Dakar, completed, 930 students",city
DEU,51.43218,6.87967,recipient,13,"Edoovillage #1979 - Germany, Mülheim an der Ruhr: Mothers Pr","Mülheim, completed, 11 students",city
JOR,32.34289,36.20804,recipient,11,"Edoovillage #1980 - Jordan, Al-Mafraq: NOIVA, Shaping World ","Mafraq, completed, 456 students",city
KEN,-1.28333,36.81667,recipient,16,"Edoovillage #1981 - Kenya, Nairobi: Smart Kibera of Hope |  ","Nairobi, completed, 26 students",city
KEN,-1.28333,36.81667,recipient,9,"Edoovillage #1982 - Kenya, Nairobi: Creative Thespians Afrik","Nairobi, completed, 15 students",city
KEN,-1.28333,36.81667,recipient,25,"Edoovillage #1983 - Kenya, Nairobi:  Simama Safe Space / Res","Nairobi, completed, 140 students",city
SEN,13.77073,-13.66734,recipient,0,"Edoovillage #1984 - Senegal, Tambacounda: Lycee Mame Cheikh ","Tambacounda, open, 2510 students",city
NPL,28.3009,84.1339,recipient,11,"Edoovillage #1985 - Nepal, Nuwakot, Bhalche: Shree Jalju Kho","Nepal, completed, 181 students",country
ROU,47.55,25.9,recipient,10,"Edoovillage #1986 - Romania, Gura Humorului: Mahrberg Librar","Gura Humorului, completed, 120 students",city
ZAF,-33.01529,27.91162,recipient,20,"Edoovillage #1987 - South Africa, East London: Hope School","East London, completed, 20 students",city
DEU,52.52437,13.41053,recipient,6,"Edoovillage #1988 - Germany, Berlin: Zentrum ÜBERLEBEN gGmbH","Berlin, completed, 12 students",city
NZL,-36.84853,174.76349,recipient,4,"Edoovillage #1989 - New Zealand, Auckland: People For People","Auckland, completed, 30 students",city
ESP,41.49109,2.14079,recipient,0,"Edoovillage #1990 - Spain, Cerdanyola del Vallès: CRAE Resid","Cerdanyola del Vallès, open, 18 students",city
HND,14.7404,-86.4925,recipient,0,"Edoovillage #1991 - Honduras, Armarateca: Centro de Educcaci","Honduras, open, 102 students",country
TZA,-3.35,37.33333,recipient,24,"Edoovillage #1992 - Tanzania, Moshi: Benjamini  Primary Scho","Moshi, completed, 312 students",city
CMR,4.075,9.36005,recipient,56,"Edoovillage #1993 - Cameroon, Tiko: Humaniterian Asistance I","Tiko, completed, 250 students",city
UGA,0.31628,32.58219,recipient,4,"Edoovillage #1994 - Uganda, Kampala: Ouroots Africa limited","Kampala, open, 10 students",city
ESP,41.45004,2.24741,recipient,0,"Edoovillage #1995 - Spain, Badalona: Fundació Acollida i Esp","Badalona, open, 10 students",city
ESP,41.38879,2.15899,recipient,3,"Edoovillage #1996 - Spain, Barcelona: Espai d’Inclusió i For","Barcelona, completed, 100 students",city
COD,-4.32758,15.31357,recipient,0,"Edoovillage #1997 - Congo (Kinshasa), Kinshasa: EP SHARON","Kinshasa, open, 420 students",city
DEU,50.64826,11.36536,recipient,11,"Edoovillage #1998 - Germany, Saalfeld: Akademie Saalfeld-Rud","Saalfeld, completed, 8 students",city
SEN,14.6937,-17.44406,recipient,45,"Edoovillage #1999 - Senegal, Dakar: ADA  Academie Diplomatiq","Dakar, completed, 630 students",city
ESP,41.34618,1.69713,recipient,18,"Edoovillage #2000 - Spain, Vilafranca del Penedes: AMPA Inst","Vilafranca del Penedès, completed, 19 students",city
CMR,5.44397,10.05332,recipient,29,"Edoovillage #2001 - Cameroon, Dschang: CEFORUSA | Hope For C","Dschang, completed, 200 students",city
DEU,51.083,10.4262,recipient,0,"Edoovillage #2002 - Germany, Georgensgmünd: DemoProjekt für ","Germany, completed, 0 students",country
DEU,51.083,10.4262,recipient,12,"Edoovillage #2003 - Germany, Gründau-Lieblos: Malteser Famil","Germany, completed, 50 students",country
DEU,51.43247,6.76516,recipient,17,"Edoovillage #2004 - Germany, Duisburg: GGS Am Knappert | COV","Duisburg, completed, 174 students",city
MNG,47.90771,106.88324,recipient,7,"Edoovillage #2005 - Mongolia, Ulan Bator: Bayasgalant","Ulan Bator, completed, 100 students",city
CHE,47.05048,8.30635,recipient,10,"Edoovillage #2006 - Switzerland, Luzern: Verein Kunigo","Luzern, completed, 15 students",city
THA,18.79038,98.98468,recipient,1,"Edoovillage #2007 - Thailand, Chiang Mai: Child's Dream Foun","Chiang Mai, completed, 100 students",city
ESP,41.47063,2.08611,recipient,5,"Edoovillage #2008 - Spain, Sant Cugat del Vallès: Migra Stud","Sant Cugat del Vallès, open, 7 students",city
DEU,50.02627,8.88588,recipient,30,"Edoovillage #2009 - Germany, Rodgau:  WISA – Wir sind angeko","Rodgau, completed, 60 students",city
DEU,48.13743,11.57549,recipient,30,"Edoovillage #2010 - Germany, München: Münchner Tafel eV","Munich, completed, 1000 students",city
ESP,41.60797,2.28773,recipient,12,"Edoovillage #2011 - Spain, Granollers: Escola Municipal Salv","Granollers, open, 453 students",city
ESP,41.15612,1.10687,recipient,11,"Edoovillage #2012 - Spain, Reus: Centre Residencial d'Acció ","Reus, open, 20 students",city
ROU,44.43225,26.10626,recipient,63,"Edoovillage #2013 - Romania, Bucarest: CODEKids","Bucharest, completed, 1200 students",city
CHE,47.36667,8.55,recipient,23,"Edoovillage #2014 - Switzerland, Zurich: Uni Zürich - Schnup","Zürich, completed, 20 students",city
TGO,6.9,0.63333,recipient,5,"Edoovillage #2015 - Togo, Kpalimé: Association Culture Toget","Kpalimé, completed, 15 students",city
DEU,50.11552,8.68417,recipient,30,"Edoovillage #2016 - Germany, Frankfurt am Main: Reparatur Ca","Frankfurt am Main, completed, 30 students",city
UGA,-0.40306,31.15722,recipient,6,"Edoovillage #2017 - Uganda, Lyantonde: Rural Environmental S","Lyantonde, completed, 10 students",city
ESP,40.4165,-3.70256,recipient,39,"Edoovillage #2018 - Spain, MADRID: Colegio Concertado San Vi","Madrid, completed, 100 students",city
ESP,40.4165,-3.70256,recipient,20,"Edoovillage #2019 - Spain, MADRID: Colegio Concertado Luz Ca","Madrid, completed, 100 students",city
ESP,40.4165,-3.70256,recipient,15,"Edoovillage #2020 - Spain, MADRID: Colegio Concertado San Lu","Madrid, completed, 50 students",city
UGA,1.2822,32.3437,recipient,5,"Edoovillage #2021 - Uganda, Kamaiba: Great Lakes Peace Cente","Uganda, open, 25 students",country
SLE,8.48714,-13.2356,recipient,95,"Edoovillage #2022 - Sierra Leone, Freetown: Sierra Leone, Fr","Freetown, open, 200 students",city
DEU,51.0303,6.98432,recipient,28,"Edoovillage #2023 - Germany, Leverkusen: Digitales Lernen fü","Leverkusen, completed, 25 students",city
MOZ,-17.5252,35.2086,recipient,2,"Edoovillage #2024 - Mozambique, Moamba: Rhino Cup Champions ","Mozambique, open, 250 students",country
MLI,14.44776,-11.44393,recipient,10,"Edoovillage #2025 - Mali, Kayes: Cercle d'Amis de Hawa Demba","Kayes, completed, 15 students",city
COD,-3.3386,23.4198,recipient,113,"Edoovillage #2026 - Congo (Kinshasa), N'sele: CongoSolidar","Congo (Kinshasa), completed, 12 students",country
ARM,40.1784,45.0549,recipient,0,"Edoovillage #2027 - Armenia, Shaghap village: Schule Shaghap","Armenia, open, 108 students",country
ESP,40.4165,-3.70256,recipient,23,"Edoovillage #2028 - Spain, Madrid: Colegio Público Meseta de","Madrid, completed, 50 students",city
ESP,40.4165,-3.70256,recipient,30,"Edoovillage #2029 - Spain, Madrid: IES Juan de Villanueva - ","Madrid, completed, 60 students",city
ESP,40.4165,-3.70256,recipient,21,"Edoovillage #2030 - Spain, Madrid: Colegio María Reina - Mad","Madrid, completed, 42 students",city
LVA,56.8139,24.6937,recipient,0,"Edoovillage #2031 - Latvia, Laudona: Association Liograde pr","Latvia, completed, 163 students",country
SEN,14.6937,-17.44406,recipient,0,"Edoovillage #2032 - Senegal, Dakar: UCAD Université Cheikh A","Dakar, open, 400 students",city
DEU,50.11552,8.68417,recipient,10,"Edoovillage #2033 - Germany, Frankfurt am Main: jumpp Frauen","Frankfurt am Main, completed, 15 students",city
ESP,40.4165,-3.70256,recipient,27,"Edoovillage #2034 - Spain, Madrid: IES Enrique Tierno Galván","Madrid, completed, 54 students",city
GHA,6.68848,-1.62443,recipient,45,"Edoovillage #2035 - Ghana, Kumasi: ICT for Abofra World Scho","Kumasi, completed, 250 students",city
TZA,-3.35,37.33333,recipient,14,"Edoovillage #2036 - Tanzania, Moshi: Kilimahewa School","Moshi, completed, 150 students",city
UGA,-0.74064,30.99632,recipient,2,"Edoovillage #2037 - Uganda, Nakivale: Watoto Nakivale Refuge","Nakivale Refugee Camp, completed, 176 students",city
TZA,-3.35,37.33333,recipient,0,"Edoovillage #2038 - Tanzania, Moshi: Kilimahewa School","Moshi, completed, 150 students",city
NPL,28.3009,84.1339,recipient,5,"Edoovillage #2039 - Nepal, Rupandehi: Sano Prakash Schule un","Nepal, completed, 75 students",country
GHA,7.9453,-1.2192,recipient,30,"Edoovillage #2041 - Ghana, Asunsuso: Yonso Project Model Sch","Ghana, open, 750 students",country
GHA,7.9453,-1.2192,recipient,50,"Edoovillage #2042 - Ghana, Apowa: Artur Fischer Catholic JHS","Ghana, completed, 340 students",country
UGA,0.18333,30.08333,recipient,3,"Edoovillage #2043 - Uganda, Kasese  Muncipality: Rafik Justi","Kasese, open, 47 students",city
UGA,1.43314,31.35241,recipient,0,"Edoovillage #2044 - Uganda, Hoima Oil City: Answer the need ","Hoima, open, 200 students",city
DEU,51.43218,6.87967,recipient,20,"Edoovillage #2045 - Germany, Mülheim Ruhr: Volkshochschule M","Mülheim, completed, 19 students",city
ESP,41.47063,2.08611,recipient,1,"Edoovillage #2046 - Spain, Sant Cugat del Vallès: La Florest","Sant Cugat del Vallès, open, 6 students",city
ESP,41.43073,2.21855,recipient,3,"Edoovillage #2047 - Spain, Sant Adrià de Besòs: CEE NTRA.SRA","Sant Adrià de Besòs, open, 43 students",city
DEU,49.45421,11.07752,recipient,1,"Edoovillage #2048 - Germany, Nürnberg: DemoProjekt für Stadt","Nürnberg, completed, 0 students",city
DEU,51.45657,7.01228,recipient,50,"Edoovillage #2049 - Germany, Essen: Asyl Network Deutschland","Essen, completed, 100 students",city
ZAF,-28.5536,24.7525,recipient,8,"Edoovillage #2050 - South Africa, Tulbagh: Kinderhuis Steint","South Africa, open, 140 students",country
MRT,16.51378,-15.80503,recipient,1,"Edoovillage #2051 - Mauritania, Rosso : Abduluah Saleck Schu","Rosso, completed, 100 students",city
TUR,38.9321,35.5689,recipient,17,"Edoovillage #2052 - Turkey, Bethkustan: IT- und Sprachkurse ","Turkey, completed, 25 students",country
TUR,38.9321,35.5689,recipient,17,"Edoovillage #2053 - Turkey, Arkah: IT- und Sprachkurse für J","Turkey, completed, 25 students",country
TUR,37.41908,41.33909,recipient,17,"Edoovillage #2054 - Turkey, Midyat: IT- und Sprachkurse für ","Midyat, completed, 15 students",city
TUR,38.9321,35.5689,recipient,17,"Edoovillage #2055 - Turkey, Bsorino: IT- und Sprachkurse für","Turkey, completed, 17 students",country
TUR,38.9321,35.5689,recipient,17,"Edoovillage #2056 - Turkey, Harbtho: IT- und Sprachkurse für","Turkey, completed, 17 students",country
TUR,38.9321,35.5689,recipient,17,"Edoovillage #2057 - Turkey,  Midin: IT- und Sprachkurse für ","Turkey, completed, 17 students",country
TUR,38.9321,35.5689,recipient,17,"Edoovillage #2058 - Turkey, Hah: IT- und Sprachkurse für Jug","Turkey, completed, 17 students",country
UGA,1.2822,32.3437,recipient,4,"Edoovillage #2059 - Uganda, Buwekula: Mission Destiny School","Uganda, open, 600 students",country
ESP,41.60797,2.28773,recipient,12,"Edoovillage #2061 - Spain, Granollers: Escola Joan Solans","Granollers, open, 183 students",city
ESP,40.4165,-3.70256,recipient,59,"Edoovillage #2063 - Spain, Madrid: CEIP República de Brasil ","Madrid, completed, 100 students",city
ESP,40.4165,-3.70256,recipient,35,"Edoovillage #2064 - Spain, Madrid: CEIP Fuencisla - Madrid F","Madrid, completed, 70 students",city
ESP,40.4165,-3.70256,recipient,50,"Edoovillage #2065 - Spain, Madrid: CEIP Ciudad de Jaén - Mad","Madrid, completed, 100 students",city
ESP,40.4165,-3.70256,recipient,58,"Edoovillage #2066 - Spain, Madrid: CEIP República de Venezue","Madrid, completed, 100 students",city
ESP,41.60797,2.28773,recipient,9,"Edoovillage #2062 - Spain, Granollers: Escola Ponent","Granollers, open, 394 students",city
KEN,-4.05466,39.66359,recipient,5,"Edoovillage #2067 - Kenya, Mombasa: Forever Kids","Mombasa, completed, 320 students",city
UGA,1.2822,32.3437,recipient,3,"Edoovillage #2068 - Uganda, Gulu City: Unified for Uganda IC","Uganda, open, 64 students",country
CMR,6.2942,12.9485,recipient,17,"Edoovillage #2069 - Cameroon, Bangem Town: Ave Maria College","Cameroon, completed, 150 students",country
KAZ,42.30988,69.60042,recipient,4,"Edoovillage #2070 - Kazakhstan, Shymkent City: Teach4Eurasia","Shymkent, completed, 15 students",city
ESP,41.37857,2.15937,recipient,0,"Edoovillage #2071 - Spain, Sant Antoni de Calonge: Associaci","Sant Antoni, completed, 15 students",city
MEX,31.87149,-116.60071,recipient,7,"Edoovillage #2072 - Mexico, Ensenada: Rancho Milagro","Ensenada, open, 30 students",city
GHA,4.93422,-1.71454,recipient,27,"Edoovillage #2073 - Ghana, Bakaekyir - Sekondi : Goodness an","Sekondi, completed, 200 students",city
IND,9.919,78.11953,recipient,17,"Edoovillage #2074 - India, Madurai: Madurai Seed","Madurai, completed, 180 students",city
CHE,47.36667,8.55,recipient,20,"Edoovillage #2075 - Switzerland, Zürich: Schweizerisches Rot","Zürich, completed, 30 students",city
UGA,0.18333,30.08333,recipient,0,"Edoovillage #2076 - Uganda, Kasese: Philomena United Women A","Kasese, open, 25 students",city
DEU,52.52437,13.41053,recipient,7,"Edoovillage #2077 - Germany, Berlin: St. Josef Kinder- und J","Berlin, completed, 7 students",city
CMR,4.075,9.36005,recipient,5,"Edoovillage #2078 - Cameroon, Tiko: Community Relief Bilingu","Tiko, completed, 115 students",city
NIC,12.19732,-86.09706,recipient,1,"Edoovillage #2079 - Nicaragua, Tipitapa: Stipendienprogramm ","Tipitapa, completed, 240 students",city
DEU,51.25627,7.14816,recipient,30,"Edoovillage #2080 - Germany, Wuppertal: Kommunales Integrati","Wuppertal, completed, 104 students",city
ESP,41.38879,2.15899,recipient,3,"Edoovillage #2081 - Spain, Barcelona: Centre de Joves i Adul","Barcelona, open, 17 students",city
COL,6.245,-75.57151,recipient,9,"Edoovillage #2082 - Colombia, Medellín: Ruta N Social - Fort","Medellín, open, 500 students",city
COD,-3.39534,29.13779,recipient,30,"Edoovillage #2083 - Congo (Kinshasa), Uvira: Groupe Scolaire","Uvira, completed, 520 students",city
BRA,-11.5246,-54.3552,recipient,8,"Edoovillage #2084 - Brazil, FAZENDA DO RETIRO: Bibliothek un","Brazil, open, 70 students",country
SEN,14.2289,-14.6109,recipient,12,"Edoovillage #2085 - Senegal, Thionck Essyl Daga: Foundawtion","Senegal, open, 900 students",country
BRA,-8.00611,-35.69722,recipient,2,"Edoovillage #2086 - Brazil, Cumaru do Norte: School of de Ca","Cumaru, completed, 100 students",city
CMR,4.9547,9.9404,recipient,25,"Edoovillage #2087 - Cameroon, Nkongsamba: ISMAN Nkongsamba |","Nkongsamba, completed, 20 students",city
BFA,10.63333,-4.76667,recipient,51,"Edoovillage #2088 - Burkina Faso, Banfora: Cours privé le Pa","Banfora, completed, 748 students",city
CMR,5.9597,10.14597,recipient,31,"Edoovillage #2089 - Cameroon, Bamenda: CNEDA (Cho Ngafor Dev","Bamenda, completed, 27 students",city
DEU,51.45657,7.01228,recipient,26,"Edoovillage #2090 - Germany, Essen: Zukunft Chancen eV | Fit","Essen, completed, 26 students",city
BEN,6.44852,2.35566,recipient,0,"Edoovillage #2091 - Benin, Abomey-Calavi: Bouge ONG","Abomey-Calavi, completed, 60 students",city
DEU,54.32133,10.13489,recipient,13,"Edoovillage #2092 - Germany, Kiel: Home Schooling für Kinder","Kiel, completed, 23 students",city
GHA,7.9453,-1.2192,recipient,49,"Edoovillage #2093 - Ghana, Gomoa Potsin: Potsin T.I. Ahmadiy","Ghana, completed, 2501 students",country
UGA,1.2822,32.3437,recipient,11,"Edoovillage #2094 - Uganda, Bukedea: Action for Development ","Uganda, completed, 50 students",country
SYR,35.0975,38.5117,recipient,0,"Edoovillage #2096 - Syria, Kafruhin village, Idlib: Kids Par","Syria, completed, 1500 students",country
SEN,14.2289,-14.6109,recipient,45,"Edoovillage #2097 - Senegal, MEN: Foundawtion- Lyceé Thionck","Senegal, open, 465 students",country
GHA,7.9453,-1.2192,recipient,8,"Edoovillage #2098 - Ghana, SENCHI-FERRY: Planting People Gro","Ghana, open, 1500 students",country
DEU,48.716,9.5236,recipient,2,"Edoovillage #2099 - Germany, Ebersbach an der Fils: Flüchtli","Ebersbach an der Fils, open, 0 students",city
DEU,48.13743,11.57549,recipient,15,"Edoovillage #2100 - Germany, Munich: BMF goes Next Gen","Munich, completed, 10 students",city
CHE,46.94809,7.44744,recipient,0,"Edoovillage #2101 - Switzerland, Bern: Offener Hörsaal Bern ","Bern, completed, 25 students",city
TZA,-3.36667,36.68333,recipient,6,"Edoovillage #2102 - Tanzania, Arusha: E3EMPOWER AFRICA: Jifu","Arusha, open, 0 students",city
COD,-3.31687,17.38063,recipient,45,"Edoovillage #2103 - Congo (Kinshasa), Bandundu: Institut Lis","Bandundu Province, completed, 400 students",city
DEU,51.083,10.4262,recipient,10,"Edoovillage #2104 - Germany, Aschau am Inn: Don Bosco Unters","Germany, completed, 20 students",country
HTI,18.8835,-72.8929,recipient,24,"Edoovillage #2105 - Haiti, Madame Bernard: VITES - Technolog","Haiti, completed, 0 students",country
HTI,18.8835,-72.8929,recipient,26,"Edoovillage #2106 - Haiti, Canobert: Ecole du Village","Haiti, completed, 50 students",country
GHA,7.9453,-1.2192,recipient,25,"Edoovillage #2107 - Ghana, Takrowase: Takrowase R/C Basic Sc","Ghana, completed, 75 students",country
GHA,7.9453,-1.2192,recipient,24,"Edoovillage #2108 - Ghana, Takrowase: Takrowase Methodist Ba","Ghana, completed, 185 students",country
CMR,4.04827,9.70428,recipient,24,"Edoovillage #2109 - Cameroon, Douala: CES College d´Educatio","Douala, open, 22 students",city
LBN,33.89332,35.50157,recipient,3,"Edoovillage #2110 - Lebanon, Beirut: Nation Station Women’s ","Beirut, completed, 10 students",city
GHA,7.9453,-1.2192,recipient,25,"Edoovillage #2111 - Ghana, Takrowase: Presby Basic School | ","Ghana, completed, 83 students",country
BIH,43.84864,18.35644,recipient,20,"Edoovillage #2112 - Bosnia and Herzegovina, Sarajevo: JU OŠ ","Sarajevo, completed, 150 students",city
GHA,4.93422,-1.71454,recipient,60,"Edoovillage #2113 - Ghana, Sekondi: Rev. Fr. W. J.  Griffeon","Sekondi, completed, 394 students",city
TZA,-6.3558,34.8183,recipient,13,"Edoovillage #2114 - Tanzania, Rwamisheye: HEKIMA Smile Educa","Tanzania, completed, 700 students",country
TGO,6.12874,1.22154,recipient,53,"Edoovillage #2115 - Togo, Lomé: Institut Scolaire Suku Yeye ","Lomé, completed, 206 students",city
TZA,-6.3558,34.8183,recipient,0,"Edoovillage #2116 - Tanzania, Gezaulole, Kigamboni: Shine Af","Tanzania, open, 20 students",country
GHA,7.9453,-1.2192,recipient,56,"Edoovillage #2117 - Ghana, Akrofuom: Senior High Technical S","Ghana, completed, 1660 students",country
ESP,41.38879,2.15899,recipient,10,"Edoovillage #2118 - Spain, Barcelona: Abriendo Caminos Catno","Barcelona, open, 50 students",city
GIN,9.53795,-13.67729,recipient,30,"Edoovillage #2119 - Guinea, Conakry: Billy Ecole","Conakry, open, 856 students",city
UGA,1.2822,32.3437,recipient,23,"Edoovillage #2120 - Uganda, Ggulama: John Hill Secondary Sch","Uganda, open, 150 students",country
GHA,4.89816,-1.76029,recipient,48,"Edoovillage #2121 - Ghana, Takoradi: Rev. George Appekey Mem","Takoradi, completed, 368 students",city
ZAF,-28.5536,24.7525,recipient,8,"Edoovillage #2123 - South Africa, Landsdowne: Margaret's Hou","South Africa, completed, 16 students",country
CMR,4.6363,9.4469,recipient,44,"Edoovillage #2124 - Cameroon, Kumba: Baptist High School Kum","Kumba, completed, 351 students",city
CMR,4.9547,9.9404,recipient,9,"Edoovillage #2125 - Cameroon, Nkongsamba, Cite Verte : Integ","Nkongsamba, open, 85 students",city
KEN,0.6899,37.9531,recipient,4,"Edoovillage #2126 - Kenya, Mwihoko: FRED KISEREM EPILEPTIC F","Kenya, open, 30 students",country
ZAF,-33.92584,18.42322,recipient,15,"Edoovillage #2127 - South Africa, Cape Town: BabesGotBytes","Cape Town, completed, 19 students",city
LBR,6.5201,-9.259,recipient,8,"Edoovillage #2128 - Liberia, Kolbah City: UAOLD Computer Lit","Liberia, completed, 400 students",country
ESP,40.61667,0.6,recipient,0,"Edoovillage #2129 - Spain, Sant Carles de la Ràpita: Càritas","Sant Carles de la Ràpita, open, 10 students",city
MEX,14.90541,-92.25891,recipient,1,"Edoovillage #2130 - Mexico, 30700 Tapachula: Albergue del DI","Tapachula, completed, 40 students",city
MEX,14.90541,-92.25891,recipient,1,"Edoovillage #2131 - Mexico, Tapachula: Albergue Viva México ","Tapachula, completed, 80 students",city
MEX,16.75357,-93.11578,recipient,1,"Edoovillage #2132 - Mexico, Tuxtla: Casa Hogar para adolesce","Tuxtla, open, 40 students",city
GTM,14.55636,-90.7332,recipient,3,"Edoovillage #2133 - Guatemala, La Antigua: Nahual (La Antigu","Antigua Guatemala, completed, 80 students",city
MEX,23.8744,-101.554,recipient,1,"Edoovillage #2134 - Mexico, Puerto Palomas, México: Albergue","Mexico, completed, 40 students",country
USA,33.66946,-117.82311,recipient,0,"Edoovillage #2135 - United States, Irvine: Saddleback Greeti","Irvine, completed, 30 students",city
CMR,4.02356,9.20607,recipient,15,"Edoovillage #2136 - Cameroon, Limbe: SODEI Solidarity and De","Limbe, open, 100 students",city
GBR,52.9536,-1.15047,recipient,10,"Edoovillage #2137 - United Kingdom, Nottingham: Jingah Islan","Nottingham, open, 20 students",city
DEU,51.22172,6.77616,recipient,2,"Edoovillage #2138 - Germany, Düsseldorf: Grundschule Sonnens","Düsseldorf, completed, 2 students",city
MRT,18.08581,-15.9785,recipient,49,"Edoovillage #2139 - Mauritania, Nouakchott: Berufsschule der","Nouakchott, completed, 100 students",city
TZA,-3.35,37.33333,recipient,61,"Edoovillage #2140 - Tanzania, Moshi: Alimentem ments – Creem","Moshi, open, 400 students",city
IND,28.10296,77.00144,recipient,1,"Edoovillage #2141 - India, Nuh: SwaTaleem","Nūh, open, 1000 students",city
DEU,50.73438,7.09549,recipient,1,"Edoovillage #2142 - Germany, Bonn: Kindertagesstätte der eva","Bonn, completed, 42 students",city
COL,6.33732,-75.55795,recipient,0,"Edoovillage #2143 - Colombia, Bello: PoténciaTech","Bello, completed, 10 students",city
GHA,7.9453,-1.2192,recipient,40,"Edoovillage #2144 - Ghana, Nsuoanu: Canee Care Academy | Gha","Ghana, completed, 600 students",country
MAR,34.03313,-5.00028,recipient,2,"Edoovillage #2145 - Morocco, Fes: Association Dar Al Atfal A","Fes, open, 216 students",city
UGA,1.2822,32.3437,recipient,0,"Edoovillage #2146 - Uganda, Naggalama: GLOBAL MUSLIM HIGH SC","Uganda, open, 513 students",country
USA,37.87159,-122.27275,recipient,4,"Edoovillage #2147 - United States, Berkeley  : Dorothy Day H","Berkeley, completed, 30 students",city
GHA,6.04089,-0.45004,recipient,0,"Edoovillage #2148 - Ghana, Suhum: Suhum Islamic Basic School","Suhum, completed, 600 students",city
DEU,50.81854,6.27184,recipient,6,"Edoovillage #2149 - Germany, Eschweiler: Willi-Fährmann-Schu","Eschweiler, completed, 160 students",city
IND,23.5863,81.173,recipient,0,"Edoovillage #2150 - India, Punjab: Socrates International Ac","India, completed, 300 students",country
ETH,12.79881,39.64448,recipient,6,"Edoovillage #2151 - Ethiopia, Woreda Mehoni Town: Raya Schol","Mehoni, completed, 12 students",city
LBR,6.30054,-10.7969,recipient,0,"Edoovillage #2152 - Liberia, Monrovia: Build Liberia Educati","Monrovia, completed, 259 students",city
DEU,51.43218,6.87967,recipient,1,"Edoovillage #2153 - Germany, Mülheim an der Ruhr: MuT Cafés ","Mülheim, completed, 120 students",city
COL,4.1878,-72.6445,recipient,0,"Edoovillage #2154 - Colombia, Bahía Solano: Explora y Aprend","Colombia, open, 570 students",country
USA,38.8208,-96.3316,recipient,12,"Edoovillage #2155 - United States, 6161 NW 9th Avenue: TACOL","United States, open, 30 students",country
UGA,0.66174,30.2748,recipient,0,"Edoovillage #2156 - Uganda, Fort Portal: KARANGURA PEAK MODE","Fort Portal, open, 100 students",city
TGO,8.6607,0.8991,recipient,51,"Edoovillage #2157 - Togo, Agoé Lomé: COMPLEXE SCOLAIRE SAINT","Togo, completed, 28 students",country
TZA,-6.44222,38.90422,recipient,3,"Edoovillage #2158 - Tanzania, Bagamoyo: friends' hands e.V.","Bagamoyo, completed, 45 students",city
DEU,51.083,10.4262,recipient,10,"Edoovillage #2159 - Germany, Rödermark: NFR Netzwerk für Flü","Germany, completed, 60 students",country
DEU,52.52437,13.41053,recipient,2,"Edoovillage #2160 - Germany, Berlin: Elblandbahn e.V.","Berlin, completed, 20 students",city
ZMB,-15.85601,27.748,recipient,2,"Edoovillage #2161 - Zambia, Mazabuka: Internat für Blinde un","Mazabuka, open, 22 students",city
ALB,42.07694,20.42194,recipient,0,"Edoovillage #2163 - Albania, Kukes: Shkolla 9 vjecare 'Riza ","Kukës, open, 435 students",city
KEN,0.6899,37.9531,recipient,32,"Edoovillage #2164 - Kenya, Mshomoroni: Harrisons Primary Sch","Kenya, open, 140 students",country
ESP,42.11667,2.76667,recipient,9,"Edoovillage #2165 - Spain, Banyoles: Fundació Estany","Banyoles, open, 40 students",city
UGA,0.31628,32.58219,recipient,1,"Edoovillage #2166 - Uganda, Kampala: Good Shepherd Child Sup","Kampala, open, 203 students",city
CHE,47.36667,8.55,recipient,0,"Edoovillage #2167 - Switzerland, Zurich: UZH Schnupperprogra","Zürich, completed, 20 students",city
CHE,47.36667,8.55,recipient,0,"Edoovillage #2168 - Switzerland, Zürich: Unia Schule Zürich ","Zürich, open, 24 students",city
IND,11.75617,79.76693,recipient,10,"Edoovillage #2169 - India, Gudalur: Humane Warriors - The Ad","Cuddalore, completed, 74 students",city
IND,23.5863,81.173,recipient,5,"Edoovillage #2170 - India, Tikiapara: H.E.L.G.O. e.V. (Help ","India, open, 140 students",country
NGA,6.33815,5.62575,recipient,37,"Edoovillage #2171 - Nigeria, Benin City:  Home For The Needy","Benin City, open, 4113 students",city
DEU,52.52437,13.41053,recipient,40,"Edoovillage #2172 - Germany, Berlin: FCZB FrauenComputerZent","Berlin, completed, 40 students",city
NGA,7.09316,4.83528,recipient,18,"Edoovillage #2122 - Nigeria, Ondo: Adeyemi College of Educat","Ondo, open, 1500 students",city
ESP,42.18096,2.49012,recipient,4,"Edoovillage #2173 - Spain, Olot: CEPAIM Protecció Internacio","Olot, completed, 32 students",city
ESP,41.23506,1.81193,recipient,7,"Edoovillage #2174 - Spain, Sitges: ACTUA SCCL","Sitges, open, 20 students",city
GRC,39.4201,23.1104,recipient,0,"Edoovillage #2175 - Greece, Lesvos: Lesvos LGBTIQ+ Refugee S","Greece, completed, 30 students",country
DEU,51.083,10.4262,recipient,251,"Edoovillage #2176 - Germany, Hessen: Sammelprojekt Digitale ","Germany, completed, 300 students",country
DEU,52.52437,13.41053,recipient,112,"Edoovillage #2177 - Germany, Berlin: Sammelprojekt Digitale ","Berlin, open, 150 students",city
UGA,0.31628,32.58219,recipient,6,"Edoovillage #2179 - Uganda, Kampala: Supersonic Aviators Clu","Kampala, open, 28 students",city
BOL,-17.78629,-63.18117,recipient,4,"Edoovillage #2178 - Bolivia, Santa Cruz de la Sierra: Techo ","Santa Cruz de la Sierra, open, 100 students",city
BOL,-17.78629,-63.18117,recipient,12,"Edoovillage #2180 - Bolivia, Santa Cruz de la Sierra: FUNDAC","Santa Cruz de la Sierra, open, 30 students",city
BRA,-11.5246,-54.3552,recipient,33,"Edoovillage #2181 - Brazil, João Amazonas: Associação Global","Brazil, open, 60 students",country
NGA,9.6103,8.1477,recipient,3,"Edoovillage #1787 - Nigeria, Adukwu: Embodiments of Love aca","Nigeria, open, 1200 students",country
ECU,-0.22985,-78.52495,recipient,5,"Edoovillage #2182 - Ecuador, Quito: Mushuk Pakari","Quito, completed, 43 students",city
BGR,42.8204,25.2517,recipient,31,"Edoovillage #2183 - Bulgaria, Narechenski Bani / cело Нарече","Bulgaria, completed, 200 students",country
CMR,4.04827,9.70428,recipient,43,"Edoovillage #2184 - Cameroon, Douala: Lycée de Makepe | Afri","Douala, completed, 3604 students",city
SEN,14.71542,-17.27334,recipient,28,"Edoovillage #2185 - Senegal, Cité Tacko Rufisque: Cité Tacko","Rufisque, open, 1200 students",city
GHA,5.55602,-0.1969,recipient,5,"Edoovillage #2186 - Ghana, Accra: TANF Ghana","Accra, completed, 69 students",city
SEN,14.6937,-17.44406,recipient,0,"Edoovillage #2187 - Senegal, DAKAR: CEM Grand-Yoff Dakar (Se","Dakar, completed, 1800 students",city
NAM,-22.55941,17.08323,recipient,24,"Edoovillage #2189 - Namibia, Windhoek: Basketball Artists Sc","Windhoek, open, 50 students",city
BFA,12.36566,-1.53388,recipient,25,"Edoovillage #2190 - Burkina Faso, Ouagadougou: Next Generati","Ouagadougou, completed, 750 students",city
COD,-3.3386,23.4198,recipient,20,"Edoovillage #2191 - Congo (Kinshasa), Walungu: Soma Institut","Congo (Kinshasa), completed, 367 students",country
ESP,41.54026,2.21306,recipient,0,"Edoovillage #2192 - Spain, Mollet del Vallès: Serveis Social","Mollet del Vallès, open, 1000 students",city
LBN,33.89332,35.50157,recipient,55,"Edoovillage #2193 - Lebanon, Beirut:  Ghobeiry Second Mixed ","Beirut, completed, 600 students",city
NGA,9.6103,8.1477,recipient,0,"Edoovillage #2194 - Nigeria, Akwukwu Igbo: Technology Recycl","Nigeria, open, 100 students",country
ESP,41.61667,2.28333,recipient,0,"Edoovillage #2195 - Spain, Canovelles: Fundació Reir - Women","Canovelles, open, 8 students",city
ETH,8.7294,39.9149,recipient,0,"Edoovillage #2196 - Ethiopia, Shewarobit: Ataye Mekoy Highsc","Ethiopia, open, 2100 students",country
UGA,0.31628,32.58219,recipient,2,"Edoovillage #2197 - Uganda, Nsambya Kampala: Lazimanipate Co","Kampala, completed, 20 students",city
ESP,41.38879,2.15899,recipient,0,"Edoovillage #2198 - Spain, Barcelona: Familias del mundo","Barcelona, open, 1 students",city
NAM,-21.9086,18.1645,recipient,2,"Edoovillage #2199 - Namibia, Okakarara: steps for children","Namibia, open, 100 students",country
GHA,6.20228,-1.66796,recipient,25,"Edoovillage #2200 - Ghana, Obuasi: St. Philip's Catholic Sch","Obuase, completed, 850 students",city
GHA,7.9453,-1.2192,recipient,28,"Edoovillage #2201 - Ghana, Drobo: Kindergarden und Schule Dr","Ghana, completed, 230 students",country
DEU,51.083,10.4262,recipient,10,"Edoovillage #2202 - Germany, Fronhausen: Kindergarten ,Kinde","Germany, completed, 112 students",country
GHA,7.9453,-1.2192,recipient,5,"Edoovillage #2204 - Ghana, Offinso - Ayensuaa: Unlock Educat","Ghana, completed, 1000 students",country
TUN,36.81897,10.16579,recipient,44,"Edoovillage #2205 - Tunisia, Tunis: TunisAid-eV_Aid for Tuni","Tunis, open, 35 students",city
CMR,4.6363,9.4469,recipient,25,"Edoovillage #2206 - Cameroon, Kumba: CECDEV Centre for Empow","Kumba, completed, 180 students",city
KEN,-4.2929,39.56404,recipient,10,"Edoovillage #2207 - Kenya, Ukunda, Diani Beach, Kwale: FRIDU","Ukunda, open, 20 students",city
COD,-1.67409,29.22845,recipient,0,"Edoovillage #2208 - Congo (Kinshasa), Goma: Save-Wildlife Co","Goma, open, 300 students",city
DEU,48.13743,11.57549,recipient,13,"Edoovillage #2209 - Germany, München : Medienkompetenzförder","Munich, completed, 50 students",city
ROU,45.8245,25.0942,recipient,50,"Edoovillage #2210 - Romania,  Jilava: Asociatia Casa Buna","Romania, completed, 300 students",country
MAR,34.26479,-5.92598,recipient,6,"Edoovillage #2211 - Morocco, Sidi Slimane: SSB Sidi Slimane","Sidi Slimane, completed, 30 students",city
BIH,44.81694,15.87083,recipient,10,"Edoovillage #2212 - Bosnia and Herzegovina, Bihac: JU OŠ (Gr","Bihać, completed, 480 students",city
UGA,1.2822,32.3437,recipient,9,"Edoovillage #2213 - Uganda, Bala Town Council: Community Dev","Uganda, open, 40 students",country
UGA,1.2822,32.3437,recipient,0,"Edoovillage #2214 - Uganda, Naminya: Naminya R/C primary sch","Uganda, open, 250 students",country
COD,-4.32758,15.31357,recipient,20,"Edoovillage #2215 - Congo (Kinshasa), Kinshasa: Miniis-Chari","Kinshasa, completed, 60 students",city
TZA,-3.36667,36.68333,recipient,0,"Edoovillage #2216 - Tanzania, Arusha: Focus for Youth, Women","Arusha, open, 200 students",city
COD,-4.96589,19.59151,recipient,35,"Edoovillage #2217 - Congo (Kinshasa), Idiofa: College BON BE","Idiofa, completed, 430 students",city
UGA,0.94722,33.11972,recipient,13,"Edoovillage #2218 - Uganda, Kamuli: St. Kizito Primary Schoo","Kamuli, open, 304 students",city
COD,-5.04098,18.81619,recipient,31,"Edoovillage #2219 - Congo (Kinshasa), Kikwit: Institut Ising","Kikwit, completed, 204 students",city
DEU,48.13743,11.57549,recipient,141,"Edoovillage #2220 - Germany, München: Meaalofa Foundation","Munich, completed, 100 students",city
ESP,41.38879,2.15899,recipient,5,"Edoovillage #2221 - Spain, Barcelona: Associació Loles Medra","Barcelona, completed, 5 students",city
TUR,38.9321,35.5689,recipient,0,"Edoovillage #2222 - Turkey, Derkube: IT- und Sprachkurse für","Turkey, open, 15 students",country
TUR,40.26444,29.65306,recipient,0,"Edoovillage #2223 - Turkey, Yenişehir: IT- und Sprachkurse f","Yenişehir, open, 15 students",city
TUR,37.41908,41.33909,recipient,0,"Edoovillage #2224 - Turkey, Midyat: Mor Barsavmo | SOS eV","Midyat, open, 15 students",city
TUR,38.9321,35.5689,recipient,0,"Edoovillage #2225 - Turkey, Turabdin: IT- und Sprachkurse fü","Turkey, open, 15 students",country
TUR,37.41908,41.33909,recipient,0,"Edoovillage #2226 - Turkey, Midyat: Mor Gabriel | SOS eV","Midyat, open, 15 students",city
TUR,38.9321,35.5689,recipient,0,"Edoovillage #2227 - Turkey, Artuklu: IT- und Sprachkurse für","Turkey, open, 15 students",country
NGA,6.45407,3.39467,recipient,54,"Edoovillage #2234 - Nigeria, Lagos: KING CHUKS COLLEGE","Lagos, completed, 269 students",city
GHA,5.6698,-0.01657,recipient,25,"Edoovillage #2235 - Ghana, Tema: CBNI Covenant Business Netw","Tema, completed, 50 students",city
CMR,6.2942,12.9485,recipient,29,"Edoovillage #2236 - Cameroon, Mfou: Église catholique aposto","Cameroon, completed, 45 students",country
UGA,0.18333,30.08333,recipient,14,"Edoovillage #2237 - Uganda, Kasese: RuFI / RIAT Rural Initia","Kasese, open, 80 students",city
UGA,3.02013,30.91105,recipient,4,"Edoovillage #2238 - Uganda, Arua: Arua Youth Development Ini","Arua, open, 385 students",city
UGA,0.18333,30.08333,recipient,13,"Edoovillage #2239 - Uganda, Kasese: Skills Development Centr","Kasese, completed, 284 students",city
GHA,7.9453,-1.2192,recipient,30,"Edoovillage #2240 - Ghana, Bogoso: Insu Catholic KG/Primary ","Ghana, completed, 245 students",country
ESP,41.38879,2.15899,recipient,4,"Edoovillage #2241 - Spain, Barcelona: Casal de Barri de Can ","Barcelona, completed, 27 students",city
DEU,51.50508,7.09654,recipient,11,"Edoovillage #2242 - Germany, Gelsenkirchen: Wohnen in Gelsen","Gelsenkirchen, completed, 40 students",city
KEN,-1.28333,36.81667,recipient,23,"Edoovillage #2243 - Kenya, Nairobi: Queens and Kings of Kibe","Nairobi, completed, 20 students",city
DEU,51.083,10.4262,recipient,14,"Edoovillage #2244 - Germany, Gardelegen: Medienpädagogik Kin","Germany, completed, 80 students",country
DEU,52.52437,13.41053,recipient,26,"Edoovillage #2245 - Germany, Berlin: Deutsch-Afghanische Fre","Berlin, completed, 26 students",city
MWI,-11.01863,33.85746,recipient,13,"Edoovillage #2246 - Malawi, Rumphi: Neue Laptops für das Ros","Rumphi, open, 20 students",city
ZAF,-33.96109,25.61494,recipient,4,"Edoovillage #2247 - South Africa, Port Elizabeth: iFly Aviat","Port Elizabeth, open, 120 students",city
DEU,50.93333,6.95,recipient,11,"Edoovillage #2248 - Germany, Köln: Wipe a tear eV - Home-Sch","Köln, completed, 25 students",city
UGA,0.66174,30.2748,recipient,9,"Edoovillage #2249 - Uganda, Fort Portal:  Kahumuza Primary S","Fort Portal, open, 200 students",city
GHA,7.9453,-1.2192,recipient,25,"Edoovillage #2250 - Ghana, Bosomtwe: Jachie Training Centre ","Ghana, completed, 95 students",country
CMR,6.2942,12.9485,recipient,3,"Edoovillage #2251 - Cameroon, Lobe : Casa de la Cultura i el","Cameroon, open, 52 students",country
ALB,41.32744,19.81866,recipient,35,"Edoovillage #2252 - Albania, Tirana: Prison Fellowship Alban","Tirana, open, 50 students",city
PHL,14.55027,121.03269,recipient,5,"Edoovillage #2253 - Philippines, Makati City: BINHI English ","Makati City, completed, 4000 students",city
KEN,-1.28333,36.81667,recipient,5,"Edoovillage #2254 - Kenya, Nairobi: Childrock Initiative","Nairobi, completed, 10 students",city
COL,4.57937,-74.21682,recipient,9,"Edoovillage #2255 - Colombia, Soacha: Soacha para el futuro","Soacha, open, 100 students",city
UGA,1.2822,32.3437,recipient,0,"Edoovillage #2256 - Uganda, Nakiwate: WCFT We care for them ","Uganda, open, 20 students",country
TGO,6.9,0.63333,recipient,3,"Edoovillage #2257 - Togo, Kpalime: Lyceé de Zomayi","Kpalimé, open, 2011 students",city
SLE,8.64387,-10.9714,recipient,22,"Edoovillage #2258 - Sierra Leone, Koidu: Konokai Technical V","Koidu, completed, 100 students",city
COL,6.33732,-75.55795,recipient,15,"Edoovillage #2259 - Colombia, Bello: IT/Sprachkurse für Kind","Bello, completed, 30 students",city
COL,10.39817,-75.49328,recipient,26,"Edoovillage #2260 - Colombia, Cartagena: IT/Sprachkurse für ","Cartagena, completed, 40 students",city
NAM,-19.57328,18.1003,recipient,1,"Edoovillage #2261 - Namibia, Grootfontein: Kindergarten Hope","Grootfontein, completed, 75 students",city
NAM,-19.57328,18.1003,recipient,0,"Edoovillage #2262 - Namibia, Grootfontein: Behindertenzentru","Grootfontein, open, 75 students",city
GHA,4.93422,-1.71454,recipient,36,"Edoovillage #2263 - Ghana, Sekondi: Adiembra Community | Gha","Sekondi, completed, 576 students",city
NGA,9.6103,8.1477,recipient,27,"Edoovillage #2264 - Nigeria, Orlu: Postulants Formation Hous","Nigeria, open, 100 students",country
URY,-34.90328,-56.18816,recipient,2,"Edoovillage #2265 - Uruguay, Montevideo: ANIMA Bachillerato","Montevideo, open, 150 students",city
UKR,48.92312,24.71248,recipient,11,"Edoovillage #2266 - Ukraine, Iwano-Frankivsk Івано-Франківсь","Ivano-Frankivsk, completed, 25 students",city
ESP,41.38879,2.15899,recipient,0,"Edoovillage #2267 - Spain, Barcelona: Associació Taller Ocup","Barcelona, open, 32 students",city
NGA,9.05785,7.49508,recipient,4,"Edoovillage #2268 - Nigeria, Abuja: Help Ministry Internatio","Abuja, open, 78 students",city
ESP,41.38879,2.15899,recipient,0,"Edoovillage #2269 - Spain, Barcelona: Stop Accidentes","Barcelona, completed, 3000 students",city
GHA,5.53711,-0.69984,recipient,40,"Edoovillage #2270 - Ghana, Agona Nsaba: Nsaba Presbyterian S","Swedru, open, 2456 students",city
BOL,-17.78629,-63.18117,recipient,46,"Edoovillage #2271 - Bolivia, Santa Cruz de la Sierra: ASOCIA","Santa Cruz de la Sierra, completed, 20 students",city
TZA,-3.33333,35.66667,recipient,2,"Edoovillage #2272 - Tanzania, Karatu: Teknon Kindergarten | ","Kiratu, completed, 50 students",city
COD,-4.32758,15.31357,recipient,8,"Edoovillage #2273 - Congo (Kinshasa), Kinshasa: l’Institut d","Kinshasa, open, 1500 students",city
GHA,7.9453,-1.2192,recipient,35,"Edoovillage #2274 - Ghana, Otabilkrom: Assin Otabilkrom D/A ","Ghana, completed, 180 students",country
GHA,4.93422,-1.71454,recipient,25,"Edoovillage #2275 - Ghana, Sekondi: Nana Gyan School Lab | Z","Sekondi, completed, 600 students",city
UGA,0.94722,33.11972,recipient,3,"Edoovillage #2276 - Uganda, Kamuli: Hope for Orphans and rur","Kamuli, open, 200 students",city
ESP,28.2977,-16.538,recipient,49,"Edoovillage #2277 - Spain, GUISSONA: Refugiats d'Ucraïna","Spain, completed, 150 students",country
TZA,-2.51667,32.9,recipient,30,"Edoovillage #2278 - Tanzania, Mwanza: Viktoria Schools","Mwanza, completed, 360 students",city
COD,-3.3386,23.4198,recipient,0,"Edoovillage #2279 - Congo (Kinshasa), Panu: Collège Père Alo","Congo (Kinshasa), completed, 230 students",country
ETH,8.7294,39.9149,recipient,2,"Edoovillage #2280 - Ethiopia, Koladiba: Computers/laptops fo","Ethiopia, open, 3055 students",country
ZAF,-34.4187,19.23446,recipient,9,"Edoovillage #2281 - South Africa, Hermanus: Camphill School ","Hermanus, open, 60 students",city
GMB,13.43833,-16.67806,recipient,2,"Edoovillage #2282 - Gambia, Serekunda: Africa Organics","Serekunda, completed, 2 students",city
LBR,6.5201,-9.259,recipient,38,"Edoovillage #2283 - Liberia, Duazon: Liberia Renaissance Edu","Liberia, completed, 350 students",country
GHA,7.9453,-1.2192,recipient,47,"Edoovillage #2284 - Ghana, Asante-Asamang: Konadu Yiadom Sen","Ghana, open, 2170 students",country
UGA,0.46588,34.09221,recipient,17,"Edoovillage #2285 - Uganda, Busia: Divine Charity Home","Busia, open, 213 students",city
DEU,51.18539,6.44172,recipient,3,"Edoovillage #2286 - Germany, Mönchengladbach: IT für ukraini","Mönchengladbach, completed, 3 students",city
KEN,-1.28333,36.81667,recipient,3,"Edoovillage #2287 - Kenya, Nairobi: CRESS Kenya","Nairobi, completed, 100 students",city
UGA,0.31628,32.58219,recipient,6,"Edoovillage #2288 - Uganda, Kampala: Answerid worldwide","Kampala, open, 500 students",city
UGA,1.2822,32.3437,recipient,0,"Edoovillage #2289 - Uganda, Katakwi : Voice for Humanity Uga","Uganda, open, 20 students",country
ZAF,-28.5536,24.7525,recipient,5,"Edoovillage #2290 - South Africa, Glen Eden: The Kings Child","South Africa, open, 50 students",country
ESP,28.2977,-16.538,recipient,10,"Edoovillage #2291 - Spain, Prats de Lluçanès: LABDOO -EDOOVI","Spain, open, 40 students",country
SEN,14.2289,-14.6109,recipient,5,"Edoovillage #2292 - Senegal, Thillé Boubacar: Centre de Salu","Senegal, completed, 0 students",country
COD,-3.3386,23.4198,recipient,0,"Edoovillage #2293 - Congo (Kinshasa), Kalamu: Fondation Nson","Congo (Kinshasa), completed, 60 students",country
DOM,18.48511,-69.84757,recipient,5,"Edoovillage #2294 - Dominican Republic, Santo Domingo Este: ","Santo Domingo Este, completed, 195 students",city
DEU,50.02627,8.88588,recipient,10,"Edoovillage #2295 - Germany, Rodgau: EDV macht schlau | WISA","Rodgau, completed, 20 students",city
ETH,8.7294,39.9149,recipient,27,"Edoovillage #2296 - Ethiopia, Meki: KIDIST MARIAM WOMEN PROM","Ethiopia, open, 440 students",country
COD,-4.32758,15.31357,recipient,0,"Edoovillage #2297 - Congo (Kinshasa), Kinshasa: GCS MOKANDA ","Kinshasa, open, 481 students",city
COD,-5.04098,18.81619,recipient,20,"Edoovillage #2298 - Congo (Kinshasa), Kikwit: Collège Sadisa","Kikwit, open, 772 students",city
VEN,7.1483,-66.3649,recipient,0,"Edoovillage #2299 - Venezuela, Garcia: CEPOMAR. Programa Pro","Venezuela, open, 1524 students",country
ZAF,-28.5536,24.7525,recipient,10,"Edoovillage #2300 - South Africa, Mpame Mdikana: Educare Mpa","South Africa, open, 50 students",country
ESP,41.47063,2.08611,recipient,5,"Edoovillage #2301 - Spain, Sant Cugat del Vallès: Serveis So","Sant Cugat del Vallès, completed, 1 students",city
COD,-5.04098,18.81619,recipient,24,"Edoovillage #2302 - Congo (Kinshasa), Kikwit: Complexe Scola","Kikwit, open, 450 students",city
MAR,28.6876,-8.8172,recipient,0,"Edoovillage #2303 - Morocco, Tasslent: Acción Geoda","Morocco, open, 362 students",country
TZA,-3.35,37.33333,recipient,13,"Edoovillage #2304 - Tanzania, Moshi: Good Hope Support Organ","Moshi, open, 25 students",city
NGA,6.45407,3.39467,recipient,20,"Edoovillage #2305 - Nigeria, Lagos: Oke-Odo Community Primar","Lagos, completed, 437 students",city
NGA,6.45407,3.39467,recipient,30,"Edoovillage #2306 - Nigeria, Lagos: Community Grammer Second","Lagos, completed, 766 students",city
GRC,37.98376,23.72784,recipient,0,"Edoovillage #2307 - Greece,  Athina : Mazi Housing Project","Athens, open, 23 students",city
UGA,0.31628,32.58219,recipient,0,"Edoovillage #2308 - Uganda, Kampala: Sounds of Hope","Kampala, open, 20 students",city
UGA,1.2822,32.3437,recipient,0,"Edoovillage #2309 - Uganda, Amugu town: Change Lead Agency S","Uganda, open, 20 students",country
UGA,0.43902,33.20317,recipient,5,"Edoovillage #2310 - Uganda, Jinja: Ripples of Hope (formerly","Jinja, completed, 200 students",city
SLE,8.64387,-10.9714,recipient,12,"Edoovillage #2311 - Sierra Leone, Koidu City: Grace Internat","Koidu, completed, 282 students",city
MWI,-13.96692,33.78725,recipient,15,"Edoovillage #2312 - Malawi, Lilongwe: Laptops für DON BOSCO ","Lilongwe, completed, 70 students",city
ESP,41.34618,1.69713,recipient,7,"Edoovillage #2313 - Spain, Vilafranca del Penedès: Recaptaci","Vilafranca del Penedès, completed, 4 students",city
NZL,-36.84853,174.76349,recipient,1,"Edoovillage #2314 - New Zealand, Auckland: Refugees as Survi","Auckland, open, 0 students",city
UGA,0.31628,32.58219,recipient,6,"Edoovillage #2315 - Uganda, Kampala: Artsy Africa Academy | ","Kampala, completed, 12 students",city
DEU,50.93333,6.95,recipient,0,"Edoovillage #2316 - Germany, Köln: Projekt „Cologne Blacks“","Köln, completed, 35 students",city
KHM,12.6992,105.0397,recipient,9,"Edoovillage #2317 - Cambodia, Odambang: Förderverein KNGO Ge","Cambodia, completed, 250 students",country
DEU,51.083,10.4262,recipient,5,"Edoovillage #2318 - Germany, Regenstauf: BRK Bereitschaft Re","Germany, completed, 25 students",country
GMB,13.4286,-15.3834,recipient,19,"Edoovillage #2319 - Gambia, Bafuloto: Mittelschule und Beruf","Gambia, completed, 192 students",country
MWI,-13.129,34.2344,recipient,3,"Edoovillage #2320 - Malawi, Chipoka: Erste Laptops für Chipo","Malawi, open, 600 students",country
UKR,51.50541,31.28656,recipient,342,"Edoovillage #2321 - Ukraine, Tschernihiw Чернігів: IT-Sammel","Chernihiv, completed, 1000 students",city
ESP,28.2977,-16.538,recipient,30,"Edoovillage #2322 - Spain, La Garriga: La Garriga Ucrania Re","Spain, completed, 25 students",country
IND,22.56263,88.36304,recipient,58,"Edoovillage #2323 - India, Kolkata: Global Social India | Su","Kolkata, open, 60 students",city
ESP,41.07663,1.14163,recipient,6,"Edoovillage #2324 - Spain, Salou: CFA Agora Salou -Centre de","Salou, open, 109 students",city
NPL,28.3009,84.1339,recipient,0,"Edoovillage #2325 - Nepal, Gaindakot: NIDISI Bildungsprojekt","Nepal, open, 3 students",country
UGA,0.31628,32.58219,recipient,0,"Edoovillage #2326 - Uganda, Kampala: SOS CHILDRENS VILLAGE |","Kampala, open, 100 students",city
DEU,48.40351,11.74876,recipient,9,"Edoovillage #2327 - Germany, Freising: Anonymous Child in Zu","Freising, completed, 30 students",city
UGA,1.2822,32.3437,recipient,14,"Edoovillage #2328 - Uganda, Nkokonjeru: Aunt Kevin Primary S","Uganda, open, 300 students",country
ESP,28.2977,-16.538,recipient,0,"Edoovillage #2329 - Spain, Garraf: Orfes Can Xarxnet","Spain, open, 11 students",country
SEN,14.2289,-14.6109,recipient,38,"Edoovillage #2330 - Senegal, Sandiara: Camina Senegal","Senegal, open, 268 students",country
ESP,41.54211,2.4445,recipient,4,"Edoovillage #2331 - Spain, Mataró: Institut Les Cinc Sènies","Mataró, completed, 25 students",city
GHA,7.9453,-1.2192,recipient,36,"Edoovillage #2332 - Ghana, Diabenekrom: West Gate ICT Lab Di","Ghana, completed, 200 students",country
PAK,30.1162,69.0884,recipient,9,"Edoovillage #2333 - Pakistan, Pakora : Schulprojekt Pakhora ","Pakistan, completed, 68 students",country
KEN,-1.28333,36.81667,recipient,32,"Edoovillage #2334 - Kenya, Nairobi: Mathare Foundation","Nairobi, open, 3200 students",city
TZA,-6.3558,34.8183,recipient,0,"Edoovillage #2335 - Tanzania, Engosengiu: Community Libraray","Tanzania, open, 90 students",country
UGA,1.08209,34.17503,recipient,15,"Edoovillage #2336 - Uganda, Mbale: Mother's Heart Uganda | G","Mbale, open, 339 students",city
LBN,33.89332,35.50157,recipient,40,"Edoovillage #2337 - Lebanon, Beirut: Lebnon Relief Society |","Beirut, completed, 500 students",city
DEU,51.43218,6.87967,recipient,4,"Edoovillage #2338 - Germany, Mülheim an der Ruhr: Flüchtling","Mülheim, completed, 20 students",city
GHA,7.57127,-1.7087,recipient,44,"Edoovillage #2339 - Ghana, Nkoranza-Bono: Jo Premier Interna","Nkoranza, completed, 685 students",city
ESP,41.38333,2.05,recipient,0,"Edoovillage #2340 - Spain, Sant feliu Llobregat: Casal de jo","Sant Feliu de Llobregat, open, 6 students",city
GHA,7.9453,-1.2192,recipient,34,"Edoovillage #2341 - Ghana, Nsawan Adoagyir: EYE OF THE LORD ","Ghana, completed, 72 students",country
MKD,41.99646,21.43141,recipient,10,"Edoovillage #2342 - Macedonia, Skopje: Elementary School Nev","Skopje, completed, 126 students",city
MKD,41.99646,21.43141,recipient,0,"Edoovillage #2343 - Macedonia, Skopje: Kuzman Josifovski Pit","Skopje, open, 250 students",city
BEN,10.30416,1.37962,recipient,42,"Edoovillage #2344 - Benin, Natitingou: CFL ONG Centre de For","Natitingou, completed, 238 students",city
COD,-4.32758,15.31357,recipient,50,"Edoovillage #2345 - Congo (Kinshasa), Kinshasa: Complexe sco","Kinshasa, completed, 1030 students",city
TZA,-2.51667,32.9,recipient,0,"Edoovillage #2346 - Tanzania, MWANZA: INCLUSIVE  EDUCATION  ","Mwanza, open, 135 students",city
ECU,-0.22985,-78.52495,recipient,3,"Edoovillage #2347 - Ecuador, Quito: TALITA KUMI | Max-Weber-","Quito, completed, 40 students",city
UKR,48.6575,31.2738,recipient,10,"Edoovillage #2348 - Ukraine, Holowetsko Головецько: Holowets","Ukraine, completed, 40 students",country
UKR,48.6575,31.2738,recipient,15,"Edoovillage #2349 - Ukraine, Olewsk Олевськ: Sekundarschule ","Ukraine, completed, 15 students",country
SEN,12.56801,-16.27326,recipient,27,"Edoovillage #2350 - Senegal, Ziguinchor: Ecole Tété Diedhiou","Ziguinchor, completed, 738 students",city
UGA,1.2822,32.3437,recipient,2,"Edoovillage #2351 - Uganda, Massaka: Kyazanga Modern Primary","Uganda, open, 570 students",country
SLE,8.48714,-13.2356,recipient,4,"Edoovillage #2352 - Sierra Leone, Freetown: FOUNDATION FOR A","Freetown, open, 200 students",city
SEN,14.6937,-17.44406,recipient,18,"Edoovillage #2353 - Senegal, Dakar: Ecole Primaire du Point ","Dakar, completed, 200 students",city
SEN,14.6937,-17.44406,recipient,18,"Edoovillage #2354 - Senegal, Dakar: Woman4woman | Jappoo gUG","Dakar, completed, 150 students",city
ESP,41.38879,2.15899,recipient,15,"Edoovillage #2355 - Spain, Barcelona: Fundació Privada Mercè","Barcelona, open, 20 students",city
GHA,7.9453,-1.2192,recipient,10,"Edoovillage #2356 - Ghana, ADA: Returnsburg Academy Ada East","Ghana, open, 30 students",country
TUR,42.02683,35.16253,recipient,10,"Edoovillage #2357 - Turkey, Sinop: Kulturzentrum Sinop","Sinop, completed, 20 students",city
ISR,32.96465,35.496,recipient,0,"Edoovillage #2358 - Israel, Tsfat: Seminar Chasidi of Tsfat","Safed, open, 130 students",city
UGA,0.66174,30.2748,recipient,6,"Edoovillage #2359 - Uganda, Fort Portal City: The ASEI Desig","Fort Portal, open, 20 students",city
DEU,51.5388,7.22572,recipient,18,"Edoovillage #2360 - Germany, Herne: Islamische Gemeinde Hern","Herne, completed, 20 students",city
TUR,41.42639,32.07556,recipient,20,"Edoovillage #2363 - Turkey, Çaycuma: Schule in Çaycuma | Zuk","Çaycuma, completed, 200 students",city
DEU,51.22172,6.77616,recipient,0,"Edoovillage #2364 - Germany, Düsseldorf: Flüchtlinge willkom","Düsseldorf, completed, 1 students",city
UGA,0.69299,34.18085,recipient,15,"Edoovillage #2365 - Uganda, Tororo: Cadires x Tororo","Tororo, completed, 70 students",city
ZAF,-28.5536,24.7525,recipient,8,"Edoovillage #2366 - South Africa, Manenberg: Schule | HIT - ","South Africa, completed, 80 students",country
NPL,28.3009,84.1339,recipient,10,"Edoovillage #2162 - Nepal, Byas: Maya Universe Academy","Nepal, open, 394 students",country
CMR,4.15342,9.24231,recipient,2,"Edoovillage #2188 - Cameroon, Buea: Using Technology To Buil","Buea, open, 21 students",city
ZAF,-28.5536,24.7525,recipient,1,"Edoovillage #2361 - South Africa, Hout Bay: Ausleihpool | HI","South Africa, completed, 2 students",country
UGA,1.2822,32.3437,recipient,0,"Edoovillage #2367 - Uganda, Rugaga: SUCCESS ROOTS NURSERY AN","Uganda, open, 550 students",country
COD,-4.32758,15.31357,recipient,15,"Edoovillage #2368 - Congo (Kinshasa), Kinshasa: C.S. de la P","Kinshasa, completed, 456 students",city
UGA,1.2822,32.3437,recipient,2,"Edoovillage #2369 - Uganda, NAMAYINGO DISTRICT: EBENEZER COM","Uganda, open, 300 students",country
UGA,1.2822,32.3437,recipient,16,"Edoovillage #2370 - Uganda, Kapeke Sub County: Philadelphia ","Uganda, open, 314 students",country
JOR,32.55556,35.85,recipient,0,"Edoovillage #2040 - Jordan, Irbid: Remanson gold for trainin","Irbid, open, 23 students",city
COD,-4.32758,15.31357,recipient,20,"Edoovillage #2095 - Congo (Kinshasa), Kinshasa: COLLEGE SAIN","Kinshasa, completed, 353 students",city
UKR,51.86296,33.4698,recipient,35,"Edoovillage #2371 - Ukraine, Shostka: Charitable Foundation ","Shostka, completed, 50 students",city
UGA,0.44166,33.17917,recipient,23,"Edoovillage #2372 - Uganda, Njeru: P.E.A.C.E Organization","Njeru, open, 120 students",city
IND,13.08784,80.27847,recipient,1,"Edoovillage #2373 - India, Chennai: Indienhilfe Sambia e.V.","Chennai, completed, 1 students",city
UGA,0.43902,33.20317,recipient,1,"Edoovillage #2374 - Uganda, Jinja: First Line Junior School,","Jinja, open, 100 students",city
TON,-21.13683,-175.20114,recipient,146,"Edoovillage #2375 - Tonga, Nuku’alofa: A. Cowley & Sons","Nuku‘alofa, open, 0 students",city
UGA,0.44166,33.17917,recipient,5,"Edoovillage #2376 - Uganda, Njeru: Nurture centre","Njeru, open, 100 students",city
COD,-5.04098,18.81619,recipient,2,"Edoovillage #2362 - Congo (Kinshasa), Kikwit: Institut MADIB","Kikwit, open, 850 students",city
COD,-4.32758,15.31357,recipient,0,"Edoovillage #2377 - Congo (Kinshasa), Kinshasa: Ecole Comple","Kinshasa, open, 250 students",city
COD,-4.32758,15.31357,recipient,0,"Edoovillage #2378 - Congo (Kinshasa), Kinshasa: Ecole Israel","Kinshasa, open, 507 students",city
ZMB,-13.1628,27.7552,recipient,16,"Edoovillage #2379 - Zambia, Kopa: Day secondary school | Sis","Zambia, open, 390 students",country
UGA,1.2822,32.3437,recipient,17,"Edoovillage #2380 - Uganda, Buwakoro: Secondary School Buwak","Uganda, completed, 450 students",country
SLE,8.5613,-11.7866,recipient,22,"Edoovillage #2381 - Sierra Leone, Bo city: UMC Secondary sch","Sierra Leone, completed, 1150 students",country
USA,36.33023,-119.29206,recipient,2,"Edoovillage #2382 - United States, Visalia: Building Hope wi","Visalia, completed, 10 students",city
MNG,47.0864,103.3987,recipient,5,"Edoovillage #2383 - Mongolia, Ulanbaataar: Neue Laptops für ","Mongolia, completed, 250 students",country
ZWE,-17.03333,30.85,recipient,12,"Edoovillage #2384 - Zimbabwe, Mvurwi: Mvurwi High School | S","Mvurwi, completed, 1500 students",city
ETH,9.02497,38.74689,recipient,4,"Edoovillage #2385 - Ethiopia, Addis Ababa: Ilanga Centre Con","Addis Ababa, completed, 80 students",city
ESP,37.18817,-3.60667,recipient,16,"Edoovillage #2386 - Spain, Granada: Azahara Holistic Educati","Granada, completed, 20 students",city
MNG,47.0864,103.3987,recipient,4,"Edoovillage #2387 - Mongolia, Khuvsgulsum: Dorfschule | Deut","Mongolia, open, 200 students",country
COL,10.96854,-74.78132,recipient,0,"Edoovillage #2388 - Colombia, Barranquilla: IT/Sprachkurse f","Barranquilla, completed, 30 students",city
COL,10.89686,-74.886,recipient,0,"Edoovillage #2389 - Colombia, Galapa: IT/Sprachkurse für Kin","Galapa, completed, 30 students",city
ZMB,-13.1628,27.7552,recipient,0,"Edoovillage #2390 - Zambia, Chibombo: Keembe and Kalola Comm","Zambia, open, 750 students",country
GHA,7.9453,-1.2192,recipient,0,"Edoovillage #2391 - Ghana, Assin Darmang: Darmang Catholic J","Ghana, completed, 579 students",country
COD,-5.04098,18.81619,recipient,10,"Edoovillage #2392 - Congo (Kinshasa), Kikwit: Ecole Primaire","Kikwit, completed, 315 students",city
TGO,8.6607,0.8991,recipient,15,"Edoovillage #2393 - Togo, Agomé-Tomégbé: ECOLE PRIMAIRE EVAN","Togo, completed, 100 students",country
DEU,51.43218,6.87967,recipient,0,"Edoovillage #2394 - Germany, Mülheim an der Ruhr: Junior-Uni","Mülheim, completed, 50 students",city
IDN,0.1559,113.9654,recipient,15,"Edoovillage #2395 - Indonesia, Basarat: Schulboot Seenomaden","Indonesia, open, 150 students",country
TZA,-3.33333,35.66667,recipient,0,"Edoovillage #2396 - Tanzania, Karatu: Primary School","Kiratu, open, 270 students",city
DEU,47.6895,9.83247,recipient,2,"Edoovillage #2397 - Germany, Wangen im Allgäu: Ehrenamtliche","Wangen, open, 3 students",city
ESP,41.34618,1.69713,recipient,14,"Edoovillage #2398 - Spain, Vilafranca del Penedès: ACTUA, SC","Vilafranca del Penedès, open, 30 students",city
ESP,40.4165,-3.70256,recipient,25,"Edoovillage #2399 - Spain, Madrid: Sendera es una ONG de coo","Madrid, completed, 40 students",city
ESP,39.47391,-0.37966,recipient,9,"Edoovillage #2400 - Spain, Valencia: La Red Bona Via, nace d","Valencia, open, 45 students",city
CMR,4.15342,9.24231,recipient,0,"Edoovillage #2401 - Cameroon, Buea: Digital Push","Buea, open, 700 students",city
CMR,6.2942,12.9485,recipient,0,"Edoovillage #2402 - Cameroon, Bagangte: Centre d, informatio","Cameroon, open, 1100 students",country
UGA,1.2822,32.3437,recipient,3,"Edoovillage #2403 - Uganda, Bulyasi: GEJJA WOMEN FOUNDATION","Uganda, open, 30 students",country
ZMB,-17.84194,25.85425,recipient,0,"Edoovillage #2404 - Zambia, Livingstone: St Peter's Secondar","Livingstone, open, 263 students",city
ESP,40.4165,-3.70256,recipient,47,"Edoovillage #2405 - Spain, Madrid: People HELP 2021","Madrid, completed, 0 students",city
ESP,40.34582,-3.82487,recipient,10,"Edoovillage #2406 - Spain, Alcorcón: Asociación de Alzheimer","Alcorcón, completed, 52 students",city
DEU,51.43218,6.87967,recipient,8,"Edoovillage #2407 - Germany, Mülheim an der Ruhr: Hölterschu","Mülheim, completed, 404 students",city
TGO,8.6607,0.8991,recipient,67,"Edoovillage #2408 - Togo, Klologo: Mittelschule | Kekeli Tog","Togo, open, 1200 students",country
ESP,28.2977,-16.538,recipient,0,"Edoovillage #2409 - Spain, Olvàn: ESCOLA AMALGAMA-7 VALLDAUR","Spain, open, 53 students",country
NGA,9.6103,8.1477,recipient,20,"Edoovillage #2410 - Nigeria, Ibafo: Save the street child Fo","Nigeria, completed, 45 students",country
UGA,0.66174,30.2748,recipient,12,"Edoovillage #2411 - Uganda, Fort Portal: Seed Community Reli","Fort Portal, completed, 80 students",city
COD,-3.31687,17.38063,recipient,25,"Edoovillage #2412 - Congo (Kinshasa), Bandundu: CFP GRAGLOME","Bandundu Province, completed, 317 students",city
ZAF,-28.5536,24.7525,recipient,4,"Edoovillage #2413 - South Africa, Phillipi: Youth Stand Up P","South Africa, open, 120 students",country
KEN,-1.28333,36.81667,recipient,0,"Edoovillage #2414 - Kenya, Nairobi: Computers For School (C4","Nairobi, open, 300 students",city
UGA,0.18333,30.08333,recipient,0,"Edoovillage #2415 - Uganda, Kasese, 256,: : Rwenzori Youth I","Kasese, open, 40 students",city
ESP,41.38879,2.15899,recipient,2,"Edoovillage #2416 - Spain, Barcelona: Projecte Joves Migrant","Barcelona, completed, 6 students",city
ZMB,-13.1628,27.7552,recipient,0,"Edoovillage #2417 - Zambia, Chibombo: ICT for Girl Children ","Zambia, open, 200 students",country
ISR,31.76904,35.21633,recipient,2,"Edoovillage #2418 - Israel, Jerusalem: Starting now for a be","Jerusalem, completed, 2 students",city
GHA,7.9453,-1.2192,recipient,0,"Edoovillage #2419 - Ghana, Bono Manso: Bono Manso Community ","Ghana, open, 300 students",country
GHA,6.68848,-1.62443,recipient,15,"Edoovillage #2420 - Ghana, Kumasi: FST Jubilee KG | Unafo eV","Kumasi, completed, 283 students",city
GHA,6.68848,-1.62443,recipient,26,"Edoovillage #2421 - Ghana, Kumasi:  Martyrs of Uganda R/C JH","Kumasi, completed, 920 students",city
GMB,13.43833,-16.67806,recipient,0,"Edoovillage #2422 - Gambia, faji kunda-serekunda: Soporte ed","Serekunda, open, 1 students",city
VEN,7.1483,-66.3649,recipient,2,"Edoovillage #2423 - Venezuela, Valle de Kamarata: Centro Cul","Venezuela, open, 936 students",country
DEU,51.44362,7.35258,recipient,1,"Edoovillage #2424 - Germany, Witten: Tagespflege Wiesenviert","Witten, completed, 0 students",city
TZA,-3.36667,36.68333,recipient,0,"Edoovillage #2425 - Tanzania, Arusha: Engosengiu Primary Sch","Arusha, open, 2260 students",city
TZA,-6.16394,39.19793,recipient,20,"Edoovillage #2426 - Tanzania, Zanzibar: Eden International H","Zanzibar, completed, 457 students",city
ZMB,-12.95867,28.63659,recipient,38,"Edoovillage #2427 - Zambia, Ndola:  Ndola chikumbi Primary S","Ndola, open, 1800 students",city
CMR,6.2942,12.9485,recipient,80,"Edoovillage #2428 - Cameroon, Mbankomo: Happi Elite English ","Cameroon, completed, 300 students",country
AGO,-8.83682,13.23432,recipient,49,"Edoovillage #2429 - Angola, Municipio Luanda: Interkulturell","Luanda, completed, 100 students",city
CHE,46.7368,8.2869,recipient,0,"Edoovillage #2430 - Switzerland, Schlieren: Schule Schlieren","Switzerland, completed, 42 students",country
GMB,13.45944,-16.70528,recipient,0,"Edoovillage #2431 - Gambia, Kotu: British International Scho","Kotu, completed, 88 students",city
COD,-3.3386,23.4198,recipient,0,"Edoovillage #2432 - Congo (Kinshasa), Ngaliema: Congo Innova","Congo (Kinshasa), completed, 41 students",country
ESP,41.38879,2.15899,recipient,15,"Edoovillage #2434 - Spain, Barcelona: People HELP Barcelona","Barcelona, open, 100 students",city
ZAF,-25.47512,30.96935,recipient,4,"Edoovillage #2435 - South Africa, Nelspruit: Nourish Eco Vil","Mbombela, open, 100 students",city
COD,-5.04098,18.81619,recipient,26,"Edoovillage #2436 - Congo (Kinshasa), VILLE DE KITWIT: SAINT","Kikwit, completed, 475 students",city
ETH,11.13333,39.63333,recipient,6,"Edoovillage #2437 - Ethiopia, Dessie Town: Woizero Siheen Po","Dessie, open, 995 students",city
ESP,41.38879,2.15899,recipient,0,"Edoovillage #2433 - Spain, BARCELONA: CRAE DE LA COOPERATIVA","Barcelona, completed, 20 students",city
ZMB,-12.95867,28.63659,recipient,27,"Edoovillage #2439 - Zambia, Ndola: Ndola Eden Primary school","Ndola, completed, 540 students",city
ZMB,-12.95867,28.63659,recipient,29,"Edoovillage #2440 - Zambia, Ndola: Ndola  Chikumbi Secondary","Ndola, open, 320 students",city
TUR,39.0882,28.97767,recipient,0,"Edoovillage #2438 - Turkey, Senkoy-Simav: Einklasseschule","Simav, open, 17 students",city
KEN,0.6899,37.9531,recipient,1,"Edoovillage #2441 - Kenya, Sindo: Julius Pancras Youth Group","Kenya, open, 90 students",country
UKR,49.58925,34.55367,recipient,60,"Edoovillage #2442 - Ukraine, Poltawa: Hilfe für ukrainische ","Poltava, completed, 60 students",city
BOL,-16.7312,-64.4521,recipient,0,"Edoovillage #2443 - Bolivia, Beni: Fundación Cultural San Ig","Bolivia, open, 2500 students",country
NGA,9.6103,8.1477,recipient,30,"Edoovillage #2444 - Nigeria, Okagwe Ohafia: Isiama Comprehen","Nigeria, open, 150 students",country
ESP,28.2977,-16.538,recipient,0,"Edoovillage #2445 - Spain, CAPELLADES: mdpcapellades escola ","Spain, completed, 28 students",country
ESP,41.38879,2.15899,recipient,1,"Edoovillage #2446 - Spain, Barcelona: Espacio de aprendizaje","Barcelona, completed, 20 students",city
KEN,0.6899,37.9531,recipient,4,"Edoovillage #2447 - Kenya, Mbita: Rusinga Community based or","Kenya, completed, 130 students",country
GHA,7.9453,-1.2192,recipient,33,"Edoovillage #2448 - Ghana, Ajumako Bisease: Nazareth Prepara","Ghana, completed, 500 students",country
GHA,6.20228,-1.66796,recipient,30,"Edoovillage #2449 - Ghana, Obuasi: Obuasi Senior High Techni","Obuase, completed, 4172 students",city
GHA,7.9453,-1.2192,recipient,30,"Edoovillage #2450 - Ghana, Adum Banso: Efua Obiyaa Memorial ","Ghana, completed, 206 students",country
GHA,7.9453,-1.2192,recipient,30,"Edoovillage #2451 - Ghana, Adum Banso: Adum Banso Catholic s","Ghana, completed, 206 students",country
TZA,-2.51667,32.9,recipient,24,"Edoovillage #2452 - Tanzania, Mwanza: VETA - Mwanza - Comput","Mwanza, completed, 80 students",city
TZA,-3.36667,36.68333,recipient,16,"Edoovillage #2454 - Tanzania, Arusha: Dunia Salama Foundatio","Arusha, open, 270 students",city
SLE,8.48714,-13.2356,recipient,0,"Edoovillage #2453 - Sierra Leone, Freetown: Universal Care f","Freetown, open, 30 students",city
COD,-4.32758,15.31357,recipient,20,"Edoovillage #2455 - Congo (Kinshasa), Kinshasa: UDMAZ Univer","Kinshasa, completed, 800 students",city
TZA,-6.3558,34.8183,recipient,4,"Edoovillage #2456 - Tanzania, Migungani, Arusha:  SATINO Sch","Tanzania, open, 150 students",country
UGA,0.34801,30.65427,recipient,4,"Edoovillage #2458 - Uganda, Rwamwanja : YINNOH: Youth Innova","Rwamwanja Refugee Camp, open, 90 students",city
UGA,1.2822,32.3437,recipient,0,"Edoovillage #2457 - Uganda, Bungokho: Mt. Elgon Self Help Co","Uganda, open, 200 students",country
GHA,7.9453,-1.2192,recipient,16,"Edoovillage #2459 - Ghana, Ghana: Bezaleel Educational Compl","Ghana, completed, 95 students",country
ARM,40.1784,45.0549,recipient,15,"Edoovillage #2460 - Armenia, Arzni: IT/Sprachkurse für Kinde","Armenia, completed, 30 students",country
ARM,40.1784,45.0549,recipient,17,"Edoovillage #2461 - Armenia, Verin Dvin: IT/Sprachkurse für ","Armenia, completed, 40 students",country
UGA,0.31628,32.58219,recipient,20,"Edoovillage #2462 - Uganda, Kampala District: Purple Skills ","Kampala, open, 74 students",city
ESP,41.35967,2.10028,recipient,8,"Edoovillage #2463 - Spain, L’Hospitalet de Llobregat,: Funda","L'Hospitalet de Llobregat, completed, 25 students",city
SEN,14.6937,-17.44406,recipient,45,"Edoovillage #2464 - Senegal, Dakar: E-jicom | Jappoo NRW eV","Dakar, completed, 100 students",city
ZMB,-13.1628,27.7552,recipient,2,"Edoovillage #2465 - Zambia, Simonga: Dorfentwicklungsprojekt","Zambia, completed, 2 students",country
KEN,0.6899,37.9531,recipient,7,"Edoovillage #2466 - Kenya, Akado: FRIENDS OF GOD EMMANU-EL M","Kenya, open, 302 students",country
GHA,7.9453,-1.2192,recipient,40,"Edoovillage #2467 - Ghana, Gomoa Dominase: Africa Youth for ","Ghana, completed, 400 students",country
ESP,40.4165,-3.70256,recipient,27,"Edoovillage #2468 - Spain, Madrid: NINGÚN ALUMNO SIN CONEXIÓ","Madrid, open, 850 students",city
GHA,7.9453,-1.2192,recipient,31,"Edoovillage #2469 - Ghana, Walewale: Hope of Life – Internat","Ghana, completed, 200 students",country
COL,6.05861,-75.50306,recipient,0,"Edoovillage #2060 - Colombia, El Retiro: Trabajo fomento de ","Retiro, open, 40 students",city
ZAF,-25.74486,28.18783,recipient,15,"Edoovillage #2470 - South Africa, Pretoria North: Amandasig ","Pretoria, completed, 500 students",city
IND,23.5863,81.173,recipient,1,"Edoovillage #2471 - India, Barhapur : Gujjar Pathshala","India, open, 30 students",country
GHA,5.53449,-0.41679,recipient,0,"Edoovillage #2472 - Ghana, Kasoa: Everybody Matters Foundati","Kasoa, open, 273 students",city
ZMB,-17.84194,25.85425,recipient,1,"Edoovillage #2473 - Zambia, Livingstone: Tonse childrens edu","Livingstone, open, 200 students",city
DEU,51.083,10.4262,recipient,4,"Edoovillage #2474 - Germany, Taben-Rodt: Pallottiner Jugendh","Germany, completed, 131 students",country
ZWE,-19.45,29.81667,recipient,3,"Edoovillage #2475 - Zimbabwe, Gweru: 16 York Road Lundi Park","Gweru, open, 60 students",city
HTI,18.8835,-72.8929,recipient,38,"Edoovillage #2476 - Haiti, Maissade: Kay Ti Moun KTM | Haiti","Haiti, completed, 193 students",country
BIH,44.1442,17.8347,recipient,26,"Edoovillage #2477 - Bosnia and Herzegovina, Sanski Most: JU ","Bosnia and Herzegovina, completed, 140 students",country
GHA,6.09392,-0.83599,recipient,5,"Edoovillage #2478 - Ghana, Kade: El-Ntiado School Complex","Kade, open, 360 students",city
NGA,9.6103,8.1477,recipient,14,"Edoovillage #2479 - Nigeria, Bariga: Lujames School | Intern","Nigeria, completed, 146 students",country
ESP,41.11905,1.24544,recipient,0,"Edoovillage #2480 - Spain, 43002 TARRAGONA: PROGRAMA REFUGIA","Tarragona, open, 10 students",city
SEN,14.6937,-17.44406,recipient,0,"Edoovillage #2481 - Senegal, Dakar: Institut Al Ihsan","Dakar, open, 150 students",city
ESP,41.35967,2.10028,recipient,0,"Edoovillage #2482 - Spain, L'Hospitalet de Llobregat: Fundac","L'Hospitalet de Llobregat, open, 10 students",city
TUR,36.20655,36.15722,recipient,50,"Edoovillage #2483 - Turkey, Hatay: IT für Schulen im Erdbebe","Antakya, completed, 1000 students",city
GRC,37.98376,23.72784,recipient,108,"Edoovillage #2484 - Greece, Athens: Meaalofa Foundation Athe","Athens, open, 100 students",city
VNM,16.5173,105.9134,recipient,10,"Edoovillage #2485 - Vietnam, Phung Hiep District,: AHAC- Ame","Vietnam, open, 594 students",country
LKA,6.93548,79.84868,recipient,26,"Edoovillage #2486 - Sri Lanka, Colombo,  Mattakkoullia: Colo","Colombo, open, 296 students",city
DEU,51.45342,6.6326,recipient,5,"Edoovillage #2487 - Germany, Moers: AWO Internationales Zent","Moers, completed, 6 students",city
NGA,9.6103,8.1477,recipient,15,"Edoovillage #2488 - Nigeria, Jos South: Back to school Proje","Nigeria, open, 25 students",country
BIH,44.96694,15.94306,recipient,14,"Edoovillage #2489 - Bosnia and Herzegovina, Cazin: JU 'Pedag","Cazin, completed, 1690 students",city
GHA,7.9453,-1.2192,recipient,0,"Edoovillage #2490 - Ghana, Wa: KNOWLEDGE HUB for Kids | THEI","Ghana, open, 150 students",country
COL,4.1878,-72.6445,recipient,4,"Edoovillage #2491 - Colombia, Loma Linda / Santa Sofia: Proj","Colombia, completed, 110 students",country
CHE,46.7368,8.2869,recipient,0,"Edoovillage #2492 - Switzerland, Berikon: Kreisschule Mutsch","Switzerland, completed, 0 students",country
DEU,51.45342,6.6326,recipient,0,"Edoovillage #2493 - Germany, Moers: Interkulturelles Nachbar","Moers, completed, 1 students",city
ZMB,-15.40669,28.28713,recipient,0,"Edoovillage #2494 - Zambia, Lusaka: Twatasha Primary School ","Lusaka, open, 956 students",city
NAM,-22.55941,17.08323,recipient,10,"Edoovillage #2495 - Namibia, Windhoek: Pathway Education Cen","Windhoek, open, 20 students",city
IND,19.07283,72.88261,recipient,0,"Edoovillage #2496 - India, Mumbai: Humane Warriors - M.H Eng","Mumbai, completed, 266 students",city
IND,23.5863,81.173,recipient,0,"Edoovillage #2497 - India, Kaza, Spiti: Humane Warriors - Go","India, completed, 84 students",country
TZA,-2.51667,32.9,recipient,26,"Edoovillage #2498 - Tanzania, Mwanza: SAUT - Engineering and","Mwanza, completed, 100 students",city
DEU,51.083,10.4262,recipient,3,"Edoovillage #2499 - Germany, Kirn: AWO Wohngruppe Kirn","Germany, completed, 10 students",country
UKR,46.63695,32.61458,recipient,27,"Edoovillage #2500 - Ukraine, Cherson: Hilfe für ukrainische ","Kherson, completed, 27 students",city
NPL,27.70169,85.3206,recipient,2,"Edoovillage #2501 - Nepal, Kathmandu: Access Transit Home Ne","Kathmandu, completed, 20 students",city
BOL,-17.78629,-63.18117,recipient,2,"Edoovillage #2502 - Bolivia, Santa Cruz de la Sierra: Barrio","Santa Cruz de la Sierra, open, 60 students",city
LBN,33.89332,35.50157,recipient,7,"Edoovillage #2503 - Lebanon, Beirut: Oxygen Schule im paläst","Beirut, completed, 370 students",city
TUR,38.9321,35.5689,recipient,0,"Edoovillage #2504 - Turkey, Kadıköy: School Reconstruction i","Turkey, open, 25 students",country
MNE,42.45306,18.5375,recipient,0,"Edoovillage #2505 - Montenegro, Herceg Novi: Childrens home ","Herceg Novi, completed, 80 students",city
DEU,51.7683,7.44379,recipient,1,"Edoovillage #2506 - Germany, Lüdinghausen: Unterstützung von","Lüdinghausen, completed, 0 students",city
NAM,-21.9086,18.1645,recipient,7,"Edoovillage #2507 - Namibia, Witvlei: Nossob Combined School","Namibia, open, 850 students",country
IND,27.85161,75.27384,recipient,0,"Edoovillage #2508 - India, Nawalgarh: Rajesh Jangid tourist ","Nawalgarh, open, 25 students",city
UGA,1.2822,32.3437,recipient,2,"Edoovillage #2510 - Uganda, Butanza: Whakaako Katikamu | Bis","Uganda, open, 15 students",country
ROU,45.8245,25.0942,recipient,20,"Edoovillage #2511 - Romania, Cihei: Whakaako Chihei | Bisona","Romania, completed, 15 students",country
NPL,27.58466,85.52122,recipient,20,"Edoovillage #2512 - Nepal, Panauti: Rangeen Home Nepal","Panauti, open, 75 students",city
NGA,9.6103,8.1477,recipient,10,"Edoovillage #2513 - Nigeria, Uboji-Ngwo: Canaan School Uboji","Nigeria, completed, 158 students",country
DEU,50.36463,8.73859,recipient,32,"Edoovillage #2514 - Germany, Bad Nauheim: Ukrainehilfe der S","Bad Nauheim, completed, 32 students",city
DEU,51.43218,6.87967,recipient,11,"Edoovillage #2509 - Germany, Mülheim an der Ruhr: Digital Di","Mülheim, completed, 10 students",city
UGA,1.08209,34.17503,recipient,9,"Edoovillage #2515 - Uganda, Mbale City: Parental Child Care","Mbale, open, 48 students",city
NPL,28.3009,84.1339,recipient,8,"Edoovillage #2516 - Nepal, Shreechaur-Okhaldhunga:  SHREE CH","Nepal, open, 165 students",country
GHA,7.9453,-1.2192,recipient,25,"Edoovillage #2517 - Ghana, Akim-Takrowase: Takrowase Technic","Ghana, completed, 400 students",country
DZA,36.2674,6.50135,recipient,0,"Edoovillage #2518 - Algeria, Smara: Escuela de secundària Ab","Aïn Smara, open, 750 students",city
DZA,36.2674,6.50135,recipient,1,"Edoovillage #2519 - Algeria, Smara: Centro de juventud del c","Aïn Smara, open, 400 students",city
DZA,36.2674,6.50135,recipient,2,"Edoovillage #2520 - Algeria, Smara: Escuela Valencia. Campam","Aïn Smara, completed, 498 students",city
DZA,36.2674,6.50135,recipient,1,"Edoovillage #2521 - Algeria, Smara: Escuela Simón Bolívar. C","Aïn Smara, open, 456 students",city
CMR,9.75574,13.9647,recipient,25,"Edoovillage #2522 - Cameroon, Figuil: Figuil Government High","Figuil, completed, 2000 students",city
DEU,51.083,10.4262,recipient,8,"Edoovillage #2523 - Germany, Alpen: Flüchtlingshilfe Alpen e","Germany, completed, 25 students",country
COD,-3.3386,23.4198,recipient,0,"Edoovillage #2525 - Congo (Kinshasa), Kikiwit: Lycée Techniq","Congo (Kinshasa), open, 205 students",country
ESP,41.38879,2.15899,recipient,0,"Edoovillage #2526 - Spain, Barcelona: Institut Tecnològic de","Barcelona, open, 500 students",city
TZA,-3.36667,36.68333,recipient,1,"Edoovillage #2527 - Tanzania, Arusha: Cultural Tourism Proje","Arusha, open, 200 students",city
ROU,45.12619,25.73496,recipient,14,"Edoovillage #2528 - Romania, Municipiul Câmpina: Adamant Int","Câmpina, completed, 60 students",city
COG,-0.7294,14.8797,recipient,30,"Edoovillage #2529 - Congo (Brazzaville), Talangaï: GROUPE SC","Congo (Brazzaville), open, 740 students",country
BIH,43.84864,18.35644,recipient,0,"Edoovillage #2530 - Bosnia and Herzegovina, 71000 Sarajevo: ","Sarajevo, open, 250 students",city
KEN,-4.05466,39.66359,recipient,11,"Edoovillage #2532 - Kenya, Mombasa: Kenia Strahlende Kindera","Mombasa, completed, 300 students",city
UKR,48.46664,35.04066,recipient,246,"Edoovillage #2533 - Ukraine, Dnipro: Sammelprojekt Waisenhäu","Dnipro, completed, 2560 students",city
MNG,47.0864,103.3987,recipient,0,"Edoovillage #2534 - Mongolia, Selenge province: Zuunburen El","Mongolia, completed, 850 students",country
KEN,-2.27169,40.90201,recipient,4,"Edoovillage #2535 - Kenya, Lamu:  Desarrollo Infantil - AFRI","Lamu, completed, 21 students",city
SEN,14.2289,-14.6109,recipient,25,"Edoovillage #2536 - Senegal, Taïf:  Lycée Serigne | SenGerma","Senegal, completed, 917 students",country
UGA,0.31628,32.58219,recipient,0,"Edoovillage #2537 - Uganda, Kampala: Junior Achievement Ugan","Kampala, open, 1000 students",city
UGA,-0.33379,31.73409,recipient,23,"Edoovillage #2538 - Uganda, Masaka City: St. Andrew’s Vocati","Masaka, open, 187 students",city
UGA,0.05621,32.47949,recipient,32,"Edoovillage #2539 - Uganda, Kajjansi - Entebbe: Makarios Sch","Entebbe, completed, 117 students",city
ESP,40.4165,-3.70256,recipient,18,"Edoovillage #2540 - Spain, Madrid: Netwomening. Helping wome","Madrid, open, 70 students",city
BDI,-3.2613,29.8852,recipient,5,"Edoovillage #2541 - Burundi, Maramvya: Beracah Holy Temple c","Burundi, completed, 20 students",country
UGA,0.18333,30.08333,recipient,4,"Edoovillage #2544 - Uganda, Kasese: Trust Skills Initiative","Kasese, open, 150 students",city
GHA,5.55602,-0.1969,recipient,25,"Edoovillage #2545 - Ghana, Accra: SCEF Street Children Empow","Accra, completed, 50 students",city
BOL,-17.78629,-63.18117,recipient,10,"Edoovillage #2546 - Bolivia, Santa Cruz de la Sierra: Mano A","Santa Cruz de la Sierra, completed, 40 students",city
BOL,-17.78629,-63.18117,recipient,13,"Edoovillage #2547 - Bolivia, Santa Cruz de la Sierra: FULIEB","Santa Cruz de la Sierra, completed, 100 students",city
TZA,-2.51667,32.9,recipient,10,"Edoovillage #2548 - Tanzania, Mwanza: Igelegele Secondary Sc","Mwanza, completed, 1200 students",city
TZA,-2.51667,32.9,recipient,14,"Edoovillage #2549 - Tanzania, Mwanza: Mitzkits - Mwanza","Mwanza, completed, 100 students",city
CMR,4.075,9.36005,recipient,25,"Edoovillage #2550 - Cameroon, Tiko: Dunamis Comprehensive Co","Tiko, completed, 1080 students",city
NPL,28.3009,84.1339,recipient,0,"Edoovillage #2524 - Nepal, Khoramukh: Community Library Khor","Nepal, completed, 200 students",country
KEN,0.28422,34.75229,recipient,39,"Edoovillage #2551 - Kenya, Kakamega: RUSH Academy Kenya | He","Kakamega, open, 470 students",city
ZMB,-12.95867,28.63659,recipient,26,"Edoovillage #2552 - Zambia, Ndola: Lumano Secondary & Pimary","Ndola, open, 1620 students",city
COD,-1.67409,29.22845,recipient,0,"Edoovillage #2554 - Congo (Kinshasa), Goma : Computer Scienc","Goma, open, 2657 students",city
KEN,-1.28333,36.81667,recipient,7,"Edoovillage #2555 - Kenya, Nairobi: Soweto Youth Initiative","Nairobi, open, 500 students",city
UGA,0.31628,32.58219,recipient,15,"Edoovillage #2556 - Uganda, Kampala: Milele Foundation","Kampala, open, 20 students",city
UGA,0.31628,32.58219,recipient,0,"Edoovillage #2557 - Uganda, Kampala: Tavia School Uganda","Kampala, open, 50 students",city
PAK,31.41554,73.08969,recipient,9,"Edoovillage #2543 - Pakistan, Faisalabad: AlBarkat Grammar G","Faisalabad, open, 310 students",city
TZA,-3.36667,36.68333,recipient,8,"Edoovillage #2558 - Tanzania, Arusha: TWENDE NA STEM | CHANG","Arusha, open, 10 students",city
AFG,34.52813,69.17233,recipient,22,"Edoovillage #2559 - Afghanistan, Kabul: Polikliniken in Dogh","Kabul, open, 22 students",city
GHA,7.9453,-1.2192,recipient,4,"Edoovillage #2560 - Ghana, Nkonsia: Nkonsia presby primary A","Ghana, open, 350 students",country
GMB,13.4286,-15.3834,recipient,0,"Edoovillage #2561 - Gambia, Ghana Town: Kids are the world, ","Gambia, completed, 97 students",country
ESP,28.2977,-16.538,recipient,1,"Edoovillage #2562 - Spain, Gironella: IES Pere Fontdevila","Spain, open, 12 students",country
GHA,5.79473,0.89728,recipient,20,"Edoovillage #2563 - Ghana, Anloga District: Bambiland Montes","Anloga, open, 140 students",city
TZA,-6.3558,34.8183,recipient,24,"Edoovillage #2564 - Tanzania, Matema: Sigrid Secondary Schoo","Tanzania, completed, 350 students",country
COD,-5.04098,18.81619,recipient,0,"Edoovillage #2565 - Congo (Kinshasa), Kikwit: Institut Kilok","Kikwit, open, 450 students",city
GHA,7.9453,-1.2192,recipient,25,"Edoovillage #2566 - Ghana, Datano: Community school project","Ghana, completed, 294 students",country
TGO,8.6607,0.8991,recipient,30,"Edoovillage #2567 - Togo, Agou: LETP–AGOU Lycée d’Enseigneme","Togo, completed, 607 students",country
UGA,1.2822,32.3437,recipient,3,"Edoovillage #2568 - Uganda, Forua: Score Beyond Leadership O","Uganda, open, 1000 students",country
KEN,-1.28333,36.81667,recipient,9,"Edoovillage #2569 - Kenya, Nairobi: Millbrook Kyeeko Girls H","Nairobi, open, 42 students",city
HTI,19.75938,-72.19815,recipient,4,"Edoovillage #2570 - Haiti, Cap-Haitien: Institut Notre Dame ","Cap-Haïtien, completed, 3 students",city
IND,14.67784,77.60813,recipient,31,"Edoovillage #2571 - India, Anantapur  A.P.  India: Bharat Vi","Anantapur, open, 150 students",city
ZMB,-12.95867,28.63659,recipient,30,"Edoovillage #2572 - Zambia, Ndola: KAMBOWA COMBINED SCHOOL, ","Ndola, completed, 1284 students",city
SEN,14.2289,-14.6109,recipient,25,"Edoovillage #2573 - Senegal, Fimela: Keur Yakaar | SenGerman","Senegal, completed, 75 students",country
KEN,3.71363,34.8572,recipient,48,"Edoovillage #2574 - Kenya, Kakuma: Creative Kakuma – A new w","Kakuma, completed, 300 students",city
CMR,6.2942,12.9485,recipient,45,"Edoovillage #2575 - Cameroon, Batoke: GHS BATOKE | Community","Cameroon, completed, 1300 students",country
MNG,47.0864,103.3987,recipient,13,"Edoovillage #2576 - Mongolia, Khuld sumu: Khuld elementary s","Mongolia, open, 200 students",country
DOM,19.79344,-70.6884,recipient,19,"Edoovillage #2577 - Dominican Republic, Puerto Plata: Stiftu","Puerto Plata, completed, 620 students",city
BDI,-3.38193,29.36142,recipient,37,"Edoovillage #2578 - Burundi, Bujumbura: Youth Empowerment th","Bujumbura, completed, 1250 students",city
COD,-4.96589,19.59151,recipient,26,"Edoovillage #2579 - Congo (Kinshasa), Idiofa: Orphélinat Pro","Idiofa, completed, 360 students",city
MWI,-11.01863,33.85746,recipient,9,"Edoovillage #2580 - Malawi, Rumphi: St. Denis Grundschule un","Rumphi, open, 4250 students",city
TZA,-2.51667,32.9,recipient,20,"Edoovillage #2581 - Tanzania, Mwanza: Montessori - Secondary","Mwanza, completed, 1000 students",city
ZMB,-15.40669,28.28713,recipient,6,"Edoovillage #2582 - Zambia, Lusaka: Kizito Secondary School ","Lusaka, open, 100 students",city
BEN,9.503,2.3057,recipient,0,"Edoovillage #2583 - Benin, OUDAH: Ècole d’artisanat de Ouéga","Benin, open, 0 students",country
NGA,4.77742,7.0134,recipient,1,"Edoovillage #2584 - Nigeria, Port-Harcourt: Creative Skills ","Port Harcourt, open, 1000 students",city
ZAF,-28.5536,24.7525,recipient,12,"Edoovillage #2585 - South Africa, Xitlhelani Village: Xitlhe","South Africa, open, 600 students",country
UGA,0.43902,33.20317,recipient,16,"Edoovillage #2586 - Uganda, Jinja: Kidron christian nursery ","Jinja, open, 185 students",city
GHA,9.40079,-0.8393,recipient,10,"Edoovillage #2587 - Ghana, Tamale: The little way Roman Cath","Tamale, completed, 178 students",city
DEU,50.21773,8.26679,recipient,60,"Edoovillage #2588 - Germany, Idstein: FHI Flüchtlingshilfe I","Idstein, completed, 60 students",city
GHA,4.89816,-1.76029,recipient,30,"Edoovillage #2589 - Ghana, Takoradi: Bishop Essuah Memorial ","Takoradi, completed, 730 students",city
CMR,5.9597,10.14597,recipient,24,"Edoovillage #2590 - Cameroon, Bamenda: Vocational training i","Bamenda, completed, 100 students",city
SEN,14.6937,-17.44406,recipient,25,"Edoovillage #2591 - Senegal, Dakar: Grundschule Point E | Se","Dakar, completed, 40 students",city
SEN,14.6937,-17.44406,recipient,30,"Edoovillage #2592 - Senegal, Dakar: Ecole élémentaire Cheikh","Dakar, completed, 518 students",city
TZA,-6.3558,34.8183,recipient,0,"Edoovillage #2593 - Tanzania, Karagwe: MUDECO","Tanzania, open, 126 students",country
ZAF,-25.47288,28.09919,recipient,6,"Edoovillage #2594 - South Africa, Soshanguve : Reitumetse Hi","Soshanguve, open, 1120 students",city
TZA,-2.51667,32.9,recipient,10,"Edoovillage #2595 - Tanzania, Mwanza: Urafiki Girls Organisa","Mwanza, open, 170 students",city
UKR,48.98616,37.80307,recipient,20,"Edoovillage #2596 - Ukraine, Lyman: Educational and counseli","Lyman, completed, 386 students",city
KEN,-1.47612,36.96144,recipient,1,"Edoovillage #2597 - Kenya, Kitengela: Stay Alliance Angaza |","Kitengela, open, 5 students",city
CMR,3.86667,11.51667,recipient,34,"Edoovillage #2598 - Cameroon, Yaoundé: Trinity Foundation Ca","Yaoundé, completed, 875 students",city
LKA,7.6966,80.6693,recipient,14,"Edoovillage #2599 - Sri Lanka, Kamburugamuwa: Sri Lanka – Sc","Sri Lanka, completed, 100 students",country
GHA,7.9453,-1.2192,recipient,32,"Edoovillage #2600 - Ghana, Greater-Accra: FAITHWAY SCHOOL | ","Ghana, completed, 425 students",country
ALB,41.32744,19.81866,recipient,20,"Edoovillage #2601 - Albania, Tirana: IT/Sprachkurse für Kind","Tirana, completed, 30 students",city
COL,4.60971,-74.08175,recipient,10,"Edoovillage #2603 - Colombia, Bogotá: Asociación Catolica So","Bogotá, completed, 30 students",city
CMR,4.6363,9.4469,recipient,20,"Edoovillage #2604 - Cameroon, Kumba: Humanity First Vocation","Kumba, completed, 375 students",city
COD,-3.31687,17.38063,recipient,15,"Edoovillage #2605 - Congo (Kinshasa), Ville de Bandundu: Ass","Bandundu Province, completed, 75 students",city
GHA,6.20228,-1.66796,recipient,30,"Edoovillage #2606 - Ghana, Obuasi: CHRIST THE KING CATHOLIC ","Obuase, completed, 1425 students",city
UGA,0.225,32.31361,recipient,8,"Edoovillage #2607 - Uganda, Mpigi: Kusuubira Women Foundatio","Mpigi, open, 60 students",city
UKR,50.45466,30.5238,recipient,20,"Edoovillage #2608 - Ukraine, Kiev: Hilfe für ukrainische Sch","Kyiv, completed, 20 students",city
DEU,53.55073,9.99302,recipient,6,"Edoovillage #2553 - Germany, Hamburg: Temporäre Lerngruppe W","Hamburg, completed, 6 students",city
LKA,7.6966,80.6693,recipient,61,"Edoovillage #2609 - Sri Lanka, Kiranthidiya: Schulneugründun","Sri Lanka, open, 25 students",country
COD,3.25651,19.77234,recipient,30,"Edoovillage #2542 - Congo (Kinshasa), Gemena: Institut Papa ","Gemena, completed, 627 students",city
GHA,5.69775,-0.32824,recipient,1,"Edoovillage #2610 - Ghana, Ashaiman,: ICT Class for primary-","Atsiaman, open, 25 students",city
CMR,6.2942,12.9485,recipient,2,"Edoovillage #2611 - Cameroon, AKWAYA, MANYU DIVISION: GHS AK","Cameroon, open, 100 students",country
NGA,5.82917,7.35056,recipient,127,"Edoovillage #2612 - Nigeria, Umulolo Okigwe: Swiss Internati","Okigwe, completed, 240 students",city
KEN,0.6899,37.9531,recipient,8,"Edoovillage #2613 - Kenya, Rabour: AGBEL SELF HELP GROUP","Kenya, completed, 75 students",country
DOM,18.94498,-69.79331,recipient,0,"Edoovillage #2614 - Dominican Republic, Sabana Grande de Boy","Sabana Grande de Boyá, completed, 50 students",city
DOM,18.94498,-69.79331,recipient,51,"Edoovillage #2615 - Dominican Republic, Sabana Grande de Boy","Sabana Grande de Boyá, completed, 306 students",city
CMR,5.9597,10.14597,recipient,0,"Edoovillage #2616 - Cameroon, Bamenda: CEMASUD ICT Skills Pr","Bamenda, completed, 50 students",city
UKR,49.98177,36.25475,recipient,7,"Edoovillage #2617 - Ukraine, Kharkiv: University of Kharkiv ","Kharkiv, completed, 28 students",city
UKR,46.48572,30.74383,recipient,3,"Edoovillage #2618 - Ukraine, Odessa: University of Odessa | ","Odesa, completed, 20 students",city
NPL,28.3009,84.1339,recipient,0,"Edoovillage #2619 - Nepal, Koteshwor: Peace for People","Nepal, completed, 300 students",country
DEU,51.52392,6.9285,recipient,5,"Edoovillage #2620 - Germany, Bottrop: AWO Kindertageseinrich","Bottrop, completed, 25 students",city
DEU,51.43218,6.87967,recipient,17,"Edoovillage #2621 - Germany, Mülheim an der Ruhr: Der Kinder","Mülheim, completed, 17 students",city
NAM,-22.55941,17.08323,recipient,27,"Edoovillage #2622 - Namibia, Windhoek: NISE for hearing Impa","Windhoek, completed, 155 students",city
BIH,43.84864,18.35644,recipient,20,"Edoovillage #2623 - Bosnia and Herzegovina, Sarajevo: Primar","Sarajevo, completed, 1050 students",city
MAR,32.6852,-4.74512,recipient,23,"Edoovillage #2624 - Morocco, Midelt: Le projet du centre vis","Midelt, open, 40 students",city
DEU,51.22172,6.77616,recipient,9,"Edoovillage #2625 - Germany, Düsseldorf: Mongolische Soyol S","Düsseldorf, open, 77 students",city
ESP,41.11905,1.24544,recipient,0,"Edoovillage #2626 - Spain, Tarragona: Associació Quilómetre ","Tarragona, open, 100 students",city
UKR,50.45466,30.5238,recipient,5,"Edoovillage #2627 - Ukraine, Kiev: University of Kiev | Ärzt","Kyiv, completed, 20 students",city
PER,-8.5227,-74.1142,recipient,0,"Edoovillage #2628 - Peru, Lamay: ONG Mirades del Món","Peru, open, 36 students",country
GIN,9.53795,-13.67729,recipient,30,"Edoovillage #2629 - Guinea, Conakry: Groupe scolaire ELOUK 2","Conakry, completed, 625 students",city
GHA,5.55602,-0.1969,recipient,0,"Edoovillage #2630 - Ghana, Accra: Kiwix4schools Project - Op","Accra, completed, 800 students",city
BDI,-3.2613,29.8852,recipient,35,"Edoovillage #2631 - Burundi, Mutanga Nord: CENTRE JOSEPH ENG","Burundi, open, 1250 students",country
LBN,33.9116,35.8965,recipient,23,"Edoovillage #2632 - Lebanon, Deir el Ahmar: Our Lady of the ","Lebanon, open, 500 students",country
DEU,50.11552,8.68417,recipient,20,"Edoovillage #2633 - Germany, Frankfurt am Main: Übergangshei","Frankfurt am Main, completed, 30 students",city
KEN,0.6899,37.9531,recipient,2,"Edoovillage #2634 - Kenya, Mbita: Early Bird Educational Cen","Kenya, open, 126 students",country
UGA,0.31628,32.58219,recipient,3,"Edoovillage #2635 - Uganda, Kampala: Makerere University |  ","Kampala, completed, 3 students",city
COD,-6.41621,20.79995,recipient,30,"Edoovillage #2636 - Congo (Kinshasa), Tshikapa: Complexe sco","Tshikapa, completed, 780 students",city
IND,24.69808,84.9869,recipient,19,"Edoovillage #2637 - India, Bodhgaya: Electronic devices shar","Bodh Gaya, open, 1950 students",city
UGA,0.18333,30.08333,recipient,5,"Edoovillage #2638 - Uganda, Kasese Municipality: Young Agro-","Kasese, open, 105 students",city
UGA,0.18333,30.08333,recipient,15,"Edoovillage #2639 - Uganda, Kasese Municipality: Lesaju Fami","Kasese, open, 45 students",city
GHA,6.09408,-0.25913,recipient,29,"Edoovillage #2641 - Ghana, Koforidua: Nana Kwaku Boateng MA ","Koforidua, completed, 480 students",city
ESP,40.4165,-3.70256,recipient,0,"Edoovillage #2642 - Spain, Madrid: Colegio La Natividad. Fin","Madrid, open, 160 students",city
KEN,-4.05466,39.66359,recipient,5,"Edoovillage #2643 - Kenya, Mombasa: Glee Needy School","Mombasa, open, 350 students",city
ESP,28.2977,-16.538,recipient,0,"Edoovillage #2644 - Spain, Muxika: Euleuk Elkartea","Spain, open, 37 students",country
NGA,6.33815,5.62575,recipient,3,"Edoovillage #2645 - Nigeria, Benin City: Ihogbe College ICT ","Benin City, open, 120 students",city
ESP,41.38879,2.15899,recipient,1,"Edoovillage #2646 - Spain, Barcelona: Centre ajuda i recolza","Barcelona, open, 10 students",city
NPL,27.70169,85.3206,recipient,2,"Edoovillage #2647 - Nepal, Kathmandu: Ausleihpool für Studie","Kathmandu, open, 2 students",city
ESP,41.34618,1.69713,recipient,24,"Edoovillage #2648 - Spain, Vilafranca del Penedès: Actua  SC","Vilafranca del Penedès, open, 24 students",city
SLV,13.758,-88.8591,recipient,12,"Edoovillage #2649 - El Salvador, Ciudad Credisa: Freundeskre","El Salvador, open, 100 students",country
DEU,48.13743,11.57549,recipient,6,"Edoovillage #2650 - Germany, München: mosaik kindertreff","Munich, completed, 70 students",city
ESP,41.38879,2.15899,recipient,0,"Edoovillage #2651 - Spain, barcelona: Suport a refugiats Ukr","Barcelona, open, 2 students",city
UGA,1.08209,34.17503,recipient,5,"Edoovillage #2652 - Uganda, Mbale: Kwa Moyo eV","Mbale, open, 240 students",city
NGA,9.05785,7.49508,recipient,0,"Edoovillage #2653 - Nigeria, Abuja: Glorious Vision TAC Inte","Abuja, completed, 139 students",city
KEN,-1.28333,36.81667,recipient,0,"Edoovillage #2654 - Kenya, Nairobi: Aswani Project of Hope","Nairobi, open, 205 students",city
GHA,5.55602,-0.1969,recipient,25,"Edoovillage #2655 - Ghana, Accra: St. Mary's Senior High Sch","Accra, open, 1669 students",city
NGA,5.48363,7.03325,recipient,0,"Edoovillage #2656 - Nigeria, Owerri: Holy Ghost College","Owerri, completed, 800 students",city
CMR,5.9597,10.14597,recipient,6,"Edoovillage #2657 - Cameroon, Bamenda: Xhuma Africa Peace Ed","Bamenda, completed, 50 students",city
GHA,7.9453,-1.2192,recipient,30,"Edoovillage #2658 - Ghana, Ajumako: Ajumako Methodist Basic ","Ghana, completed, 600 students",country
GHA,7.9453,-1.2192,recipient,30,"Edoovillage #2659 - Ghana, Manso Amenfi: MANSO AMENFI CATHOL","Ghana, completed, 644 students",country
COD,-4.32758,15.31357,recipient,25,"Edoovillage #2660 - Congo (Kinshasa), Kinshasa: Heures Clair","Kinshasa, completed, 60 students",city
ZAF,-33.64651,19.44852,recipient,15,"Edoovillage #1563 - South Africa, Worcester: YWAM Worcester ","Worcester, open, 20 students",city
CMR,5.12181,9.96143,recipient,35,"Edoovillage #2661 - Cameroon, Melong: Amicale de Solidarité ","Melong, open, 665 students",city
NAM,-21.9086,18.1645,recipient,15,"Edoovillage #2662 - Namibia, Kalkfeld: Primary School Garden","Namibia, open, 80 students",country
ESP,41.38879,2.15899,recipient,2,"Edoovillage #2663 - Spain, Barcelona: CEHDA- Associació per ","Barcelona, open, 340 students",city
NGA,9.6103,8.1477,recipient,20,"Edoovillage #2664 - Nigeria, OSISIOMA NGWA LGA: Formation Ho","Nigeria, completed, 30 students",country
NGA,9.6103,8.1477,recipient,15,"Edoovillage #2665 - Nigeria, INCLA: Institute of Consecrated","Nigeria, completed, 30 students",country
NGA,9.6103,8.1477,recipient,40,"Edoovillage #2666 - Nigeria, INCLA: MIGI German school | Mis","Nigeria, completed, 50 students",country
NGA,9.6103,8.1477,recipient,47,"Edoovillage #2667 - Nigeria, Maryland Nekede: Claretian Univ","Nigeria, open, 300 students",country
DEU,50.01997,8.69611,recipient,13,"Edoovillage #2668 - Germany, Dreieich: We Can - Tagesmütter ","Dreieich, completed, 13 students",city
DEU,50.34891,9.52532,recipient,17,"Edoovillage #2669 - Germany, Schlüchtern: Sprachbrücke | Mal","Schlüchtern, completed, 20 students",city
UKR,48.92312,24.71248,recipient,42,"Edoovillage #2670 - Ukraine, Ivano-Frankivsk: Schulen in Iva","Ivano-Frankivsk, completed, 26 students",city
FRA,46.6424,2.194,recipient,22,"Edoovillage #2671 - France, Briançon: Association EKO!","France, open, 25 students",country
GRC,37.98376,23.72784,recipient,0,"Edoovillage #2672 - Greece, Athens: Better Days, Gekko Educa","Athens, open, 30 students",city
GRC,37.98376,23.72784,recipient,0,"Edoovillage #2673 - Greece, Athens: Faros","Athens, open, 15 students",city
GRC,37.98376,23.72784,recipient,0,"Edoovillage #2674 - Greece, Athens: Projekt Odysseas","Athens, open, 15 students",city
GRC,39.4201,23.1104,recipient,0,"Edoovillage #2675 - Greece, Lesvos Island: Yoga and Sport wi","Greece, open, 15 students",country
DEU,50.11552,8.68417,recipient,10,"Edoovillage #2676 - Germany, Frankfurt am Main: ASIYAH inter","Frankfurt am Main, completed, 20 students",city
ITA,41.89193,12.51133,recipient,21,"Edoovillage #2677 - Italy, Roma: Organisation No Cap","Rome, open, 20 students",city
GHA,5.53532,-0.39827,recipient,31,"Edoovillage #2678 - Ghana, Amanfro: Amanfro Basic School | G","Amanfrom, completed, 455 students",city
GHA,7.9453,-1.2192,recipient,35,"Edoovillage #2679 - Ghana, Diabenekrom: Youth Empowering Fou","Ghana, completed, 200 students",country
UGA,1.2822,32.3437,recipient,30,"Edoovillage #2680 - Uganda, Nyarusiza: Iturize Primary Schoo","Uganda, completed, 100 students",country
COD,-5.04098,18.81619,recipient,25,"Edoovillage #2681 - Congo (Kinshasa), Kikwit: COLLEGE KATSHI","Kikwit, completed, 42 students",city
IRN,32.906,54.2371,recipient,3,"Edoovillage #2682 - Iran, Roostaye Dak Bahoo: Noor Khoda","Iran, completed, 20 students",country
SLE,8.88605,-12.04417,recipient,14,"Edoovillage #2683 - Sierra Leone, Makeni: Next Chance Vocati","Makeni, open, 30 students",city
DEU,54.78805,9.43722,recipient,15,"Edoovillage #2684 - Germany, Flensburg: Flensburger Bildungs","Flensburg, completed, 40 students",city
ZMB,-13.1628,27.7552,recipient,17,"Edoovillage #2685 - Zambia, Kanakantapa: Antioch South Prima","Zambia, open, 390 students",country
NGA,7.09316,4.83528,recipient,9,"Edoovillage #2686 - Nigeria, Ondo: Dixtinct Africa | Adequat","Ondo, completed, 25 students",city
CMR,4.9547,9.9404,recipient,25,"Edoovillage #2687 - Cameroon, Nkongsamba: ISMAN Nkongsamba |","Nkongsamba, completed, 50 students",city
CMR,4.075,9.36005,recipient,26,"Edoovillage #2688 - Cameroon, Tiko: Charity for Rural commun","Tiko, completed, 134 students",city
NGA,9.6103,8.1477,recipient,25,"Edoovillage #2689 - Nigeria, Urua Edet, Essien Udim: Notre D","Nigeria, completed, 249 students",country
VEN,9.03934,-69.73364,recipient,0,"Edoovillage #2690 - Venezuela, Guanare: Apoyo con laptops pa","Guanare, open, 270 students",city
NGA,6.44694,3.41528,recipient,8,"Edoovillage #2691 - Nigeria, Obalende: Augment Potentials","Obalende, open, 50 students",city
TZA,-9.34917,34.77167,recipient,20,"Edoovillage #2692 - Tanzania, Njombe: St. Maria Secondary Sc","Njombe, completed, 100 students",city
MAR,35.16813,-2.93352,recipient,28,"Edoovillage #2693 - Morocco, Nador: Grundschule Elmouahidine","Nador, completed, 733 students",city
UGA,-0.33379,31.73409,recipient,0,"Edoovillage #2694 - Uganda, Masaka: St. Jude Bukoto Vocation","Masaka, open, 500 students",city
CMR,4.075,9.36005,recipient,24,"Edoovillage #2695 - Cameroon, Tiko: Reference Technical and ","Tiko, completed, 126 students",city
CMR,4.075,9.36005,recipient,16,"Edoovillage #2696 - Cameroon, Tiko: Community Relief Bilingu","Tiko, completed, 251 students",city
DEU,48.13743,11.57549,recipient,4,"Edoovillage #2697 - Germany, München: Association 'Z'sam'","Munich, open, 20 students",city
NPL,28.3009,84.1339,recipient,3,"Edoovillage #2698 - Nepal, Besisahar: Heaven Hill Academy","Nepal, open, 90 students",country
ZMB,-12.95867,28.63659,recipient,30,"Edoovillage #2699 - Zambia, Ndola: Northrise Combined School","Ndola, completed, 2582 students",city
ZMB,-12.95867,28.63659,recipient,30,"Edoovillage #2700 - Zambia, Ndola: KATONDO COMBINED SCHOOL","Ndola, completed, 2034 students",city
COD,-5.04098,18.81619,recipient,35,"Edoovillage #2701 - Congo (Kinshasa), Kikoti / Kikwit: Lycée","Kikwit, completed, 786 students",city
AGO,-12.43002,13.54677,recipient,53,"Edoovillage #2702 - Angola, Catumbela: COLÈGIO DO I CICLO | ","Catumbela, completed, 740 students",city
NAM,-22.55941,17.08323,recipient,16,"Edoovillage #2703 - Namibia, Windhoek: Hage G.Geingob Second","Windhoek, completed, 912 students",city
MEX,20.58806,-100.38806,recipient,3,"Edoovillage #2704 - Mexico, Santiago de Querétaro: enelsemaf","Santiago de Querétaro, open, 40 students",city
MEX,23.8744,-101.554,recipient,3,"Edoovillage #2705 - Mexico, Amealco: enelsemaforoseaprende-2","Mexico, open, 30 students",country
MEX,19.42847,-99.12766,recipient,0,"Edoovillage #2706 - Mexico, Ciudad de México: enelsemaforose","Mexico City, open, 50 students",city
BIH,43.66795,18.97564,recipient,30,"Edoovillage #2707 - Bosnia and Herzegovina, Gorazde: Grundsc","Goražde, completed, 769 students",city
ESP,40.4165,-3.70256,recipient,3,"Edoovillage #2708 - Spain, Madrid: Mundo Justo","Madrid, open, 50 students",city
UGA,0.69299,34.18085,recipient,10,"Edoovillage #2709 - Uganda, Tororo: LERWA Land and Environme","Tororo, completed, 60 students",city
UGA,0.18333,30.08333,recipient,3,"Edoovillage #2710 - Uganda, Kasese: Samaritan Foundation For","Kasese, open, 100 students",city
DEU,53.55073,9.99302,recipient,37,"Edoovillage #2640 - Germany, Hamburg: Die Arche Kinderstiftu","Hamburg, completed, 33 students",city
MAR,28.6876,-8.8172,recipient,12,"Edoovillage #2711 - Morocco, BAIN ATIK: Renaissance Academy","Morocco, open, 30 students",country
KHM,12.6992,105.0397,recipient,0,"Edoovillage #2712 - Cambodia, Sangkat Chey Chumneas Khan Dau","Cambodia, open, 1000 students",country
DEU,51.43218,6.87967,recipient,321,"Edoovillage #2713 - Germany, Mülheim an der Ruhr: 400 x Digi","Mülheim, open, 400 students",city
ESP,41.38879,2.15899,recipient,5,"Edoovillage #2714 - Spain, Barcelona: Barnahus Terrassa","Barcelona, open, 100 students",city
ZAF,-25.74486,28.18783,recipient,6,"Edoovillage #2715 - South Africa, Pretoria: Tswaing Secondar","Pretoria, open, 1120 students",city
BIH,43.84864,18.35644,recipient,27,"Edoovillage #2716 - Bosnia and Herzegovina, Sarajevo: Suppor","Sarajevo, completed, 51 students",city
GHA,5.0847,-1.35093,recipient,5,"Edoovillage #2717 - Ghana, Elmina: Aba Ghana Youth | ANAD eV","Elmina, completed, 20 students",city
PHL,15.5865,121.8221,recipient,0,"Edoovillage #2718 - Philippines, Barangay Aninuan, Puerto Ga","Philippines, open, 40 students",country
DEU,48.13743,11.57549,recipient,38,"Edoovillage #2719 - Germany, München: Schulprojekt Berufssch","Munich, completed, 30 students",city
COD,-3.3386,23.4198,recipient,26,"Edoovillage #2720 - Congo (Kinshasa), Tshumbe: Secondary and","Congo (Kinshasa), open, 250 students",country
PRT,37.13856,-8.53775,recipient,10,"Edoovillage #2721 - Portugal, Portimao: Crianças digitais","Portimão, open, 1000 students",city
ZAF,-28.5536,24.7525,recipient,2,"Edoovillage #2722 - South Africa, Chloorkop: Chloorkop Prima","South Africa, completed, 1661 students",country
BIH,44.1442,17.8347,recipient,10,"Edoovillage #2723 - Bosnia and Herzegovina, Brekovi: Grundsc","Bosnia and Herzegovina, completed, 21 students",country
ESP,36.75066,-3.5179,recipient,3,"Edoovillage #2725 - Spain, El Varadero-Motril: ASOCIACION CO","Motril, open, 8 students",city
USA,34.08529,-117.9609,recipient,13,"Edoovillage #2724 - United States, Baldwin Park: Care-Missio","Baldwin Park, open, 0 students",city
MEX,32.44363,-117.00371,recipient,7,"Edoovillage #2726 - Mexico, La Gloria: Children with Faith C","La Joya, open, 6 students",city
PER,-8.5227,-74.1142,recipient,3,"Edoovillage #2727 - Peru, Lircay: Universidad para el Desarr","Peru, open, 600 students",country
CMR,6.2942,12.9485,recipient,9,"Edoovillage #2728 - Cameroon, Mfou: Association Digital for ","Cameroon, open, 200 students",country
ZMB,-13.1628,27.7552,recipient,30,"Edoovillage #2729 - Zambia, Masaiti: Nkambo Secondary School","Zambia, open, 855 students",country
ZMB,-12.95867,28.63659,recipient,28,"Edoovillage #2730 - Zambia, Ndola: Mushili Boarding Secondar","Ndola, completed, 270 students",city
ZMB,-12.95867,28.63659,recipient,30,"Edoovillage #2731 - Zambia, Ndola: Masaiti Primary School","Ndola, open, 914 students",city
UGA,1.2822,32.3437,recipient,3,"Edoovillage #2732 - Uganda, Karugutu Town Council: The Care ","Uganda, open, 30 students",country
UGA,1.2822,32.3437,recipient,15,"Edoovillage #2733 - Uganda, Bubutu Subcounty, Namisindwa Dis","Uganda, open, 350 students",country
UGA,0.18333,30.08333,recipient,5,"Edoovillage #2734 - Uganda, Kasese Municipal Council: Rwenzo","Kasese, completed, 500 students",city
LBN,33.84675,35.90203,recipient,10,"Edoovillage #2735 - Lebanon, Zahle: Deutsch-Sprachkurse für ","Zahlé, completed, 20 students",city
LBN,33.9116,35.8965,recipient,10,"Edoovillage #2736 - Lebanon, Rabweh: Annas Linnas Associatio","Lebanon, completed, 20 students",country
COL,10.4952,-75.12448,recipient,1,"Edoovillage #2737 - Colombia, Repelon:  MAMALINA.","Repelón, open, 30 students",city
CMR,10.59095,14.31593,recipient,25,"Edoovillage #2738 - Cameroon, Maroua: MUANYANG ASSOCIATION","Maroua, completed, 134 students",city
IND,25.31668,83.01041,recipient,19,"Edoovillage #2739 - India, Varanasi: Varanasi Ashram School ","Varanasi, open, 105 students",city
KEN,-1.08083,35.87111,recipient,1,"Edoovillage #2740 - Kenya, Narok: Olchoro Lemayian","Narok, open, 25 students",city
UGA,1.2822,32.3437,recipient,0,"Edoovillage #2741 - Uganda, Kirembe: Worth A Haven Primary S","Uganda, open, 400 students",country
UGA,1.80838,32.00502,recipient,29,"Edoovillage #2742 - Uganda, Kigumba - Kiryandongo: Masindipo","Kigumba, open, 712 students",city
GHA,7.9453,-1.2192,recipient,30,"Edoovillage #2743 - Ghana, Adukrom- Akuapem: NIFA D-A PRIMAR","Ghana, completed, 414 students",country
NPL,28.3009,84.1339,recipient,4,"Edoovillage #2744 - Nepal, Khumbupasang Lhamu: Bubsa Basic S","Nepal, open, 120 students",country
NPL,28.3009,84.1339,recipient,5,"Edoovillage #2745 - Nepal, Khumbupasang Lhamu: Naulekh Basic","Nepal, open, 23 students",country
DEU,50.0432,8.97394,recipient,48,"Edoovillage #2746 - Germany, Seligenstadt: Caritas Verband O","Seligenstadt, completed, 250 students",city
MNG,47.90771,106.88324,recipient,5,"Edoovillage #2747 - Mongolia, Ulaanbaatar : MZH of the Mongo","Ulan Bator, open, 20 students",city
NGA,6.45407,3.39467,recipient,3,"Edoovillage #2748 - Nigeria, Lagos: Mary O Foundation","Lagos, open, 100 students",city
GHA,5.55602,-0.1969,recipient,2,"Edoovillage #2749 - Ghana, Accra: Starlight Foundation","Accra, open, 15 students",city
TZA,-3.36667,36.68333,recipient,5,"Edoovillage #2750 - Tanzania, Arusha: FIRM BEGINNINGS FOUNDA","Arusha, open, 100 students",city
VEN,10.48801,-66.87919,recipient,0,"Edoovillage #2751 - Venezuela, Caracas: Engidea  EngiInnova,","Caracas, open, 40 students",city
KEN,-1.28333,36.81667,recipient,0,"Edoovillage #2752 - Kenya, Nairobi: Acakoro Football Academy","Nairobi, open, 62 students",city
KEN,0.6899,37.9531,recipient,25,"Edoovillage #2753 - Kenya, Kiswaro Village: Kiswaro Primary ","Kenya, completed, 94 students",country
ZAF,-26.20227,28.04363,recipient,16,"Edoovillage #2754 - South Africa, Johannesburg: BMW_ZAHubCar","Johannesburg, open, 100 students",city
DEU,51.083,10.4262,recipient,15,"Edoovillage #2755 - Germany, Gardelegen: Kinderzentrum Hellb","Germany, completed, 69 students",country
GHA,4.92678,-1.75773,recipient,24,"Edoovillage #2756 - Ghana, Sekondi-Takoradi: Father Home Car","Sekondi-Takoradi, completed, 50 students",city
GHA,4.92678,-1.75773,recipient,34,"Edoovillage #2757 - Ghana, Sekondi-Takoradi: MPINTSIN AME ZI","Sekondi-Takoradi, completed, 855 students",city
KEN,0.0607,34.28806,recipient,32,"Edoovillage #2758 - Kenya, Siaya: New Covent School and Chil","Siaya, completed, 300 students",city
BDI,-3.2613,29.8852,recipient,35,"Edoovillage #2759 - Burundi, Muramvya: Lycée MURAMVYA","Burundi, completed, 794 students",country
TGO,8.98333,1.13333,recipient,13,"Edoovillage #2760 - Togo, Sokodé: Ausbildungszentrum Verein ","Sokodé, completed, 40 students",city
KEN,-0.10221,34.76171,recipient,29,"Edoovillage #2761 - Kenya, Kisumu: Sinaga Girls Secondary Sc","Kisumu, completed, 1500 students",city
UGA,1.2822,32.3437,recipient,5,"Edoovillage #2762 - Uganda, Kihaguzi: St. Jude School in rur","Uganda, open, 260 students",country
ESP,41.38879,2.15899,recipient,0,"Edoovillage #2763 - Spain, Barcelona: Fundacio Privada Avism","Barcelona, open, 10 students",city
GMB,13.38417,-16.75139,recipient,0,"Edoovillage #2764 - Gambia, Brufut: ITT Gambia","Brufut, open, 301 students",city
GMB,13.4286,-15.3834,recipient,0,"Edoovillage #2765 - Gambia, Faraba Sutu: Escuela Alieu Jawo ","Gambia, open, 121 students",country
UGA,-0.33379,31.73409,recipient,13,"Edoovillage #2766 - Uganda, Masaka: St. Hellen's School | Aw","Masaka, open, 60 students",city
BIH,44.1442,17.8347,recipient,15,"Edoovillage #2767 - Bosnia and Herzegovina, Ključ: JU Osnovn","Bosnia and Herzegovina, completed, 317 students",country
UGA,-0.60467,30.64851,recipient,16,"Edoovillage #2768 - Uganda, Mbarara: Foundation for Youth Em","Mbarara, completed, 40 students",city
ESP,41.34618,1.69713,recipient,3,"Edoovillage #2769 - Spain, Vilafranca del Penedès: Actua  SC","Vilafranca del Penedès, open, 84 students",city
UGA,0.18333,30.08333,recipient,0,"Edoovillage #2770 - Uganda, Kasese: Kasese Platform Advocacy","Kasese, completed, 30 students",city
MHL,7.08971,171.38027,recipient,0,"Edoovillage #2771 - Marshall Islands, Majuro: Majuro Coopera","Majuro, open, 364 students",city
TZA,-2.51667,32.9,recipient,6,"Edoovillage #2772 - Tanzania, Mwanza: Bring Hope For Childre","Mwanza, open, 85 students",city
KEN,-1.03326,37.06933,recipient,3,"Edoovillage #2773 - Kenya, Thika: munyu Verein Hilfe zur Sel","Thika, completed, 768 students",city
UGA,1.2822,32.3437,recipient,1,"Edoovillage #2774 - Uganda, Kyanzababira: Community Bridge f","Uganda, open, 15 students",country
UGA,1.2822,32.3437,recipient,1,"Edoovillage #2775 - Uganda, Kyondo: Governor network of Wome","Uganda, open, 6 students",country
UGA,1.2822,32.3437,recipient,3,"Edoovillage #2776 - Uganda, Kayumba: MAID MAMA INITIATIVE FO","Uganda, open, 20 students",country
DEU,54.52021,9.56829,recipient,10,"Edoovillage #2777 - Germany, Schleswig: ZikZak PC-Training","Schleswig, completed, 10 students",city
GHA,5.55602,-0.1969,recipient,19,"Edoovillage #2778 - Ghana, Accra: - course for youth and  ad","Accra, open, 30 students",city
MNG,48.8125,103.53472,recipient,18,"Edoovillage #2779 - Mongolia, Bulgan: Teshig high school in ","Bulgan, completed, 629 students",city
CMR,5.9597,10.14597,recipient,6,"Edoovillage #2780 - Cameroon, Bamenda: Pathfinders STEM Hub ","Bamenda, open, 300 students",city
GIN,10.256,-10.9869,recipient,4,"Edoovillage #2781 - Guinea, Bata: Centro privado católico 'M","Guinea, open, 151 students",country
CMR,4.15342,9.24231,recipient,24,"Edoovillage #2782 - Cameroon, Buea: Baptist High School | CO","Buea, open, 750 students",city
UGA,2.77457,32.29899,recipient,2,"Edoovillage #2783 - Uganda, Gulu: AFRO-LAB","Gulu, completed, 4 students",city
CMR,6.2942,12.9485,recipient,0,"Edoovillage #2784 - Cameroon, Poblado Bakou: Ordenadores par","Cameroon, open, 32 students",country
UGA,1.2822,32.3437,recipient,0,"Edoovillage #2785 - Uganda, Nkokonjeru: Uganda Nkokonjeru St","Uganda, open, 656 students",country
UGA,1.2822,32.3437,recipient,0,"Edoovillage #2786 - Uganda, Nkokonjeru: medical school","Uganda, open, 10 students",country
UGA,1.2822,32.3437,recipient,11,"Edoovillage #2787 - Uganda, Kyotera: Bigada Catholic Parish ","Uganda, completed, 0 students",country
NGA,9.6103,8.1477,recipient,30,"Edoovillage #2788 - Nigeria, Bomadi:  JAMB EXAMINATION CENTE","Nigeria, completed, 500 students",country
NGA,9.6103,8.1477,recipient,25,"Edoovillage #2789 - Nigeria, Amurie Omanze: St Teresa ́s Cat","Nigeria, completed, 300 students",country
CMR,4.04827,9.70428,recipient,0,"Edoovillage #2790 - Cameroon, Douala: ETS PURE NATURE","Douala, open, 120 students",city
BRA,-5.795,-35.20944,recipient,0,"Edoovillage #2791 - Brazil, Natal: Centro Educativo Dom Bosc","Natal, open, 1100 students",city
COD,-3.3386,23.4198,recipient,30,"Edoovillage #2792 - Congo (Kinshasa), Kashusha: Ecole Primai","Congo (Kinshasa), completed, 200 students",country
UGA,0.60917,33.46861,recipient,14,"Edoovillage #2793 - Uganda, Iganga district: Iganga Superior","Iganga, open, 428 students",city
BIH,44.54245,18.52618,recipient,30,"Edoovillage #2794 - Bosnia and Herzegovina, Lukavac: Public ","Lukavac, open, 267 students",city
GHA,7.9453,-1.2192,recipient,27,"Edoovillage #2795 - Ghana, Amoafo: Amoafo Junior High School","Ghana, completed, 40 students",country
CMR,4.04827,9.70428,recipient,43,"Edoovillage #2796 - Cameroon, Douala: Groupe Scolaire Biling","Douala, completed, 649 students",city
PHL,15.5865,121.8221,recipient,16,"Edoovillage #2797 - Philippines, Mondragon: Mirador Elementa","Philippines, open, 192 students",country
UGA,0.66174,30.2748,recipient,7,"Edoovillage #2798 - Uganda, Fort Portal, Kabarole: KUKURA Ug","Fort Portal, open, 192 students",city
UGA,0.43902,33.20317,recipient,0,"Edoovillage #2799 - Uganda, Jinja: NURSE THE CHILDREN UGANDA","Jinja, open, 300 students",city
TZA,-2.51667,32.9,recipient,6,"Edoovillage #2800 - Tanzania, Mwanza: Michaeles Teachers Cam","Mwanza, open, 280 students",city
AGO,-12.1674,17.6518,recipient,15,"Edoovillage #2801 - Angola, EMDE: Complexo Escola Candel (SU","Angola, open, 540 students",country
ZAF,-28.5536,24.7525,recipient,5,"Edoovillage #2802 - South Africa,  Limpopo, :  Formació digi","South Africa, open, 600 students",country
TZA,-3.36667,36.68333,recipient,20,"Edoovillage #2803 - Tanzania, Arusha: BUILDERS OF FUTURE AFR","Arusha, completed, 168 students",city
UGA,0.18333,30.08333,recipient,3,"Edoovillage #2804 - Uganda, Kasese Municipality: Kasese Youn","Kasese, open, 35 students",city
CMR,4.0913,9.3144,recipient,35,"Edoovillage #2805 - Cameroon, Mutengene: Havard Bilingual Co","Mutengene, open, 987 students",city
IND,23.5863,81.173,recipient,0,"Edoovillage #2806 - India, Bharog Baneri: Project RISHI (Rur","India, open, 177 students",country
DEU,50.11552,8.68417,recipient,10,"Edoovillage #2807 - Germany, Frankfurt Main: International F","Frankfurt am Main, completed, 100 students",city
DEU,49.87167,8.65027,recipient,18,"Edoovillage #2808 - Germany, Darmstadt: Januam gemeinnützige","Darmstadt, completed, 52 students",city
TZA,-3.36667,36.68333,recipient,0,"Edoovillage #2809 - Tanzania, Arusha: Future of Tanzania by ","Arusha, open, 30 students",city
IRQ,33.1051,43.8325,recipient,12,"Edoovillage #2810 - Iraq, Shaqlawa: Schulen in der kurdische","Iraq, completed, 400 students",country
VNM,16.5173,105.9134,recipient,13,"Edoovillage #2811 - Vietnam, Tien Phuoc: Laptops for teacher","Vietnam, open, 10 students",country
AFG,34.134,66.5922,recipient,0,"Edoovillage #2812 - Afghanistan, Helmand: Arakozia Universit","Afghanistan, open, 700 students",country
TZA,-6.3558,34.8183,recipient,10,"Edoovillage #2813 - Tanzania, Mbweni: Juhudi School | Blessm","Tanzania, open, 100 students",country
BGR,42.69751,23.32415,recipient,14,"Edoovillage #2814 - Bulgaria, Sofia: Universität für Forstwi","Sofia, completed, 100 students",city
CRI,9.92826,-84.13537,recipient,8,"Edoovillage #2815 - Costa Rica,  San Rafael Montes de Oca : ","San Rafael, open, 50 students",city
AFG,31.59382,64.37161,recipient,1,"Edoovillage #2816 - Afghanistan, Lashkar Gah: Omari Institut","Lashkar Gāh, completed, 600 students",city
KEN,3.71363,34.8572,recipient,13,"Edoovillage #2817 - Kenya, Kakuma: Bidii Yetu Solidarity","Kakuma, completed, 18 students",city
UGA,1.2822,32.3437,recipient,16,"Edoovillage #2818 - Uganda, Nyenga: Kiira Nyenga Innovation ","Uganda, open, 85 students",country
DEU,53.55073,9.99302,recipient,14,"Edoovillage #2819 - Germany, Hamburg: Social Impact Lab, Pas","Hamburg, completed, 40 students",city
KEN,-1.28333,36.81667,recipient,0,"Edoovillage #2820 - Kenya, Nairobi: Nivishe Community based ","Nairobi, open, 30 students",city
CMR,6.2942,12.9485,recipient,0,"Edoovillage #2821 - Cameroon, Ngambe: Lycee de Ngambe | INEA","Cameroon, open, 230 students",country
CMR,6.2942,12.9485,recipient,20,"Edoovillage #2822 - Cameroon, Ngambe: Lycee Technique Ngambe","Cameroon, completed, 54 students",country
SRB,44.0268,20.8568,recipient,64,"Edoovillage #2823 - Serbia, Rahovice: Shkolla Fillore Selami","Serbia, completed, 287 students",country
SRB,44.0268,20.8568,recipient,44,"Edoovillage #2824 - Serbia, Presevo: Schule Presevo Ibrahim ","Serbia, completed, 1400 students",country
CHE,46.7368,8.2869,recipient,27,"Edoovillage #2825 - Switzerland, Hallau: Tandemschule Hallau","Switzerland, completed, 36 students",country
PAK,30.1162,69.0884,recipient,21,"Edoovillage #2826 - Pakistan, Maira Akku: SAYA SCHOOL MAIRA ","Pakistan, completed, 940 students",country
GTM,14.55636,-90.7332,recipient,3,"Edoovillage #2827 - Guatemala, Antigua: Escuela Los Patojos","Antigua Guatemala, open, 111 students",city
VEN,7.1483,-66.3649,recipient,0,"Edoovillage #2828 - Venezuela, La Granja Naguanagua Edo: Fun","Venezuela, open, 20 students",country
UGA,1.2822,32.3437,recipient,3,"Edoovillage #2829 - Uganda, Namagoma A village: Namagoma UME","Uganda, open, 746 students",country
GHA,7.9453,-1.2192,recipient,22,"Edoovillage #2830 - Ghana, Abomosu: Abomosu Presby Primary S","Ghana, open, 640 students",country
TUR,37.41908,41.33909,recipient,10,"Edoovillage #2831 - Turkey, Saleh Midyat: Klosterschule St. ","Midyat, completed, 15 students",city
UGA,1.2822,32.3437,recipient,4,"Edoovillage #2228 - Uganda, Tekwana Village: Shalom Resurrec","Uganda, completed, 250 students",country
MNG,47.90771,106.88324,recipient,0,"Edoovillage #2229 - Mongolia, Ulaanbaatar: 10 Handys für das","Ulan Bator, open, 35 students",city
KEN,0.6899,37.9531,recipient,0,"Edoovillage #2203 - Kenya, Muserechi Ward: Kiplombe Communit","Kenya, open, 20 students",country
KEN,-1.28333,36.81667,recipient,26,"Edoovillage #2230 - Kenya, Nairobi: Wajukuu Maker Space Proj","Nairobi, completed, 26 students",city
NPL,28.3009,84.1339,recipient,0,"Edoovillage #2231 - Nepal, Mahamanjushree Nagarkot: Asha for","Nepal, open, 110 students",country
IDN,0.1559,113.9654,recipient,3,"Edoovillage #2232 - Indonesia, Gili Air: SDN 1 Gili Indah ST","Indonesia, completed, 0 students",country
COL,6.245,-75.57151,recipient,0,"Edoovillage #2233 - Colombia, Medellín: Divergente Fundación","Medellín, open, 100 students",city
UGA,0.78056,31.32361,recipient,10,"Edoovillage #2832 - Uganda, Kakumiro: St. Mary’s Nursery and","Kakumiro, completed, 303 students",city
UGA,1.2822,32.3437,recipient,33,"Edoovillage #2833 - Uganda, Bweyale Kiryandongo: Licht für v","Uganda, completed, 251 students",country
UGA,1.2822,32.3437,recipient,10,"Edoovillage #2834 - Uganda, Bugangaizi South: Bukuumi Boys P","Uganda, completed, 378 students",country
UGA,0.78056,31.32361,recipient,10,"Edoovillage #2835 - Uganda, Kakumiro: St. Anthony of Padua N","Kakumiro, completed, 289 students",city
MAR,28.6876,-8.8172,recipient,2,"Edoovillage #2836 - Morocco, Agdz: Association Esfalen pour ","Morocco, completed, 150 students",country
ETH,5.65,37.36667,recipient,0,"Edoovillage #2837 - Ethiopia, Gidole:  Berhan Learning Cente","Gīdolē, completed, 350 students",city
MAR,28.6876,-8.8172,recipient,12,"Edoovillage #2838 - Morocco, Ghassate: Lycée collégial sidi ","Morocco, open, 408 students",country
UGA,1.2822,32.3437,recipient,20,"Edoovillage #2839 - Uganda, Seeta: Fenna tujjune","Uganda, completed, 63 students",country
UGA,1.2822,32.3437,recipient,0,"Edoovillage #2840 - Uganda, Jjemba: Kassanda Seed Junior Sch","Uganda, completed, 250 students",country
GMB,13.4286,-15.3834,recipient,49,"Edoovillage #985 - Gambia, Basse Sant Su, Upper River Region","Gambia, completed, 457 students",country
MOZ,-25.96553,32.58322,recipient,34,"Edoovillage #2841 - Mozambique, Maputo: Pädagogischen Univer","Maputo, open, 31700 students",city
NAM,-21.9086,18.1645,recipient,0,"Edoovillage #2842 - Namibia, Gochas: Foundawtion Namibia","Namibia, open, 60 students",country
TZA,-3.36667,36.68333,recipient,4,"Edoovillage #2843 - Tanzania, Arusha: Keep her in school pro","Arusha, completed, 20 students",city
TZA,-6.3558,34.8183,recipient,8,"Edoovillage #2844 - Tanzania, Pangani: Franciscan Girls Seco","Tanzania, completed, 281 students",country
IND,23.5863,81.173,recipient,15,"Edoovillage #2845 - India, Parganas: Sister Nivedita Educati","India, completed, 85 students",country
IND,23.5863,81.173,recipient,5,"Edoovillage #2846 - India, Panchetgarh: Be and Make - Panche","India, completed, 70 students",country
ECU,-1.5643,-78.463,recipient,0,"Edoovillage #2847 - Ecuador, La Rinconada: Cielo Azul","Ecuador, completed, 227 students",country
COD,-1.67409,29.22845,recipient,0,"Edoovillage #2848 - Congo (Kinshasa), Goma: KING'S INTERNATI","Goma, open, 300 students",city
DEU,53.55073,9.99302,recipient,20,"Edoovillage #2849 - Germany, Hamburg: Ausbildungsförderung f","Hamburg, completed, 23 students",city
TZA,-3.36667,36.68333,recipient,2,"Edoovillage #2850 - Tanzania, Arusha: IMARIKA","Arusha, completed, 20 students",city
IDN,-0.87956,131.26104,recipient,0,"Edoovillage #2851 - Indonesia, Sorong City: Ecoducation Atap","Sorong, open, 24 students",city
BOL,-17.38195,-66.15995,recipient,14,"Edoovillage #2852 - Bolivia, Cochabamba: Stiftung Emanuel - ","Cochabamba, open, 48 students",city
KEN,-1.28333,36.81667,recipient,2,"Edoovillage #2853 - Kenya, Nairobi: Cresnet Tusome Early Yea","Nairobi, completed, 100 students",city
KEN,-1.28333,36.81667,recipient,1,"Edoovillage #2854 - Kenya, Nairobi: Diligent steps school","Nairobi, completed, 150 students",city
ESP,37.58627,-4.63805,recipient,59,"Edoovillage #2855 - Spain, Montilla: Colegio La Asunción","Montilla, open, 240 students",city
TGO,8.6607,0.8991,recipient,30,"Edoovillage #2856 - Togo, Adjengré: CPC St Antoine de Padoue","Togo, completed, 252 students",country
TZA,-3.36667,36.68333,recipient,6,"Edoovillage #2857 - Tanzania, Arusha: ERIPOTO for girls and ","Arusha, completed, 35 students",city
CMR,4.04827,9.70428,recipient,4,"Edoovillage #2858 - Cameroon, Douala-Cameroun:  Bepanda Mult","Douala, completed, 41 students",city
MWI,-13.96692,33.78725,recipient,10,"Edoovillage #2860 - Malawi, Lilongwe: Zikomo Foundation","Lilongwe, open, 120 students",city
SSD,4.85165,31.58247,recipient,50,"Edoovillage #2861 - South Sudan, Juba: Salaam Bright Academy","Juba, completed, 400 students",city
GHA,4.93422,-1.71454,recipient,26,"Edoovillage #2862 - Ghana, Ketan - Sekondi: Youth Foundation","Sekondi, completed, 200 students",city
TZA,-6.3558,34.8183,recipient,0,"Edoovillage #2863 - Tanzania, Ruvu Remit: Computerraum an de","Tanzania, open, 140 students",country
DEU,51.43218,6.87967,recipient,4,"Edoovillage #2864 - Germany, Mülheim an der Ruhr: Erich Käst","Mülheim, completed, 30 students",city
BEN,9.503,2.3057,recipient,7,"Edoovillage #2865 - Benin, Sedje Denou: CULTURA DIGITAL EN S","Benin, open, 190 students",country
GHA,7.9453,-1.2192,recipient,5,"Edoovillage #2866 - Ghana, Suma Ahenkro: Roman Catholic Scho","Ghana, open, 300 students",country
DEU,51.083,10.4262,recipient,8,"Edoovillage #2859 - Germany, Gardelegen: Kindertagesstätte Z","Germany, completed, 53 students",country
ETH,10.35,37.73333,recipient,0,"Edoovillage #2867 - Ethiopia, Debre Markos: Hostel for the b","Debre Mark’os, open, 70 students",city
KEN,0.6899,37.9531,recipient,15,"Edoovillage #2868 - Kenya, Gazi:  Waisenhaus Swalha |  World","Kenya, completed, 60 students",country
KEN,0.6899,37.9531,recipient,3,"Edoovillage #2869 - Kenya, Tigoni: Gramabe Academy Primary S","Kenya, completed, 250 students",country
KEN,-0.30719,36.07225,recipient,3,"Edoovillage #2870 - Kenya, Nakuru: Jacaranda Girls Children’","Nakuru, completed, 250 students",city
TCD,10.28088,15.37425,recipient,3,"Edoovillage #2871 - Chad, Bongor: CEDIAM Health Centre","Bongor, completed, 250 students",city
ESP,39.19042,-0.43572,recipient,10,"Edoovillage #2872 - Spain, ALGEMESÍ: Col·legi d'Educació Inf","Algemesí, completed, 150 students",city
UGA,1.2822,32.3437,recipient,10,"Edoovillage #2873 - Uganda, Kasanga: St. Charles vocational ","Uganda, open, 502 students",country
DEU,48.13743,11.57549,recipient,20,"Edoovillage #2874 - Germany, München: Initiative krebskranke","Munich, completed, 160 students",city
ESP,39.19042,-0.43572,recipient,1,"Edoovillage #2875 - Spain, Algemesí: Biblioteca Publica Muni","Algemesí, completed, 100 students",city
ESP,39.41667,-0.38333,recipient,5,"Edoovillage #2876 - Spain, Alfafar: Colegio Vamar afectación","Alfafar, completed, 400 students",city
COD,-4.32758,15.31357,recipient,26,"Edoovillage #2877 - Congo (Kinshasa), Kinshasa:  CFPROM-LAU ","Kinshasa, open, 860 students",city
GHA,6.09408,-0.25913,recipient,27,"Edoovillage #2878 - Ghana, Bonya Koforidua: King of Glory Sc","Koforidua, completed, 450 students",city
MMR,19.9012,97.0889,recipient,13,"Edoovillage #2879 - Myanmar, Tlangpi: Chinlung City Library ","Myanmar, open, 50 students",country
DEU,48.13743,11.57549,recipient,10,"Edoovillage #2880 - Germany, München: GATE6 Messestadt Münch","Munich, completed, 50 students",city
DEU,52.52437,13.41053,recipient,25,"Edoovillage #2881 - Germany, Berlin: AWO Refugium für besond","Berlin, completed, 100 students",city
UGA,0.18333,30.08333,recipient,3,"Edoovillage #2882 - Uganda, Kasese: Mihunga community litera","Kasese, open, 400 students",city
GHA,7.9453,-1.2192,recipient,30,"Edoovillage #2883 - Ghana, Kukurantumi: My Age My Help Inter","Ghana, open, 756 students",country
TGO,7.53333,1.13333,recipient,27,"Edoovillage #2884 - Togo, Atakpamé: Groupe de jeunes nommé E","Atakpamé, open, 560 students",city
DNK,55.65006,12.3016,recipient,0,"Edoovillage #2885 - Denmark, Tastrup: Masanga Hospital Rehab","Taastrup, open, 6 students",city
TZA,-8.30019,35.29366,recipient,0,"Edoovillage #2886 - Tanzania, Mafinga: Lutheran Vocational T","Mafinga, open, 100 students",city
TZA,-5.43333,38.01667,recipient,0,"Edoovillage #2887 - Tanzania, Handeni: Lunguruni Primary Sch","Handeni, open, 100 students",city
PHL,14.48156,121.01749,recipient,2,"Edoovillage #2888 - Philippines, Parañaque City: ACAP Action","Paranaque City, open, 179 students",city
GIN,10.9,-13.03333,recipient,4,"Edoovillage #2889 - Guinea, Télimélé: Berufsschule für Krank","Télimélé, completed, 50 students",city
KEN,-3.63045,39.84992,recipient,10,"Edoovillage #2890 - Kenya, Kilifi: Arloste Ganze Academy","Kilifi, completed, 20 students",city
ZMB,-13.1628,27.7552,recipient,25,"Edoovillage #2891 - Zambia, Masaitit,  Cooperbelt: KAFULAFUT","Zambia, completed, 400 students",country
UGA,1.2822,32.3437,recipient,1,"Edoovillage #2892 - Uganda, Bulwadda: Bulwadda Church of Uga","Uganda, open, 300 students",country
UGA,0.225,32.31361,recipient,1,"Edoovillage #2893 - Uganda, Mpigi: Kasaka Primary School | S","Mpigi, open, 300 students",city
NGA,6.33815,5.62575,recipient,0,"Edoovillage #2894 - Nigeria, Benin: DOUBLE ENTRY - DO NOT US","Benin City, open, 167 students",city
NGA,6.33815,5.62575,recipient,70,"Edoovillage #2895 - Nigeria,  Benin City Edo State: ENIS SCH","Benin City, completed, 167 students",city
DEU,47.85637,12.12247,recipient,49,"Edoovillage #2896 - Germany, Rosenheim: Schiller-Bildungszen","Rosenheim, completed, 60 students",city
DEU,50.11552,8.68417,recipient,5,"Edoovillage #2897 - Germany, Frankfurt Main: FeM Mädchen*hau","Frankfurt am Main, completed, 40 students",city
SLE,8.5613,-11.7866,recipient,0,"Edoovillage #2898 - Sierra Leone, Free Town: Favour Children","Sierra Leone, open, 30 students",country
KHM,12.6992,105.0397,recipient,20,"Edoovillage #2899 - Cambodia, Svay Lor: Rumchek Appendix And","Cambodia, open, 90 students",country
GHA,7.9453,-1.2192,recipient,25,"Edoovillage #2900 - Ghana, Lake Bosomtwi: Methodist Primary ","Ghana, completed, 243 students",country
SLE,8.88605,-12.04417,recipient,0,"Edoovillage #2901 - Sierra Leone, Makeni City: 10 Billion St","Makeni, open, 30 students",city
TZA,-6.3558,34.8183,recipient,20,"Edoovillage #2902 - Tanzania, Monduli: Moringe Sokoine Secon","Tanzania, open, 0 students",country
TZA,-3.36667,36.68333,recipient,4,"Edoovillage #2903 - Tanzania, Arusha: Drive Change Pre and P","Arusha, completed, 250 students",city
CUB,20.98812,-77.42598,recipient,2,"Edoovillage #2904 - Cuba, Municipio Colombia: Participación ","Colombia, completed, 2 students",city
GHA,6.60084,0.4713,recipient,0,"Edoovillage #2905 - Ghana, hohoe: Godenu Escuela de Municipa","Ho, open, 246 students",city
COD,-3.39534,29.13779,recipient,2,"Edoovillage #2906 - Congo (Kinshasa), Ville d'Uvira: Youth S","Uvira, open, 769 students",city
ESP,40.32605,-3.51089,recipient,77,"Edoovillage #2907 - Spain, Rivas: RIVAS-SAHEL Aulas 3.0 en c","Rivas-Vaciamadrid, open, 100 students",city
NPL,27.70169,85.3206,recipient,4,"Edoovillage #2908 - Nepal, Kathmandu: Kiran Kinderhaus in Ne","Kathmandu, open, 45 students",city
TZA,-6.3558,34.8183,recipient,4,"Edoovillage #2909 - Tanzania, Mbweni: Moja Foundation | Bles","Tanzania, completed, 50 students",country
COD,-4.32758,15.31357,recipient,32,"Edoovillage #2910 - Congo (Kinshasa), Kinshasa: Universite T","Kinshasa, completed, 1300 students",city
NAM,-20.46369,16.64772,recipient,11,"Edoovillage #2911 - Namibia, Otjiwarongo: Redemption Kinderg","Otjiwarongo, open, 200 students",city
KEN,0.49194,35.74303,recipient,11,"Edoovillage #2912 - Kenya, Kabarnet : BAMBA LAB","Kabarnet, open, 90 students",city
CMR,5.15705,10.1771,recipient,29,"Edoovillage #2913 - Cameroon,  Bafang: Middle School Saint P","Bafang, completed, 1300 students",city
SEN,14.2289,-14.6109,recipient,0,"Edoovillage #2914 - Senegal, Mbackombel: Ecole privée Laïque","Senegal, open, 50 students",country
COD,-3.3386,23.4198,recipient,3,"Edoovillage #2915 - Congo (Kinshasa), Kalehe: SOFADE Asbl","Congo (Kinshasa), open, 2500 students",country
CMR,6.2942,12.9485,recipient,10,"Edoovillage #2916 - Cameroon, Friango: Multipurpose Youth Co","Cameroon, open, 246 students",country
TGO,6.12874,1.22154,recipient,2,"Edoovillage #2917 - Togo, Lomé: Agopode","Lomé, open, 20 students",city
CMR,4.9547,9.9404,recipient,0,"Edoovillage #2918 - Cameroon, Nkongsamba: STEM school for gi","Nkongsamba, open, 100 students",city
ESP,28.2977,-16.538,recipient,0,"Edoovillage #2919 - Spain, Beniajan: FCTAsoc y PlanJovMur","Spain, open, 100 students",country
GHA,7.9453,-1.2192,recipient,6,"Edoovillage #2920 - Ghana, VOLTA REGION: God´s Divine Academ","Ghana, open, 400 students",country
BIH,44.1442,17.8347,recipient,14,"Edoovillage #2921 - Bosnia and Herzegovina, Fojnica: Srednja","Bosnia and Herzegovina, open, 786 students",country
BFA,12.36566,-1.53388,recipient,0,"Edoovillage #2922 - Burkina Faso, Ouagadougou: Girls Educati","Ouagadougou, open, 35 students",city
UGA,0.94722,33.11972,recipient,16,"Edoovillage #2923 - Uganda, Kamuli Municipality: Kamuli Inno","Kamuli, open, 70 students",city
CMR,7.32765,13.58472,recipient,2,"Edoovillage #2924 - Cameroon, Ngaoundéré: Grundschule / Wais","Ngaoundéré, open, 200 students",city
NGA,7.37756,3.90591,recipient,15,"Edoovillage #2925 - Nigeria, Ibadan: AKHIN Foundation Self-L","Ibadan, completed, 46 students",city
ZAF,-26.20227,28.04363,recipient,7,"Edoovillage #2926 - South Africa, Johannesburg: Berea-Hillbr","Johannesburg, open, 80 students",city
NPL,28.3009,84.1339,recipient,20,"Edoovillage #2927 - Nepal, Solududhakaunda Municipality : Sh","Nepal, completed, 518 students",country
NPL,27.70169,85.3206,recipient,4,"Edoovillage #2928 - Nepal, Kathmandu: Haus der Hoffnung","Kathmandu, completed, 0 students",city
NPL,28.3009,84.1339,recipient,15,"Edoovillage #2929 - Nepal, Mahakalung: Khiraule Secondary Sc","Nepal, completed, 0 students",country
NPL,28.3009,84.1339,recipient,16,"Edoovillage #2931 - Nepal, Merangding: Baleshwar Secondary S","Nepal, open, 0 students",country
NPL,28.3009,84.1339,recipient,7,"Edoovillage #2531 - Nepal, Serlo Monastery: Serlo Monastery","Nepal, open, 0 students",country
NPL,28.3009,84.1339,recipient,7,"Edoovillage #2930 - Nepal, Taksindu: Takgon Sha-drub Tharlin","Nepal, open, 0 students",country
SLE,8.48714,-13.2356,recipient,10,"Edoovillage #2932 - Sierra Leone, Freetown: REAPS Technical ","Freetown, completed, 80 students",city
SEN,14.2289,-14.6109,recipient,0,"Edoovillage #2933 - Senegal, Ibel: Waxtan digital","Senegal, open, 25 students",country
IND,23.5863,81.173,recipient,3,"Edoovillage #2934 - India, Tung: YadavRao Wadekar Primary As","India, open, 258 students",country
ZWE,-18.927,29.7178,recipient,2,"Edoovillage #2935 - Zimbabwe, Guruve: KIDZ ZONE ECD CENTER","Zimbabwe, completed, 45 students",country
UKR,46.48572,30.74383,recipient,40,"Edoovillage #2936 - Ukraine, Odessa: Lyceum 23","Odesa, completed, 700 students",city
UGA,1.2822,32.3437,recipient,4,"Edoovillage #2937 - Uganda, Magooli: MAGOOLI CHILDREN’S EDUC","Uganda, open, 520 students",country
GHA,7.9453,-1.2192,recipient,19,"Edoovillage #2938 - Ghana, Nyame Bekyere: Nyame Bekyere D/A ","Ghana, completed, 210 students",country
GHA,7.9453,-1.2192,recipient,30,"Edoovillage #2939 - Ghana, Manso Amenfi: Anwiafutu School Co","Ghana, completed, 139 students",country
KEN,0.6899,37.9531,recipient,10,"Edoovillage #2940 - Kenya, Ukanda: Stipendiaten-Programm Uku","Kenya, completed, 10 students",country
TZA,-6.3558,34.8183,recipient,0,"Edoovillage #2941 - Tanzania, Ilemela city: Mwanza Youth and","Tanzania, open, 40 students",country
PAK,30.1162,69.0884,recipient,2,"Edoovillage #2942 - Pakistan, ahore, Punjab, Pakistan: Adhoc","Pakistan, open, 10 students",country
ZAF,-28.5536,24.7525,recipient,0,"Edoovillage #2943 - South Africa, Xitlhelani Village: Amandl","South Africa, open, 137 students",country
TZA,-9.34917,34.77167,recipient,4,"Edoovillage #2944 - Tanzania, Njombe: Ilowola Secondary Scho","Njombe, completed, 198 students",city
UGA,1.2822,32.3437,recipient,6,"Edoovillage #2945 - Uganda, Ntinda Village: Pagolac School |","Uganda, open, 104 students",country
PRY,-23.4219,-58.3891,recipient,2,"Edoovillage #2946 - Paraguay, Dr Moisés Santiago Bertoni 060","Paraguay, open, 104 students",country
BIH,44.1442,17.8347,recipient,20,"Edoovillage #2947 - Bosnia and Herzegovina, Živinice: JU GIM","Bosnia and Herzegovina, open, 216 students",country
BIH,44.1442,17.8347,recipient,20,"Edoovillage #2948 - Bosnia and Herzegovina, Jajce: JU Osnovn","Bosnia and Herzegovina, open, 325 students",country
BIH,44.1442,17.8347,recipient,20,"Edoovillage #2949 - Bosnia and Herzegovina, Prača: JU Osnovn","Bosnia and Herzegovina, open, 69 students",country
NAM,-22.55941,17.08323,recipient,5,"Edoovillage #2950 - Namibia, Windhoek: Special Olympics Nami","Windhoek, open, 70 students",city
TGO,9.55111,1.18611,recipient,20,"Edoovillage #2951 - Togo, Kara: Bildungshaus Saint Joseph Fr","Kara, completed, 17 students",city
SLE,8.5613,-11.7866,recipient,0,"Edoovillage #2952 - Sierra Leone, Masingbi: Rural Initiative","Sierra Leone, completed, 78 students",country
DEU,51.43218,6.87967,recipient,2,"Edoovillage #2953 - Germany, Mülheim an der Ruhr: Städt. Rea","Mülheim, completed, 10 students",city
KEN,-0.36774,35.28314,recipient,18,"Edoovillage #2954 - Kenya, Kericho: Chepkolon Green Highland","Kericho, completed, 50 students",city
CMR,4.15342,9.24231,recipient,10,"Edoovillage #2955 - Cameroon, Buea: Muanekep Youth training ","Buea, completed, 60 students",city
ARG,-34.61315,-58.37723,recipient,0,"Edoovillage #2956 - Argentina, Buenos Aires: Escuela Roque S","Buenos Aires, open, 9 students",city
DEU,51.52392,6.9285,recipient,2,"Edoovillage #2957 - Germany, Bottrop: Regenbogen Tageseinric","Bottrop, completed, 103 students",city
GHA,7.9453,-1.2192,recipient,30,"Edoovillage #2958 - Ghana, Assin Darmang: Assin Darmang SHS ","Ghana, completed, 464 students",country
GHA,7.9453,-1.2192,recipient,29,"Edoovillage #2959 - Ghana, Nkontompo: AME Zion Basic School ","Ghana, completed, 620 students",country
NAM,-22.55941,17.08323,recipient,10,"Edoovillage #2960 - Namibia, Windhoek: The Church Alliance f","Windhoek, open, 140 students",city
ITA,39.23054,9.11917,recipient,10,"Edoovillage #2961 - Italy, Castel del Piano: Linux teaching","Cagliari, completed, 10 students",city
GHA,7.9453,-1.2192,recipient,25,"Edoovillage #2962 - Ghana, Gbi Godenu: Godenu Basic School |","Ghana, completed, 435 students",country
ZMB,-13.1628,27.7552,recipient,30,"Edoovillage #2963 - Zambia, Wusakile,Kitwe: Chamboli Seconda","Zambia, open, 3138 students",country
ZMB,-12.95867,28.63659,recipient,31,"Edoovillage #2964 - Zambia, Ndola: KANSENSHI SECONDARY SCHOO","Ndola, open, 2221 students",city
UGA,1.2822,32.3437,recipient,0,"Edoovillage #2965 - Uganda, Rhino Camp: Basic ICT Skills Tra","Uganda, open, 35 students",country
ECU,-1.24908,-78.61675,recipient,0,"Edoovillage #2966 - Ecuador, Ambato: Hogar Santa Marianita","Ambato, open, 40 students",city
GHA,7.9453,-1.2192,recipient,17,"Edoovillage #2967 - Ghana, Dodowa: Ghanafriends association","Ghana, completed, 17 students",country
COD,-5.04098,18.81619,recipient,10,"Edoovillage #2968 - Congo (Kinshasa), Kikwit: CENTRE DE FORM","Kikwit, open, 200 students",city
TZA,-6.3558,34.8183,recipient,22,"Edoovillage #2969 - Tanzania, Kitopeni: Njota Nyema Primary ","Tanzania, open, 125 students",country
ESP,41.93012,2.25486,recipient,30,"Edoovillage #2970 - Spain, Vic: Proyecto Impulsa","Vic, open, 340 students",city
TZA,-2.51667,32.9,recipient,19,"Edoovillage #2971 - Tanzania, Mwanza: Computerroom Butimba P","Mwanza, open, 500 students",city
DEU,52.52437,13.41053,recipient,19,"Edoovillage #2972 - Germany, Berlin: GVL - gemeinsam Vielfal","Berlin, open, 69 students",city
DEU,53.55073,9.99302,recipient,3,"Edoovillage #2973 - Germany, Hamburg: Socialgym Hamburg e.V.","Hamburg, open, 10 students",city
UGA,0.31628,32.58219,recipient,14,"Edoovillage #2974 - Uganda, Kampala: EBENEZER CHRISTIAN HIGH","Kampala, open, 500 students",city
ESP,41.38879,2.15899,recipient,0,"Edoovillage #2975 - Spain, Barcelona: Provivienda. Con las p","Barcelona, open, 60 students",city
BOL,-17.38195,-66.15995,recipient,0,"Edoovillage #2976 - Bolivia, Cochabamba: Unidad Educativa Su","Cochabamba, open, 20 students",city
ZMB,-15.40669,28.28713,recipient,9,"Edoovillage #2977 - Zambia, Lusaka: Natubelenge Children's L","Lusaka, open, 978 students",city
KEN,-4.05466,39.66359,recipient,24,"Edoovillage #2978 - Kenya, Mombasa: Primary School Academy L","Mombasa, completed, 170 students",city
SYR,35.0975,38.5117,recipient,0,"Edoovillage #2979 - Syria, Qamishli: Bildungszentrum Student","Syria, open, 15 students",country
COL,4.60971,-74.08175,recipient,21,"Edoovillage #2980 - Colombia, Bogota: Asociación Catolica So","Bogotá, completed, 30 students",city
PER,-12.04318,-77.02824,recipient,23,"Edoovillage #2981 - Peru, Lima: Deutsch-Sprachkurse für Kind","Lima, open, 30 students",city
LBN,33.55751,35.37148,recipient,0,"Edoovillage #2982 - Lebanon, Sidon: Bildungszentrum Greek-Ca","Sidon, open, 40 students",city
DEU,48.13743,11.57549,recipient,31,"Edoovillage #2983 - Germany, Munich: JUNO - eine Stimme für ","Munich, completed, 50 students",city
UGA,1.2822,32.3437,recipient,3,"Edoovillage #2984 - Uganda, Bwera: St. Maria Goretti Seconda","Uganda, open, 705 students",country
HTI,19.75938,-72.19815,recipient,48,"Edoovillage #2985 - Haiti, Cap Haitien : Digitalinklusion fü","Cap-Haïtien, completed, 120 students",city
ESP,41.35967,2.10028,recipient,0,"Edoovillage #2986 - Spain, Hospitalet de Llobregat: Cooperat","L'Hospitalet de Llobregat, open, 50 students",city
SEN,14.2289,-14.6109,recipient,3,"Edoovillage #2987 - Senegal, Ndokh: Aula d'informàtica per a","Senegal, open, 500 students",country
ESP,41.98311,2.82493,recipient,15,"Edoovillage #2988 - Spain, Girona: Itineraris Formatius Espe","Girona, open, 32 students",city
CMR,6.2942,12.9485,recipient,23,"Edoovillage #2989 - Cameroon, Santchou: COLLÈGE MODERNE POLY","Cameroon, completed, 985 students",country
DEU,52.52437,13.41053,recipient,12,"Edoovillage #2990 - Germany, Berlin: Projektfabrik gGmbH Kun","Berlin, completed, 12 students",city
UGA,1.2822,32.3437,recipient,4,"Edoovillage #2991 - Uganda, Kalagi: Love Uganda Foundation","Uganda, open, 30 students",country
GHA,7.9453,-1.2192,recipient,0,"Edoovillage #2992 - Ghana, Daboase: Socfinaf D/A Basic Schoo","Ghana, open, 200 students",country
GHA,7.9453,-1.2192,recipient,0,"Edoovillage #2993 - Ghana, Jema: Jema Junior High School A&B","Ghana, open, 275 students",country
GHA,5.55602,-0.1969,recipient,20,"Edoovillage #2994 - Ghana, Accra: Presbyterian SHS-Teshie","Accra, open, 1617 students",city
CMR,4.02356,9.20607,recipient,10,"Edoovillage #2995 - Cameroon, Limbe: Computerkurs | Afrika K","Limbe, open, 50 students",city
MOZ,-17.5252,35.2086,recipient,6,"Edoovillage #2996 - Mozambique, Machavenga: Kingfisher Lake ","Mozambique, open, 17 students",country
DEU,51.083,10.4262,recipient,1,"Edoovillage #2997 - Germany, Beilngries: Nachbarschaftshilfe","Germany, open, 20 students",country
KEN,-2.27169,40.90201,recipient,0,"Edoovillage #2998 - Kenya, Lamu: Shamba la Shela School – Un","Lamu, open, 60 students",city
TZA,-3.36667,36.68333,recipient,1,"Edoovillage #2999 - Tanzania, Arusha: Winning Spirit Seconda","Arusha, open, 700 students",city
CMR,3.86667,11.51667,recipient,3,"Edoovillage #3000 - Cameroon, Yaounde: Wisdom Garden Nursery","Yaoundé, open, 180 students",city
UGA,0.43902,33.20317,recipient,11,"Edoovillage #3001 - Uganda, Jinja: Igulu Foundation Uganda","Jinja, open, 50 students",city
NGA,6.33815,5.62575,recipient,0,"Edoovillage #3002 - Nigeria, Benin City: Kingstouch Royal Ac","Benin City, open, 182 students",city
KEN,-1.52233,37.26521,recipient,3,"Edoovillage #3003 - Kenya, Machakos: MANEK Community Develop","Machakos, completed, 12 students",city
TZA,-6.3558,34.8183,recipient,3,"Edoovillage #3004 - Tanzania, Ilemela: SKFI Soma Kwa Furaha ","Tanzania, open, 45 students",country
NAM,-22.55941,17.08323,recipient,4,"Edoovillage #3005 - Namibia, Windhoek: iDream Namibia - CV &","Windhoek, open, 300 students",city
ESP,28.09973,-15.41343,recipient,4,"Edoovillage #3006 - Spain, Las Palmas de Gran canaria: Enred","Las Palmas de Gran Canaria, open, 25 students",city
ZMB,-17.84194,25.85425,recipient,6,"Edoovillage #3007 - Zambia, Livingstone: Safe House for Girl","Livingstone, open, 15 students",city
DEU,53.55073,9.99302,recipient,32,"Edoovillage #3008 - Germany, Hamburg: Ehil e.V. - GemeinsamD","Hamburg, open, 60 students",city
CMR,4.2344,9.6164,recipient,23,"Edoovillage #3009 - Cameroon, Souza: Collège Saint Herbert d","Souza Gare, open, 1187 students",city
DEU,51.96236,7.62571,recipient,6,"Edoovillage #3010 - Germany, Münster: Blickwinkel erweitern","Münster, completed, 25 students",city
DEU,53.55073,9.99302,recipient,2,"Edoovillage #3011 - Germany, Hamburg: Labdoo Hub Hamburg","Hamburg, completed, 0 students",city
MRT,20.5177,-13.04857,recipient,15,"Edoovillage #3012 - Mauritania, Atar: Evening School Atar - ","Atar, open, 50 students",city
SRB,44.0268,20.8568,recipient,61,"Edoovillage #3013 - Serbia, Corrotice: Shkolla Fillore 'Ditu","Serbia, completed, 171 students",country
CHE,46.7368,8.2869,recipient,5,"Edoovillage #3014 - Switzerland, Oberwil: Baselland Internat","Switzerland, completed, 43 students",country
LKA,7.6966,80.6693,recipient,0,"Edoovillage #3015 - Sri Lanka, Kekirawa: Good Deeds Day Ceyl","Sri Lanka, completed, 600 students",country
GHA,7.9453,-1.2192,recipient,0,"Edoovillage #3016 - Ghana, Afienya: Enyan Abowinum DA Basic ","Ghana, completed, 300 students",country
HND,14.92217,-88.23756,recipient,0,"Edoovillage #3017 - Honduras, Santa Bárbara: Educate. Cerran","Santa Bárbara, open, 100 students",city
UGA,1.2822,32.3437,recipient,9,"Edoovillage #3018 - Uganda, Kasanga: ST.JOSEPH'S MIXED DAY A","Uganda, completed, 50 students",country
GMB,13.43833,-16.67806,recipient,0,"Edoovillage #3019 - Gambia, Serrekunda: Child Concern Nurser","Serekunda, completed, 402 students",city
LKA,7.6966,80.6693,recipient,0,"Edoovillage #3020 - Sri Lanka, Meegammana: Happy Bambini e.V","Sri Lanka, open, 0 students",country
SLE,8.48714,-13.2356,recipient,2,"Edoovillage #3021 - Sierra Leone, Freetown: Word Made Flesh ","Freetown, open, 15 students",city
KEN,0.6899,37.9531,recipient,2,"Edoovillage #3022 - Kenya, Nyandarua: Gikingi Secondary Scho","Kenya, open, 170 students",country
UGA,0.18333,30.08333,recipient,3,"Edoovillage #3023 - Uganda, Kasese: RCDNET Charitable Initia","Kasese, open, 20 students",city
LKA,7.6966,80.6693,recipient,6,"Edoovillage #3024 - Sri Lanka, Meegammana: School Meegammana","Sri Lanka, open, 260 students",country
NAM,-19.57328,18.1003,recipient,0,"Edoovillage #3025 - Namibia, Grootfontein: Otjiwanda Seconda","Grootfontein, open, 923 students",city
NAM,-21.9086,18.1645,recipient,0,"Edoovillage #3026 - Namibia, Okombahe: Gaob Dr Justus || Gar","Namibia, open, 640 students",country
UGA,1.2822,32.3437,recipient,3,"Edoovillage #984 - Uganda, Kabasanda: UWPE Uganics Women Emp","Uganda, open, 48 students",country
COD,-2.49077,28.84281,recipient,30,"Edoovillage #983 - Congo (Kinshasa), Bukavu: Fundi Wa Kesho","Bukavu, completed, 18 students",city
NGA,7.37756,3.90591,recipient,0,"Edoovillage #3027 - Nigeria, BAKO IBADAN: LAURA SHALOM SCHOO","Ibadan, open, 42 students",city
DEU,51.083,10.4262,recipient,7,"Edoovillage #3028 - Germany, Demmin: Jugendhilfestation Demm","Germany, completed, 7 students",country
TGO,6.12874,1.22154,recipient,0,"Edoovillage #3029 - Togo, Lomé: Centré SONAGNON d’ASEVEC |  ","Lomé, open, 11 students",city
NPL,27.42839,85.03219,recipient,0,"Edoovillage #3030 - Nepal, Hetauda: Familia de Hetauda. Nepa","Hetauda, open, 130 students",city
TZA,-3.35,37.33333,recipient,0,"Edoovillage #3032 - Tanzania, Moshi Town: Delight Niche Boot","Moshi, open, 100 students",city
SEN,14.15197,-16.07259,recipient,0,"Edoovillage #3031 - Senegal, Kaolak: La Veu Entre Cultures (","Kaolack, open, 45 students",city
UGA,0.18333,30.08333,recipient,4,"Edoovillage #3033 - Uganda, Kasese: MUWOFA Mughende Women Fa","Kasese, open, 60 students",city
UGA,1.2822,32.3437,recipient,2,"Edoovillage #3034 - Uganda, Nyondo: KIDA Kitabu Integrated D","Uganda, completed, 20 students",country
CHE,47.36667,8.55,recipient,90,"Edoovillage #3035 - Switzerland, Zurich: Buy Food with Plast","Zürich, completed, 1000 students",city
NGA,9.6103,8.1477,recipient,0,"Edoovillage #3036 - Nigeria, Oreyo, Ikorodu, Lagos State, Ni","Nigeria, open, 120 students",country
MAR,33.00103,-7.61662,recipient,0,"Edoovillage #3037 - Morocco, Settat: Lycée qualifiant errazi","Settat, open, 714 students",city
IND,18.51957,73.85535,recipient,0,"Edoovillage #3038 - India, Pune: Saamarthya Foundation","Pune, open, 4 students",city
GTM,14.63823,-91.22901,recipient,0,"Edoovillage #3039 - Guatemala, Santiago Atitlan: Escuelita C","Santiago Atitlán, open, 140 students",city
TZA,-3.35,37.33333,recipient,0,"Edoovillage #3040 - Tanzania, Moshi Town: Moshi Street Kids ","Moshi, open, 100 students",city
ESP,41.38879,2.15899,recipient,7,"Edoovillage #3041 - Spain, Barcelona: Fundació Valora.t. PRO","Barcelona, open, 20 students",city
KEN,3.71363,34.8572,recipient,0,"Edoovillage #3042 - Kenya, Kakuma: Turkana West, Kakuma Refu","Kakuma, open, 210 students",city
TZA,-3.35,37.33333,recipient,0,"Edoovillage #3043 - Tanzania, Moshi Town: Mikono Salama Scho","Moshi, open, 100 students",city
GNB,11.9801,-14.9802,recipient,0,"Edoovillage #3044 - Guinea-Bissau, Varela: Varela School - P","Guinea-Bissau, open, 300 students",country
MAR,34.92,-2.32,recipient,0,"Edoovillage #3045 - Morocco, Berkane: Association Allaymoune","Berkane, open, 500 students",city
GTM,14.63823,-91.22901,recipient,0,"Edoovillage #3046 - Guatemala,  Santiago Atitlán, Sololá: Es","Santiago Atitlán, open, 53 students",city
ESP,40.4165,-3.70256,recipient,7,"Edoovillage #3047 - Spain, Madrid: ABRE SUS OJOS - Proporcio","Madrid, open, 600 students",city
DEU,48.13743,11.57549,recipient,32,"Edoovillage #3048 - Germany, Munich: Meaalofa Foundation - T","Munich, open, 20 students",city
TZA,-6.3558,34.8183,recipient,2,"Edoovillage #3049 - Tanzania, Murusagamba: Gracious Secondar","Tanzania, open, 914 students",country
BOL,-17.78629,-63.18117,recipient,12,"Edoovillage #3050 - Bolivia, Santa Cruz de la Sierra: FUNDAC","Santa Cruz de la Sierra, open, 452 students",city
UGA,0.18333,30.08333,recipient,2,"Edoovillage #3051 - Uganda, Kasese: IKONGO GENDER AND DEVELO","Kasese, completed, 30 students",city
TZA,-6.3558,34.8183,recipient,0,"Edoovillage #3052 - Tanzania, Muzye: Nyumbwe Primary School","Tanzania, open, 739 students",country
TGO,8.6607,0.8991,recipient,0,"Edoovillage #3053 - Togo, Aimé Kokou Dogo: Togo Förderverein","Togo, open, 870 students",country
COD,-4.32758,15.31357,recipient,18,"Edoovillage #3054 - Congo (Kinshasa), Kinshasa: VIP School |","Kinshasa, open, 1050 students",city
KEN,-1.47612,36.96144,recipient,2,"Edoovillage #2602 - Kenya, Kitengela,Noonkopir: KINGS AND QU","Kitengela, open, 221 students",city
GHA,7.9453,-1.2192,recipient,0,"Edoovillage #3055 - Ghana, Pepease: Roman Catholic Basic & J","Ghana, completed, 350 students",country
GHA,7.9453,-1.2192,recipient,0,"Edoovillage #3056 - Ghana, Kwahu Tafo: Senior High School | ","Ghana, completed, 1214 students",country
TZA,-2.51667,32.9,recipient,0,"Edoovillage #3057 - Tanzania, Mwanza: Sammelprojekt - Schule","Mwanza, open, 10000 students",city
COD,-4.32758,15.31357,recipient,4,"Edoovillage #3058 - Congo (Kinshasa), Kinshasa: CISM Comité ","Kinshasa, open, 850 students",city
UGA,0.225,32.31361,recipient,0,"Edoovillage #3059 - Uganda, MPIGI: Pearl of Africa High Scho","Mpigi, open, 266 students",city
MEX,22.15234,-100.97135,recipient,4,"Edoovillage #3060 - Mexico, San Luis Potosi: CANICA A.C. Cen","San Luis Potosí, open, 100 students",city
GRC,37.98376,23.72784,recipient,0,"Edoovillage #3061 - Greece, Athens: Asociación Española Habi","Athens, open, 25 students",city
MWI,-9.93333,33.93333,recipient,3,"Edoovillage #3062 - Malawi, Karonga: Gehörlosenschule","Karonga, open, 110 students",city
NGA,6.85783,7.39577,recipient,0,"Edoovillage #3063 - Nigeria, Nsukka: Divine Wounds Orphanage","Nsukka, open, 192 students",city
UGA,-0.33379,31.73409,recipient,6,"Edoovillage #3064 - Uganda, Masaka: U.V.C.O. Deutschland  e.","Masaka, open, 127 students",city
SLE,8.88605,-12.04417,recipient,0,"Edoovillage #3065 - Sierra Leone, Makeni: Sam-Mary Internati","Makeni, open, 331 students",city
CMR,6.2942,12.9485,recipient,0,"Edoovillage #3066 - Cameroon, MUTENGENE-TIKO: SMILE AGAIN CU","Cameroon, open, 1368 students",country
UGA,-1.28538,29.68497,recipient,0,"Edoovillage #3067 - Uganda, Kisoro: CHRISTIAN LIFE PRE AND P","Kisoro, open, 312 students",city
SSD,4.85165,31.58247,recipient,0,"Edoovillage #3068 - South Sudan, Juba: Junub Open Space","Juba, open, 200 students",city
ZWE,-18.927,29.7178,recipient,0,"Edoovillage #3069 - Zimbabwe, Ndimakule: St. Christopher Mas","Zimbabwe, open, 384 students",country
ZWE,-18.927,29.7178,recipient,0,"Edoovillage #3070 - Zimbabwe, Nyamandlovu: St. James High Sc","Zimbabwe, open, 490 students",country
ESP,41.43541,2.18982,recipient,1,"Edoovillage #3071 - Spain, Sant Andreu, Barcelona: AEiG Flor","Sant Andreu, open, 82 students",city
TZA,-6.82349,39.26951,recipient,3,"Edoovillage #3072 - Tanzania, Dar es Salaam: Binti Kinara Ce","Dar es Salaam, open, 100 students",city
UGA,0.18333,30.08333,recipient,0,"Edoovillage #3073 - Uganda, Kasese: St John’s Evangelist Min","Kasese, open, 277 students",city
UGA,-1.24857,29.98993,recipient,0,"Edoovillage #3074 - Uganda, Kabale: JACANA -YOUTH &amp; CHIL","Kabale, open, 20 students",city
SLE,8.48714,-13.2356,recipient,0,"Edoovillage #3075 - Sierra Leone, Freetown: FSSG Freetown Se","Freetown, open, 2000 students",city
GHA,5.53711,-0.69984,recipient,3,"Edoovillage #3076 - Ghana, Agona Swedru: Agona Swedru Hope I","Swedru, open, 150 students",city
NAM,-21.9086,18.1645,recipient,1,"Edoovillage #3077 - Namibia, Aminuis: Aminuis Site Mapping |","Namibia, open, 26 students",country
KEN,-4.05466,39.66359,recipient,2,"Edoovillage #3078 - Kenya, Mombasa: Majaoni Gospel Revival C","Mombasa, open, 40 students",city
NGA,9.61524,6.54776,recipient,3,"Edoovillage #3079 - Nigeria, Minna: The Immaculate Conceptio","Minna, open, 61 students",city
ESP,28.2977,-16.538,recipient,1,"Edoovillage #3080 - Spain, Cervelló: Servei d'intervenció so","Spain, open, 45 students",country
UKR,48.6575,31.2738,recipient,0,"Edoovillage #3081 - Ukraine, Povitno: POVITNO SCHOOL OF GENE","Ukraine, open, 118 students",country
UGA,0.31628,32.58219,recipient,0,"Edoovillage #3082 - Uganda, Kisugu Muyenga Kampala: Empoweri","Kampala, open, 100 students",city
ZWE,-17.30192,31.33056,recipient,0,"Edoovillage #3083 - Zimbabwe, Bindura: Young Generations","Bindura, open, 20 students",city
SLE,8.5613,-11.7866,recipient,0,"Edoovillage #3084 - Sierra Leone, Bo City:  Empower to Inspi","Sierra Leone, open, 196 students",country
COD,-5.83861,13.46306,recipient,0,"Edoovillage #3085 - Congo (Kinshasa), Matadi: Institut supér","Matadi, open, 250 students",city
KEN,0.6899,37.9531,recipient,0,"Edoovillage #3086 - Kenya, Lianai, Birika, Namanga: Siana Af","Kenya, open, 10 students",country
GHA,7.59054,-1.93947,recipient,0,"Edoovillage #3087 - Ghana, Techiman: Techiman Senior High Sc","Techiman, completed, 3500 students",city
NGA,6.33815,5.62575,recipient,0,"Edoovillage #3088 - Nigeria, Benin City: Michael-Jennifer-Cl","Benin City, open, 45 students",city
TZA,-3.33333,35.66667,recipient,0,"Edoovillage #3089 - Tanzania, Karatu: David Smile","Kiratu, open, 140 students",city
AGO,-8.83682,13.23432,recipient,20,"Edoovillage #3090 - Angola, Luanda, Palanca Municipo do Kila","Luanda, completed, 0 students",city
SRB,44.0268,20.8568,recipient,55,"Edoovillage #3091 - Serbia, Ternav: Schule Ternav Bezirk Pre","Serbia, completed, 70 students",country
UKR,48.6575,31.2738,recipient,15,"Edoovillage #3092 - Ukraine, Borova: Borivska Gimnasium | St","Ukraine, completed, 142 students",country
BOL,-17.78629,-63.18117,recipient,17,"Edoovillage #3093 - Bolivia, Santa Cruz de la  Sierra : CEA ","Santa Cruz de la Sierra, open, 50 students",city
NGA,6.85783,7.39577,recipient,0,"Edoovillage #3094 - Nigeria, Nsukka: Developing a Computer L","Nsukka, open, 192 students",city
UGA,0.05621,32.47949,recipient,0,"Edoovillage #3095 - Uganda, Entebbe: Malayaka House es una o","Entebbe, open, 40 students",city
UGA,1.2822,32.3437,recipient,0,"Edoovillage #3096 - Uganda, Kiragura: Foundation for Rural P","Uganda, open, 12 students",country
UGA,1.08209,34.17503,recipient,2,"Edoovillage #3097 - Uganda, Mbale City: 264 Education - Gold","Mbale, open, 390 students",city
COD,-4.32758,15.31357,recipient,0,"Edoovillage #3098 - Congo (Kinshasa), Kinshasa: FEMM'IN TECH","Kinshasa, open, 319 students",city
MNG,47.90771,106.88324,recipient,30,"Edoovillage #3099 - Mongolia, Ulaanbaatar: School No 18- ICT","Ulan Bator, open, 500 students",city
TZA,-6.3558,34.8183,recipient,0,"Edoovillage #3100 - Tanzania, Kituntu: Mwangaza Community Co","Tanzania, open, 50 students",country
ETH,14.277,39.462,recipient,2,"Edoovillage #3101 - Ethiopia, Adigrat: Digital Learning Supp","Ādīgrat, open, 160 students",city
BEN,9.503,2.3057,recipient,8,"Edoovillage #3102 - Benin, BOPA (DEPARTAMENT DE MONO): Talle","Benin, open, 150 students",country
MWI,-13.7804,34.4587,recipient,3,"Edoovillage #3103 - Malawi, Salima: Nthali","Salima, open, 63 students",city
GHA,7.9453,-1.2192,recipient,17,"Edoovillage #3104 - Ghana, Gomoa Fetteh: Fetteh Church Of Ch","Ghana, completed, 493 students",country
NAM,-21.9086,18.1645,recipient,0,"Edoovillage #3105 - Namibia, Gochas: N Mutschuana Primary Sc","Namibia, open, 60 students",country
ZWE,-18.13021,30.14074,recipient,0,"Edoovillage #3106 - Zimbabwe, Chegutu: Mopani Learning Hub","Chegutu, open, 13 students",city
KEN,3.71363,34.8572,recipient,0,"Edoovillage #3107 - Kenya, Kakuma: Digital Skills for Self-R","Kakuma, open, 50 students",city
LBR,6.5201,-9.259,recipient,0,"Edoovillage #3108 - Liberia, Bong Mines: Kinder Afrikas e.V.","Liberia, open, 58 students",country
MAR,31.9314,-4.42663,recipient,30,"Edoovillage #3109 - Morocco, Errachidia: Zaina Skills Lab","Errachidia, open, 50 students",city
GHA,7.9453,-1.2192,recipient,0,"Edoovillage #3110 - Ghana, Manso Amenfi Anakum: Anakum D/A B","Ghana, completed, 300 students",country
GHA,6.09408,-0.25913,recipient,0,"Edoovillage #3111 - Ghana, Koforidua- Betom: St. Peter's Ang","Koforidua, completed, 321 students",city
DEU,50.64826,11.36536,recipient,9,"Edoovillage #3112 - Germany,  Saalfeld: Werkhaus, Integratio","Saalfeld, open, 20 students",city
DEU,48.13743,11.57549,recipient,5,"Edoovillage #3113 - Germany, München: IQRA - Arabisch Kurse ","Munich, completed, 20 students",city
NGA,9.6103,8.1477,recipient,3,"Edoovillage #3114 - Nigeria, Ogun Waterside: Rural champions","Nigeria, open, 50 students",country
COD,-3.3386,23.4198,recipient,0,"Edoovillage #3115 - Congo (Kinshasa), Goma Keshero: Focus Co","Congo (Kinshasa), completed, 300 students",country
SLE,8.48714,-13.2356,recipient,2,"Edoovillage #3116 - Sierra Leone, Freetown: Children in Need","Freetown, open, 500 students",city
DEU,50.54322,7.1113,recipient,26,"Edoovillage #3117 - Germany, Bad Neuenahr-Ahrweiler: Erich-K","Bad Neuenahr-Ahrweiler, open, 360 students",city
COD,-4.32758,15.31357,recipient,0,"Edoovillage #3118 - Congo (Kinshasa), Kinshasa: INSTITUT SUP","Kinshasa, open, 1350 students",city
SLE,8.48714,-13.2356,recipient,0,"Edoovillage #3119 - Sierra Leone, Freetown: Freetown Innovat","Freetown, open, 70 students",city
IND,23.5863,81.173,recipient,2,"Edoovillage #3120 - India, Chhotebodal, Panchayat- Kawalikal","India, open, 300 students",country
COD,-4.32758,15.31357,recipient,0,"Edoovillage #3121 - Congo (Kinshasa), Kinshasa: Fundación am","Kinshasa, open, 230 students",city
TZA,-2.51667,32.9,recipient,0,"Edoovillage #3122 - Tanzania, Mwanza: Wunderkind Academy - C","Mwanza, open, 185 students",city
TZA,-6.3558,34.8183,recipient,10,"Edoovillage #3123 - Tanzania, Ukerewe: Celestine Kasisi Prim","Tanzania, open, 400 students",country
TZA,-2.51667,32.9,recipient,10,"Edoovillage #3124 - Tanzania, Mwanza: Lake Zone Secondary Sc","Mwanza, open, 45 students",city
TZA,-2.51667,32.9,recipient,10,"Edoovillage #3125 - Tanzania, Mwanza: Bidii Secondary School","Mwanza, open, 450 students",city
MOZ,-23.865,35.38333,recipient,15,"Edoovillage #3126 - Mozambique, Inhambane: Instituto de Form","Inhambane, completed, 120 students",city
IND,23.5863,81.173,recipient,2,"Edoovillage #3127 - India, Karnataka: Childrens Home in Indi","India, completed, 8 students",country
UGA,0.18333,30.08333,recipient,4,"Edoovillage #3128 - Uganda, Kasese: South Rwenzori Diocese M","Kasese, open, 100 students",city
GHA,7.9453,-1.2192,recipient,0,"Edoovillage #3129 - Ghana, Manso Amenfi: Manso Amenfi Commun","Ghana, open, 457 students",country
SLE,8.5613,-11.7866,recipient,0,"Edoovillage #3130 - Sierra Leone, Moyamba: Baptist Secondary","Sierra Leone, open, 318 students",country
NGA,6.81944,3.91731,recipient,0,"Edoovillage #3131 - Nigeria, Ijebu: Ibiade School | Solarder","Ijebu Ode, open, 250 students",city
NGA,9.6103,8.1477,recipient,0,"Edoovillage #3132 - Nigeria, Uwelu, Benin City: Standard Fou","Nigeria, completed, 150 students",country
CHE,46.7368,8.2869,recipient,0,"Edoovillage #3133 - Switzerland, Glattpark: Swiss NewEra","Switzerland, completed, 15 students",country
CMR,4.15342,9.24231,recipient,0,"Edoovillage #3134 - Cameroon, Buea: Linux Friends Limbe - op","Buea, completed, 10 students",city
TZA,-2.51667,32.9,recipient,15,"Edoovillage #3135 - Tanzania, MWANZA: Tabasamu Primary Schoo","Mwanza, open, 420 students",city
UGA,0.18333,30.08333,recipient,1,"Edoovillage #3136 - Uganda, Kasese: Standard Infant School","Kasese, open, 250 students",city
UGA,-0.33379,31.73409,recipient,0,"Edoovillage #3137 - Uganda, Masaka City: SES Project UG-NOLS","Masaka, open, 200 students",city
UGA,0.18333,30.08333,recipient,0,"Edoovillage #3138 - Uganda, Kasese: SAVE A MOTHER FOUNDATION","Kasese, open, 35 students",city
COD,-3.3386,23.4198,recipient,0,"Edoovillage #3139 - Congo (Kinshasa), Kashusha: Collège Jeng","Congo (Kinshasa), open, 600 students",country
TZA,-2.51667,32.9,recipient,10,"Edoovillage #3140 - Tanzania, Mwanza: St. Theresa Primary Sc","Mwanza, open, 630 students",city
TZA,-2.51667,32.9,recipient,15,"Edoovillage #3141 - Tanzania, Mwanza: Nyakato Mennonite Engl","Mwanza, open, 278 students",city
TZA,-2.51667,32.9,recipient,10,"Edoovillage #3142 - Tanzania, Mwanza: Fides Pre and Primary ","Mwanza, open, 117 students",city
TZA,-2.51667,32.9,recipient,0,"Edoovillage #3143 - Tanzania, Mwanza: Nyamanoro Baptist Prim","Mwanza, open, 576 students",city
TZA,-2.51667,32.9,recipient,15,"Edoovillage #3144 - Tanzania, mwanza: Christ the King Nyanta","Mwanza, open, 218 students",city
TZA,-2.51667,32.9,recipient,15,"Edoovillage #3145 - Tanzania, Mwanza: Dream Big Montessori S","Mwanza, open, 422 students",city
TZA,-2.51667,32.9,recipient,13,"Edoovillage #3146 - Tanzania, Mwanza: St. Caroli Pre and Pri","Mwanza, open, 357 students",city
TZA,-2.51667,32.9,recipient,13,"Edoovillage #3147 - Tanzania, Mwanza: Loreto English Medium ","Mwanza, open, 428 students",city
CMR,3.86667,11.51667,recipient,0,"Edoovillage #3148 - Cameroon, Yaounde: Children's Fate","Yaoundé, open, 48 students",city
CMR,3.8,10.13333,recipient,0,"Edoovillage #3149 - Cameroon, Edea: Lycee Classique Edea | I","Edéa, open, 2872 students",city
GHA,4.92678,-1.75773,recipient,0,"Edoovillage #3150 - Ghana, Sekondi-Takoradi: Nana Kwesi Badu","Sekondi-Takoradi, open, 611 students",city
GHA,6.09408,-0.25913,recipient,0,"Edoovillage #3151 - Ghana, Koforidua: Koforidua Presby Basic","Koforidua, open, 750 students",city
KEN,-0.10221,34.76171,recipient,0,"Edoovillage #3152 - Kenya, Kisumu: Okiri Digital & Financial","Kisumu, open, 20 students",city
ESP,41.35967,2.10028,recipient,0,"Edoovillage #3153 - Spain, L’Hospitalet de Llobregat: Associ","L'Hospitalet de Llobregat, open, 107 students",city