Edoovillage,Date created,Hubs,Needed (N),In transit (T),Delivered (D),Remaining (R = N-T-D),% Completed,Number of students,Status,Country,Completed
"Bolivia, Beni: To set up a new computer laboratory for a school  in the town Bella Vista, Beni District, Bolivia. ",2012-05-30,Labdoo Hub Rome,30,1,0,29,3,700,open,Bolivia,0
"Bolivia, Cochabamba: Build 2 fully functioning computer laboratories in Quiriria and in Anzaldo",2012-06-16,Labdoo Hub Rome,2,0,2,0,100,150,completed,Bolivia,1
"Brazil, Quixadá: To support wit computers the activities in which the Association is engaged",2012-04-14,Labdoo Hub Rome,10,0,10,0,100,10,completed,Brazil,1
"Austria, Imst: SOS Kinderdorf Imst (Austria)",2012-09-11,Labdoo Annahmestelle 6330 Kufstein: kubi - Kufstein Bibliothek für Wissenschaft & Freizeit,4,0,4,0,100,42,completed,Austria,1
"Cambodia, Takoh village, Pradak commune, Banteay Srey district: Computer Training Program ",2012-07-10,Labdoo Hub Rome,25,0,9,16,36,1420,open,Cambodia,0
"Colombia, Nueva Granada, Corregimiento de La Gloria, Departamento del Magdalena: Project Biblioburro",2012-03-08,Labdoo Hub Rome,15,0,10,5,66,280,open,Colombia,0
"Ecuador, Ambato, Tungurahua: ",2012-09-22,Labdoo Hub Barcelona @I2CAT Campus Nord,5,0,3,2,60,325,open,Ecuador,0
"Ecuador, Ambato, Tungurahua: ",2012-09-22,Labdoo Hub Barcelona @I2CAT Campus Nord,3,0,1,2,33,75,open,Ecuador,0
"Ecuador, Ambato, Tungurahua: Promover el desarrollo integral de las Personas con discapacidad, a través de Rehabilitación Fisica, Sicología Clinica, Terapia de Lenguaje, Computerapia y Trabajo Social",2012-09-22,Labdoo Hub Barcelona @I2CAT Campus Nord,2,0,2,0,100,30,completed,Ecuador,1
"Ecuador, Ambato, Tungurahua: ",2012-09-22,Labdoo Hub Barcelona @I2CAT Campus Nord,5,0,4,1,80,240,open,Ecuador,0
"Ecuador, Ambato, Tungurahua: ",2012-09-23,Labdoo Hub Barcelona @I2CAT Campus Nord,3,0,2,1,66,84,open,Ecuador,0
"Ecuador, Ambato, Tungurahua: ",2012-09-23,Labdoo Hub Barcelona @I2CAT Campus Nord,2,0,2,0,100,25,completed,Ecuador,1
"Ecuador, Ambato, Tungurahua: ",2012-09-23,Labdoo Hub Barcelona @I2CAT Campus Nord,4,0,2,2,50,376,open,Ecuador,0
"Ecuador, Ambato, Tungurahua: ",2012-09-23,Labdoo Hub Barcelona @I2CAT Campus Nord,2,0,2,0,100,20,completed,Ecuador,1
"Ecuador, Ambato, Tungurahua: Promover el desarrollo integral de las Personas con discapacidad, a través de Rehabilitación Fisica, Sicología Clinica, Terapia de Lenguaje, Computerapia y Trabajo Social",2012-09-23,Labdoo Hub Barcelona @I2CAT Campus Nord,2,0,2,0,100,147,completed,Ecuador,1
"Italy, Brescia: The donated laptops will be available for language and computer skills training",2012-09-12,Labdoo Hub Rome,3,0,3,0,100,60,completed,Italy,1
"Nepal, Nuwakot: Kalyankari Vidhya Mandir School",2012-10-10,Labdoo Hub Zürich (Schweiz),8,0,4,4,50,200,open,Nepal,0
"Mexico, Tijuana: A computer Lab for the after-school program.",2011-10-09,Labdoo Hub California (South),2,0,3,0,100,30,completed,Mexico,1
"Bosnia and Herzegovina, Mihatovici: students in refugee camp Mihatovici ",2012-04-30,Labdoo Annahmestelle 45478 MH / Rhein-Ruhr (Hub),15,0,15,0,100,140,completed,Bosnia and Herzegovina,1
"United States, San Jose: The computers will be used to give students internet access.",2012-03-08,Labdoo Hub California (North),2,0,2,0,100,507,completed,United States,1
"Zambia, Mongu: Holy Cross Girls Secondary School and Poverello project | Förderverein Windeck",2012-10-28,Labdoo Annahmestelle 45478 MH / Rhein-Ruhr (Hub),80,0,52,28,65,750,open,Zambia,0
"Zambia, Mongu: Chesire Home School | Förderverein Windeck",2012-10-28,Labdoo Annahmestelle 45478 MH / Rhein-Ruhr (Hub),10,0,5,5,50,70,open,Zambia,0
"Kenya, Ukanda: Diani Beach school (with EWB/IoG)",2012-10-30,Labdoo Annahmestelle 45478 MH / Rhein-Ruhr (Hub),1,0,1,0,100,210,completed,Kenya,1
"Laos, Luang Prabang: Support to high schools students in developing computer skills",2012-11-21,Labdoo Hub Rome,30,1,5,24,20,709,open,Laos,0
"Mexico, Zacualpan de Amilpas: Art workshop that gives courses to children in the Zacualpan community.",2012-11-21,Labdoo Hub Mexico DF,12,2,6,4,66,40,open,Mexico,0
"Guatemala, Ciudad Vieja Sacatequez: Helping children at Educarte to learn Edubuntu applications come with the Labdoo laptops. ",2012-06-12,Labdoo Hub California (South),6,0,7,0,100,70,completed,Guatemala,1
"Germany, Duisburg: Immersatt e.V. helps and improves the living and learning conditions of  children in Duisburg",2012-09-25,Labdoo Annahmestelle 45478 MH / Rhein-Ruhr (Hub),5,0,5,0,100,70,completed,Germany,1
"Germany, Duisburg: MINA - Muslimisches Frauenbildungszentrum e.V.",2012-11-30,Labdoo Annahmestelle 45478 MH / Rhein-Ruhr (Hub),3,0,3,0,100,20,completed,Germany,1
"Guatemala, San Mateo: Computadoras son para la estacion de radio, que hace cursos de computacion a ninyos de la aldea",2012-06-12,Labdoo Hub California (South),6,0,6,0,100,20,completed,Guatemala,1
"Germany, Duisburg: Mabilda Mädchenbildungsarbeit e.V.",2012-12-03,Labdoo Annahmestelle 45478 MH / Rhein-Ruhr (Hub),1,0,1,0,100,30,completed,Germany,1
"Germany, Duisburg: Förderunterricht für Migrantenkinder",2012-12-06,Labdoo Annahmestelle 45478 MH / Rhein-Ruhr (Hub),3,0,3,0,100,500,completed,Germany,1
"Nicaragua, Chontales, Villa Sandino, La Gateada: Centro de Estudios para jóvenes de secundaria del Instituto Rubén Darío",2012-07-16,La Tabacalera - Madrid,6,0,6,0,100,250,completed,Nicaragua,1
"Dominican Republic, Santo Domingo Este: To provide the Orphans with computer education, Internet access, with online and offline resources.",2012-12-09,Labdoo Hub Upper West - New York,10,0,10,0,100,40,open,Dominican Republic,0
"Kenya, Kisumu  : Laptops to help Ogada Secondary School teachers prepare their lessons",2012-12-04,Labdoo Hub Busia,3,0,0,3,0,200,open,Kenya,0
"Liberia, Monrovia: GERLIB COMMUNITY CENTER",2012-06-09,Labdoo Annahmestelle 45478 MH / Rhein-Ruhr (Hub),12,0,12,0,100,247,completed,Liberia,1
"Indonesia, Mataram, Lombok: CLOSED Youth Creative Foundation",2012-12-28,Labdoo Hub Zürich (Schweiz),13,0,5,8,38,20,completed,Indonesia,1
"Liberia, Monrovia: Ward Academy for Girls",2013-01-12,Labdoo Hub Zürich (Schweiz),4,0,4,0,100,30,completed,Liberia,1
"Cameroon, Bali Nyonga: The laptops will support our school children in Cameroon (Ashia)",2012-06-01,Labdoo Hub Zürich (Schweiz),140,0,140,0,100,580,completed,Cameroon,1
"Nigeria, Calabar: Computer Lab  in Calabar",2013-01-12,Labdoo Hub California (South),20,0,6,14,30,150,open,Nigeria,0
"Thailand, Chonburi: Thailand, Chonburi: HHN Foundation Thailand (Pattaya)",2013-01-11,Labdoo Annahmestelle 45478 MH / Rhein-Ruhr (Hub),2,0,2,0,100,15,completed,Thailand,1
"Italy, Piglio: To support using laptops the many start-up activities the organization carries out",2011-11-28,Labdoo Hub Rome,25,0,25,0,100,20,completed,Italy,1
"Morocco, Agadir: Public Souk Khamis School near Tafraout",2012-06-23,Labdoo Annahmestelle 45478 MH / Rhein-Ruhr (Hub),10,0,10,0,100,100,completed,Morocco,1
"Tanzania, Engaruka: Continous support to Tanzania computer lab built by the Tanzania Educational Volunteer Group",2012-02-05,Labdoo Hub Taipei @EWB-Taiwan,3,0,3,0,100,400,completed,Tanzania,1
"Togo, Akata Dzokpé: Build a permanent Computer workshop for children and adults  in Akata Dzokpé, TOGO",2012-08-03,Labdoo Hub Barcelona @I2CAT Campus Nord,2,0,2,0,100,25,completed,Togo,1
"Ghana, Begoro: Laptops for Ghana, Begoro - Anglican JHS",2013-01-20,Labdoo Annahmestelle 79104 Freiburg Baden [zur Zeit geschlossen],20,0,18,2,90,132,open,Ghana,0
"Ghana, Begoro: ",2013-01-20,Labdoo Annahmestelle 79104 Freiburg Baden [zur Zeit geschlossen],20,0,17,3,85,152,open,Ghana,0
"Argentina, LA PLATA: To provide children in project 'La Maquina de los Sueños' with laptops",2011-09-27,Labdoo Hub Rome,7,0,8,0,100,15,completed,Argentina,1
"Ecuador, Guayaquil: Yachana-huasi",2013-03-06,Labdoo Hub Rome,5,0,5,0,100,530,completed,Ecuador,1
"Zambia, Lusaka: Holy Cross Convent school | Förderverein Windeck",2012-05-17,Labdoo Annahmestelle 45478 MH / Rhein-Ruhr (Hub),60,0,60,0,100,400,completed,Zambia,1
"Guatemala, Huehuetenango Cabecera: To provide the school (EL EUCALIPTO) with a small IT center for the sixth graders",2013-04-02,Labdoo Hub Guatemala City,1,0,1,0,100,492,completed,Guatemala,1
"Ghana, Sunyani: ",2012-11-19,Labdoo Annahmestelle 79104 Freiburg Baden [zur Zeit geschlossen],35,0,18,17,51,25,open,Ghana,0
"Ecuador, Ambato, Tungurahua: ",2012-09-22,Labdoo Hub Barcelona @I2CAT Campus Nord,3,0,2,1,66,60,completed,Ecuador,1
"Thailand, Chiang Rai: 把Ｅ化教育帶到泰北,為學校進行環境改善作業",2013-04-26,Labdoo Hub Taipei @EWB-Taiwan,6,0,6,0,100,94,completed,Thailand,1
"Ghana, Sawla: NASCO ICT Feeding minds to help provide universal computer access and print literature for students and educators",2013-04-26,Labdoo Hub Barcelona Amics de Gracia | Labdoo School Hub Vilanova - Institut Baix a Mar | Labdoo Hub Barcelona @I2CAT Campus Nord,55,0,35,20,63,876,completed,Ghana,1
"Mexico, Mexico City: Digital art workshops for kids and adolescents to learn how to draw, model and animate",2013-04-08,Labdoo Hub Mexico DF,5,0,0,5,0,10,open,Mexico,0
"Mexico, Tepoztlán: Give development tools to young people, reduce the digital divide, promote collaborative culture",2013-05-08,Labdoo Hub Mexico DF,2,0,4,0,100,20,open,Mexico,0
"Bosnia and Herzegovina, Capljina: Computer room for a primary school in Capljina",2012-06-25,Labdoo Annahmestelle 45478 MH / Rhein-Ruhr (Hub),15,0,15,0,100,310,completed,Bosnia and Herzegovina,1
"Nepal, Ghyampesal: Shree Dullav Higher Secondary School",2013-05-15,Labdoo Hub Zürich (Schweiz),10,0,3,7,30,120,open,Nepal,0
"Cambodia, Phnom Penh: Introduce IT skills to students (Toul Ampil)",2013-02-12,Labdoo Hub Zürich (Schweiz) | Labdoo Hub Melbourne,20,2,19,0,100,250,completed,Cambodia,1
"Zambia, Ndola: Chisankana Community Primary School",2012-10-28,Labdoo Hub Zürich (Schweiz),35,0,23,12,65,190,completed,Zambia,1
"Mexico, Distrito Federal: Adolescents and young adults promoting culture, art, health, ecology to impact their neighbourhood",2013-05-06,Labdoo Hub Mexico DF,2,0,2,0,100,10,open,Mexico,0
"Paraguay, Ypacarai: Computer Lab",2012-02-05,Labdoo Annahmestelle 45478 MH / Rhein-Ruhr (Hub),2,0,2,0,100,20,completed,Paraguay,1
"Guatemala, Chitocán II: laboratorio de computación auto-sostenible por los padres de familia y alumnos para la educación",2013-06-01,Labdoo Hub California (South),9,0,9,0,100,200,completed,Guatemala,1
"Morocco, Tafrauot: computer lab in a school with disadvantaged children",2012-05-27,Labdoo Annahmestelle 45478 MH / Rhein-Ruhr (Hub),10,0,10,0,100,10,completed,Morocco,1
"Cameroon, Elak-Oku: Computer centre of Elak-Okuon on the purpose of education for children and youths. ",2013-06-09,Labdoo Annahmestelle 79104 Freiburg Baden [zur Zeit geschlossen],40,0,0,40,0,40,open,Cameroon,0
"Namibia, Swakopmund: Schule Swakopmund",2013-06-05,Labdoo Annahmestelle 45478 MH / Rhein-Ruhr (Hub),10,0,10,0,100,200,completed,Namibia,1
"Afghanistan, Laghmani: school in Laghmani (DAI)",2013-05-05,Labdoo Annahmestelle 45478 MH / Rhein-Ruhr (Hub),10,0,10,0,100,100,completed,Afghanistan,1
"Bosnia and Herzegovina, Prijedor: school at Prijedor",2013-01-11,Labdoo Annahmestelle 45478 MH / Rhein-Ruhr (Hub),10,0,10,0,100,60,completed,Bosnia and Herzegovina,1
"Bosnia and Herzegovina, Srebrenica / Srebrenik: Computer lab for disabled children school",2013-01-30,Labdoo Annahmestelle 45478 MH / Rhein-Ruhr (Hub),10,0,10,0,100,70,completed,Bosnia and Herzegovina,1
"Bosnia and Herzegovina, Vitez: Roma project and school (Merhamet)",2013-05-16,Labdoo Annahmestelle 45478 MH / Rhein-Ruhr (Hub),12,0,12,0,100,85,completed,Bosnia and Herzegovina,1
"Cameroon, Yaoundé: Deutsche Schule Jaunde",2013-04-19,Labdoo Annahmestelle 45478 MH / Rhein-Ruhr (Hub),20,0,20,0,100,40,completed,Cameroon,1
"Germany, Duisburg - Huckingen: Bertold-Brecht-Berufsschule",2012-11-29,Labdoo Annahmestelle 45478 MH / Rhein-Ruhr (Hub),20,0,20,0,100,2100,completed,Germany,1
"Germany, Duisburg: Kunstpause e.V. - Children and youth project ",2012-09-30,Labdoo Annahmestelle 45478 MH / Rhein-Ruhr (Hub),4,0,4,0,100,12,completed,Germany,1
"Germany, Mülheim an der Ruhr: CVJM / YMCA, new computer room",2013-01-07,Labdoo Annahmestelle 45478 MH / Rhein-Ruhr (Hub),8,0,8,0,100,15,completed,Germany,1
"Ghana, Botianor: Future Now, Krokobite school ",2013-01-25,Labdoo Annahmestelle 45478 MH / Rhein-Ruhr (Hub),16,0,16,0,100,280,completed,Ghana,1
"Germany, Köln / Cologne: Kölner Flüchtlingszentrum Fliehkraft",2013-02-18,Labdoo Annahmestelle 45478 MH / Rhein-Ruhr (Hub),5,0,5,0,100,15,completed,Germany,1
"Bosnia and Herzegovina, Srebrenica / Srebrenik: hospital",2013-04-04,Labdoo Annahmestelle 45478 MH / Rhein-Ruhr (Hub),10,0,10,0,100,20,completed,Bosnia and Herzegovina,1
"Tajikistan, Istaravshan: home and school for handicaped people",2013-05-12,Labdoo Annahmestelle 45478 MH / Rhein-Ruhr (Hub),15,0,15,0,100,88,completed,Tajikistan,1
"Tajikistan, Istaravshan: NGO SADOQA, school for young women",2013-01-03,Labdoo Annahmestelle 45478 MH / Rhein-Ruhr (Hub),15,0,15,0,100,30,completed,Tajikistan,1
"Thailand, Mae Sot: The laptops will allow to create a computer classroom at the “The Best Friend School”",2012-11-11,La Tabacalera - Madrid,2,0,2,0,100,400,completed,Thailand,1
"Ghana, Tema, Accra: Computer lab (African Angel eV)",2012-05-15,Labdoo Annahmestelle 45478 MH / Rhein-Ruhr (Hub),65,1,45,19,70,97,open,Ghana,0
"Gambia, Fulladu West: Boraba Youth Development Association (BYDA)",2013-08-04,Labdoo Hub Zürich (Schweiz),10,0,2,8,20,60,open,Gambia,0
"Nepal, Pokhara: ",2013-08-11,Labdoo School Hub Vilafranca - INS Eugeni d'ORS,10,0,0,10,0,20,open,Nepal,0
"Albania, Tirana: Fan S. Noli school",2012-09-29,Labdoo Annahmestelle 45478 MH / Rhein-Ruhr (Hub),10,0,9,1,90,900,completed,Albania,1
"Mexico, Santa María Tlahuitoltepec: Laboratory of indigenous communication and free software, Intercultural Communal University (UNICEM)",2013-08-20,Labdoo Hub Mexico DF,5,0,1,4,20,30,open,Mexico,0
"Gambia, Mandinaba: nursery school",2013-08-20,Labdoo Annahmestelle 01309 Dresden (Hub),2,0,0,2,0,142,open,Gambia,0
"Kyrgyzstan, Kochkor: school 02 in Kochkor Zhündübaeva",2013-08-23,Labdoo Annahmestelle 45478 MH / Rhein-Ruhr (Hub),15,0,0,15,0,1300,open,Kyrgyzstan,0
"Kyrgyzstan, Kochkor -  Ak-Talaa: school 01 in Kochkor Ak-Talaa",2013-07-20,Labdoo Annahmestelle 45478 MH / Rhein-Ruhr (Hub),15,0,3,12,20,173,open,Kyrgyzstan,0
"Nepal, Nuwakot: Shree Mahendra Higher Secondary School",2013-08-25,Labdoo Annahmestelle 45478 MH / Rhein-Ruhr (Hub),15,0,0,15,0,559,open,Nepal,0
"Mexico, Delegación Cuauhtémoc.  : Exilio Colectivo is putting together a digital photo workshop for young people of their community",2013-05-09,Labdoo Hub Mexico DF,8,0,8,0,100,25,completed,Mexico,1
"Kenya, Nairobi Kangemi: Kangemi Hupendo school",2013-05-29,Labdoo Annahmestelle 45478 MH / Rhein-Ruhr (Hub),30,0,26,4,86,570,open,Kenya,0
"Cameroon, Yaoundé: lab-village schools",2013-05-14,Labdoo Annahmestelle 45478 MH / Rhein-Ruhr (Hub),18,0,18,0,100,90,completed,Cameroon,1
"Guatemala, San Pedro Las Huertas: To construct a computer lab for school Brillo del Sol",2012-05-19,Labdoo Hub California (South),1,0,1,0,100,40,completed,Guatemala,1
"Bosnia and Herzegovina, Zavidovici: To support 2 associations in the organization of educational courses.",2012-09-12,Labdoo Hub Rome,10,0,10,0,100,78,completed,Bosnia and Herzegovina,1
Pristina: Providing laptops for youth at The Innovations Lab Kosovo,2012-05-09,Labdoo Annahmestelle 45478 MH / Rhein-Ruhr (Hub),10,0,10,0,100,100,completed,xx,1
"Zambia, Lusaka: St. Pauls Primary and Secondary School ",2013-09-16,Labdoo Annahmestelle 45478 MH / Rhein-Ruhr (Hub),70,0,53,17,75,1650,open,Zambia,0
"Nepal, Kathmandu - Handigaun: Primary school in Handigaun",2013-08-14,Labdoo Annahmestelle 45478 MH / Rhein-Ruhr (Hub),6,0,6,0,100,70,completed,Nepal,1
"India, Palakkad: To provide laptops for hearing-impaired children in the Sravana Samsara Higher Secondary School",2013-09-12,Labdoo Hub Mambalam,10,0,0,10,0,158,open,India,0
"Guinea-Bissau, Bafata: Dotar tecnologia para aulas informatica a profesores y alumnos",2013-08-27,Labdoo Hub Barcelona @I2CAT Campus Nord,4,0,4,0,100,400,completed,Guinea-Bissau,1
"Poland, Kłodzko: Kinder- und Jugendbildung",2013-09-06,Labdoo Annahmestelle 45478 MH / Rhein-Ruhr (Hub),11,0,11,0,100,100,completed,Poland,1
"Ghana, Dormaa-Ahenkro: Onipa Nti Education and ICT Centre",2013-01-13,Labdoo Annahmestelle 45478 MH / Rhein-Ruhr (Hub),49,0,49,0,100,1000,completed,Ghana,1
"Mexico, Zapopan: Escuela para adultos o jóvenes que trabajan ",2013-10-01,Labdoo Hub Mexico DF,7,0,4,3,57,22,open,Mexico,0
"Mexico, El Mazunte, Santa María Tonameca: Espacio de experimentación para estimular el intercambio y enriquecimiento de vivencias culturales.",2013-07-31,Labdoo Hub Mexico DF,3,0,2,1,66,400,open,Mexico,0
"Syria, Darkush: Syria, Darkush: Camp school",2013-10-06,Labdoo Annahmestelle 60487 Frankfurt am Main: [zur Zeit geschlossen],6,0,6,0,100,900,completed,Syria,1
"Afghanistan, Bedmoschk: Afghanistan, Wardak, Jaghatu: Primary school in Bedmoschk",2013-10-05,Labdoo Annahmestelle 60487 Frankfurt am Main: [zur Zeit geschlossen],17,0,17,0,100,100,completed,Afghanistan,1
"India, Fort Cochin: Cottolengo Special School for intellectually challenged children",2013-10-05,Labdoo Annahmestelle 45478 MH / Rhein-Ruhr (Hub),2,0,2,0,100,62,completed,India,1
"Liberia, Brewerville / Monrovia: Diana E. Davies, Elementary Junior and Senior High School",2012-10-02,Labdoo Annahmestelle 42287 Wuppertal-Barmen (Hub) | Labdoo Annahmestelle 66629 Oberkirchen (Saar): Ehrenamtliches Café Edelstein Heimat- und Verkehrsverein | WEISELBERG e.V.,48,0,28,20,58,600,open,Liberia,0
"Ecuador, Ambato, Tungurahua: Computer Lab in Luis Vivero Espinosa School",2011-04-11,Labdoo Hub Barcelona @I2CAT Campus Nord,14,0,17,0,100,200,completed,Ecuador,1
"Ecuador, Ambato, Tungurahua: To equip the local rural school with laptops",2012-04-17,Labdoo Hub Barcelona @I2CAT Campus Nord,4,0,4,0,100,20,completed,Ecuador,1
"Thailand, Hua Mak: Hua Mak School",2012-12-19,Labdoo Hub Vilafranca Centre - El Hub de la Gestoria,10,1,10,0,100,10,completed,Thailand,1
"Nepal, Pokhara: Nepal, Pokhara: IEC Inclusion Empowerment Centre",2013-10-21,Labdoo Annahmestelle 42287 Wuppertal-Barmen (Hub),10,0,0,10,0,20,open,Nepal,0
"Mexico, Malinalco: Imaginalco is a program for young people from Malinalco with few opportunities for education",2013-10-22,Labdoo Hub Mexico DF,3,0,1,2,33,30,open,Mexico,0
"Mexico, Mexico City: Promote popular culture projects and the recovery of public spaces",2013-10-22,Labdoo Hub Mexico DF,4,0,2,2,50,60,open,Mexico,0
"Mexico, Aguascalientes: The young people working in the collective need access to TICs to show their work online.",2012-11-27,Labdoo Hub Mexico DF,1,0,1,0,100,4,open,Mexico,0
"Uganda, Nakaseke: Nakseke schools P.T.C staff students, individuals, including women, HIV/AIDS related orphans, and vu",2013-06-09,Labdoo Annahmestelle 79104 Freiburg Baden [zur Zeit geschlossen],13,0,13,0,100,100,completed,Uganda,1
"Nigeria, Ubiaja: Edeikholor Mixed Secondary School",2013-11-05,Labdoo Annahmestelle 60487 Frankfurt am Main: [zur Zeit geschlossen],20,0,20,0,100,450,completed,Nigeria,1
"Germany, Duisburg: Kindergärten und Kindertagesstätten",2013-03-15,Labdoo Annahmestelle 45478 MH / Rhein-Ruhr (Hub),9,0,9,0,100,200,completed,Germany,1
"Thailand, Maesuai: Laptops for Maesuai High School Students to use",2013-01-14,Labdoo Hub Taipei @EWB-Taiwan,10,0,10,0,100,340,completed,Thailand,1
"Kenya, Kangemi: Educating the vulnerable children using computers",2013-11-07,Labdoo Hub Vilafranca Centre - El Hub de la Gestoria,6,0,6,0,100,311,completed,Kenya,1
"Malawi, Chipoka: Primary and Secondary School in Chipoka | Support Malawi e.V.",2013-09-23,Labdoo Annahmestelle 69207 Sandhausen / Rhein-Neckar: Heinrich Wegener (Hub),28,0,23,5,82,1200,open,Malawi,0
"Kenya, Nairobi Kangemi: school and street kids project in Kangemi | Shangilia e.V.",2013-01-28,Labdoo Annahmestelle 45478 MH / Rhein-Ruhr (Hub),27,0,27,0,100,200,completed,Kenya,1
"Paraguay, Ypacarai: laptops for Norma Hogar",2012-03-24,Labdoo Annahmestelle 45478 MH / Rhein-Ruhr (Hub),24,0,24,0,100,150,completed,Paraguay,1
"Vietnam, Danang: support and help create  conditions for the blind community integration and employment career.",2013-11-08,Labdoo Hub Taipei @EWB-Taiwan,10,0,8,2,80,40,completed,Vietnam,1
"Bosnia and Herzegovina, Sarajevo: UZOPI support refugees and displaced persons",2013-10-03,Labdoo Annahmestelle 60487 Frankfurt am Main: [zur Zeit geschlossen],5,0,5,0,100,4,completed,Bosnia and Herzegovina,1
"Nigeria, Ubiaja: Nigeria, Ubiaja: St. John Boscos College",2013-11-05,Labdoo Annahmestelle 60487 Frankfurt am Main: [zur Zeit geschlossen],20,0,20,0,100,400,completed,Nigeria,1
"Spain, Sant Boi: Projecte de reinseció social al centre Salut Mental Sant Boi (Sant Joan de Deu)",2013-05-27,Labdoo Hub Zürich (Schweiz),11,0,11,0,100,100,completed,Spain,1
"Germany, Dinslaken: Friedensdorf Oberhausen, Lernhaus | COVID-19-DE",2013-02-06,Labdoo Annahmestelle 45478 MH / Rhein-Ruhr (Hub),5,0,5,0,100,150,completed,Germany,1
"Nepal, Chitwan: These computers will be used in our village libraries & schools",2013-11-12,Labdoo Hub California (South),12,3,6,3,75,500,completed,Nepal,1
"Bosnia and Herzegovina, Stolac: School in Stolac",2013-09-03,Labdoo Annahmestelle 45478 MH / Rhein-Ruhr (Hub),15,0,15,0,100,150,completed,Bosnia and Herzegovina,1
"Germany, Bochum: Die Brücke eV",2013-10-29,Labdoo Annahmestelle 45478 MH / Rhein-Ruhr (Hub),4,0,4,0,100,70,completed,Germany,1
"Germany, Gelsenkirchen: Förderverein Krebsberatung",2013-10-15,Labdoo Annahmestelle 45478 MH / Rhein-Ruhr (Hub),7,0,7,0,100,7,completed,Germany,1
"Germany, Essen: WAKIGA Waldkindergarten",2013-10-22,Labdoo Annahmestelle 45478 MH / Rhein-Ruhr (Hub),1,0,1,0,100,20,completed,Germany,1
"Germany, Essen: Storp9 Haus für Bildung und Kultur",2013-07-17,Labdoo Annahmestelle 45478 MH / Rhein-Ruhr (Hub),9,0,9,0,100,9,completed,Germany,1
"Kenya, Shiamusinjiri: The laptops will be used to educate local children with difficulties in the local school",2012-02-09,Labdoo Annahmestelle 79104 Freiburg Baden [zur Zeit geschlossen],33,0,33,0,100,30,completed,Kenya,1
"Kyrgyzstan, Bishkek  city: Friedensdorf Pre-School education and Mobi project",2013-11-08,Labdoo Annahmestelle 45478 MH / Rhein-Ruhr (Hub),5,0,5,0,100,20,completed,Kyrgyzstan,1
"Malawi, Madisi: School in Madisi",2013-09-15,Labdoo Annahmestelle 45478 MH / Rhein-Ruhr (Hub),15,0,15,0,100,1000,completed,Malawi,1
"Cambodia, Phnom Penh: Comped Home",2013-09-19,Labdoo Annahmestelle 45478 MH / Rhein-Ruhr (Hub),2,0,2,0,100,45,completed,Cambodia,1
"Albania, Preza: school",2013-03-15,Labdoo Annahmestelle 45478 MH / Rhein-Ruhr (Hub),10,0,8,2,80,320,completed,Albania,1
"Romania, Roades / Radeln: Dorfschule Radeln - Peter Maffay Stiftung",2013-09-18,Labdoo Annahmestelle 45478 MH / Rhein-Ruhr (Hub),4,0,4,0,100,30,completed,Romania,1
"Romania, Roades / Radeln: Schutzburg Radeln - Peter Maffay Stiftung",2013-09-18,Labdoo Annahmestelle 45478 MH / Rhein-Ruhr (Hub),4,0,4,0,100,14,completed,Romania,1
"Bosnia and Herzegovina, Kakanj (Visoko): Primary school in Kakanj (Visoko)",2012-09-12,Labdoo Annahmestelle 45478 MH / Rhein-Ruhr (Hub),16,0,16,0,100,150,completed,Bosnia and Herzegovina,1
"Mexico, Tepetlampa, Municipio Zongolica: Primary school, TECNOLOGÍA PARA LOS NIÑOS DE TEPETLAMPA",2013-06-24,Labdoo Annahmestelle 45478 MH / Rhein-Ruhr (Hub),15,0,5,10,33,115,open,Mexico,0
"Bosnia and Herzegovina, Sarajevo: Bosnia Herzegovina, Sarajevo: Kinderkarawane Begabtenförderung für Waisen",2013-11-21,Labdoo Annahmestelle 60487 Frankfurt am Main: [zur Zeit geschlossen],10,0,10,0,100,10,completed,Bosnia and Herzegovina,1
"Bosnia and Herzegovina, Kladanj: Bosnia Herzegovina, Kladanj: Kinderkarawane für behinderte Kinder",2013-11-21,Labdoo Annahmestelle 60487 Frankfurt am Main: [zur Zeit geschlossen],5,0,5,0,100,60,completed,Bosnia and Herzegovina,1
"Spain, Barcelona: Provisioning of laptops for children in Centre Obert Eixample",2012-07-06,Labdoo Hub Barcelona @I2CAT Campus Nord,7,1,7,0,100,60,completed,Spain,1
"Bosnia and Herzegovina, Sapna: High School Sapna",2013-12-05,Labdoo Annahmestelle 45478 MH / Rhein-Ruhr (Hub),12,0,12,0,100,600,completed,Bosnia and Herzegovina,1
"Nicaragua, Tola: escuelita Tola",2013-09-13,Labdoo Annahmestelle 45478 MH / Rhein-Ruhr (Hub),2,0,2,0,100,45,completed,Nicaragua,1
"Bosnia and Herzegovina, RAVNO: UDRUENJE MLADIH ENA POVRATNIKA IVANICA-RAVNO",2013-12-06,Labdoo Annahmestelle 45478 MH / Rhein-Ruhr (Hub),5,0,5,0,100,20,completed,Bosnia and Herzegovina,1
"Tanzania, Moshi-Kilimanjaro: FASO FUMBUKA AGRO SOLUTION ORGANIZATION",2013-12-17,Labdoo Annahmestelle 45478 MH / Rhein-Ruhr (Hub) | Labdoo Hub Salzburg,6,0,6,0,100,30,completed,Tanzania,1
"Tanzania, Tengeru: Livestock Training Agency (LITA)",2013-12-28,Labdoo Hub Zürich (Schweiz),22,0,22,0,100,150,completed,Tanzania,1
"Gambia, Brikama: Secondary School O4EF",2014-01-02,Labdoo Hub Zürich (Schweiz),20,0,19,1,95,500,open,Gambia,0
"Bosnia and Herzegovina, Perin Han: Laptops for primary school with 550 pupils",2013-06-05,Labdoo Hub Zürich (Schweiz),12,0,12,0,100,550,completed,Bosnia and Herzegovina,1
"Malawi, Dedza / Bembeke: Ngonoonda school (MIM stichting)",2014-01-10,Labdoo Annahmestelle 45478 MH / Rhein-Ruhr (Hub),12,0,3,9,25,65,open,Malawi,0
"Cape Verde, Ponta do Sol: Casa Encontrar in Ponta do Sol",2014-01-16,[CLOSED] Labdoo Annahmestelle 21037 Hamburg - Kirchwerder: Tina Meier [zur Zeit geschlossen],4,0,3,1,75,4,open,Cape Verde,0
"Syria, Atmeh / Atima: Syria, Atmeh / Atima: Camp school Amal",2013-10-06,Labdoo Annahmestelle 60487 Frankfurt am Main: [zur Zeit geschlossen],4,0,4,0,100,200,completed,Syria,1
"Morocco, Guelmim: student dormitory Exellence",2014-01-10,[CLOSED] Labdoo Annahmestelle 21037 Hamburg - Kirchwerder: Tina Meier [zur Zeit geschlossen],31,0,31,0,100,370,completed,Morocco,1
"Morocco, Merzouga: Morocco, Merzouga: Sable D´Or primary school ",2013-12-21,[CLOSED] Labdoo Annahmestelle 21037 Hamburg - Kirchwerder: Tina Meier [zur Zeit geschlossen],30,0,20,10,66,300,completed,Morocco,1
"Morocco, Tanger: Morocco, Tanger: DRAGON TANGER OPEN PROJECTS",2013-12-22,[CLOSED] Labdoo Annahmestelle 21037 Hamburg - Kirchwerder: Tina Meier [zur Zeit geschlossen],12,0,4,8,33,60,open,Morocco,0
"Thailand, Kapong: Yaowawit School",2014-01-17,[CLOSED] Labdoo Annahmestelle 21037 Hamburg - Kirchwerder: Tina Meier [zur Zeit geschlossen],35,4,23,8,77,110,open,Thailand,0
"Guatemala, San Pedro Carchá: Prorcionamos servicios educativos gratuitos",2014-01-17,Labdoo Hub Guatemala City,10,0,0,10,0,1800,completed,Guatemala,1
"Germany, Bochum: Germany, Bochum: Lebensarchitekten e,V,",2013-12-14,Grassroots | Labdoo Annahmestelle 45478 MH / Rhein-Ruhr (Hub),2,0,2,0,100,7,completed,Germany,1
"Tanzania, Bagamoyo: Our goal is to build up computer classes in Tanzania in order to improve the standard of education",2014-01-23,Labdoo Hub Taipei @EWB-Taiwan,9,0,9,0,100,900,completed,Tanzania,1
"Guatemala, Playa Grande, Ixcán: GESTIÓN DE COMPUTADORAS PARA ESTUDIANTES DEL NIVEL MEDIO, COMUNIDAD PRIMAVERA DEL IXCÁN, IXCÁN, QUIC",2014-01-29,Labdoo Hub California (South),2,0,2,0,100,50,completed,Guatemala,1
"Germany, Essen: Computainer",2013-05-14,Labdoo Annahmestelle 45478 MH / Rhein-Ruhr (Hub),34,0,34,0,100,40,completed,Germany,1
"South Africa, Nelspruit Village: SASA Scout Centre in Nelspruit",2013-09-16,Labdoo Annahmestelle 45478 MH / Rhein-Ruhr (Hub),10,0,10,0,100,150,completed,South Africa,1
"Ecuador, Ambato, Tungurahua: Promover el desarrollo integral de las Personas con discapacidad, a través de Rehabilitación Fisica, Sicología Clinica, Terapia de Lenguaje, Computerapia y Trabajo Social",2012-09-23,Labdoo Hub Barcelona @I2CAT Campus Nord,4,0,4,0,100,299,completed,Ecuador,1
"Thailand, Pattaya: School No 4",2014-02-07,Labdoo Annahmestelle 45478 MH / Rhein-Ruhr (Hub),2,0,2,0,100,51,completed,Thailand,1
"Cameroon, Bamenda: 'Informatik für Afrika' (InfA)",2014-02-09,Labdoo Hub Zürich (Schweiz),693,0,693,0,100,3500,completed,Cameroon,1
"Germany, Dortmund: Africa Positive e.V. Computerkurse für Migranten",2013-12-04,Labdoo Annahmestelle 45478 MH / Rhein-Ruhr (Hub),15,0,15,0,100,60,completed,Germany,1
"Mexico, Mexico City: ICT workshops for kids and adolescents in the Sierra de Santa Catarina ",2014-02-13,Labdoo Hub Mexico DF,10,0,3,7,30,40,open,Mexico,0
"Bosnia and Herzegovina, Novo Sarajevo: Laptops for volunteers that visit poor people in Novo Sarajevo and help them to get educated",2014-02-15,Labdoo Hub Zürich (Schweiz),10,0,10,0,100,200,completed,Bosnia and Herzegovina,1
"Kyrgyzstan, Kochkor - Arabaev: school 03 in Kochkor",2013-08-23,Labdoo Annahmestelle 45478 MH / Rhein-Ruhr (Hub),15,0,0,15,0,1005,open,Kyrgyzstan,0
"Bosnia and Herzegovina, Zvirovici: To implement a computer lab connected to the Internet for the orphanage school located in Zvirovici",2011-04-11,Labdoo Hub Rome,30,0,30,0,100,200,completed,Bosnia and Herzegovina,1
"Senegal, Kolda: OFTALKOLDA, An eye-health project in Senegal",2012-09-19,Labdoo Hub Busia,5,0,2,3,40,200,open,Senegal,0
"Thailand, Mae Hong Son: The Buddha Kasettra School",2011-08-22,Labdoo Hub Rome | Labdoo School Hub Vilafranca - Col·legi Vedruna Sant Elies,35,0,24,11,68,120,open,Thailand,0
"Venezuela, Caracas: To provide 16 laptops to the 8 schools in project 'Proyecto Aula Creativ@ Digital'",2012-07-16,Labdoo Hub Miami - Doral,6,0,6,0,100,200,completed,Venezuela,1
"Guatemala, Antigua: Implementation of a Labdoo laptop library at Casasito",2009-12-08,Labdoo Hub California (South),10,0,13,0,100,200,completed,Guatemala,1
"Honduras, Olancho: To connect over 500 students to the Internet at the local school",2009-10-29,Labdoo Hub California (South),3,0,3,0,100,200,completed,Honduras,1
"Kenya, Endana: To provide the community with alternatives to issues affecting their quality of life",2010-11-09,Labdoo Hub California (South),2,0,2,0,100,200,completed,Kenya,1
"Nicaragua, Subtiava: Equip a local school with a computer lab",2012-05-12,La Tabacalera - Madrid,1,1,0,0,100,200,completed,Nicaragua,1
"Nigeria, Ndoni: To Bring Laptops And Internet To The Children Of Ndoni",2009-10-29,Labdoo Hub California (South),30,0,30,0,100,200,completed,Nigeria,1
"Cambodia, Siem Reap: To provide laptops for high school technical training program",2011-05-20,Labdoo Hub Rome | Labdoo Hub Melbourne,20,0,21,0,100,200,completed,Cambodia,1
"Tanzania, Bagamoyo: computer classroom at Marian High School",2011-05-16,Labdoo Hub Taipei @EWB-Taiwan,2,0,2,0,100,200,completed,Tanzania,1
"Spain, Barcelona: To equip the hospital with laptops loaded with education software",2012-12-16,Labdoo School Hub Barcelona - Aula Escola Europea,10,0,10,0,100,200,completed,Spain,1
"Guatemala, Santiago Zamora: Provisioning of laptops to Profe Chris' school",2009-12-08,Labdoo Hub California (South),5,0,5,0,100,200,completed,Guatemala,1
"Kenya, Webuye: EWB Western Massachusetts is implementing a computer lab with 20 laptops in Matete, Kenya",2010-04-15,Labdoo Hub Barcelona @I2CAT Campus Nord,10,0,10,0,100,200,completed,Kenya,1
"Cameroon, Mankon Bamenda: NWR - Educare Africa",2013-11-04,Labdoo Hub Zürich (Schweiz) | Labdoo Hub California (South),30,1,19,10,66,200,open,Cameroon,0
"Bosnia and Herzegovina, Blagaj: Returnees aid ",2013-12-06,Labdoo Annahmestelle 45478 MH / Rhein-Ruhr (Hub),5,0,5,0,100,200,completed,Bosnia and Herzegovina,1
"Ecuador, Ambato, Tungurahua: ",2012-09-23,Labdoo Hub Barcelona @I2CAT Campus Nord,10,0,5,5,50,200,open,Ecuador,0
"Ecuador, Ambato, Tungurahua: ",2012-09-23,Labdoo Hub Barcelona @I2CAT Campus Nord,2,0,2,0,100,200,completed,Ecuador,1
"Togo, Lome: School Project",2012-10-11,Labdoo Hub Barcelona @I2CAT Campus Nord,1,1,0,0,100,12,completed,Togo,1
"Bosnia and Herzegovina, Srebrenik: Kinderkarawane project (Merhamet)",2012-02-16,Labdoo Annahmestelle 45478 MH / Rhein-Ruhr (Hub),3,0,3,0,100,20,completed,Bosnia and Herzegovina,1
"Germany, Düsseldorf: SOS Kinder- und Jugendhilfen Düsseldorf",2012-11-17,Labdoo Annahmestelle 45478 MH / Rhein-Ruhr (Hub),6,0,6,0,100,30,completed,Germany,1
"Thailand, Chiang Mai: Children's Shelter Foundation",2013-02-17,Labdoo Annahmestelle 45478 MH / Rhein-Ruhr (Hub),5,0,5,0,100,200,completed,Thailand,1
"Germany, Düsseldorf: Several projects in Germany, focused on youth and education",2012-08-21,Labdoo Annahmestelle 45478 MH / Rhein-Ruhr (Hub),5,0,5,0,100,20,completed,Germany,1
"Laos, Luang Prabang: LELC LEOT English Learning Centre",2014-02-17,Labdoo Annahmestelle 45478 MH / Rhein-Ruhr (Hub),8,0,8,0,100,100,completed,Laos,1
"South Africa, Khayelitsha (Cape Town): AMANDLA EduFootball",2014-02-19,Labdoo Annahmestelle 45478 MH / Rhein-Ruhr (Hub),2,0,2,0,100,1500,completed,South Africa,1
"Uganda, Kampala: To provide laptops to the children of In Movement",2011-02-26,La Tabacalera - Madrid,5,0,5,0,100,200,completed,Uganda,1
"Peru, El Porvenir, Trujillo: Nuestro objetivo principal es dar a los niños la posibilidad de acceder a oportunidades educativas.",2013-06-29,Labdoo Hub Vilafranca Centre - El Hub de la Gestoria,2,0,2,0,100,295,completed,Peru,1
"Brazil, Nova Friburgo, Centenario: Haus des Wissens (Kinderdorf Rio)",2014-01-16,Labdoo Annahmestelle 45478 MH / Rhein-Ruhr (Hub),2,0,2,0,100,20,completed,Brazil,1
"Spain, Llucmajor: SI – Mallorca",2013-12-07,Labdoo Annahmestelle 45478 MH / Rhein-Ruhr (Hub),6,0,6,0,100,40,completed,Spain,1
"Uganda, Kampala: Laptops for a dedicated subset of mobile students (UECD)",2013-04-26,Labdoo Hub Zürich (Schweiz),11,0,5,6,45,250,open,Uganda,0
"Kenya, Kisumu: The laptops will serve the community towards learning the use of web 2.0",2014-02-26,Labdoo Hub Vilafranca Centre - El Hub de la Gestoria | Labdoo Hub Upper West - New York | Labdoo Hub Holmdel/New Jersey,10,0,10,0,100,400,completed,Kenya,1
"Germany, Essen: Krähennest DIe Perspektive e.V.",2013-12-04,Labdoo Annahmestelle 45478 MH / Rhein-Ruhr (Hub),23,0,23,0,100,60,completed,Germany,1
"Morocco, Marrakech: Morocco, Marrakech: ABURY Laptop Challenge",2013-11-27,[CLOSED] Labdoo Annahmestelle 21037 Hamburg - Kirchwerder: Tina Meier [zur Zeit geschlossen],10,0,10,0,100,55,completed,Morocco,1
"Germany, Düsseldorf: Diakonie Jump Jugendhilfe für minderjährige Flüchtlinge",2014-02-05,Labdoo Annahmestelle 45478 MH / Rhein-Ruhr (Hub),13,0,13,0,100,15,completed,Germany,1
"Kenya, Bungoma: Bungoma Street Kids Project",2013-07-19,Labdoo Annahmestelle 45478 MH / Rhein-Ruhr (Hub),18,0,18,0,100,30,completed,Kenya,1
"Poland, Lublin: Fundacja Szczesliwe Dziecinstwo Jugendakademie",2014-02-10,Labdoo Annahmestelle 45478 MH / Rhein-Ruhr (Hub),2,0,2,0,100,80,completed,Poland,1
"Congo (Brazzaville), Ngombé: Dans la ville de Ngombé, située en plein cœur de la forêt équatoriale, il y a 3 collèges et 1 lycée.",2013-08-18,Labdoo Hub Zürich (Schweiz),10,0,10,0,100,2000,completed,Congo (Brazzaville),1
"Tajikistan, Duschanbe: Friedensdorf Dehkadaji Sulh Derewnijai Mira",2013-10-21,Labdoo Annahmestelle 45478 MH / Rhein-Ruhr (Hub),10,0,10,0,100,20,completed,Tajikistan,1
"Germany, Duisburg: Ganztags-Waldorfschule Duisburg",2013-10-30,Labdoo Annahmestelle 45478 MH / Rhein-Ruhr (Hub),10,0,10,0,100,140,completed,Germany,1
"Senegal, Abéné: Collège d'Enseignement Moyen de Abéné",2014-03-10,Labdoo Annahmestelle 45478 MH / Rhein-Ruhr (Hub),15,0,0,15,0,301,open,Senegal,0
"Kenya, Nairobi: MUMO Education & Orphanage Centre (Mpito eV)",2014-03-10,Labdoo Annahmestelle 45478 MH / Rhein-Ruhr (Hub) | Labdoo Annahmestelle 40227 Düsseldorf  (Nähe Hauptbahnhof): Dirk Balzer,15,0,15,0,100,70,completed,Kenya,1
"Congo (Kinshasa), Kinshasa Limete: WOCHOP Women and Children of Hope | Donaly Malungu",2014-03-16,Labdoo Annahmestelle 45478 MH / Rhein-Ruhr (Hub),80,0,77,3,96,300,completed,Congo (Kinshasa),1
"Congo (Kinshasa), Kinshasa Musangu Mont-Ngafula: INAVM Internat Mont-Ngafula Blindenprojekt | Donaly Malungu",2014-03-16,Labdoo Annahmestelle 45478 MH / Rhein-Ruhr (Hub),37,0,37,0,100,150,completed,Congo (Kinshasa),1
"Albania, Peshkopia: University - YEP Youth Employment Project",2013-07-07,Labdoo Annahmestelle 45478 MH / Rhein-Ruhr (Hub),5,0,5,0,100,2500,completed,Albania,1
"India, Mumbai: Palms Care Childrens Home",2013-11-06,Labdoo Annahmestelle 45478 MH / Rhein-Ruhr (Hub),10,0,3,7,30,100,open,India,0
"Pakistan, Peshawar: Chand welfare foundation",2014-03-31,Labdoo Annahmestelle 45478 MH / Rhein-Ruhr (Hub),8,0,0,8,0,15,open,Pakistan,0
"Morocco, Pam Ahadaf-Azrou: Une école en milieu rural en moyenne atlas une région pauvre au MAROC",2014-04-01,Labdoo Hub Casablanca,24,0,6,18,25,278,open,Morocco,0
"Namibia, Arandis: Talitha Kumi Christian Academy",2012-09-18,Labdoo Annahmestelle 45478 MH / Rhein-Ruhr (Hub),26,0,26,0,100,100,completed,Namibia,1
"Colombia, Tabio: Institutión Educativa Departamental José de San Martin",2014-04-03,Labdoo Annahmestelle 45478 MH / Rhein-Ruhr (Hub),15,0,3,12,20,700,open,Colombia,0
"Belize, Cayo: To teach the children in Cayo, Belize to use the computer ",2014-04-04,Labdoo Hub Taipei @EWB-Taiwan,10,0,5,5,50,60,open,Belize,0
"Zambia, Lusaka: City of Hope School | Förderverein Windeck",2012-10-28,Labdoo Annahmestelle 45478 MH / Rhein-Ruhr (Hub),47,0,47,0,100,800,completed,Zambia,1
"Albania, Visoke, Mallakaster : Primary school in Visoke (Albania)",2012-10-20,Labdoo Annahmestelle 45478 MH / Rhein-Ruhr (Hub),6,0,5,1,83,150,completed,Albania,1
"Greece, Athen: KRASS eV children project",2014-04-12,Labdoo Annahmestelle 45478 MH / Rhein-Ruhr (Hub),0,0,0,0,0,0,completed,Greece,1
"Cambodia, Meanchey: KRASS eV children project",2014-04-12,Labdoo Annahmestelle 45478 MH / Rhein-Ruhr (Hub),10,0,7,3,70,100,open,Cambodia,0
"China, Shanghai: KRASS eV children project",2014-04-12,Labdoo Annahmestelle 45478 MH / Rhein-Ruhr (Hub),0,0,7,0,0,0,completed,China,1
"Pakistan, Peshawar: Pak German Model School",2013-01-03,Labdoo Annahmestelle 45478 MH / Rhein-Ruhr (Hub),36,0,36,0,100,560,completed,Pakistan,1
"Guinea, Kagbélén: Schule La Lumiere | Hilfe-für-Guinea e.V.",2014-01-29,Labdoo Annahmestelle 45478 MH / Rhein-Ruhr (Hub),20,0,9,11,45,200,open,Guinea,0
"Honduras, Villanueva: Cortés Hogar San Rafael",2013-02-23,Labdoo Annahmestelle 45478 MH / Rhein-Ruhr (Hub),15,0,15,0,100,180,completed,Honduras,1
"Pakistan, Baleywala (Gujranwala): Gujranwala Saint Thomas High School",2013-01-03,Labdoo Annahmestelle 45478 MH / Rhein-Ruhr (Hub),3,0,3,0,100,500,completed,Pakistan,1
"Pakistan, Islamabad, Meer Koh: Meer Koh Yamin Saya School | Pakistan Hilfe e.V.",2013-01-03,Labdoo Annahmestelle 45478 MH / Rhein-Ruhr (Hub),12,0,12,0,100,150,completed,Pakistan,1
"South Africa, Kabokweni: Mpumalanga Mlilo Primary School and  SCOUTS South Africa",2013-09-16,Labdoo Annahmestelle 45478 MH / Rhein-Ruhr (Hub),28,0,28,0,100,480,completed,South Africa,1
"India, Cochin: Palluruthy DON BOSCO WELFARE CENTRE",2013-09-24,Labdoo Annahmestelle 45478 MH / Rhein-Ruhr (Hub),15,2,13,0,100,200,open,India,0
"Iraq, Tuz-al-askari: Salahaddin primary school",2012-06-24,Labdoo Annahmestelle 45478 MH / Rhein-Ruhr (Hub),2,0,2,0,100,20,completed,Iraq,1
"Tanzania, Mwanakwerekwe, Stone Town: ZASO Zanzibar Aids Association and Support of Orphans",2013-09-17,Labdoo Annahmestelle 45478 MH / Rhein-Ruhr (Hub),10,0,10,0,100,30,completed,Tanzania,1
"Tanzania, Stone Town: Zanzibar PLCI school",2013-04-28,Labdoo Annahmestelle 45478 MH / Rhein-Ruhr (Hub),15,0,15,0,100,130,completed,Tanzania,1
"Togo, Balanka via Tchamba: School Library in Balanka, Togo",2014-03-03,Labdoo Annahmestelle 12051 Berlin: Wertraum | Die Wille gGmbH,10,0,4,6,40,2000,open,Togo,0
"Morocco, Merzouga: This is a Berber women project - learn to read & write and sell their handcraft products.",2014-04-26,[CLOSED] Labdoo Annahmestelle 21037 Hamburg - Kirchwerder: Tina Meier [zur Zeit geschlossen],5,0,5,0,100,25,completed,Morocco,1
"Pakistan, SKARDU (BALTISTAN, GILGIT BALTISTAN): Aid program Deaf School | Pakistan Hilfe e.V.",2014-01-27,Labdoo Annahmestelle 45478 MH / Rhein-Ruhr (Hub),7,0,7,0,100,18,completed,Pakistan,1
"Senegal, Dakar: Ecole Elémentaire Joseph Gomis | Donaly Malungu",2014-05-04,Labdoo Annahmestelle 45478 MH / Rhein-Ruhr (Hub),41,0,40,1,97,300,completed,Senegal,1
"Kenya, Machakos: Pascal Machakos is an Information Technology vocational school  for students who do not wish to atte",2014-04-24,Labdoo Hub Rome,15,2,0,13,13,60,open,Kenya,0
"Cambodia, Siem Reap: Using computer to assist teaching English classes in the library FBHO setup",2013-08-07,Labdoo Hub Taipei @EWB-Taiwan,7,0,7,0,100,500,completed,Cambodia,1
"Sierra Leone, Kenema: Computer resources for the computer lab at Holy Rosary Senior Secondary School.",2013-04-26,Labdoo Hub Taipei @EWB-Taiwan,7,0,7,0,100,1000,completed,Sierra Leone,1
"Philippines, Manila: Providing computer education & internet access to the students",2013-08-14,Labdoo Hub Taipei @EWB-Taiwan,2,0,2,0,100,35,completed,Philippines,1
"Thailand, Chiangrai: 提供筆電讓學校的同學老師使用，除了讓學生更加熟悉電腦的操作之外，也能提供給老師做為教學上的用途",2013-11-09,Labdoo Hub Taipei @EWB-Taiwan,15,0,15,0,100,278,completed,Thailand,1
"Cambodia, Takeo: To provide computer education & internet access to the students at Wat Opot School.",2013-08-14,Labdoo Hub Taipei @EWB-Taiwan,1,0,1,0,100,40,completed,Cambodia,1
"Belize, Belize City: Computer Training Program on Ubuntu and Open Office",2013-05-21,Labdoo Hub Taipei @EWB-Taiwan,14,0,14,0,100,15,completed,Belize,1
"Cambodia, Kratie: To provide computer education & internet access to the students at Wat Thmor Kre School.",2013-08-14,Labdoo Hub Taipei @EWB-Taiwan,1,0,1,0,100,60,completed,Cambodia,1
"Tanzania, Arusha: Enhancing the Quality of Teaching and Learning through ICT",2013-05-28,Labdoo Hub Taipei @EWB-Taiwan | Labdoo Hub Holmdel/New Jersey,2,1,2,0,100,450,completed,Tanzania,1
"Tanzania, Musoma: Enabling the production of Audio Visual Learning Materials for Secondary School in Tanzania",2013-08-05,Labdoo Hub Taipei @EWB-Taiwan,5,0,5,0,100,40,completed,Tanzania,1
"Cambodia, Krong Siem Reap: Kid Drop Out Project & computer training program ",2014-05-06,Grassroots,10,0,2,8,20,900,completed,Cambodia,1
"Nicaragua, Tola:  Formación Fenix uses powerpoint presentations for the youth lectures.  The laptop is also used to c",2014-05-16,Grassroots,2,0,2,0,100,22,completed,Nicaragua,1
"Kenya, Sega Town: Improve the living standards of communities through the construction of indispensable infrastructure",2014-05-16,Labdoo Hub Busia,10,0,0,10,0,16,open,Kenya,0
"Nicaragua, Cusmapa: Apoyar a la población infantil de la escuela rural de El Carrizo, Cusmapa.",2013-08-10,Labdoo Hub Madrid - Medialab-Prado,2,0,2,0,100,200,completed,Nicaragua,1
"Kenya, Nairobi: Shiroz Library & Resource Centre",2013-06-23,Labdoo Hub Barcelona @I2CAT Campus Nord,9,0,9,0,100,200,completed,Kenya,1
"Spain, Barcelona: Sant Joan de Déu Serveis Socials Barcelona",2013-02-28,Labdoo School Hub Barcelona - Aula Escola Europea,9,0,9,0,100,10,completed,Spain,1
"Sierra Leone, Lunsar: Saint John of God Catholic Hospital",2013-08-03,Labdoo Hub Barcelona @I2CAT Campus Nord | Labdoo Hub Sabadell,32,0,18,14,56,256,completed,Sierra Leone,1
"Kenya, Mathare, Nairobi: Keepod Unite Mathare Project | Phase II",2014-05-22,Labdoo Hub Barcelona @I2CAT Campus Nord,10,0,3,7,30,0,open,Kenya,0
"Guinea, Conakry: ecole franco arabe Matoto Marché",2014-05-31,Labdoo Annahmestelle 45478 MH / Rhein-Ruhr (Hub),5,0,8,0,100,117,open,Guinea,0
"Namibia, Epukiro: Epukiro Post 3 Junior Secondary School",2014-06-02,Labdoo Annahmestelle 45478 MH / Rhein-Ruhr (Hub),10,0,1,9,10,200,open,Namibia,0
"Namibia, Gobabis: Cheeky Cheetah Kids Harnas.org",2013-09-30,Labdoo Annahmestelle 45478 MH / Rhein-Ruhr (Hub),2,0,2,0,100,200,completed,Namibia,1
"Kenya, Mathare, Nairobi: Keepod Unite Mathare Project",2014-03-25,Labdoo Hub Vilafranca Centre - El Hub de la Gestoria,10,0,10,0,100,1500,completed,Kenya,1
"Laos, Vientiane and Luang Prabang: help for pupils and students Asienhilfe (W. Schmidt)",2013-05-20,Labdoo Annahmestelle 45478 MH / Rhein-Ruhr (Hub),10,0,10,0,100,10,completed,Laos,1
"Myanmar, Yangon: help for pupils and students Asienhilfe (W. Schmidt)",2014-06-11,Labdoo Annahmestelle 45478 MH / Rhein-Ruhr (Hub),3,0,2,1,66,3,completed,Myanmar,1
"Uganda, Kampala: Her Tomorrow Project",2014-06-20,Labdoo School Hub Vilafranca - Escola Montagut | Labdoo Hub Melbourne,10,1,8,1,90,10,open,Uganda,0
"Congo (Kinshasa), Kinshasa: Leadership Academia University | Donaly Malungu",2014-04-10,Labdoo Annahmestelle 45478 MH / Rhein-Ruhr (Hub),111,0,111,0,100,1030,completed,Congo (Kinshasa),1
"Peru, Miraflores: Estamos creando bibliotecas y necesitamos dotarlas de una laptop a cada una para llevar el registro ",2014-06-21,Labdoo Hub Vilafranca Centre - El Hub de la Gestoria,12,1,12,0,100,100,completed,Peru,1
"India, Sutrehar: Dhauladhar Convent School (World Unite)",2014-06-30,Labdoo Annahmestelle 45478 MH / Rhein-Ruhr (Hub),15,0,3,12,20,250,open,India,0
"Mexico, Ensenada: Support indigenous communities from Baja California through sustainable development projects",2014-06-18,Labdoo Hub Mexico DF,5,0,2,3,40,32,completed,Mexico,1
"Tanzania, Ihanda Karagwe: Community Secondary school in Ihanda | Mavuno",2013-03-16,Labdoo Annahmestelle 12051 Berlin: Wertraum | Die Wille gGmbH,39,0,39,0,100,480,completed,Tanzania,1
"Kenya, Mombasa: Bright Montessori Junior Centre in Ukunda",2014-06-01,Labdoo Annahmestelle 45478 MH / Rhein-Ruhr (Hub),4,0,1,3,25,35,open,Kenya,0
"Bosnia and Herzegovina, Zenica: LOTOS Informationszentrum für Menschen mit Behinderungen",2014-07-08,Labdoo Annahmestelle 45478 MH / Rhein-Ruhr (Hub),4,0,4,0,100,50,completed,Bosnia and Herzegovina,1
"Bosnia and Herzegovina, Zenica: Organisation Pomozi.ba",2014-07-08,Labdoo Annahmestelle 45478 MH / Rhein-Ruhr (Hub),4,0,4,0,100,150,completed,Bosnia and Herzegovina,1
"Poland, Bystrzyca: ZSO Bystrzyca Kłodzka ",2013-12-08,Labdoo Annahmestelle 45478 MH / Rhein-Ruhr (Hub),21,0,21,0,100,600,completed,Poland,1
"Sri Lanka, Haputale: Sri Lanka, Haputale: Schools Support Fairtrade Organic Teas",2014-07-10,Labdoo Annahmestelle 80804 München (Hub),4,0,4,0,100,20,completed,Sri Lanka,1
"Armenia, Yerevan: Children Association of Armenia (Friedensdorf)",2014-02-24,Labdoo Annahmestelle 45478 MH / Rhein-Ruhr (Hub),5,0,5,0,100,10,completed,Armenia,1
"Tanzania, Moshi: Computer Training Centre MIT TAREO (World Unite)",2013-04-06,Labdoo Annahmestelle 45478 MH / Rhein-Ruhr (Hub),23,0,23,0,100,60,completed,Tanzania,1
"Mexico, Tehuacán: Somos una organización de mujeres trabajadoras de las maquilas.",2014-01-30,Labdoo Hub Mexico DF,6,0,0,6,0,24,open,Mexico,0
"Philippines, Panabo City (Mindanao): Mindanao Life Enrichment School (Lotus Stiftung)",2014-01-05,Labdoo Annahmestelle 45478 MH / Rhein-Ruhr (Hub),28,0,27,1,96,129,completed,Philippines,1
"Romania, Timis: Romania, Timis: Educational Center in Church Manuel Bencecu de Jos",2014-07-27,Labdoo Hub Bucharest,11,0,11,0,100,20,completed,Romania,1
"Sri Lanka, Hikkaduwa: The project 'THARUMUTHU preschool' gave the children of Hikkaduwa a new chance. ",2014-08-03,Labdoo Annahmestelle 80804 München (Hub),11,0,11,0,100,55,completed,Sri Lanka,1
"Ghana, Elmina, Eguafo: Sankofa Preparatory School (World Unite)",2014-08-02,Labdoo Annahmestelle 45478 MH / Rhein-Ruhr (Hub),20,0,0,20,0,450,open,Ghana,0
"Tanzania, Stone Town: Amani ZAFSA Zansibar Football Standard & Talents Advancement",2013-10-29,Labdoo Annahmestelle 45478 MH / Rhein-Ruhr (Hub),2,0,1,1,50,50,open,Tanzania,0
"South Africa, Witbank: Blessings Childrens ministry | GS Meiderich",2014-08-19,Labdoo Annahmestelle 45478 MH / Rhein-Ruhr (Hub),12,0,12,0,100,250,completed,South Africa,1
"Gambia, Serrekunda: AIM project for blind students",2013-10-15,Labdoo Annahmestelle 42287 Wuppertal-Barmen (Hub),6,0,6,0,100,10,completed,Gambia,1
"Mozambique, Maputo: Eye health training to students from Mozambique",2013-06-15,Labdoo School Hub Reus - Institut Baix Camp,4,0,4,0,100,30,completed,Mozambique,1
"Mexico, Poxcautla, Tequila: Acceso a las TICs de escuela indígena",2013-12-04,Labdoo Hub Mexico DF,20,0,3,17,15,49,open,Mexico,0
"Ghana, Elubo: Volunteering destination changed from Sierra Leone to Ghana due to the Ebola. ",2014-04-08,Labdoo Hub Taipei @EWB-Taiwan,13,0,13,0,100,1000,completed,Ghana,1
"Kenya, Nanyuki: Computers will be given to Club Rafiki to support the education of disadvantaged children",2014-09-12,Labdoo Hub Vilafranca Centre - El Hub de la Gestoria,5,0,0,5,0,100,open,Kenya,0
"Tanzania, Moshi: Create new class room for the little school built in Moshi by Born To Learn.",2014-09-17,Labdoo Hub Barcelona @LaSalle,1,1,0,0,100,40,completed,Tanzania,1
"Rwanda, Burera: Desarrollar el conocimiento de nuestros alumnos en tecnología moderna y la comunicación ",2014-07-24,Labdoo Hub Vilafranca Centre - El Hub de la Gestoria | Labdoo Hub Barcelona Amics de Gracia,8,0,8,0,100,55,completed,Rwanda,1
"Myanmar, Mandalay: Stiftunglife Students Project",2014-09-21,[CLOSED] Labdoo Annahmestelle 21037 Hamburg - Kirchwerder: Tina Meier [zur Zeit geschlossen],34,0,34,0,100,88,completed,Myanmar,1
"Ghana, Moree: Moree Senior High Technical School | St. Hildegardis Gymnasium",2014-01-16,Labdoo Annahmestelle 45478 MH / Rhein-Ruhr (Hub),26,0,26,0,100,200,completed,Ghana,1
"Germany, Duisburg: Private Familien- und Flüchtlingshilfe",2014-09-23,Labdoo Annahmestelle 45478 MH / Rhein-Ruhr (Hub),2,0,8,0,100,10,completed,Germany,1
"Nepal, Kathmandu: Manjushree Community School",2014-01-02,Labdoo Annahmestelle 72805 Schwäbische Alb (Hub),10,0,9,1,90,80,open,Nepal,0
"Laos, Ban Nakang: Introduce/educate secondary school students to computer usage as a learning tool",2014-09-28,Labdoo Hub California (South),40,1,36,3,92,400,open,Laos,0
"Ecuador, Ambato, Tungurahua: ",2014-10-02,Labdoo Hub Barcelona @I2CAT Campus Nord,2,0,2,0,100,100,completed,Ecuador,1
"Ghana, Cape Coast Ghana: The Laptops will be used to train early years foundation teachers (James Owusu)",2014-09-16,Grassroots,1700,0,1692,8,99,2560,completed,Ghana,1
"Ecuador, Guayaquil: Hogar der Nazareth Casa de acogida (evivo eV)",2014-10-03,Labdoo Annahmestelle 45478 MH / Rhein-Ruhr (Hub),2,0,2,0,100,15,completed,Ecuador,1
"Senegal, Zinguinchor: Primary school Zinguinchor",2014-05-04,Labdoo Annahmestelle 45478 MH / Rhein-Ruhr (Hub),65,0,62,3,95,800,open,Senegal,0
"Kenya, Nairobi: The computers will serve the community by using Keepod devices  on them so to have dozens of users p",2014-09-12,Grassroots,15,0,0,15,0,500,open,Kenya,0
"India, Tiruvanamalai: WIDE Children's Home",2014-07-22,Labdoo Annahmestelle 45478 MH / Rhein-Ruhr (Hub),5,0,3,2,60,20,open,India,0
"Uganda, Hoima, Uganda: Education That Changes Lives of Refugee Students",2014-10-12,Labdoo Hub Broadway - New York | Labdoo Hub Holmdel/New Jersey | Labdoo School Hub Vilafranca - Col·legi Vedruna Sant Elies,10,0,13,0,100,100,open,Uganda,0
"Senegal, Dakar: This project is to improve the quality of life for the people of Senegal and especially children",2014-10-13,Labdoo School Hub Barcelona - Aula Escola Europea,4,0,2,2,50,19,completed,Senegal,1
"Costa Rica, Mastatal: UCI Global Sustainability Group",2014-10-23,Labdoo Hub California (South),5,0,3,2,60,9,completed,Costa Rica,1
"Cameroon, Bafoussam: Promote access to information technology and communication and computer usage",2014-08-05,Labdoo School Hub Madrid - IES Villablanca | Labdoo Hub Hondarribia - Euskadi | Labdoo School Hub Vilafranca - INS Eugeni d'ORS,10,2,4,4,60,200,open,Cameroon,0
"Uganda, Mpigi Town: SINA Social Innovation Academy Magero Children’s Village",2014-10-24,Labdoo Annahmestelle 45478 MH / Rhein-Ruhr (Hub),40,0,40,0,100,400,completed,Uganda,1
"Tunisia, Fatou Djerba: Tunesienhilfe Hr Schmidt",2014-04-21,Labdoo Annahmestelle 45478 MH / Rhein-Ruhr (Hub),1,0,1,0,100,2,completed,Tunisia,1
"Ecuador, Ambato  - Tungurahua: ",2014-10-04,Labdoo Hub Barcelona @I2CAT Campus Nord,3,0,3,0,100,50,completed,Ecuador,1
"Ecuador, Ambato  - Tungurahua: Promover el desarrollo integral de las Personas con discapacidad, a través de Rehabilitación Fisica, Sicología Clinica, Terapia de Lenguaje, Computerapia y Trabajo Social",2014-10-04,Labdoo Hub Barcelona @I2CAT Campus Nord,4,0,4,0,100,100,completed,Ecuador,1
"Ecuador, Ambato  - Tungurahua: ",2014-10-04,Labdoo Hub Barcelona @I2CAT Campus Nord,4,0,4,0,100,60,completed,Ecuador,1
"Ecuador, Ambato  - Tungurahua: ",2014-10-03,Labdoo Hub Barcelona @I2CAT Campus Nord,2,0,0,2,0,60,completed,Ecuador,1
"Ecuador, Ambato  - Tungurahua: Promover el desarrollo integral de las Personas con discapacidad, a través de Rehabilitación Fisica, Sicología Clinica, Terapia de Lenguaje, Computerapia y Trabajo Social",2014-10-04,Labdoo Hub Barcelona @I2CAT Campus Nord,2,0,2,0,100,100,completed,Ecuador,1
"Kenya, Kawangware / Nairobi : Less Fortunatate Children Project",2014-01-07,Labdoo School Hub Vilafranca - Escola Montagut,10,2,2,6,40,170,open,Kenya,0
"Kenya, Mombasa: Matterhorn Children Center",2014-11-03,Labdoo Hub Zürich (Schweiz),25,1,22,2,92,250,open,Kenya,0
"Ireland, Kilkenny: Fr McGrath Centre - Homework Club",2014-08-03,Labdoo Annahmestelle 80804 München (Hub),10,0,10,0,100,110,completed,Ireland,1
"Ecuador, Ambato, Tungurahua: Fundación Don Bosco",2014-11-15,Labdoo Hub Barcelona @I2CAT Campus Nord,7,0,7,0,100,200,completed,Ecuador,1
"Cameroon, Bachuo Akagbe: Mamfe St. Ignatius of Loyola’s College, Bachuo Akagbe (SIGLOCOL)",2014-03-03,Labdoo Annahmestelle 45478 MH / Rhein-Ruhr (Hub),20,0,20,0,100,64,completed,Cameroon,1
"Taiwan, Taitung: 推動環境教育，讓地球更美好",2014-11-25,Labdoo Hub Taiwan @EWB-Taiwan,2,0,2,0,100,120,completed,Taiwan,1
"Nepal, Udayapur: Nepal, Udayapur:  Shree Mahendra secondary school Nametar",2014-11-25,Labdoo Annahmestelle 72805 Schwäbische Alb (Hub),8,0,8,0,100,213,completed,Nepal,1
"Peru, Arequipa: Colegio Villa Independiente",2014-11-25,Labdoo Annahmestelle 45478 MH / Rhein-Ruhr (Hub),10,0,7,3,70,80,open,Peru,0
"Belarus, Dobrin: Sommerschule Dobrin (Initiative Tschernobyl-Kinder eV)",2014-10-07,Labdoo Annahmestelle 45478 MH / Rhein-Ruhr (Hub),15,0,15,0,100,135,completed,Belarus,1
"Belarus, Zhodino: Jugendzentrum Zhodino (Initiative Tschernobyl-Kinder eV)",2014-10-07,Labdoo Annahmestelle 45478 MH / Rhein-Ruhr (Hub),17,0,15,2,88,200,completed,Belarus,1
"Bosnia and Herzegovina, Sanski Most: CIM Education for the youth",2014-11-01,Labdoo Annahmestelle 45478 MH / Rhein-Ruhr (Hub),5,0,5,0,100,50,completed,Bosnia and Herzegovina,1
"Cameroon, Mamfe, Fotabong, Lewoh: Mamfe Blessed John XXIII College",2014-03-01,Labdoo Annahmestelle 45478 MH / Rhein-Ruhr (Hub),15,0,15,0,100,80,completed,Cameroon,1
"Cameroon, Mamfe, Manyu Division: St. John College",2014-03-09,Labdoo Annahmestelle 45478 MH / Rhein-Ruhr (Hub),25,0,25,0,100,125,completed,Cameroon,1
"Czech Republic, Bartošovice v Orl.h. 84: Sdružení Neratov school for disabled children",2014-07-09,Labdoo Annahmestelle 45478 MH / Rhein-Ruhr (Hub),4,0,4,0,100,12,completed,Czech Republic,1
"Kenya, Ukunda: UJUZI na UFUNDI Vocational Training Institute | Humanitas Active eV",2014-10-13,Labdoo Annahmestelle 45478 MH / Rhein-Ruhr (Hub) | Hub Ukunda UJUZI na UFUNDI Vocational Training Institute in Cooperation with Humanitas activa,104,0,100,4,96,100,completed,Kenya,1
"Nicaragua, Granada: Los Gusanitos - Education and care center for socially deprived children",2014-04-10,Labdoo Annahmestelle 45478 MH / Rhein-Ruhr (Hub),6,0,5,1,83,35,completed,Nicaragua,1
"Poland, Sanok: Zespó³ Szkó³ (Primary School and Middle School)",2014-09-15,Labdoo Annahmestelle 45478 MH / Rhein-Ruhr (Hub),15,0,15,0,100,86,completed,Poland,1
"Poland, Zamość: Youth club in the old town",2014-10-28,Labdoo Annahmestelle 45478 MH / Rhein-Ruhr (Hub),7,0,7,0,100,30,completed,Poland,1
"Tanzania, Moshi: NAFGEM",2013-03-27,Labdoo Annahmestelle 45478 MH / Rhein-Ruhr (Hub),10,0,10,0,100,100,completed,Tanzania,1
"Thailand, Nongprue: Nongprue school",2014-03-05,Labdoo Annahmestelle 45478 MH / Rhein-Ruhr (Hub),4,0,4,0,100,700,completed,Thailand,1
"Uzbekistan, Nukus City: Friedensdorf SAU Soglom Avlod Uchun",2013-11-26,Labdoo Annahmestelle 45478 MH / Rhein-Ruhr (Hub),6,0,6,0,100,217,completed,Uzbekistan,1
"Zambia, Kabwe: AIDS-Orphans and School Project BOCCS",2014-10-15,Labdoo Annahmestelle 45478 MH / Rhein-Ruhr (Hub),10,0,10,0,100,2000,completed,Zambia,1
"Honduras, Comayagua: A small contribution to create a better path for a greater education",2014-12-01,Labdoo Annahmestelle 42287 Wuppertal-Barmen (Hub),4,0,4,0,100,100,completed,Honduras,1
"Ghana, Nalerigu, Northern Region: Miracle Brain School Complex",2014-06-20,Labdoo Annahmestelle 45478 MH / Rhein-Ruhr (Hub),20,0,8,12,40,700,completed,Ghana,1
"Somalia, Mogadishu: Al-Jazeera Primary & Secondary School (Aktion Europa hilft eV)",2014-11-04,Labdoo Annahmestelle 45478 MH / Rhein-Ruhr (Hub),28,0,0,28,0,530,completed,Somalia,1
"Morocco, Taroudant: The laptops will be used to provide courses in information technology.",2014-12-10,Labdoo School Hub Barcelona - Aula Escola Europea,5,0,2,3,40,15,open,Morocco,0
"Morocco, Rabat: The laptops will be used in a two-days a week course on TICS in an association for young handicapped",2014-12-10,Labdoo School Hub Barcelona - Aula Escola Europea,5,0,2,3,40,15,open,Morocco,0
"Morocco, Rabat: The laptops will be used in an association for handicapped children",2014-12-10,Labdoo School Hub Barcelona - Aula Escola Europea,20,0,2,18,10,20,open,Morocco,0
"Mexico, Zacapoaxtla: A creative space for high school students to develop critical thinking with the help of ICTs",2014-12-11,Labdoo Hub Mexico DF,20,0,0,20,0,53,open,Mexico,0
"Cameroon, Medjémé (Endom): Les Retrouvailles Gemeinschaftsprojekte",2014-11-29,Labdoo Annahmestelle 45478 MH / Rhein-Ruhr (Hub),16,0,16,0,100,193,completed,Cameroon,1
"Thailand, Bangkok: Asienhilfe (Hr Schmidt)",2014-03-26,Labdoo Annahmestelle 45478 MH / Rhein-Ruhr (Hub),1,0,1,0,100,1,completed,Thailand,1
"India, Rajasthan: Connect children with online teachers",2014-02-18,Labdoo School Hub  Barcelona Frederic Mistral - Tècnic Eulàlia | Labdoo School Hub Barcelona - Aula Escola Europea | Labdoo School Hub Vilafranca - Escola Montagut | Labdoo School Hub Vilafranca - Col·legi Vedruna Sant Elies | Labdoo School Hub Vilafranca - INS Eugeni d'ORS,30,0,29,1,96,100,completed,India,1
"Cambodia, Knat Commune: Computer resources for students to learn computer",2014-12-29,Labdoo Hub Taipei @EWB-Taiwan,1,0,1,0,100,147,open,Cambodia,0
"Nepal, Kharikhola: Nepal, Kharikhola: Kharikhola Higher secondary school ",2015-01-02,Labdoo Annahmestelle 72805 Schwäbische Alb (Hub),15,0,20,0,100,450,open,Nepal,0
"Kenya, Nairobi: Mathare Slums, Mabatini, St. Michael Children Educational Centre",2015-01-12,Labdoo Annahmestelle 79104 Freiburg Baden [zur Zeit geschlossen],7,5,7,0,100,300,completed,Kenya,1
"Togo, Agou Gare: Togo, Agou Nyogbo: Laptops for the library of Agou Nyogbo",2015-01-13,Labdoo Annahmestelle 12051 Berlin: Wertraum | Die Wille gGmbH,2,0,2,0,100,600,completed,Togo,1
"India, Bangalore South : Project Defy",2015-01-12,Grassroots | Labdoo Hub Barcelona @I2CAT Campus Nord,4,0,4,0,100,25,completed,India,1
"Morocco, Asni: La maison des filles scolarise à ASNI dans la région rural de Marrakech.",2015-01-09,[CLOSED] Labdoo Annahmestelle 21037 Hamburg - Kirchwerder: Tina Meier [zur Zeit geschlossen],8,0,8,0,100,54,completed,Morocco,1
"Congo (Kinshasa), Kinshasa: Association Bana Foncobel Kimbangu ABFK | D. Malungu",2015-01-19,Labdoo Annahmestelle 45478 MH / Rhein-Ruhr (Hub),58,0,58,0,100,250,completed,Congo (Kinshasa),1
"Cameroon, Buea: IT training for Dispossed (H4BFSCOOPS)",2014-11-29,Labdoo Annahmestelle 45478 MH / Rhein-Ruhr (Hub),20,0,20,0,100,655,completed,Cameroon,1
"Cameroon, Medjémé (Endom): Ecole Publique de Medjémé 2",2014-12-08,Labdoo Annahmestelle 45478 MH / Rhein-Ruhr (Hub),16,0,16,0,100,259,completed,Cameroon,1
"Togo, Kpalime, Plateaux Region: Kpalimé - Togo 'All for a better education'",2015-01-14,Labdoo Hub Barcelona Amics de Gracia,9,0,9,0,100,28,completed,Togo,1
"Namibia, Kamanjab: Blydskap-Vorschule auf der Farm Marienhöhe | Ubuntu eV",2014-11-28,Grassroots,3,0,3,0,100,20,completed,Namibia,1
"Cambodia, Siem Reap: To provide computer education & internet access to the students at BCI Art and English School.",2013-08-14,Labdoo Hub Taipei @EWB-Taiwan,2,0,2,0,100,40,completed,Cambodia,1
"Cambodia, Battambang: Teaching  Battambang children some basic computer skills and changing their lives",2014-06-09,Labdoo Hub Taipei @EWB-Taiwan,20,0,12,8,60,220,completed,Cambodia,1
"Sri Lanka, Mannar: Thadchanamaruthamadhu School",2014-12-06,Labdoo Annahmestelle 45478 MH / Rhein-Ruhr (Hub),5,0,2,3,40,305,open,Sri Lanka,0
"Germany, Mülheim an der Ruhr: BBWE Bildungswerk Mülheim an der Ruhr eV",2015-02-06,Labdoo Annahmestelle 45478 MH / Rhein-Ruhr (Hub),13,0,13,0,100,200,completed,Germany,1
"Germany, Mülheim an der Ruhr: Katharinenschule Förderung Migrantenkinder",2015-02-06,Labdoo Annahmestelle 45478 MH / Rhein-Ruhr (Hub),5,0,5,0,100,200,completed,Germany,1
"Uganda, Mbale: Nurses-Training school in Uganda",2012-11-01,Labdoo Annahmestelle 79104 Freiburg Baden [zur Zeit geschlossen],8,0,8,0,100,140,completed,Uganda,1
"Spain, Palma de Mallorca: Fundación INDIG (SI Mallorca)",2014-06-06,Labdoo Annahmestelle 45478 MH / Rhein-Ruhr (Hub),1,0,1,0,100,50,completed,Spain,1
"Spain, Palma de Mallorca: IMAS Centros de acogida y protección de menores (SI Mallorca)",2014-09-22,Labdoo Annahmestelle 45478 MH / Rhein-Ruhr (Hub),8,0,8,0,100,360,completed,Spain,1
"Congo (Kinshasa), Goma: Yolé!Africa The Art of Empowering Youth",2014-10-03,Labdoo Annahmestelle 12051 Berlin: Wertraum | Die Wille gGmbH,10,1,2,7,30,100,open,Congo (Kinshasa),0
"Germany, Duisburg: Tausche Bildung für Wohnen",2014-03-13,Labdoo Annahmestelle 45478 MH / Rhein-Ruhr (Hub),3,0,3,0,100,70,completed,Germany,1
"Malawi, Blantyre: Teachers Support Blantyre",2015-02-17,Labdoo Annahmestelle 45478 MH / Rhein-Ruhr (Hub),10,0,0,10,0,100,open,Malawi,0
"Nepal, Udayapur: Nepal, Udayapur: Udaysi English Higher secondary school",2014-11-25,Labdoo Annahmestelle 72805 Schwäbische Alb (Hub),25,0,9,16,36,1028,open,Nepal,0
"Nepal, Sindhupalchok: Nepal, Helambu: Yangrima School E-ICT in Sindhupalchok (Mountain Spirit)",2014-06-13,Labdoo Annahmestelle 72805 Schwäbische Alb (Hub),15,0,8,7,53,185,open,Nepal,0
"Nepal, Salleri: Nepal, Salleri: White Hills Higher Secondary English Boarding",2014-01-20,Labdoo Annahmestelle 72805 Schwäbische Alb (Hub),20,0,16,4,80,377,open,Nepal,0
"Nepal, Udayapur: Nepal, Udayapur:  Shree Majkharka scecondary school Majkharka",2014-11-25,Labdoo Annahmestelle 72805 Schwäbische Alb (Hub),10,0,6,4,60,362,open,Nepal,0
"Laos, Ban Phone Ngeng: Introduce elementary school students to computer usage as a learning tool",2014-09-28,Labdoo Hub California (South),50,0,31,19,62,100,open,Laos,0
"Spain, Beniaján-Murcia: Montar un aula de informática para diversos usos en la entidad (cursos de informática, etc)",2015-03-04,Labdoo School Hub Madrid - Colegio Balder,15,0,0,15,0,225,open,Spain,0
"Nepal, Kathmandu: Nepal, Kathmandu: Parizat Nestling Home Orphanage/Home for girls in need",2014-09-09,Labdoo Annahmestelle 12051 Berlin: Wertraum | Die Wille gGmbH,15,0,9,6,60,50,open,Nepal,0
"Nepal, Beni, Tumbuk village - Solu Khumbu: Nepal, Beni: Buddha Academy School (Mountain Spirit)",2014-05-11,Labdoo Annahmestelle 72805 Schwäbische Alb (Hub),10,0,10,0,100,45,open,Nepal,0
"Nepal, Gorkha: Nepal, Gorkha: Chaturmala higher secondary School Gorkha",2015-03-14,Labdoo Annahmestelle 72805 Schwäbische Alb (Hub),10,0,0,10,0,770,open,Nepal,0
"Turkey, Demirköprü: Barada Schule der Hoffnung (Barada Syrienhilfe e.V.)",2015-02-24,Labdoo Annahmestelle 45478 MH / Rhein-Ruhr (Hub),10,0,6,4,60,120,open,Turkey,0
"Spain, Madrid: Ofrece a los chicos y chicas recursos que favorezcan su desarrollo personal y social.",2015-03-16,Labdoo School Hub Madrid - Colegio Balder,8,0,8,0,100,19,open,Spain,0
"Mexico, Guadalajara, Jalisco: Crear una aula virtual para que los jóvenes puedan realizar clases de computacion.",2015-03-18,Labdoo School Hub Madrid - Colegio Balder,10,0,2,8,20,100,open,Mexico,0
"Morocco, Azemour: groupe d ecole dans une region rurale d azemour ",2015-03-21,[CLOSED] Labdoo Annahmestelle 21037 Hamburg - Kirchwerder: Tina Meier [zur Zeit geschlossen],20,0,7,13,35,222,open,Morocco,0
"Nicaragua, El Sauce: Public School Ruben Darío from el Sauce will adapt a new Computer Room.",2015-03-25,Grassroots | Labdoo Hub Sant Martí Sarroca,10,2,11,0,100,78,open,Nicaragua,0
"Austria, Hallein: Asyl, Hayat Hallein",2015-03-19,Labdoo Hub Salzburg,1,0,0,1,0,20,completed,Austria,1
"Tanzania, Arusha: The Engilanget school was found by Anna Mollel",2015-03-18,Labdoo Hub Salzburg,10,0,7,3,70,210,open,Tanzania,0
"China, GongYi Shi: future4children",2015-03-29,Labdoo Hub Zürich (Schweiz),35,0,20,15,57,100,open,China,0
"Germany, Bottrop: Wegweiser",2015-03-20,Labdoo Annahmestelle 45478 MH / Rhein-Ruhr (Hub),1,0,1,0,100,10,completed,Germany,1
"Kenya, Nairobi: YSK Youth Support Kenya Skills Centre",2015-03-30,Labdoo Annahmestelle 45478 MH / Rhein-Ruhr (Hub),16,0,16,0,100,60,completed,Kenya,1
"Zimbabwe, Community of Hopely: School Project",2015-03-30,Labdoo Annahmestelle 45478 MH / Rhein-Ruhr (Hub),3,0,3,0,100,100,completed,Zimbabwe,1
"Ghana, Nsawam: Ghana, Nsawam: African School of Hope",2014-10-16,Labdoo Hub Mühlviertel (OÖ),25,0,20,5,80,110,open,Ghana,0
"Zambia, Kitwe: Copperbelt Health Education Project (CHEP) - Cecily's Fund",2013-07-31,Labdoo Hub Zürich (Schweiz),25,0,23,2,92,50,open,Zambia,0
"Germany, Mülheim an der Ruhr: Sprachförderungsraum für Flüchtlingskinder und Eltern (NIL eV Forum BZ)",2015-04-03,Labdoo Annahmestelle 45478 MH / Rhein-Ruhr (Hub),19,0,19,0,100,40,completed,Germany,1
"Georgia, Tibilisi: Union Healthy children (Friedensdorf)",2014-08-05,Labdoo Annahmestelle 45478 MH / Rhein-Ruhr (Hub),14,0,14,0,100,26,completed,Georgia,1
"Germany, Bottrop: Kreuzbund Suchtprävention an Schulen",2015-03-31,Labdoo Annahmestelle 45478 MH / Rhein-Ruhr (Hub),1,0,1,0,100,20,completed,Germany,1
"Germany, Potsdam: Germany, Potsdam: Refugees Emancipation Project",2015-02-05,Labdoo Annahmestelle 12051 Berlin: Wertraum | Die Wille gGmbH,25,0,25,0,100,300,completed,Germany,1
"Laos, Luang Prabang: Kinderkulturzentrum Deutsch-Laotische Gesellschaft eV",2015-04-12,Labdoo Annahmestelle 45478 MH / Rhein-Ruhr (Hub),10,0,10,0,100,80,completed,Laos,1
"Uganda, LWEZA: SKY KIDS UGANDA EDUCATION PROJECT",2015-04-10,Labdoo Annahmestelle 45478 MH / Rhein-Ruhr (Hub),9,0,9,0,100,80,completed,Uganda,1
"Uganda, Kajjansi, Lweza, Zone B: St. Pauls school",2014-05-31,Labdoo Annahmestelle 45478 MH / Rhein-Ruhr (Hub),31,0,31,0,100,500,completed,Uganda,1
"Belarus, Zhodino: Mädchengymnasium (Initiative Tschernobyl-Hilfe eV)",2014-10-07,Labdoo Annahmestelle 45478 MH / Rhein-Ruhr (Hub),15,0,15,0,100,170,completed,Belarus,1
"Germany, Mülheim an der Ruhr: Flüchtlingshilfe Mülheim an der Ruhr (kommunal)",2015-03-17,Labdoo Annahmestelle 45478 MH / Rhein-Ruhr (Hub),20,0,20,0,100,284,completed,Germany,1
"Nepal, Gerkhutar: Om Mane Public School",2012-06-26,Labdoo Hub Zürich (Schweiz),20,0,14,6,70,100,open,Nepal,0
"Nepal, Charghare: New Nepal Primary School",2015-04-16,Labdoo Hub Zürich (Schweiz),10,0,2,8,20,67,open,Nepal,0
"South Africa, Adelaide: Adelaide Primary School",2015-04-16,Labdoo Hub Zürich (Schweiz),30,0,27,3,90,841,open,South Africa,0
"Malawi, Mzuzu: With the help of computers, we can display ideas more clearly, and also arouse students' interests",2014-05-21,Labdoo Hub Taipei @EWB-Taiwan,16,0,12,4,75,240,completed,Malawi,1
"Malawi, Mzuzu: Use the laptops to help the Malawian create a more resourceful environment",2015-04-20,Labdoo Hub Taipei @EWB-Taiwan,15,0,13,2,86,260,open,Malawi,0
"Germany, Oberhausen: wellcome - Evangelisches Familienhilfswerk",2015-03-20,Labdoo Annahmestelle 45478 MH / Rhein-Ruhr (Hub),2,0,2,0,100,40,completed,Germany,1
"Sri Lanka, Matale: Vocational training center for carpenter apprentices and trainees",2015-04-26,Labdoo Hub Zürich (Schweiz),5,0,3,2,60,15,completed,Sri Lanka,1
"Ghana, Teshie, Accra: Bethel Bridge Int.School | Deutsch-Ghanaischer Entwicklungshilfeverein eV",2015-04-26,Labdoo Annahmestelle 22999 Hamburg: Winterhude [Hub],24,7,17,0,100,175,open,Ghana,0
"Western Sahara, Dajla: Dajla - Refugees Camp in Western Sahara ",2015-04-29,Grassroots,11,0,6,5,54,0,open,Western Sahara,0
"Bosnia and Herzegovina, Bosanska Krupa (Nähe Bihac): Druga osnovna skola (Aktion Leben und Lernen in Bosnien eV)",2015-03-22,Labdoo Annahmestelle 45478 MH / Rhein-Ruhr (Hub),30,0,30,0,100,800,completed,Bosnia and Herzegovina,1
"Togo, Lome: Des sourires pour le Togo",2013-12-29,Labdoo Hub Zürich (Schweiz),501,0,501,0,100,1000,open,Togo,0
"Germany, Oberhausen: Die Kurbel Zentrum für Integration und Bildung",2015-03-20,Labdoo Annahmestelle 45478 MH / Rhein-Ruhr (Hub),5,0,5,0,100,20,completed,Germany,1
"Germany, Miesbach: KOMM Schule für junge Flüchtlinge in Holzkirchen",2015-05-03,Labdoo Annahmestelle 45478 MH / Rhein-Ruhr (Hub),11,0,11,0,100,30,completed,Germany,1
"Philippines, Mansalay: Stiftunglife Students Project",2015-05-09,[CLOSED] Labdoo Annahmestelle 21037 Hamburg - Kirchwerder: Tina Meier [zur Zeit geschlossen],51,0,4,47,7,51,open,Philippines,0
"Uganda, Kisoro Town council : Peace Friends of Hope Foundation",2015-05-12,Labdoo Annahmestelle 45478 MH / Rhein-Ruhr (Hub),3,0,5,0,100,200,completed,Uganda,1
"Belarus, Zhodino: Schule Nr 2 (Tschernobylhilfe eV)",2015-04-12,Labdoo Annahmestelle 45478 MH / Rhein-Ruhr (Hub),31,0,31,0,100,200,completed,Belarus,1
"Cameroon, Yaoundé: CENTRE D’ACCUEIL ET DE VOLONTARIAT POUR ORPHELINS ABANDONNES ET HANDICAPES DU CAM",2014-06-10,Labdoo Annahmestelle 45478 MH / Rhein-Ruhr (Hub),20,0,20,0,100,70,completed,Cameroon,1
"Mali, Bamako: MOURDIAH NIETA | AGT Africa GreenTec",2015-04-13,Labdoo Annahmestelle 45478 MH / Rhein-Ruhr (Hub),25,0,25,0,100,300,completed,Mali,1
"Tanzania, Mtwara: Call and Vision Secondary School",2015-03-25,Labdoo Annahmestelle 45478 MH / Rhein-Ruhr (Hub),29,0,19,10,65,297,completed,Tanzania,1
"Germany, Bochum: LPE NRW Computerkurse",2013-10-17,Labdoo Annahmestelle 45478 MH / Rhein-Ruhr (Hub),14,0,14,0,100,60,completed,Germany,1
"Uganda, Mityana Town: JULINA MEMORIAL SCHOOL FOR THE DEAF (Rev. Jjumba)",2015-05-12,Labdoo Annahmestelle 45478 MH / Rhein-Ruhr (Hub),21,0,21,0,100,105,completed,Uganda,1
"Uganda, Mityana town: FREMMA DAY AND BOARDING PRIMARY SCHOOL",2015-05-14,Labdoo Annahmestelle 45478 MH / Rhein-Ruhr (Hub),26,0,26,0,100,380,completed,Uganda,1
"Germany, Duisburg: Eventus Bildungszentrum",2015-04-30,Labdoo Annahmestelle 45478 MH / Rhein-Ruhr (Hub),7,0,7,0,100,60,completed,Germany,1
"Kenya, Lopiding: Kenya machakos primary school  Machakos ",2015-05-21,Labdoo Hub Salzburg,2,0,2,0,100,537,completed,Kenya,1
"Kenya, Nyeri: Computer Lab for St. Anne's Ihithe Ranges School",2015-05-22,Labdoo Hub Taipei @EWB-Taiwan,15,0,0,15,0,170,completed,Kenya,1
"South Africa, Witbank: Sarahs Children „Something out of nothing“ | GS Meiderich",2015-03-25,Labdoo Annahmestelle 45478 MH / Rhein-Ruhr (Hub),8,0,8,0,100,20,completed,South Africa,1
"United States, Homestead: In our Community Learning Center have different adults’ class. Spanish literacy, elementary, middle ",2012-10-18,Labdoo Hub Miami - Doral,8,0,8,0,100,20,completed,United States,1
"Germany, Duisburg: Elly-Heuss-Knapp-Gymnasium",2015-05-24,Labdoo Annahmestelle 45478 MH / Rhein-Ruhr (Hub),18,0,17,1,94,1000,completed,Germany,1
"Togo, Sokodé: CENTRE GLOBAL | Aurore eV",2015-05-25,Labdoo Annahmestelle 45478 MH / Rhein-Ruhr (Hub),20,0,20,0,100,380,open,Togo,0
"Kenya, Lokichoggio: St. Mathews Nadome Pr School",2015-02-19,Labdoo Hub Salzburg,2,0,2,0,100,703,completed,Kenya,1
"Kenya, Lokichoggio: St.Cosmas Napopongoit Pr.School.",2015-05-21,Labdoo Hub Salzburg,3,0,3,0,100,703,completed,Kenya,1
"Germany, Bottrop: Nachhilfe und Jugendarbeit Helvalti eV",2015-05-27,Labdoo Annahmestelle 45478 MH / Rhein-Ruhr (Hub),3,0,3,0,100,20,completed,Germany,1
"Kenya, Lodwar: Kanamkemer Primary School",2015-05-27,Labdoo Hub Salzburg,3,0,3,0,100,2254,completed,Kenya,1
"Kenya, Lodwar: Primary School",2015-05-27,Labdoo Hub Salzburg,3,0,3,0,100,1400,completed,Kenya,1
"Bosnia and Herzegovina, Jezerski: Computerraum Schule Jezerski",2015-05-28,Labdoo Annahmestelle 45478 MH / Rhein-Ruhr (Hub),25,0,25,0,100,520,completed,Bosnia and Herzegovina,1
"Bosnia and Herzegovina, Veliki Badic: Druga osnovna skola",2015-05-28,Labdoo Annahmestelle 45478 MH / Rhein-Ruhr (Hub),18,0,18,0,100,112,completed,Bosnia and Herzegovina,1
"Nepal, Siraha-1: Chandra Secondary School (Nepali Samaj e.V.)",2014-06-23,Labdoo Annahmestelle 45478 MH / Rhein-Ruhr (Hub),19,0,12,7,63,1400,completed,Nepal,1
"Nepal, Kathmandu: The laptops will be used to enable a computer classroom for woman and children in the RUWON org.",2012-06-09,Labdoo Hub Barcelona @I2CAT Campus Nord,5,0,5,0,100,3,completed,Nepal,1
"Germany, Gladbeck: Primus Bildungszentrum",2015-06-01,Labdoo Annahmestelle 45478 MH / Rhein-Ruhr (Hub),6,0,6,0,100,80,completed,Germany,1
"Palestinian Territory, Gaza: Computer room in a school",2015-06-01,Labdoo Annahmestelle 45478 MH / Rhein-Ruhr (Hub),34,0,0,34,0,240,completed,Palestinian Territory,1
"Cape Verde, Sal Rel: Schule Sal Rel",2015-06-04,Labdoo Annahmestelle 45478 MH / Rhein-Ruhr (Hub),9,0,10,0,100,40,completed,Cape Verde,1
"Kenya, Nairobi: Amani Music School",2015-06-09,Labdoo Annahmestelle 53173 Bonn: Ulrich Egger (Hub),10,0,2,8,20,280,open,Kenya,0
"Zambia, Lusaka: Morningstar Bible College",2015-06-09,Labdoo Annahmestelle 53173 Bonn: Ulrich Egger (Hub),30,0,30,0,100,180,completed,Zambia,1
"Ivory Coast, Abidjan : Reciclem tecnologia, compartim solidaritat",2015-06-10,Labdoo Hub Sant Martí Sarroca,4,0,4,0,100,4,completed,Ivory Coast,1
"Vanuatu, Tanna Island: Collège Technique et Lycée de Lowanatom (Vanuatu)",2015-06-16,Labdoo Hub Barcelona @I2CAT Campus Nord,60,0,28,32,46,240,completed,Vanuatu,1
"Tanzania, Dar es Salaam: Agape College",2015-06-21,Labdoo Annahmestelle 45478 MH / Rhein-Ruhr (Hub),8,0,5,3,62,55,open,Tanzania,0
"Kenya, Lodwar: Kenya, Lokichoggio: Comboni Girls Primary School",2015-06-21,Labdoo Hub Salzburg,2,0,2,0,100,477,completed,Kenya,1
"Kenya, Lokichoggio: Kenya, Lokichoggio: Lopiding Girls Secondary School",2015-06-21,Labdoo Hub Salzburg,2,0,2,0,100,470,completed,Kenya,1
"Kenya, Lokichoggio: Kenya, Lokichoggio: AIC Songot Secondary School",2015-06-21,Labdoo Hub Salzburg,2,0,2,0,100,457,completed,Kenya,1
"Tanzania, Kahe: Tansania, Kahe, Mpirani Secondary School",2015-06-22,Labdoo Hub Salzburg,1,0,0,1,0,400,open,Tanzania,0
"Albania, Tirane: HOPE Charity Center",2015-06-24,Labdoo Annahmestelle 45478 MH / Rhein-Ruhr (Hub),10,0,10,0,100,70,completed,Albania,1
"Germany, Duisburg: Regenbogen",2015-06-25,Labdoo Annahmestelle 45478 MH / Rhein-Ruhr (Hub),1,0,1,0,100,30,completed,Germany,1
"Brazil, Nova Friburgo - Centenario: Portas Abertas Conselheiro Informatikkurs",2015-06-25,Labdoo Annahmestelle 45478 MH / Rhein-Ruhr (Hub),6,0,6,0,100,20,completed,Brazil,1
"Uganda, Kampala: help for Uganda (Rev Jjumba)",2015-06-30,Labdoo Annahmestelle 45478 MH / Rhein-Ruhr (Hub),4,0,4,0,100,12,completed,Uganda,1
"Malawi, Tsabango: Don Bosco Youth Technical Institute",2015-07-01,Labdoo Annahmestelle 45478 MH / Rhein-Ruhr (Hub),45,0,10,35,22,875,open,Malawi,0
"Kenya, Nairobi: Africa Nazarene University",2015-07-06,Labdoo Annahmestelle 45478 MH / Rhein-Ruhr (Hub),20,0,20,0,100,4000,completed,Kenya,1
"Turkey, Ölçülü / Kars: Dorfschule Ölçülü bei Kars",2015-07-06,Labdoo Annahmestelle 45478 MH / Rhein-Ruhr (Hub),15,0,0,15,0,175,open,Turkey,0
"Gambia, Kuwonku: agriculture and education",2015-07-08,Grassroots,1,0,1,0,100,250,open,Gambia,0
"Morocco, AIT ATTAB: AZILAL un groupe d ecole dans la rural region montagneuse ",2015-07-12,[CLOSED] Labdoo Annahmestelle 21037 Hamburg - Kirchwerder: Tina Meier [zur Zeit geschlossen] | Labdoo Hub Casablanca,20,0,4,16,20,198,open,Morocco,0
"Germany, Oberhausen: Seiteneinsteigerkinder Elsa-Brändström-Gymnasium",2015-07-12,Labdoo Annahmestelle 45478 MH / Rhein-Ruhr (Hub),10,0,10,0,100,1060,completed,Germany,1
"Bosnia and Herzegovina, Bosanska Otoka (Nähe Bihac): JU Osnovna škola Otoka (Leben und Lernen in Bosnien eV)",2015-07-15,Labdoo Annahmestelle 45478 MH / Rhein-Ruhr (Hub),30,0,30,0,100,564,completed,Bosnia and Herzegovina,1
"Tanzania, Bukoba Kagera: Mugeza Mseto Primary School",2015-07-17,Labdoo Annahmestelle 28215 Bremen (Hub),15,0,15,0,100,39,completed,Tanzania,1
"Uganda, Kampala: computer literacy at the child and elderly support organisation",2015-07-21,Labdoo Annahmestelle 45478 MH / Rhein-Ruhr (Hub),10,0,1,9,10,150,open,Uganda,0
"Ukraine, Shostka: Computer class for disabled children",2015-07-22,Labdoo Annahmestelle 45478 MH / Rhein-Ruhr (Hub),6,0,6,0,100,21,completed,Ukraine,1
"Germany, Köln:  SprachFreude Flüchtlingsheim Mado",2015-07-29,Labdoo Annahmestelle 45478 MH / Rhein-Ruhr (Hub),5,0,5,0,100,25,completed,Germany,1
"Croatia, Selnica: Grundschule Selnica",2015-07-29,Labdoo Annahmestelle 45478 MH / Rhein-Ruhr (Hub),8,0,8,0,100,301,completed,Croatia,1
"Malawi, Lilongwe : Taste of Malawi",2015-07-30,Labdoo Annahmestelle 45478 MH / Rhein-Ruhr (Hub),15,0,0,15,0,10,open,Malawi,0
"Georgia, Tiflis: Michael School",2015-07-31,Labdoo Annahmestelle 53173 Bonn: Ulrich Egger (Hub) | Labdoo Annahmestelle 45478 MH / Rhein-Ruhr (Hub),4,0,4,0,100,250,completed,Georgia,1
"Ecuador, Quito: Centro Educativo y Solidario La Bota ",2015-08-04,Labdoo Annahmestelle 79104 Freiburg Baden [zur Zeit geschlossen],9,0,9,0,100,53,completed,Ecuador,1
"Tanzania, Dar es Salaam: Kigamboni Community Center",2015-08-09,Labdoo Annahmestelle 45478 MH / Rhein-Ruhr (Hub),20,0,7,13,35,320,open,Tanzania,0
"Cambodia, Kampot: help for pupils and students Asienhilfe (W. Schmidt)",2015-08-10,Labdoo Annahmestelle 45478 MH / Rhein-Ruhr (Hub),1,0,1,0,100,2,completed,Cambodia,1
"Bosnia and Herzegovina, Bosanska Krupa: Prva Osnovna skola (Leben und Lernen in Bosnien eV)",2015-08-13,Labdoo Annahmestelle 45478 MH / Rhein-Ruhr (Hub),30,0,30,0,100,654,completed,Bosnia and Herzegovina,1
"Germany, Bottrop: InNatura",2015-08-22,Labdoo Annahmestelle 45478 MH / Rhein-Ruhr (Hub),3,0,3,0,100,3,completed,Germany,1
"Nepal, kanku 9 mera chhyngmiteng  Solukhumbu : Chhyngmiteng Monastery",2015-08-24,Labdoo Annahmestelle 72805 Schwäbische Alb (Hub),5,0,3,2,60,45,open,Nepal,0
"Cuba, Camaguey: Kinderhilfsorganisation Camaquito",2015-08-25,Labdoo Hub Zürich (Schweiz),12,0,12,0,100,50,completed,Cuba,1
"Germany, Duisburg: Rhein Ruhr Bildungsverein eV",2015-08-31,Labdoo Annahmestelle 45478 MH / Rhein-Ruhr (Hub),5,0,5,0,100,50,completed,Germany,1
"Nepal, Solukhumbu: Shree  Juving Secondary School Jubing  2  SoluKhumbu",2015-09-05,Labdoo Annahmestelle 72805 Schwäbische Alb (Hub),10,0,10,0,100,285,completed,Nepal,1
"Uganda, Kyengere: St. Aloysius-Schule | Menschenbrücke e.V.",2015-09-11,Labdoo Annahmestelle 45478 MH / Rhein-Ruhr (Hub),45,0,23,22,51,508,open,Uganda,0
"Bosnia and Herzegovina, Bihac: Hauptschule Harmani 2",2015-09-18,Labdoo Annahmestelle 45478 MH / Rhein-Ruhr (Hub),31,0,31,0,100,800,completed,Bosnia and Herzegovina,1
"Bosnia and Herzegovina, Velika Kladuša: Prva osnovna škola Velika Kladusa",2015-09-20,Labdoo Annahmestelle 45478 MH / Rhein-Ruhr (Hub),21,0,21,0,100,70,completed,Bosnia and Herzegovina,1
"Tanzania, Mtwara: Montessori Teachers Training College | Kongregation der Schwestern des Erlösers",2015-09-21,Labdoo Annahmestelle 45478 MH / Rhein-Ruhr (Hub),50,0,50,0,100,100,completed,Tanzania,1
"Germany, Gladbeck: Deutsch für Asylbewerber im Dietrich-Bonhoeffer-Haus",2015-09-22,Labdoo Annahmestelle 45478 MH / Rhein-Ruhr (Hub),0,0,0,0,0,70,completed,Germany,1
"Spain, Lliçà de Vall: Sala de Informática  FUNDACIO PRIVADA OBRA TUTELAR AGRARIA ",2015-09-25,Labdoo School Hub Vilanova - Institut Baix a Mar | Labdoo School Hub Barcelona - Aula Escola Europea | Labdoo Hub Barcelona @I2CAT Campus Nord | Labdoo Hub Lliçà de Vall - Obra Tutelar Agraria (OTA),24,0,25,0,100,24,open,Spain,0
"Cape Verde, Santa Maria: Hilfe für die Kinder von Terra Boa",2015-09-25,Labdoo Annahmestelle 45478 MH / Rhein-Ruhr (Hub),15,0,11,4,73,60,completed,Cape Verde,1
"Zambia, CHOMA: NJASE COMPUTER LAB",2015-09-25,Labdoo Annahmestelle 45478 MH / Rhein-Ruhr (Hub),50,0,18,32,36,925,open,Zambia,0
"Tanzania, Kahe: Tansania, Moshi, Kahe, Mapogini Secondary School",2015-09-30,Labdoo Hub Salzburg,0,0,0,0,0,500,completed,Tanzania,1
"Tanzania, Kahe: Tansania, Moshi, Kahe, Orissa Primary School",2015-09-30,Labdoo Hub Salzburg,0,0,0,0,0,1500,completed,Tanzania,1
"Vietnam, Tam Phuoc Village, Long Thanh District: Laptops for Viet Orphans",2015-10-01,Labdoo Hub California (South),10,0,10,0,100,100,completed,Vietnam,1
"Vietnam, Ho Chi Minh: Laptops for Viet Orphans",2015-10-01,Labdoo Hub California (South),20,0,20,0,100,100,completed,Vietnam,1
"Germany, Mülheim an der Ruhr: Home Schooling , Integrationsshilfe Mülheim an der Ruhr | private Initiativen | COVID-19-DE",2015-10-01,Labdoo Annahmestelle 45478 MH / Rhein-Ruhr (Hub),45,0,47,0,100,60,completed,Germany,1
"Philippines, Manila: Cacao Plantation Philippines support",2015-10-02,Labdoo Annahmestelle 80804 München (Hub),5,0,0,5,0,500,open,Philippines,0
"Bosnia and Herzegovina, Bosanska Krupa: Ausbildungsförderung Jugendfeuerwehr BOSK",2015-10-05,Labdoo Annahmestelle 45478 MH / Rhein-Ruhr (Hub),11,0,11,0,100,30,completed,Bosnia and Herzegovina,1
"Tanzania, Moshi Urban: Kilimanjaro Vicoba Network (KIVINET)",2015-10-14,Labdoo Annahmestelle 45478 MH / Rhein-Ruhr (Hub),25,0,25,0,100,15000,completed,Tanzania,1
"Germany, Duisburg: Förderung Duisburger Schulklassen (Bürgerstiftung Duisburg)",2015-10-14,Labdoo Annahmestelle 45478 MH / Rhein-Ruhr (Hub),88,0,88,0,100,100,completed,Germany,1
"Tanzania, Kahe: Tansania, Moshi, Kahe, Mpirani Secondary School",2015-10-17,Labdoo Hub Salzburg,0,0,0,0,0,400,completed,Tanzania,1
"Sierra Leone, Freetown: Sierra Leone, Landwirtschaftsuni,Student",2015-10-17,Labdoo Hub Salzburg,0,0,1,0,0,2500,completed,Sierra Leone,1
"Tanzania, Makambako: Sigrid Primary School",2015-10-19,Labdoo Annahmestelle 45478 MH / Rhein-Ruhr (Hub),35,0,35,0,100,800,completed,Tanzania,1
"Ethiopia, Fessa: Digital Literacy for Fessa Primary School Students and the community",2015-10-22,Labdoo Annahmestelle 60487 Frankfurt am Main: [zur Zeit geschlossen] | Labdoo Annahmestelle 45478 MH / Rhein-Ruhr (Hub),10,0,10,0,100,195,completed,Ethiopia,1
"Guinea-Bissau, Bissau: IOGT-Jes Primarschule",2015-10-23,Labdoo Hub Zürich (Schweiz),21,0,21,0,100,100,open,Guinea-Bissau,0
"Germany, Leipzig: Students for Students – Refugees welcome@HfTL",2015-10-27,Labdoo Annahmestelle 45478 MH / Rhein-Ruhr (Hub),0,0,0,0,0,7,completed,Germany,1
"Kenya, Mitume: Community Capacity Building through ICT (Leapfrog eV)",2015-10-28,Labdoo Annahmestelle 12051 Berlin: Wertraum | Die Wille gGmbH | Labdoo Annahmestelle 45478 MH / Rhein-Ruhr (Hub),20,0,20,0,100,200,completed,Kenya,1
"Kenya, Donyo-Sabuk at Thika: Empowerment of young people (Leapfrog eV)",2015-10-28,Labdoo Annahmestelle 12051 Berlin: Wertraum | Die Wille gGmbH | Labdoo Annahmestelle 45478 MH / Rhein-Ruhr (Hub),5,0,5,0,100,40,completed,Kenya,1
"Ireland, Kilkenny: TASK Involvement Centre Kilkenny",2015-10-30,Labdoo Annahmestelle 80804 München (Hub),5,0,4,1,80,80,open,Ireland,0
"Germany, Pappenheim: Learning with digital support, above all for children with immigrant bodybround",2015-11-02,Labdoo Annahmestelle 42287 Wuppertal-Barmen (Hub),10,0,10,0,100,190,completed,Germany,1
"Belarus, Zhodino: Sozialstation Jugendbetreuung (Tschernobyl Hilfe eV)",2015-11-05,Labdoo Annahmestelle 45478 MH / Rhein-Ruhr (Hub),22,0,22,0,100,50,completed,Belarus,1
"Germany, Gelsenkirchen: Primus Bildungszentrum e.V.",2015-11-06,Labdoo Annahmestelle 45478 MH / Rhein-Ruhr (Hub),5,0,5,0,100,40,completed,Germany,1
"Germany, Nürnberg: Hilfe für Eltern und Kind Nürnberg",2015-11-08,Labdoo Annahmestelle 90402 Nürnberg (Hub),4,0,4,0,100,6,completed,Germany,1
"Germany, Duisburg-Meiderich: Förderung Schüler_innen GGS Heinrich-Bongers-Strasse",2015-11-09,Labdoo Annahmestelle 45478 MH / Rhein-Ruhr (Hub),4,0,4,0,100,308,completed,Germany,1
"Cameroon, Douala: HELP EXTENSION GROUP(HEG)",2015-11-09,Labdoo Hub California (South),20,0,2,18,10,40,completed,Cameroon,1
"Congo (Kinshasa), Ville d'Aru, Province de l'Ituri, North-DRCongo: CERBC Centre for Education and Community Based Rehabilitation",2015-11-10,Labdoo Annahmestelle 45478 MH / Rhein-Ruhr (Hub),20,0,10,10,50,70,open,Congo (Kinshasa),0
"Tanzania, Mwanza: Huruma School and Education - INTERTEAM",2015-11-10,Labdoo Hub Zürich (Schweiz),5,0,4,1,80,48,open,Tanzania,0
"Nigeria, Enugu: Aru-Ngwa Community High School",2015-11-10,Labdoo Hub Zürich (Schweiz),50,0,50,0,100,200,completed,Nigeria,1
"Bosnia and Herzegovina, Konjevic Polje: Education Center Nova Kasaba",2015-11-22,Labdoo Hub Zürich (Schweiz),35,0,35,0,100,120,completed,Bosnia and Herzegovina,1
"Germany, Bonn: Ferienfreizeiten des Teckids e.V. (FrogLabs u.a.)",2015-11-24,Labdoo Annahmestelle 45478 MH / Rhein-Ruhr (Hub) | Labdoo Annahmestelle 53173 Bonn: Ulrich Egger (Hub),15,0,15,0,100,800,completed,Germany,1
"Zambia, Lusaka: Ramah Naioth Christian School",2015-11-24,Labdoo Annahmestelle 53173 Bonn: Ulrich Egger (Hub),20,0,20,0,100,350,completed,Zambia,1
"Paraguay, Primavera: Primavera Indio Center",2015-11-24,Labdoo Annahmestelle 53173 Bonn: Ulrich Egger (Hub),10,0,7,3,70,130,open,Paraguay,0
"Thailand, Omkoi Chiangmai: Jaluntam Internat",2015-11-24,Labdoo Annahmestelle 53173 Bonn: Ulrich Egger (Hub),20,0,0,20,0,186,open,Thailand,0
"Tanzania, Zansibar: EDEN International School",2015-11-24,Labdoo Annahmestelle 53173 Bonn: Ulrich Egger (Hub),20,0,20,0,100,138,completed,Tanzania,1
"Uganda, Kampala: Ebenezer Christian Secondary School",2015-11-24,Labdoo Annahmestelle 53173 Bonn: Ulrich Egger (Hub),20,0,20,0,100,320,completed,Uganda,1
"Zambia, Lusaka: Chalom Montessori School",2015-11-24,Labdoo Annahmestelle 53173 Bonn: Ulrich Egger (Hub),20,0,20,0,100,284,completed,Zambia,1
"Zambia, Lusaka Makeni: Bayuni School",2015-11-24,Labdoo Annahmestelle 53173 Bonn: Ulrich Egger (Hub),20,0,20,0,100,2100,completed,Zambia,1
"Mexico, Guadalajara: ATENCIÓN INTEGRAL A LOS HIJOS DE LOS PRESOS A.C.",2015-11-30,Labdoo School Hub Madrid - IES Villablanca,20,0,1,19,5,0,open,Mexico,0
"Gambia, Serekunda: Millora de les condicions de vida dels infants de Serekunda",2015-12-01,Labdoo School Hub  Barcelona Frederic Mistral - Tècnic Eulàlia,20,4,16,0,100,150,open,Gambia,0
"Germany, Krefeld: Integration von Flüchtlingskindern an der Mosaikschule",2015-12-02,Labdoo Annahmestelle 45478 MH / Rhein-Ruhr (Hub),0,0,0,0,0,352,completed,Germany,1
"Germany, Cremlingen: Flüchtlingshilfe Schandelah",2015-12-03,Labdoo Annahmestelle 53173 Bonn: Ulrich Egger (Hub) | Labdoo Annahmestelle 45478 MH / Rhein-Ruhr (Hub),5,0,5,0,100,50,completed,Germany,1
"Germany, Berlin: Refugees on Rails",2015-12-04,Labdoo Annahmestelle 53173 Bonn: Ulrich Egger (Hub) | Labdoo Annahmestelle 45478 MH / Rhein-Ruhr (Hub) | Labdoo Annahmestelle 12051 Berlin: Wertraum | Die Wille gGmbH,32,0,22,10,68,50,completed,Germany,1
"Germany, Schwerin: Deutsch- und Integrationsunterricht für Grundschulkinder in Astrid-Lindgren-Schule",2015-12-05,Labdoo Annahmestelle 12051 Berlin: Wertraum | Die Wille gGmbH,9,0,9,0,100,23,completed,Germany,1
"Myanmar, Thazin: Thazin Secondary School (Hilfswerk Myanmar eV)",2015-12-08,Labdoo Annahmestelle 45478 MH / Rhein-Ruhr (Hub),3,0,3,0,100,90,open,Myanmar,0
"Myanmar, Thazin: Thazin Primary School (Hilfswerk Myanmar eV)",2015-12-08,Labdoo Annahmestelle 45478 MH / Rhein-Ruhr (Hub),2,0,2,0,100,40,open,Myanmar,0
"Myanmar, Tit Phyu Village: Tit Phyu Village School (Hilfswerk Myanmar eV)",2015-12-08,Labdoo Annahmestelle 45478 MH / Rhein-Ruhr (Hub),2,0,2,0,100,80,completed,Myanmar,1
"Myanmar, Stone Village: Stone Village School (Hilfswerk Myanmar eV)",2015-12-08,Labdoo Annahmestelle 45478 MH / Rhein-Ruhr (Hub),4,0,4,0,100,50,open,Myanmar,0
"Tanzania, Dar es Saalam: Bunju B Primary school",2015-12-11,Labdoo Annahmestelle 45478 MH / Rhein-Ruhr (Hub),20,0,1,19,5,400,open,Tanzania,0
"Cambodia, Siem Reap: Computer Room for Teryao Elementary School",2015-12-15,Labdoo Hub Taiwan @EWB-Taiwan,30,0,17,13,56,1500,completed,Cambodia,1
"Ghana, Begoro: Rehabilitation Centre The Salvation Army",2015-12-15,Labdoo Annahmestelle 45478 MH / Rhein-Ruhr (Hub) | Labdoo Annahmestelle 01309 Dresden (Hub),5,0,4,1,80,69,open,Ghana,0
"Spain, Barcelona: Centre Obert Joan Salvador Gavina",2015-12-16,Labdoo School Hub Barcelona - Aula Escola Europea,7,0,6,1,85,135,open,Spain,0
"Cape Verde, Sal Rei / Capo Verde: escola primaria Joao Galego",2015-12-17,Labdoo Annahmestelle 45478 MH / Rhein-Ruhr (Hub),6,0,0,6,0,44,completed,Cape Verde,1
"Germany, Hasbergen: Flüchtlingsforum Hasbergen",2015-12-18,Labdoo Annahmestelle 45478 MH / Rhein-Ruhr (Hub) | Labdoo Annahmestelle 53173 Bonn: Ulrich Egger (Hub),15,0,15,0,100,20,completed,Germany,1
"Nepal, Kathmandu Bodnath: Kailash Bodhi Secondar y Boarding School ",2015-12-21,Labdoo Annahmestelle 72805 Schwäbische Alb (Hub),20,0,18,2,90,1000,open,Nepal,0
"Kenya, Nairobi: Kenya, Nairobi, Street Boys in Dagoretti",2015-12-21,Labdoo Hub Salzburg,20,0,26,0,100,180,completed,Kenya,1
"Kenya, Nairobi: Bright Education Centre (Mpito eV)",2015-12-29,Labdoo Annahmestelle 45478 MH / Rhein-Ruhr (Hub),5,0,5,0,100,72,completed,Kenya,1
"Kenya, Nairobi: Daystar Junior Educational Centre Mabatini (Mpito eV)",2015-12-29,Labdoo Annahmestelle 45478 MH / Rhein-Ruhr (Hub),7,0,7,0,100,320,completed,Kenya,1
"Kenya, Nairobi: Destiny Community Education Centre (Mpito eV)",2015-12-29,Labdoo Annahmestelle 45478 MH / Rhein-Ruhr (Hub),8,0,8,0,100,509,completed,Kenya,1
"Kenya, Nairobi: Mathare Wisdom Care Centre (Mpito eV)",2015-12-29,Labdoo Annahmestelle 45478 MH / Rhein-Ruhr (Hub),1,0,0,1,0,274,completed,Kenya,1
"Kenya, Nairobi: Star Educational Centre (Mpito eV)",2015-12-29,Labdoo Annahmestelle 45478 MH / Rhein-Ruhr (Hub),5,0,5,0,100,251,completed,Kenya,1
"Kenya, Nairobi: Success Care Centre (Mpito eV)",2015-12-31,Labdoo Annahmestelle 45478 MH / Rhein-Ruhr (Hub),5,0,5,0,100,274,completed,Kenya,1
"Germany, Windeck-Leuscheid: Flüchtlingshilfe Evgl Kirchengemeinde Windeck-Lauscheid",2016-01-02,Labdoo Annahmestelle 45478 MH / Rhein-Ruhr (Hub),12,0,12,0,100,80,completed,Germany,1
"Germany, Fürstenfeldbruck: Erstaufnahmelager (Refugees Online eV)",2016-01-05,Labdoo Annahmestelle 45478 MH / Rhein-Ruhr (Hub) | Labdoo Annahmestelle 80804 München (Hub),15,0,15,0,100,1600,completed,Germany,1
"Madagascar, Antsirabe: Kinderhilfe Madagaskar",2016-01-08,Labdoo Hub Zürich (Schweiz),52,10,41,1,98,400,open,Madagascar,0
"Liberia, Margibi: TVET HELOG Academy",2016-01-09,Labdoo Annahmestelle 45478 MH / Rhein-Ruhr (Hub) | Labdoo Hub Salzburg,48,0,46,2,95,60,open,Liberia,0
"Nepal, Phulkharka: Mandali-Technical-School (for Agriculture)",2016-01-10,Labdoo Hub Salzburg,8,0,1,7,12,9,completed,Nepal,1
"Namibia, Usakos: Anistémi College and Training Centre (Kinder- und Familienhilfe Namibia eV)",2016-01-12,Labdoo Annahmestelle 45478 MH / Rhein-Ruhr (Hub),23,0,23,0,100,40,completed,Namibia,1
"Gambia, Sanyany: Projekte des Kindergarten Meschede eV in Gambia",2016-01-12,Labdoo Annahmestelle 45478 MH / Rhein-Ruhr (Hub),20,0,19,1,95,20,completed,Gambia,1
"Germany, Duisburg:  Deutsch-Sprachkurse für Geflüchtete aus Irak & Syrien | SOS eV",2016-01-13,Labdoo Annahmestelle 45478 MH / Rhein-Ruhr (Hub),20,0,20,0,100,35,completed,Germany,1
"Bosnia and Herzegovina, Cazin: JUI SREDNJA SKOLA (Leben und Lernen in Bosnien eV)",2016-01-16,Labdoo Annahmestelle 45478 MH / Rhein-Ruhr (Hub),30,0,30,0,100,730,completed,Bosnia and Herzegovina,1
"Germany, Isernhagen: Politik zum Anfassen eV",2016-01-19,Labdoo Annahmestelle 45478 MH / Rhein-Ruhr (Hub),0,0,11,0,0,1000,completed,Germany,1
"Egypt, Cairo: Community Center - Bildung für Kinder der Müllstadt",2016-01-20,Labdoo Annahmestelle 45478 MH / Rhein-Ruhr (Hub),15,0,15,0,100,35,completed,Egypt,1
"Ghana, Koforidua: Catholic School",2016-01-21,Labdoo Annahmestelle 45478 MH / Rhein-Ruhr (Hub),4,0,4,0,100,50,completed,Ghana,1
"Germany, Recklinghausen: Flüchtlingscafe (Freifunk)",2016-01-21,Labdoo Annahmestelle 45478 MH / Rhein-Ruhr (Hub),12,0,12,0,100,24,completed,Germany,1
"Bolivia, Quillacollo: Berufsschule Sayarinapaj (Bildung bleibt, IoG)",2016-01-22,Labdoo Annahmestelle 45478 MH / Rhein-Ruhr (Hub),7,0,7,0,100,15,completed,Bolivia,1
"Germany, Düsseldorf: Computerkurse Düssel-buntu eV",2016-01-24,Labdoo Annahmestelle 45478 MH / Rhein-Ruhr (Hub),5,0,5,0,100,10,completed,Germany,1
"Colombia, Cali: Schule für Strassenkinder (Schule fürs Leben eV)",2016-01-25,Labdoo Annahmestelle 45478 MH / Rhein-Ruhr (Hub),10,0,9,1,90,300,open,Colombia,0
"Germany, Schwelm: Willkommensinitiative Schwelm",2016-01-25,Labdoo Annahmestelle 45478 MH / Rhein-Ruhr (Hub),0,0,0,0,0,500,completed,Germany,1
"Senegal, Thiès:  École Saint-Anne",2016-01-25,Labdoo Hub Salzburg,7,0,7,0,100,197,completed,Senegal,1
"Germany, Neuss: Computerkurse für Flüchtlings- und Tages-Obdachlose-Kinder (SKM)",2016-01-26,Labdoo Annahmestelle 45478 MH / Rhein-Ruhr (Hub),6,0,6,0,100,70,completed,Germany,1
"Germany, Bergisch Gladbach: Deutschkurse Flüchtlingsunterkunft Schwerfelstraße",2016-01-27,Labdoo Annahmestelle 45478 MH / Rhein-Ruhr (Hub),20,0,20,0,100,60,completed,Germany,1
"Germany, Duisburg: James-Rizzi Schule",2016-01-27,Labdoo Annahmestelle 45478 MH / Rhein-Ruhr (Hub),16,0,16,0,100,214,completed,Germany,1
"Germany, Köln: Betreuung unbegleiteter minderjähriger Flüchtlinge (Auf Achse)",2016-01-29,Labdoo Annahmestelle 45478 MH / Rhein-Ruhr (Hub),3,0,3,0,100,14,completed,Germany,1
"Senegal, Podor: Projecte d’equipament informàtic per a l’institut de batxillerat de  Thillé Boubacar",2016-01-30,Labdoo School Hub Vilafranca - Col·legi Vedruna Sant Elies,12,0,12,0,100,411,completed,Senegal,1
"Senegal, Podor: Projecte d’equipament informàtic per a l’escola primària de Thillé  Boubacar",2016-01-30,Labdoo School Hub Vilafranca - Col·legi Vedruna Sant Elies,10,0,8,2,80,371,open,Senegal,0
"Chile, Independencia: CORPORACIÓN COLECTIVO SIN FRONTERAS",2016-02-02,Labdoo Annahmestelle 45478 MH / Rhein-Ruhr (Hub),3,0,0,3,0,60,open,Chile,0
"Germany, Mülheim an der Ruhr: Netzwerk Broich",2016-02-02,Labdoo Annahmestelle 45478 MH / Rhein-Ruhr (Hub),6,0,8,0,100,40,completed,Germany,1
"Romania, Ocna Mures: Orphanage and Youth Welfare Training and Software Education Supports apprenticeship training",2016-02-02,Labdoo Hub Salzburg,2,0,0,2,0,280,completed,Romania,1
"Germany, Duisburg: Hans-Christian-Andersen Gemeinschaftsgrundschule (Seiteneinsteigerkinder)",2016-02-04,Labdoo Annahmestelle 45478 MH / Rhein-Ruhr (Hub),20,0,20,0,100,191,completed,Germany,1
"Bosnia and Herzegovina, Bosanski Petrovac: Grundschule Ahmet Hromadzic (Leben und Lernen in Bosnien eV)",2016-02-04,Labdoo Annahmestelle 45478 MH / Rhein-Ruhr (Hub),60,0,60,0,100,627,completed,Bosnia and Herzegovina,1
"Haiti, Titanyen: Haiti Community Work",2016-02-06,Labdoo Hub California (South) | Labdoo School Hub  Barcelona Frederic Mistral - Tècnic Eulàlia | Labdoo Hub Broadway - New York,24,0,0,24,0,300,open,Haiti,0
"Senegal, St.Louis: Lycée Cheikh Omar Foutiyou Tall LCOFT (Erich Kästner Gemeinschaftsschule Elmshorn)",2016-02-07,[CLOSED] Labdoo Annahmestelle 21037 Hamburg - Kirchwerder: Tina Meier [zur Zeit geschlossen],30,0,2,28,6,2000,open,Senegal,0
"Gambia, Wassu: Niani Upper and Senior Secondary School and Niani Elementary School",2016-02-09,Labdoo Hub Wien:  SANI,15,0,0,15,0,700,open,Gambia,0
"Cameroon, Bazou: Lycee Bilingue de Bazou",2016-02-10,Labdoo Hub Salzburg,1,0,0,1,0,900,open,Cameroon,0
"Tanzania, Bugene, Karagwe-Kagera: BUSHANGARO COMMUNITY POVERTY ALLEVIATION (BCPA)",2016-02-12,Labdoo Annahmestelle 45478 MH / Rhein-Ruhr (Hub),5,0,7,0,100,40,completed,Tanzania,1
"Philippines, Luyang, Carmen: Luyang Elementary School",2016-02-17,Labdoo Hub Zürich (Schweiz),8,0,4,4,50,130,open,Philippines,0
"Nigeria, Lagos: Bishop Ajayi Crowther Memorial Grammar School (TeachTec Africa)",2016-02-20,Labdoo Annahmestelle 53173 Bonn: Ulrich Egger (Hub),34,0,16,18,47,300,open,Nigeria,0
"Austria, Salzburg: Austria, Salzburg, technical support",2016-02-22,Labdoo Hub Salzburg,1,0,2,0,100,30,completed,Austria,1
"Germany, Mülheim an der Ruhr: Betreuung und Begleitung von minderjährigen Flüchtlingen ( KSD Stadt Mülheim an der Ruhr)",2016-02-23,Labdoo Annahmestelle 45478 MH / Rhein-Ruhr (Hub),14,0,14,0,100,14,completed,Germany,1
"Tanzania, Bukoba: Nyaishozi Primary School Jambo Bukoba e.V.",2016-02-23,Labdoo Annahmestelle 80804 München (Hub) | Labdoo Annahmestelle 45478 MH / Rhein-Ruhr (Hub),25,0,2,23,8,952,open,Tanzania,0
"Nepal, Lagankhel: Hilfe für Dorfschulen und Kinderdorf Kalanki (Carisimo)",2016-02-24,Labdoo Annahmestelle 45478 MH / Rhein-Ruhr (Hub) | Labdoo Annahmestelle 80804 München (Hub),14,0,13,1,92,15,open,Nepal,0
"Spain, madrid: Queremos introducir la robótica en nuestro colegio, tenemos intención de comprar unos kits de robótica de Bq pero necesitamos portátiles para poder programarlos. El proyecto es poder dar la asignatura.",2016-02-26,Labdoo School Hub Madrid - IES Villablanca,15,0,11,4,73,150,open,Spain,0
"Germany, Overath: Flüchtlingsprojekt Overath",2016-02-26,Labdoo Annahmestelle 51429 Bergisch Gladbach: Frank Dietz (Freifunk),3,0,3,0,100,5,completed,Germany,1
"Togo, Lomé: Shelter 'Casa de Acogida Alegría'",2016-02-26,Labdoo School Hub Madrid - Colegio Balder,4,0,0,4,0,25,open,Togo,0
"Germany, Bergisch Gladbach: Q1 Jugend-Kulturzentrum und Q1stein Kinder- und Jugendakademie",2016-02-29,Labdoo Annahmestelle 45478 MH / Rhein-Ruhr (Hub) | Labdoo Annahmestelle 51429 Bergisch Gladbach: Frank Dietz (Freifunk),5,0,5,0,100,15,completed,Germany,1
"Cambodia, Pangna Villay: Eine Schule für Pang Na (Enactus Uni Köln)",2016-02-29,Labdoo Annahmestelle 45478 MH / Rhein-Ruhr (Hub),15,0,15,0,100,85,completed,Cambodia,1
"Kenya, Umoja: Primary School Umoja Muehlbauer Academy",2016-03-01,Labdoo Annahmestelle 45478 MH / Rhein-Ruhr (Hub),6,0,3,3,50,87,open,Kenya,0
"Mexico, Tijuana : Orphanage supported by Global Youth Mission",2016-03-03,Labdoo Hub California (South),2,0,2,0,100,20,completed,Mexico,1
"Tanzania, Dar es Saalam: MIYOSHA Computer Lab",2016-03-03,[CLOSED] Labdoo Annahmestelle 21037 Hamburg - Kirchwerder: Tina Meier [zur Zeit geschlossen] | Labdoo Annahmestelle 45478 MH / Rhein-Ruhr (Hub),15,0,5,10,33,150,open,Tanzania,0
"Togo, Noepe-Demime: Noepe-Demime School",2016-03-03,Labdoo School Hub Madrid - Colegio Balder,6,0,0,6,0,30,open,Togo,0
"Spain, Aranjuez: Rincón informático del aula: articular un espacio específico dentro del aula para que los alumnos trabajen con la competencia digital desde un enfoque colaborativo y de integración personal.",2016-03-04,Labdoo School Hub Madrid - IES Villablanca,18,0,8,10,44,450,open,Spain,0
"Haiti, Cap-Haitien: Kinderhilfeprojekt Waisenhaus (action five eV)",2016-03-06,Labdoo Annahmestelle 53173 Bonn: Ulrich Egger (Hub) | Labdoo Annahmestelle 45478 MH / Rhein-Ruhr (Hub),15,0,15,0,100,423,completed,Haiti,1
"Germany, Duisburg: Otfried-Preußler-Schule Sprachförderung von Seiteneinsteigern",2016-03-07,Labdoo Annahmestelle 45478 MH / Rhein-Ruhr (Hub),15,0,15,0,100,288,completed,Germany,1
"Germany, Hohenhameln: Deutschkurse und Integrationshilfe für Flüchtlinge",2016-03-08,Labdoo Annahmestelle 45478 MH / Rhein-Ruhr (Hub),10,0,10,0,100,125,completed,Germany,1
"Germany, Bitburg: Workshop Jugendmedienschutz (Kinderlachen-Eifel eV)",2016-03-08,Labdoo Annahmestelle 45478 MH / Rhein-Ruhr (Hub),5,0,5,0,100,10,completed,Germany,1
"Austria, Salzburg: Salzburg Fluechtlingsquartier",2016-03-11,Labdoo Hub Salzburg,3,0,3,0,100,50,completed,Austria,1
"Germany, Mülheim an der Ruhr: CIIC Zentrum für Integration und interkulture Kommunikation",2016-03-12,Labdoo Annahmestelle 45478 MH / Rhein-Ruhr (Hub),3,0,3,0,100,25,completed,Germany,1
"Ghana, Accra: Jerremmites Academy",2016-03-15,Labdoo Annahmestelle 45478 MH / Rhein-Ruhr (Hub),20,0,6,14,30,100,open,Ghana,0
"Costa Rica, Potrero: Abriendo Mentes",2016-03-15,Labdoo School Hub Reus - Institut Baix Camp,3,0,2,1,66,80,open,Costa Rica,0
"Switzerland, Luzern: @ctive Asyl",2016-03-16,Labdoo Hub Zürich (Schweiz),60,0,0,60,0,200,completed,Switzerland,1
"India, Srinagar: Syed Sahab Memorial School",2016-03-17,Labdoo Hub Zürich (Schweiz),21,0,21,0,100,150,open,India,0
"Pakistan, Gujranwala: Zephaniah Free School to raise the status of women through education",2016-03-18,Labdoo School Hub  Barcelona Frederic Mistral - Tècnic Eulàlia | Labdoo Hub Upper West - New York | Labdoo Hub Broadway - New York,4,0,4,0,100,100,completed,Pakistan,1
"Germany, Bonner Raum: Runder Tisch Flüchtlinge Bonn/ Bad Godesberg....",2016-03-22,Labdoo Annahmestelle 53173 Bonn: Ulrich Egger (Hub),9,0,8,1,88,450,completed,Germany,1
"Germany, Duisburg: Landfermann Gymnasium, Gelingende Integration von Seiteneinsteigerkinder",2016-03-23,Labdoo Annahmestelle 45478 MH / Rhein-Ruhr (Hub),55,0,55,0,100,1200,completed,Germany,1
"Togo, Sagada: Centre informatique villageois des jeunes millénaires (CIVJM)",2016-03-25,Labdoo Annahmestelle 45478 MH / Rhein-Ruhr (Hub) | Labdoo Annahmestelle 01309 Dresden (Hub),35,0,0,35,0,210,open,Togo,0
"Belize, Cayo District: 2016 Belize Educational Service Group, NTHU",2016-03-28,Labdoo Hub Taiwan @EWB-Taiwan,19,0,19,0,100,150,open,Belize,0
"Germany, Stuttgart: Flüchtlings-Computerwerkstatt",2016-03-29,Labdoo Annahmestelle 45478 MH / Rhein-Ruhr (Hub),6,0,6,0,100,100,completed,Germany,1
"Senegal, Sebikotane: School-Project Sebikotane, Senegal",2016-03-30,Labdoo Annahmestelle 53173 Bonn: Ulrich Egger (Hub),3,0,3,0,100,166,completed,Senegal,1
"Germany, Duisburg: Aletta-Haniel-Gesamtschule Förderung Seiteneinsteigerkinder",2016-04-06,Labdoo Annahmestelle 45478 MH / Rhein-Ruhr (Hub),35,0,35,0,100,1000,completed,Germany,1
"Tanzania, Dar es Saalam: Bahari Nursery and Primary School",2016-04-06,Labdoo Annahmestelle 45478 MH / Rhein-Ruhr (Hub),5,0,2,3,40,800,open,Tanzania,0
"Ghana, Akwatia: Free Heart Complex Academy",2016-04-07,Labdoo Annahmestelle 53173 Bonn: Ulrich Egger (Hub) | Labdoo Annahmestelle 45478 MH / Rhein-Ruhr (Hub),14,0,14,0,100,235,completed,Ghana,1
"Ukraine, Shostka: Charity Foundation 'Life' Computer class for educating of school children",2016-04-07,Labdoo Annahmestelle 45478 MH / Rhein-Ruhr (Hub),25,0,25,0,100,360,completed,Ukraine,1
"Germany, Duisburg: Zentrum für Integrations- und Migrationsarbeit (ziuma) e.V. ",2016-04-08,Labdoo Annahmestelle 45478 MH / Rhein-Ruhr (Hub),15,0,15,0,100,30,completed,Germany,1
"Germany, Bergisch Gladbach: Neue Heimat Begegnungscafe für Flüchtlinge",2016-04-08,Labdoo Annahmestelle 45478 MH / Rhein-Ruhr (Hub) | Labdoo Annahmestelle 51429 Bergisch Gladbach: Frank Dietz (Freifunk),5,0,4,1,80,40,completed,Germany,1
"Sierra Leone, Freetown: Josmariam Junior Secondary School",2016-04-11,Labdoo Annahmestelle 45478 MH / Rhein-Ruhr (Hub),8,0,4,4,50,90,open,Sierra Leone,0
"Kenya, Kitale: Child Welfare Society of Kenya (CWSOK)",2016-04-13,Labdoo Annahmestelle 45478 MH / Rhein-Ruhr (Hub),5,0,5,0,100,50,completed,Kenya,1
"Germany, Wuppertal: Flüchtlingshilfe OT Höhe (Stadt Wuppertal)",2016-04-14,Labdoo Annahmestelle 45478 MH / Rhein-Ruhr (Hub),1,0,1,0,100,2,completed,Germany,1
"Cameroon, Arrondissement VII,Yaoundé: École Bilingue Les philanthropes- Yaounde, Cameroon for disadvantaged children",2016-04-17,Labdoo Hub Barcelona @I2CAT Campus Nord,15,0,4,11,26,350,open,Cameroon,0
"Germany, Köln: 180 Grad Wende (JubiGO eV)",2016-04-18,Labdoo Annahmestelle 45478 MH / Rhein-Ruhr (Hub),4,0,3,1,75,12,completed,Germany,1
"Germany, Bergisch Gladbach: Sprachkurse für Flüchtlingsheime (SoNett eV)",2016-04-19,Labdoo Annahmestelle 51429 Bergisch Gladbach: Frank Dietz (Freifunk) | Labdoo Annahmestelle 45478 MH / Rhein-Ruhr (Hub),2,0,1,1,50,40,completed,Germany,1
"Germany, Gelsenkirchen: Suizidprävention für Jugendliche",2016-04-26,Labdoo Annahmestelle 45478 MH / Rhein-Ruhr (Hub),1,0,1,0,100,10,completed,Germany,1
"Germany, Bottrop: Ausbildung und Bewerbertraining für Flüchtlinge",2016-04-26,Labdoo Annahmestelle 45478 MH / Rhein-Ruhr (Hub),5,0,5,0,100,20,completed,Germany,1
"Germany, Mülheim an der Ruhr: Drogenhilfe für Jugendliche",2016-04-26,Labdoo Annahmestelle 45478 MH / Rhein-Ruhr (Hub),2,0,2,0,100,50,completed,Germany,1
"Germany, Bochum: Flüchtlingshilfe SkF eV",2016-04-27,Labdoo Annahmestelle 45478 MH / Rhein-Ruhr (Hub),9,0,9,0,100,18,completed,Germany,1
"Germany, Mülheim an der Ruhr: esCor Weiterbildung Betreuer Flüchtlinge (ASB)",2016-04-27,Labdoo Annahmestelle 45478 MH / Rhein-Ruhr (Hub),2,0,2,0,100,10,completed,Germany,1
"Germany, Bochum: Integrative Kindergemeinschaft",2016-04-27,Labdoo Annahmestelle 45478 MH / Rhein-Ruhr (Hub),1,0,1,0,100,30,completed,Germany,1
"Germany, Mülheim an der Ruhr: Sprachkurse für Flüchtlinge (Caritas)",2016-04-27,Labdoo Annahmestelle 45478 MH / Rhein-Ruhr (Hub),10,0,10,0,100,30,completed,Germany,1
"Germany, Duisburg: Lebenshilfe Duisburg",2016-04-27,Labdoo Annahmestelle 45478 MH / Rhein-Ruhr (Hub),4,0,4,0,100,10,completed,Germany,1
"Switzerland, Wetzikon: REMAR S.O.S Flüchtlingshilfe",2016-04-27,Labdoo Hub Zürich (Schweiz),15,0,15,0,100,300,completed,Switzerland,1
"Germany, Gelsenkirchen: Lern-PC Kleiderstube Caritas",2016-04-28,Labdoo Annahmestelle 45478 MH / Rhein-Ruhr (Hub),2,0,2,0,100,10,completed,Germany,1
"Germany, Essen: Integrations- und Sprachkurse für Jugendliche ( Pusteblume  uG )",2016-05-02,Labdoo Annahmestelle 45478 MH / Rhein-Ruhr (Hub),5,0,5,0,100,20,completed,Germany,1
"India, Rajasthan: Connect children with online teachers (Project II)",2016-05-02,Labdoo School Hub Vilafranca - Col·legi Vedruna Sant Elies | Labdoo School Hub  Barcelona Frederic Mistral - Tècnic Eulàlia | Labdoo School Hub Barcelona - Aula Escola Europea | Labdoo School Hub Vilafranca - Escola Montagut | Labdoo School Hub Vilafranca - INS Eugeni d'ORS,8,0,8,0,100,100,completed,India,1
"Burkina Faso, Ouagadougou: Gerry School Faso",2016-05-05,Labdoo Annahmestelle 12051 Berlin: Wertraum | Die Wille gGmbH,10,0,3,7,30,20,open,Burkina Faso,0
"China, Ganzi County, Ganzi Tibetan Autonomous Prefecture: free education for rural Tibetan children (East Tibet)",2016-05-08,Labdoo Hub Broadway - New York | Labdoo Hub Sant Martí Sarroca,10,0,4,6,40,450,open,China,0
"Germany, Gelsenkirchen: Quartiersprojekt Gelsenkirchen-Scholven",2016-05-10,Labdoo Annahmestelle 45478 MH / Rhein-Ruhr (Hub),1,0,1,0,100,10,completed,Germany,1
"Germany, Bonn:   Flüchtlingsprojekt:DRK-Betreuungsdienste Westfalen-Lippe gGmbH",2016-05-10,Labdoo Annahmestelle 53173 Bonn: Ulrich Egger (Hub),10,0,10,0,100,500,completed,Germany,1
"Bosnia and Herzegovina, Jajce: škola „13. RUJAN“ Jajce",2016-05-11,Labdoo Annahmestelle 45478 MH / Rhein-Ruhr (Hub),20,0,20,0,100,700,completed,Bosnia and Herzegovina,1
"Germany, Duisburg Rheinhausen: Deutsch- und Integrationskurse Regenbogenhaus (Grafschafter Diakonie)",2016-05-14,Labdoo Annahmestelle 45478 MH / Rhein-Ruhr (Hub),7,0,7,0,100,84,completed,Germany,1
"Mali, Dalakana: 2 schools | AGT Africa GreenTec",2016-05-22,Labdoo Annahmestelle 45478 MH / Rhein-Ruhr (Hub),41,0,41,0,100,120,completed,Mali,1
"Mali, Djoliba: 2 village schools | AGT Africa GreenTec",2016-05-22,Labdoo Annahmestelle 45478 MH / Rhein-Ruhr (Hub),40,0,40,0,100,120,completed,Mali,1
"Mali, Nafadji: village school | AGT Africa GreenTec",2016-05-22,Labdoo Annahmestelle 45478 MH / Rhein-Ruhr (Hub),20,0,20,0,100,120,open,Mali,0
"India, New Dehli: Sharing Experiences – India 2016 - CNI SHISHU SANGOPAN GRIHA",2016-05-23,Labdoo Hub Barcelona @I2CAT Campus Nord,2,0,2,0,100,70,completed,India,1
"Burundi, Muramvya: Lycee de Muramvya",2016-05-25,Labdoo Annahmestelle 45478 MH / Rhein-Ruhr (Hub),43,0,43,0,100,800,completed,Burundi,1
"Malawi, Mzuzu: Computer education for :Mzuzu government secondary school",2016-05-31,Labdoo Hub Taipei @EWB-Taiwan,6,0,6,0,100,360,open,Malawi,0
"Solomon Islands, Honiara: Computer Education for isale Primary School",2016-05-31,Labdoo Hub Taipei @EWB-Taiwan,2,0,2,0,100,400,completed,Solomon Islands,1
"Myanmar, Pathein: Computer education for Pathein School",2016-05-31,Labdoo Hub California (South),5,0,10,0,100,200,completed,Myanmar,1
"Mongolia, Ulgii Soum: College of Education",2016-06-03,Labdoo Hub Zürich (Schweiz),16,0,16,0,100,490,open,Mongolia,0
"Mongolia, Nogoonnuur Soum: Nogoonnuur High School",2016-06-03,Labdoo Hub Zürich (Schweiz),13,0,13,0,100,1000,open,Mongolia,0
"Mongolia, Sagsai Soum: Sagsai Secondary School",2016-06-03,Labdoo Hub Zürich (Schweiz),14,0,14,0,100,350,open,Mongolia,0
"Germany, Lüchow: Integrationshaus Wendland",2016-06-06,| [CLOSED] Labdoo Annahmestelle 21037 Hamburg - Kirchwerder: Tina Meier [zur Zeit geschlossen],15,0,15,0,100,35,completed,Germany,1
"Germany, Balingen: Raum Balingen Kulturelle Vielfalt und Integration im Zollernalbkreis",2016-06-11,Labdoo Hub Salzburg,1,0,1,0,100,20,completed,Germany,1
"Mongolia, Ulgii Soum: Zayed Secondary School",2016-06-11,Labdoo Hub Zürich (Schweiz),10,0,7,3,70,400,open,Mongolia,0
"Nigeria, Umunohu: Ikperejere, Ihitte/Uboma L.G.A. Umunohu",2016-06-13,Labdoo Hub Salzburg,20,0,25,0,100,1000,completed,Nigeria,1
"Afghanistan, Kabul: Hospital with workshop",2016-06-18,Labdoo Hub Salzburg,1,0,1,0,100,10,completed,Afghanistan,1
"Burkina Faso, Bobo-Dioulasso: ONG CAT SYA Suport educatiu per a alumnes nenes d’entorns desfavorits ",2016-06-22,Labdoo School Hub Barcelona - Aula Escola Europea,15,0,11,4,73,75,open,Burkina Faso,0
"Colombia, Girardota: Aula digital 'Conectados por la paz'",2016-06-23,Labdoo Hub Medellín / Divergente,10,0,0,10,0,100,open,Colombia,0
"Dominican Republic, Luperón: Centro Educativo Liceo El Higo",2016-06-25,Labdoo Hub Zürich (Schweiz),30,0,22,8,73,200,completed,Dominican Republic,1
"Switzerland, Au: Stiftung Kinderheim Grünau",2016-06-25,Labdoo Hub Zürich (Schweiz),8,0,0,8,0,16,completed,Switzerland,1
"Colombia, Medellin: Colaboratorio para la Paz ",2016-06-28,Labdoo Hub Medellín / Divergente,2,0,2,0,100,20,completed,Colombia,1
"Germany, Rheda-Wiedenbrück: Weltreise durch Wohnzimmer",2016-06-29,Labdoo Annahmestelle 45478 MH / Rhein-Ruhr (Hub),1,0,1,0,100,10,completed,Germany,1
"Belarus, Minsk: Green Cross SocMed",2016-06-29,Labdoo Hub Zürich (Schweiz),19,0,19,0,100,200,completed,Belarus,1
"Chile, Peñalolén: Tres escuelas municipales de la Comuna de Peñalolén (Pidee Fundacion)",2016-07-01,Labdoo Annahmestelle 45478 MH / Rhein-Ruhr (Hub),3,0,2,1,66,75,open,Chile,0
"Germany, Bad Godesberg: Flüchtlingsprojekt 'Cafe Kontakt', Bad Godesberg",2016-07-02,Labdoo Annahmestelle 53173 Bonn: Ulrich Egger (Hub),2,0,2,0,100,130,completed,Germany,1
"India, Mumbai: Gao Yi North India Service Group",2016-07-03,Labdoo Hub Taiwan @EWB-Taiwan,2,0,2,0,100,400,open,India,0
"Iraq, Dohuk:  Computertraining für Kinder und Jugendliche | Syrian Orthodox Archdiocese | SOS Save our souls 1915 eV",2016-07-03,Labdoo Annahmestelle 45478 MH / Rhein-Ruhr (Hub),30,0,30,0,100,350,completed,Iraq,1
"Ethiopia, axum: Laptops für die Hawelti-Schule im nordäthiopischen Axum – für eine bessere Bildung –  für ein besseres Leben",2016-07-10,Labdoo Annahmestelle 90402 Nürnberg (Hub),30,0,4,26,13,530,open,Ethiopia,0
"Bolivia, San Pedro de Buenavista, Posito: Berufsschule 'Instituto Tecnológico Charcas' (Bildung bleibt, IoG Aachen)",2016-07-10,Labdoo Annahmestelle 45478 MH / Rhein-Ruhr (Hub),6,0,6,0,100,200,completed,Bolivia,1
"Uganda, Kampala: Out of school youth empowerment project",2016-07-12,Labdoo Hub California (South) | Labdoo Hub Vilafranca Centre - El Hub de la Gestoria,40,0,24,16,60,0,open,Uganda,0
"Vietnam, Ho Chi Minh City: Computer Room for Vinh Phuoc Buddhist Temple",2016-07-12,Labdoo Hub California (South),10,0,6,4,60,20,open,Vietnam,0
"Ghana, Offinso: Reverence Preparatory School and Junior High School | BKVGS",2016-07-16,Labdoo Annahmestelle 45478 MH / Rhein-Ruhr (Hub),49,0,49,0,100,600,completed,Ghana,1
"Cameroon, Yaoundé: Centre LIKALO",2016-07-17,Labdoo Annahmestelle 45478 MH / Rhein-Ruhr (Hub) | Labdoo Hub Zürich (Schweiz),10,0,0,10,0,40,open,Cameroon,0
"Philippines, Manila: Student Center for street children",2016-07-18,Labdoo Hub Salzburg,10,0,10,0,100,112,completed,Philippines,1
"Senegal, Kabrousse: College Kabrousse ",2016-07-19,Labdoo Hub Salzburg,2,0,1,1,50,1000,open,Senegal,0
"Germany, Bonn: Flüchtlings Projekt: Internet Cafe Caritsverband",2016-07-20,Labdoo Annahmestelle 53173 Bonn: Ulrich Egger (Hub),10,0,10,0,100,180,completed,Germany,1
"Germany, Neuss: Geschwister-Scholl-Haus",2016-07-23,Labdoo Annahmestelle 45478 MH / Rhein-Ruhr (Hub),6,0,6,0,100,40,completed,Germany,1
"Madagascar, Cobara: Comunication, Information and Education in Cobara School",2016-07-24,Labdoo Hub Salzburg,10,0,14,0,100,700,completed,Madagascar,1
"Costa Rica, Tablazo de Sardinal: Lakeside International School",2016-07-27,Labdoo Hub Vilafranca Centre - El Hub de la Gestoria,8,2,2,4,50,8,open,Costa Rica,0
"Ukraine, Slavutych: Green Cross of Ukraine",2016-07-31,Labdoo Hub Zürich (Schweiz),24,0,24,0,100,250,completed,Ukraine,1
"Germany, Nürnberg: Deutschland, Nürnberg: Asylothek Kohlenhof",2016-07-31,Labdoo Annahmestelle 90402 Nürnberg (Hub),2,0,2,0,100,10,completed,Germany,1
"Tanzania, Mtwara: Ordensausbildung junger Frauen in Luagala (Schwestern des Erlösers)",2016-08-01,Labdoo Annahmestelle 45478 MH / Rhein-Ruhr (Hub),8,0,8,0,100,18,completed,Tanzania,1
"Nicaragua, Puerta Cabezas: Associació Amics de Puerto Cabezas",2016-08-01,Labdoo Hub Vilafranca Centre - El Hub de la Gestoria,7,0,7,0,100,0,completed,Nicaragua,1
"Spain, Vilafranca del Penedés: Atendemos la discapacidad, fomentado la Capacidad",2016-08-05,Labdoo Hub Vilafranca Centre - El Hub de la Gestoria,4,0,4,0,100,4,completed,Spain,1
"Kenya, Mombasa: School and orphanage homes Twaayf Foundation",2016-08-06,Labdoo Annahmestelle 45478 MH / Rhein-Ruhr (Hub),15,0,14,1,93,45,open,Kenya,0
"Morocco, Sidi Flah / Skoura: school III Chemins sans Frontières",2016-08-06,Labdoo Annahmestelle 45478 MH / Rhein-Ruhr (Hub),15,0,15,0,100,100,completed,Morocco,1
"Albania, Preza: Albanienhilfe e.V.",2016-08-07,Labdoo Annahmestelle 45478 MH / Rhein-Ruhr (Hub),1,0,0,1,0,30,completed,Albania,1
"Mongolia, Tschoibalsan: Dornod Polytechnic College",2016-08-10,Labdoo Hub Zürich (Schweiz),15,0,15,0,100,956,open,Mongolia,0
"Nigeria, Lagos State: Star of Hope Transformation Center",2016-08-10,Labdoo Hub Vilafranca Centre - El Hub de la Gestoria,12,0,2,10,16,300,open,Nigeria,0
"Switzerland, Zurich: Action from Switzerland / Action for Women",2016-08-12,Labdoo Hub Zürich (Schweiz),50,0,6,44,12,50,open,Switzerland,0
"Ghana, Kumasi / Santasi: Maria Montessori School (UMAWA)",2016-08-12,Labdoo Annahmestelle 45478 MH / Rhein-Ruhr (Hub) | Labdoo Annahmestelle 60487 Frankfurt am Main: [zur Zeit geschlossen],20,0,1,19,5,1300,open,Ghana,0
"Nepal, Nuwakot: Learn to Learn",2016-08-12,Labdoo Hub Zürich (Schweiz),5,0,4,1,80,20,completed,Nepal,1
"Kenya, Mombasa: KiD Kenia Diani",2016-08-18,Labdoo Annahmestelle 28215 Bremen (Hub),4,0,0,4,0,87,open,Kenya,0
"Switzerland, Mobil: Papa-Help",2016-08-18,Labdoo Hub Zürich (Schweiz),1,0,0,1,0,10,completed,Switzerland,1
"Guatemala, Poptun: Ixobobo School",2016-08-19,Labdoo Hub Miami - Doral,9,0,9,0,100,78,completed,Guatemala,1
"Germany, Düsseldorf: Flüchtlingshilfe Düsseldorf (Private Initiativen)",2016-08-20,Labdoo Annahmestelle 45478 MH / Rhein-Ruhr (Hub),6,0,6,0,100,20,completed,Germany,1
"Germany, bad godesberg: Flüchtlings-Projekt 'Karl-Finkelnburg-Straße'",2016-08-21,Labdoo Annahmestelle 53173 Bonn: Ulrich Egger (Hub),10,0,14,0,100,180,completed,Germany,1
"Romania, Lipova: Jakobushaus Lipova (Elsa-Brändström-Gymnasium Oberhausen)",2016-08-22,Labdoo Annahmestelle 45478 MH / Rhein-Ruhr (Hub),11,0,11,0,100,24,completed,Romania,1
"Mexico, Izamal: Schoolprojeht: Bethel International Christian Academy",2016-08-23,Labdoo Annahmestelle 53173 Bonn: Ulrich Egger (Hub),25,0,22,3,88,160,completed,Mexico,1
"Ghana, Abodom: Teaching Computer Basics (TCB) ",2016-08-23,Labdoo Annahmestelle 90402 Nürnberg (Hub),0,0,0,0,0,1913,open,Ghana,0
"Bosnia and Herzegovina, Bihac: Udruzenje 'Radosti druzenja' | Leben und Lernen in Bosnien",2016-08-24,Labdoo Annahmestelle 45478 MH / Rhein-Ruhr (Hub),10,0,10,0,100,20,completed,Bosnia and Herzegovina,1
"Nepal, Bhuthamod Rajmarg, Dhulikhel: Project CodeForNepal",2016-08-27,Labdoo Hub Upper West - New York | Labdoo Hub Broadway - New York,10,0,2,8,20,40,open,Nepal,0
"Germany, Kleines Wiesental: Wohngruppe Gretherhof WIESE Kinder- und Jugendhilfe",2016-08-27,Labdoo Annahmestelle 79104 Freiburg Baden [zur Zeit geschlossen] | Labdoo Annahmestelle 45478 MH / Rhein-Ruhr (Hub),6,0,6,0,100,20,completed,Germany,1
"Bolivia, Santa Cruz de la Sierra: Kinderheim „Hogar de Niños Santa Cruz“",2016-08-31,Labdoo Annahmestelle 51429 Bergisch Gladbach: Frank Dietz (Freifunk),30,0,5,25,16,152,open,Bolivia,0
"Germany, Duisburg: Lernangebot an der Flüchtlingsunterkunft Memelstr.",2016-09-01,Labdoo Annahmestelle 45478 MH / Rhein-Ruhr (Hub),0,0,0,0,0,120,completed,Germany,1
"Mexico, Tijuana : Laptops for Boys Orphanage",2016-09-04,Labdoo Hub- Kingdom Builders Ministry,6,0,8,0,100,15,completed,Mexico,1
"Ghana, Accra: Saint  Martin de Porres School (UMAWA)",2016-09-10,Labdoo Annahmestelle 45478 MH / Rhein-Ruhr (Hub),20,0,1,19,5,1300,open,Ghana,0
"Paraguay, Puerto Barra (bei Naranjal): Puerto Barra (IoG Aachen)",2016-09-10,Labdoo Annahmestelle 45478 MH / Rhein-Ruhr (Hub),8,0,8,0,100,822,completed,Paraguay,1
"Germany, Solingen: Flüchtlings- / Integrationsprojekte (Private Initiativen)",2016-09-22,Labdoo Annahmestelle 45478 MH / Rhein-Ruhr (Hub),1,0,1,0,100,10,completed,Germany,1
"Germany, Krefeld: Flüchtlings- / Integrationsprojekte (Private Initiativen)",2016-09-23,Labdoo Annahmestelle 45478 MH / Rhein-Ruhr (Hub),40,0,40,0,100,420,completed,Germany,1
"Ghana, Accra: iTeach DreamOval Foundation",2016-09-23,Labdoo Annahmestelle 45478 MH / Rhein-Ruhr (Hub) | Labdoo Hub Zürich (Schweiz),20,0,0,20,0,250,completed,Ghana,1
"Indonesia, Karangasem: International Humanity Foundation (IHF) Bali",2016-09-23,Labdoo Hub Zürich (Schweiz),9,0,0,9,0,50,completed,Indonesia,1
"Germany, Moers: Flüchtlings- / Integrationsprojekte (Private Initiativen)",2016-09-26,Labdoo Annahmestelle 45478 MH / Rhein-Ruhr (Hub),1,0,1,0,100,5,completed,Germany,1
"Uganda, Kabagaya A, Kiboga District: Martyr´s Primary School Uganda, Kampala",2016-09-27,Grassroots,5,0,0,5,0,100,open,Uganda,0
"Germany, Duisburg: Sprachförderung GGS Laar",2016-09-28,Labdoo Annahmestelle 45478 MH / Rhein-Ruhr (Hub),1,0,1,0,100,205,completed,Germany,1
"Germany, Mülheim an der Ruhr: Welcome “Bros and Sis' (Afro Mülheimers eV)",2016-09-29,Labdoo Annahmestelle 45478 MH / Rhein-Ruhr (Hub),6,0,6,0,100,20,completed,Germany,1
"India, Tiruvannamalai: Arunachala Rising Sun",2016-09-30,Labdoo Hub Zürich (Schweiz),12,0,12,0,100,530,open,India,0
"Kenya, Kakamega: Bildungshaus fürs Waisenhaus ( In Our Own Quiet Way eV )",2016-10-01,Labdoo Annahmestelle 45478 MH / Rhein-Ruhr (Hub),4,0,4,0,100,50,completed,Kenya,1
"Kenya, Loitokitok: village school ( Big Life Foundation )",2016-10-07,Labdoo Annahmestelle 45478 MH / Rhein-Ruhr (Hub),15,0,15,0,100,132,completed,Kenya,1
"Ghana, Adaklu Kodzobi : Volta Aid Foundation, High School computer studies",2016-10-11,Labdoo Annahmestelle 12051 Berlin: Wertraum | Die Wille gGmbH,2,0,2,0,100,80,completed,Ghana,1
"Spain, Barcelona: Apoyo en el proceso de aprendizaje de una alumna con Síndrome Down",2016-10-17,Labdoo Hub Vilafranca Centre - El Hub de la Gestoria,1,0,0,1,0,1,completed,Spain,1
"Ghana, Tamale: Neesim Community Children Education and Library Project (NCCELP Weitblick München eV)",2016-10-19,Labdoo Annahmestelle 45478 MH / Rhein-Ruhr (Hub),10,0,10,0,100,34,completed,Ghana,1
"Sri Lanka, Colombo: NETHRA - Vision through wisdom",2016-10-26,Labdoo Annahmestelle 53173 Bonn: Ulrich Egger (Hub),4,0,4,0,100,15,completed,Sri Lanka,1
"Gambia, Sukuta-Nema: Holland Gambian Foundation Ding Ding Bendula School",2016-10-31,Labdoo Hub Zürich (Schweiz),17,0,17,0,100,150,completed,Gambia,1
"Ethiopia, Hawassa: Inside Travel Yirgalem",2016-10-31,Labdoo Hub Zürich (Schweiz),6,0,6,0,100,3981,completed,Ethiopia,1
"Kenya, Ukunda: Computer School Diani for all and also handicapped young people ( Humanitas Activa eV)",2016-11-01,Labdoo Annahmestelle 53173 Bonn: Ulrich Egger (Hub),27,0,25,2,92,40,completed,Kenya,1
"Namibia, Swakopmund: Mondesa Youth Opportunities",2016-11-03,Labdoo Annahmestelle 45478 MH / Rhein-Ruhr (Hub),10,0,10,0,100,120,open,Namibia,0
"Germany, Mülheim an der Ruhr: Grundschule am Dichterviertel Förderung Seiteneinsteigerkinder | COVID-19-DE",2016-11-07,Labdoo Annahmestelle 45478 MH / Rhein-Ruhr (Hub),26,0,26,0,100,160,completed,Germany,1
"Germany, Köln: dib e. V. - Projekt MINT Flucht/Migration Frauen/Mädchen (MINT FM-FM)",2016-11-09,Labdoo Annahmestelle 45478 MH / Rhein-Ruhr (Hub),1,0,1,0,100,20,completed,Germany,1
"Germany, Krefeld: Bischöfliche Maria-Montessori-Gesamtschule",2016-11-10,Labdoo Annahmestelle 45478 MH / Rhein-Ruhr (Hub),20,0,20,0,100,1000,completed,Germany,1
"Tanzania, Geita: Children education by Alliance Care for Initiative Support (ACIS)",2016-11-11,Labdoo Annahmestelle 45478 MH / Rhein-Ruhr (Hub),13,0,2,11,15,63,open,Tanzania,0
"Colombia, San Juan de Pasto: INSTITUCIÓN EDUCATIVA MUNICIPAL 'HERALDO ROMERO SÁNCHEZ'",2016-11-13,Labdoo Hub Barcelona @I2CAT Campus Nord,2,2,0,0,100,994,completed,Colombia,1
"Spain, Terrassa: ASOCIACION CULTURAL HOPE",2016-11-14,Labdoo Hub Vilafranca Centre - El Hub de la Gestoria,6,0,4,2,66,12,open,Spain,0
"Belarus, Zhodino: Behindertenzentrum und Augenklinik (Tschernobyl Hilfe eV)",2016-11-15,Labdoo Annahmestelle 45478 MH / Rhein-Ruhr (Hub),5,0,2,3,40,25,open,Belarus,0
"Nigeria, Kaduna: ICT4GENDEREQUALITY ( Deltawomen.org )",2016-11-15,Labdoo Annahmestelle 45478 MH / Rhein-Ruhr (Hub),10,0,4,6,40,370,open,Nigeria,0
"Ghana, Kumasi: Ashanti Community Libraries Little Angels Academy",2016-11-16,Labdoo Annahmestelle 45478 MH / Rhein-Ruhr (Hub),20,0,10,10,50,290,open,Ghana,0
"Kenya, Nyilima: Kar Geno Teachers2Teachers International Program",2016-11-18,"Labdoo Hub Durham, North Carolina",8,0,8,0,100,6118,completed,Kenya,1
"Germany, Köln: Flüchtlingshilfe und Integrationsprojekte ( Private Initiativen )",2016-11-18,Labdoo Annahmestelle 45478 MH / Rhein-Ruhr (Hub),1,0,1,0,100,10,completed,Germany,1
"Uganda, Mityana: St. Noas Senior Secondary School Mityana",2016-11-21,Labdoo Annahmestelle 53173 Bonn: Ulrich Egger (Hub),15,0,15,0,100,60,completed,Uganda,1
"Uganda, Wakiso: Padre Pio Nursery and Primary School",2016-11-21,Labdoo Annahmestelle 53173 Bonn: Ulrich Egger (Hub),15,0,15,0,100,200,completed,Uganda,1
"Uganda, Mityana: Naama Senior Secondary School",2016-11-21,Labdoo Annahmestelle 53173 Bonn: Ulrich Egger (Hub),20,0,20,0,100,80,completed,Uganda,1
"Tanzania, Kibena bei Njombe, Ortsteil Idunditali: Josephine Girls' Secondary School",2016-11-22,Labdoo Annahmestelle 45478 MH / Rhein-Ruhr (Hub),48,0,41,7,85,500,open,Tanzania,0
"Romania, Sinnicolau Mare: Schule Theodor Bucurescu ( Friedensdorf Oberhausen )",2016-11-23,Labdoo Annahmestelle 45478 MH / Rhein-Ruhr (Hub),9,0,9,0,100,17,completed,Romania,1
"Germany, Dortmund: Integrationsarbeit Projekt Ankommen e.V.",2016-11-25,Labdoo Annahmestelle 44263 Dortmund (Hub),34,0,34,0,100,50,completed,Germany,1
"Germany, Oberhausen: Lernförderung der städtischen Gemeinschaftsunterkunft für Geflüchtete Kapellenstraße in Oberhausen",2016-11-25,Labdoo Annahmestelle 45478 MH / Rhein-Ruhr (Hub),54,2,67,0,100,125,completed,Germany,1
"Germany, Duisburg: Repaircafe Duisburg Ruhrort",2016-11-29,Labdoo Annahmestelle 45478 MH / Rhein-Ruhr (Hub),1,0,1,0,100,10,completed,Germany,1
"Nigeria, Kajola: Oyo-State Irepodun High School Ilero",2016-11-29,Labdoo Hub Salzburg,4,0,7,0,100,300,completed,Nigeria,1
"Germany, Oberhausen:  Lernförderung für Geflüchtete „Unbegleitete minderjährige aus Jugendeinrichtungen in Oberhausen“",2016-11-30,Labdoo Annahmestelle 45478 MH / Rhein-Ruhr (Hub),26,0,26,0,100,85,completed,Germany,1
"Germany, Oberhausen:  Lernförderung für Geflüchtete im privaten Wohnraum",2016-11-30,Labdoo Annahmestelle 45478 MH / Rhein-Ruhr (Hub),11,0,21,0,100,40,completed,Germany,1
"Nigeria, kajola: Oyo-State Illero  Baptist High School",2016-11-30,Labdoo Hub Salzburg,2,0,4,0,100,300,completed,Nigeria,1
"India, Varanasi OT Aurangabad: Badi Asha School | Learn for Life Deutschland e.V.",2016-11-30,Labdoo Annahmestelle 45478 MH / Rhein-Ruhr (Hub),60,0,55,5,91,250,open,India,0
"Nigeria, Kajola: Oyo-State Ansaru-Deen Comprehensive middle school",2016-12-01,Labdoo Hub Salzburg,2,1,2,0,100,300,completed,Nigeria,1
"Congo (Kinshasa), Kinshasa - Ngaliema: Miniis  Charité",2016-12-06,Labdoo Annahmestelle 45478 MH / Rhein-Ruhr (Hub),10,0,0,10,0,30,open,Congo (Kinshasa),0
"India, Umrangso: Computers for Vidya Bharati School ",2016-12-07,Labdoo Hub Miami - Doral | Labdoo Hub Upper West - New York | Labdoo Hub California (North),10,1,2,7,30,210,open,India,0
"Germany, Essen: Freie Schule Essen e.V.",2016-12-08,Labdoo Annahmestelle 45478 MH / Rhein-Ruhr (Hub),10,0,10,0,100,30,completed,Germany,1
"Bosnia and Herzegovina, Bosanska Krupa: U MSŠ „Safet Krupić“",2016-12-09,Labdoo Annahmestelle 45478 MH / Rhein-Ruhr (Hub),40,0,40,0,100,650,completed,Bosnia and Herzegovina,1
"Germany, Mülheim an der Ruhr: Aufwind - Christliche Drogensuchthilfe und Randgruppenarbeit ",2016-12-13,Labdoo Annahmestelle 45478 MH / Rhein-Ruhr (Hub),1,0,1,0,100,20,completed,Germany,1
"Ethiopia, Agena Town: Digital Literacy for Agena secondary and preparatory school (ADRA ev)",2016-12-13,Labdoo Annahmestelle 45478 MH / Rhein-Ruhr (Hub),40,0,10,30,25,1342,open,Ethiopia,0
"Myanmar, Aleyar: Aleyar Education in the Ayeyarwady Division (Hilfswerk Myanmar eV)",2016-12-14,Labdoo Annahmestelle 45478 MH / Rhein-Ruhr (Hub),3,0,3,0,100,110,open,Myanmar,0
"Germany, Korschenbroich-Glehn : Integrationsarbeit TZG und Wankelstraße",2016-12-14,Labdoo Annahmestelle 45478 MH / Rhein-Ruhr (Hub),11,0,11,0,100,25,completed,Germany,1
"Russia, г. Луга / Luga: Lugskaya Internatsschule",2016-12-19,Labdoo Annahmestelle 45478 MH / Rhein-Ruhr (Hub),20,0,9,11,45,211,open,Russia,0
"Switzerland, Rüschlikon: Diakonie Nidelbad Flüchtlingshilfe",2016-12-21,Labdoo Hub Zürich (Schweiz),1,0,1,0,100,5,completed,Switzerland,1
"Mexico, Tijuana: Laptops for El Nino Public School Study Room",2016-12-23,Labdoo Hub- Kingdom Builders Ministry,30,0,31,0,100,50,completed,Mexico,1
"Germany, Moisburg: Integrations-/Flüchtlingsprojekt (private Initiativen)",2016-12-27,Labdoo Annahmestelle 45478 MH / Rhein-Ruhr (Hub) | Labdoo Annahmestelle 28215 Bremen (Hub) | [CLOSED] Labdoo Annahmestelle 21037 Hamburg - Kirchwerder: Tina Meier [zur Zeit geschlossen],1,0,1,0,100,8,completed,Germany,1
"Bolivia, Sucre: Fundación Amazonía",2016-12-27,Labdoo Hub Salzburg,2,0,2,0,100,45,completed,Bolivia,1
"Bolivia, Lajastambo: Bolivia, Lajastambo, Musug Sunqu",2016-12-27,Labdoo Hub Salzburg,2,0,0,2,0,10,open,Bolivia,0
"Bolivia, El Alto: Inthi Phajsi",2016-12-27,Labdoo Hub Salzburg,1,0,1,0,100,100,completed,Bolivia,1
"Bolivia, Santa Cruz: Plataforma Solidaria",2016-12-27,Labdoo Hub Salzburg,3,0,13,0,100,70,completed,Bolivia,1
"Morocco, Casablanca: Transit to Labdoo Hub-Casablanca, Morocco",2017-01-03,Labdoo Annahmestelle 45478 MH / Rhein-Ruhr (Hub),12,0,12,0,100,400,completed,Morocco,1
"Rwanda, Gisenyi: Friends of Ruanda  - Ausbildung in Gastronomie",2017-01-08,Labdoo Hub Salzburg | Labdoo Annahmestelle 45478 MH / Rhein-Ruhr (Hub),2,0,0,2,0,200,completed,Rwanda,1
"Senegal, cabrousse: Senegal Ziguinchor, Carbousse,  Student Comunities Cabrousse",2017-01-10,Labdoo Hub Salzburg,2,0,2,0,100,63,completed,Senegal,1
"Germany, Hilden: UMA Betreuung Sozialpädagogische Einrichtung Mühle e.V.",2017-01-10,Labdoo Annahmestelle 45478 MH / Rhein-Ruhr (Hub),2,0,2,0,100,25,completed,Germany,1
"Tanzania, Makete: Iringa Njombe Makete-School",2017-01-10,Labdoo Hub Salzburg,7,0,6,1,85,0,open,Tanzania,0
"Ecuador, Guayaquil: escuela Reino Unido",2017-01-10,Labdoo Annahmestelle 45478 MH / Rhein-Ruhr (Hub),20,8,9,3,85,200,open,Ecuador,0
"Bolivia, Caranavi:  Casa Esperanza",2017-01-13,Labdoo Hub Salzburg,5,0,5,0,100,100,completed,Bolivia,1
"Bolivia, Sucre: ONG Musuq Sunqu",2017-01-13,Labdoo Hub Salzburg,2,0,2,0,100,50,completed,Bolivia,1
"Bangladesh, durgapur: Bangladesh, Durgapur, Nomuna",2017-01-13,Labdoo Annahmestelle 90402 Nürnberg (Hub),2,1,1,0,100,150,completed,Bangladesh,1
"Bolivia, Sucre:  Musuq Sunqu, Lajastambo:",2017-01-13,Labdoo Hub Salzburg,2,0,2,0,100,25,completed,Bolivia,1
"Kenya, nairobi: The Laptops are in Salzburg office, some topics have to be clarified before presenting the school",2017-01-13,Labdoo Hub Salzburg,6,0,0,6,0,0,open,Kenya,0
"Bolivia, Sucre: 'CEMVA  Centro Educativo Multifuncional Villa Armonía'",2017-01-13,Labdoo Hub Salzburg,2,0,2,0,100,65,completed,Bolivia,1
"Bolivia, Sucre: Fundación Wiñay",2017-01-13,Labdoo Hub Salzburg,1,0,1,0,100,60,completed,Bolivia,1
"Bolivia, Sucre: Hogar de Niñas Santa Clotilde",2017-01-13,Labdoo Hub Salzburg,1,0,1,0,100,60,completed,Bolivia,1
"Bolivia, Santa Cruz: Centro San Isidro",2017-01-13,Labdoo Hub Salzburg,3,0,3,0,100,15,completed,Bolivia,1
"Nepal, Jharkot: Labdoo it, Jharkot Kids!",2017-01-15,Labdoo Hub Salzburg | Grassroots,8,0,0,8,0,30,completed,Nepal,1
"Mongolia, Umnugobi: Umnugobi School",2017-01-17,Labdoo Hub Zürich (Schweiz),12,0,12,0,100,1260,open,Mongolia,0
"Mongolia, Darkhan: New Darkhan City School #19",2017-01-17,Labdoo Hub Zürich (Schweiz),20,0,20,0,100,400,open,Mongolia,0
"Albania, Rembec: Shkolla e mesme e Bashkuar „Dhimitraq Gjata“",2017-01-17,Labdoo Annahmestelle 45478 MH / Rhein-Ruhr (Hub) | Labdoo Annahmestelle 53173 Bonn: Ulrich Egger (Hub),28,0,0,28,0,267,open,Albania,0
"Kenya, Misewani Sub-Location Kitui: Kwa-Ukungu Joylight Academy",2017-01-18,Labdoo Annahmestelle 45478 MH / Rhein-Ruhr (Hub) |  | Labdoo Annahmestelle 53173 Bonn: Ulrich Egger (Hub),20,0,2,18,10,72,open,Kenya,0
"Spain, Nulles: Robòtica a l’escola de Nulles (Alt Camp)",2017-01-19,Labdoo Hub Vilafranca Centre - El Hub de la Gestoria,12,0,7,5,58,53,open,Spain,0
"Togo, bassar: Togo, Bassar, Bikotiba-Schule (Grund-, Real- und Berufsschule)",2017-01-21,Labdoo Annahmestelle 90402 Nürnberg (Hub),15,2,7,6,60,800,open,Togo,0
"Togo, bassar: Togo, Bassar, Bassar-Krankenhaus ",2017-01-21,Labdoo Annahmestelle 90402 Nürnberg (Hub),10,2,7,1,90,0,open,Togo,0
"Ghana, Awudome Kwanta: Primary School Awudome Kwanta",2017-01-25,Labdoo Hub Salzburg,1,0,1,0,100,99,completed,Ghana,1
"Nepal, Lumbini: Action Missions",2017-01-26,Labdoo Hub California (South),20,0,28,0,100,200,completed,Nepal,1
"Cambodia, Phnom Penh Post: Wat Opot Children’s Community",2017-01-27,Labdoo Hub California (North),2,0,2,0,100,10,completed,Cambodia,1
"Senegal, Kafountine Commune: School centre Kafountine",2017-01-28,Labdoo Annahmestelle 45478 MH / Rhein-Ruhr (Hub),6,0,4,2,66,27,open,Senegal,0
"Spain, Blanes : ESCOLA JOAQUIM RUYRA - Atenció a la diversitat",2017-01-28,Labdoo Hub Barcelona @I2CAT Campus Nord,5,0,3,2,60,292,open,Spain,0
"Greece, Athens: 'Educational laptops for refugee students in Greece who received a scholarship from UOC (February 2017)'",2017-01-31,Labdoo Hub Barcelona @I2CAT Campus Nord,15,0,12,3,80,9,completed,Greece,1
"Tanzania, Muungoni: Muungoni Village – Zanzibar Turtle and Tortoise Land Uwemajo (World Unite)",2017-02-06,Labdoo Annahmestelle 45478 MH / Rhein-Ruhr (Hub),10,0,9,1,90,150,open,Tanzania,0
"Sudan, Karthum: Privatschule",2017-02-08,Labdoo Hub Salzburg,10,0,9,1,90,1000,completed,Sudan,1
"Spain, Granada: Aldeas Infantiles SOS: Equipamiento informático centros de día",2017-02-12,Labdoo Hub Barcelona @I2CAT Campus Nord,18,0,18,0,100,120,completed,Spain,1
"Nicaragua, Leon: Escuela Hermanos de Salzburgo ",2017-02-16,Labdoo Hub Salzburg,3,0,1,2,33,600,open,Nicaragua,0
"Uganda, Kampala: Berufschule für Straßenkindern - SAI",2017-02-18,Labdoo Annahmestelle 45478 MH / Rhein-Ruhr (Hub),21,0,19,2,90,60,completed,Uganda,1
"Zimbabwe, Zvimba: Computer laboratory Chikambi Primary School (IoG / EWB)",2017-02-21,Labdoo Annahmestelle 45478 MH / Rhein-Ruhr (Hub) | Labdoo Annahmestelle 80804 München (Hub),20,0,7,13,35,350,open,Zimbabwe,0
"Serbia, Majur: Primary School Majur",2017-02-22,Labdoo Hub Zürich (Schweiz),40,0,37,3,92,743,open,Serbia,0
"Tanzania, Lekrimuni: NAFGEM Play School | Robert-Bosch-Gesamtschule",2017-02-26,Labdoo Annahmestelle 45478 MH / Rhein-Ruhr (Hub),10,0,0,10,0,90,open,Tanzania,0
"Tanzania, Lekrimuni: Primary School | Robert-Bosch-Gesamtschule Hildesheim",2017-02-26,Labdoo Annahmestelle 45478 MH / Rhein-Ruhr (Hub),20,0,0,20,0,250,open,Tanzania,0
"Tanzania, Lekrimuni: Hospital and village development center | Robert-Bosch-Gesamtschule Hildesheim",2017-02-26,Labdoo Annahmestelle 45478 MH / Rhein-Ruhr (Hub),10,0,0,10,0,100,open,Tanzania,0
"South Africa, Johannesburg: ADET - African Digital Education Trust",2017-02-26,Labdoo Hub Zürich (Schweiz),40,1,38,1,97,246,open,South Africa,0
"Germany, Essen: Förderung Seiteneinsteigerkinder Franz-Dinnendahl - Realschule",2017-03-05,Labdoo Annahmestelle 45478 MH / Rhein-Ruhr (Hub),8,0,8,0,100,450,completed,Germany,1
"Tanzania, Mbulu: Utwari school",2017-03-06,Labdoo Hub Salzburg,6,0,5,1,83,231,completed,Tanzania,1
"Belize, San Ignacio: 2017 Belize Educational Service Group, NTHU",2017-03-07,Labdoo Hub Taiwan @EWB-Taiwan,30,0,30,0,100,120,completed,Belize,1
"Germany, Neuss: UMA Betreuung Geulenstrasse | Neukirchener Erziehungsverein",2017-03-08,Labdoo Annahmestelle 45478 MH / Rhein-Ruhr (Hub),18,0,18,0,100,18,completed,Germany,1
"Tanzania, Komolo, Simanjiro: Komolo community | E.ON Off Grid Solutions | Rafiki Power",2017-03-09,Labdoo Annahmestelle 45478 MH / Rhein-Ruhr (Hub),17,0,17,0,100,552,completed,Tanzania,1
"India, BHENSWARA / TEHSIL - AHORE: ADARSH - Goverment School",2017-03-09,Labdoo Annahmestelle 45478 MH / Rhein-Ruhr (Hub),15,0,3,12,20,226,open,India,0
"Tanzania, Mbweni: Willey Academy | home of talents",2017-03-13,Labdoo Annahmestelle 45478 MH / Rhein-Ruhr (Hub),25,0,31,0,100,500,completed,Tanzania,1
"Nepal, Kathmandu: Triveni Public School",2017-03-14,Labdoo Annahmestelle 45478 MH / Rhein-Ruhr (Hub) | Labdoo Annahmestelle 12051 Berlin: Wertraum | Die Wille gGmbH,20,0,10,10,50,250,open,Nepal,0
"Brazil, Caucaia: CRIANÇA LEVANTA-TE",2017-03-14,Labdoo Annahmestelle 45478 MH / Rhein-Ruhr (Hub),4,0,4,0,100,15,completed,Brazil,1
"Philippines, Quezon City, Metro Manila: Aiducation Philippine",2017-03-16,Labdoo Hub Zürich (Schweiz),18,0,18,0,100,453,open,Philippines,0
"Greece, Athens: Action from Switzerland",2017-03-18,Labdoo Hub Zürich (Schweiz),11,0,5,6,45,15,open,Greece,0
"Uganda, Buloba: Christ Secure Orphans",2017-03-18,Labdoo Hub Zürich (Schweiz),5,0,5,0,100,33,open,Uganda,0
"Senegal, Thiès: Hand für Afrika",2017-03-19,Labdoo Hub Zürich (Schweiz),200,0,209,0,100,10000,open,Senegal,0
"Kenya, Sare-Awendo: Nyota Day Care Centre",2017-03-20,Labdoo Annahmestelle 45478 MH / Rhein-Ruhr (Hub),3,0,0,3,0,3,open,Kenya,0
"Mali, Fangasso: Ecole Fondamentale Kecouta Diallo de Fangasso",2017-03-20,Labdoo Annahmestelle 45478 MH / Rhein-Ruhr (Hub),6,0,0,6,0,1200,open,Mali,0
"Cape Verde, Porto Novo: ONG Dar as Mãos",2017-03-21,Labdoo Annahmestelle 45478 MH / Rhein-Ruhr (Hub),5,0,0,5,0,5,open,Cape Verde,0
"Nepal, Kaparphori: Kaparphori Lower Secondary school (Freunde Nepals eV)",2017-03-22,Labdoo Annahmestelle 45478 MH / Rhein-Ruhr (Hub) | Labdoo Annahmestelle 80804 München (Hub),24,0,0,24,0,380,open,Nepal,0
"Nepal, Kaparphori: Support N Care Rehabilitation Centerl (Freunde Nepals eV)",2017-03-22,Labdoo Annahmestelle 45478 MH / Rhein-Ruhr (Hub) | Labdoo Annahmestelle 80804 München (Hub),3,0,0,3,0,3,open,Nepal,0
"Cameroon, Bamenda: GEH – Garden of Education and Healing",2017-03-27,Labdoo Annahmestelle 45478 MH / Rhein-Ruhr (Hub),9,0,8,1,88,100,open,Cameroon,0
"Burundi, Bujumbura: Petit Séminaire Notre Dame de Fatima de Kanyosha",2017-03-28,Labdoo Annahmestelle 45478 MH / Rhein-Ruhr (Hub),25,0,10,15,40,220,open,Burundi,0
"Cameroon, Mbalmayo: Pour la class d’Informatique du collège Nina",2017-03-29,Labdoo Hub Upper West - New York,20,0,0,20,0,410,open,Cameroon,0
"Romania, Sanjob: Orphanage and Youth Welfare Training and Software Education Supports apprenticeship training | Orfanis eV",2017-03-29,Labdoo Hub Salzburg,100,0,83,17,83,280,open,Romania,0
"Germany, Mülheim an der Ruhr: Hospiz Mülheim",2017-03-31,Labdoo Annahmestelle 45478 MH / Rhein-Ruhr (Hub),0,0,0,0,0,1,completed,Germany,1
"Germany, Mülheim an der Ruhr: Luisenschule",2017-03-31,Labdoo Annahmestelle 45478 MH / Rhein-Ruhr (Hub),2,0,2,0,100,1000,completed,Germany,1
"Ethiopia, Awassa: Edget Baandnet Children Center e.V.",2017-04-02,Labdoo Annahmestelle 45478 MH / Rhein-Ruhr (Hub) | Labdoo Annahmestelle 21035 Hamburg - Bergedorf:  PC112 PCFeuerwehr GmbH [nach Absprache geöffnet],20,0,12,8,60,120,open,Ethiopia,0
"Tanzania, Arusha: Pippi House - Foundation for girls",2017-04-02,Labdoo Annahmestelle 45478 MH / Rhein-Ruhr (Hub),3,0,2,1,66,56,open,Tanzania,0
"Germany, Düsseldorf: Hispi Das Lernhaus - Flüchtlingsunterkunft Oberlörickerstrasse",2017-04-03,Labdoo Annahmestelle 45478 MH / Rhein-Ruhr (Hub),10,0,10,0,100,20,completed,Germany,1
"Sierra Leone, Pujehun: community library Kindernetzwerk Sierra Leone e.V.",2017-04-03,Labdoo Annahmestelle 45478 MH / Rhein-Ruhr (Hub) | Labdoo Annahmestelle 12051 Berlin: Wertraum | Die Wille gGmbH,19,0,19,0,100,300,completed,Sierra Leone,1
"Greece, Athens: City Plaza Computer School",2017-04-03,Labdoo Hub Athens,5,0,0,5,0,5,open,Greece,0
"Uganda, Masaka: St. Mark VII School for the Deaf Bwanda",2017-04-04,Labdoo Annahmestelle 45478 MH / Rhein-Ruhr (Hub),21,0,21,0,100,170,completed,Uganda,1
"Cameroon, Yaoundé: J’apprends par moi même",2017-04-05,Labdoo Hub Granollers - Educem | Labdoo Hub Vilafranca Centre - El Hub de la Gestoria,12,0,0,12,0,140,open,Cameroon,0
"Germany, Essen: Gemeinsam sind wir stark | Serge Menga",2017-04-05,Labdoo Annahmestelle 45478 MH / Rhein-Ruhr (Hub),22,0,22,0,100,30,completed,Germany,1
"Thailand, Chiang Mai: School for Life.org ",2017-04-05,Labdoo Annahmestelle 45478 MH / Rhein-Ruhr (Hub) | Labdoo Annahmestelle 12051 Berlin: Wertraum | Die Wille gGmbH,25,5,16,4,84,120,open,Thailand,0
"Nepal, Bhojpur: Shree Shabitra higher secondary school | Freunde Nepals e.V.",2017-04-05,Labdoo Annahmestelle 45478 MH / Rhein-Ruhr (Hub),10,0,2,8,20,42,open,Nepal,0
"Nepal, Rashwa: Barahi primary school | Freunde Nepals e.V.",2017-04-05,Labdoo Annahmestelle 45478 MH / Rhein-Ruhr (Hub),10,0,0,10,0,55,open,Nepal,0
"Nepal, Dolakha: Sunrise Academy English Boarding School | Freunde Nepals e.V.",2017-04-06,Labdoo Annahmestelle 45478 MH / Rhein-Ruhr (Hub),13,0,13,0,100,352,completed,Nepal,1
"Tanzania, Usa River: Maasai Vision Medium English Academy | Africa Amini Alama eV",2017-04-08,Labdoo Annahmestelle 45478 MH / Rhein-Ruhr (Hub),19,0,19,0,100,270,completed,Tanzania,1
"Nigeria, Ukpor Onitsha: Bishop Okoye Memorial Nursery and Primary school",2017-04-11,Labdoo Annahmestelle 45478 MH / Rhein-Ruhr (Hub),20,0,10,10,50,680,open,Nigeria,0
"Germany, Duisburg: UMA´s in der Jugendhilfe | Sankt Josef Kinder-, Jugend- und Familienhilfe",2017-04-11,Labdoo Annahmestelle 45478 MH / Rhein-Ruhr (Hub),20,0,20,0,100,40,completed,Germany,1
"Tanzania, Lekrimuni Karansi: Secondary School Karansi und Dorfentwicklung | Robert-Bosch-Gesamtschule Hildesheim",2017-04-11,Labdoo Annahmestelle 45478 MH / Rhein-Ruhr (Hub),40,0,35,5,87,420,open,Tanzania,0
"Germany, Moers: sci:Moers Jugendwohnen umF",2017-04-12,Labdoo Annahmestelle 45478 MH / Rhein-Ruhr (Hub),8,0,8,0,100,27,completed,Germany,1
"Cameroon, Boboyo: Lycée de Boboyo | ident.africa e.V.",2017-04-16,Labdoo Annahmestelle 45478 MH / Rhein-Ruhr (Hub) | Labdoo Annahmestelle 53173 Bonn: Ulrich Egger (Hub),30,0,15,15,50,600,open,Cameroon,0
"Germany, Neuss: Sprachtraining + Hausaufgabenhilfe mit den Interkulturellen Projekthelden",2017-04-17,Labdoo Annahmestelle 45478 MH / Rhein-Ruhr (Hub),10,0,10,0,100,50,completed,Germany,1
"Guinea, Conakry: Integration Rückkehrer und Geflüchtete | ONG Dynamique de la Paix et de Developement",2017-04-18,Labdoo Annahmestelle 45478 MH / Rhein-Ruhr (Hub),10,0,10,0,100,40,completed,Guinea,1
"Congo (Kinshasa), Murara Goma: Maison Amani-Paix | Haus Amani – Wir helfen den Kindern e.V.",2017-04-19,Labdoo Annahmestelle 45478 MH / Rhein-Ruhr (Hub),51,0,31,20,60,2060,open,Congo (Kinshasa),0
"Congo (Kinshasa), Goma: Collège Mwanga | Haus Amani – Wir helfen den Kindern e.V.",2017-04-19,Labdoo Annahmestelle 45478 MH / Rhein-Ruhr (Hub),24,0,24,0,100,1876,completed,Congo (Kinshasa),1
"Germany, Dießen am Ammersee: Flüchtlingshilfe Dießen am Ammersee ",2017-04-21,Labdoo Annahmestelle 45478 MH / Rhein-Ruhr (Hub) | Labdoo Annahmestelle 80804 München (Hub),5,0,5,0,100,5,completed,Germany,1
"Myanmar, Loikaw:  Waisenhaus St. Paul's Home der Schwestern vom St. Francis Xavier Convent |  Zukunft für Kinder der Welt e. V.",2017-04-21,Labdoo Annahmestelle 45478 MH / Rhein-Ruhr (Hub) | Labdoo Annahmestelle 80804 München (Hub),4,0,0,4,0,35,open,Myanmar,0
"Myanmar, Hoya: Kinderheim St. Joseph der Schwestern vom St. Agnes Convent |  Zukunft für Kinder der Welt e. V.",2017-04-21,Labdoo Annahmestelle 45478 MH / Rhein-Ruhr (Hub) | Labdoo Annahmestelle 80804 München (Hub),5,0,4,1,80,80,open,Myanmar,0
"Germany, Düsseldorf: Begegnungscafé ",2017-04-21,Labdoo Annahmestelle 45478 MH / Rhein-Ruhr (Hub),4,0,4,0,100,10,completed,Germany,1
"India, Sangau: Mangili Library at Sangau, Mizoram, India",2017-04-23,Labdoo Annahmestelle 45478 MH / Rhein-Ruhr (Hub) | Labdoo Hub Vilafranca Centre - El Hub de la Gestoria | Labdoo Hub Hong Kong - Central | Labdoo Hub Oxford,20,0,8,12,40,200,open,India,0
"Nepal,  Bamti Bhandar / Ramechap:  Sherpa Secondary School |  Kinderhilfe Nepal/Indien.e.V.",2017-04-24,Labdoo Annahmestelle 45478 MH / Rhein-Ruhr (Hub),15,0,11,4,73,300,open,Nepal,0
"Germany, Essen: Gymnasium Essen Nord-Ost Integrationsprojekt",2017-04-24,Labdoo Annahmestelle 45478 MH / Rhein-Ruhr (Hub),7,0,7,0,100,56,completed,Germany,1
"Morocco, Casablanca: HOPITAL ABDERRAHIM EL HAROUCHI CASABLANCA DAR ATTIFLE 'ASSOCIATION NOUJOUM'",2017-04-25,Labdoo Hub Casablanca,3,0,2,1,66,10,open,Morocco,0
"Morocco, MEKNES: Ecole MEKNES",2017-04-25,Labdoo Hub Casablanca,20,0,0,20,0,188,open,Morocco,0
"Morocco, El attaouia: Ecole Centre sahrij El attaouia",2017-04-25,Labdoo Hub Casablanca,20,0,3,17,15,270,open,Morocco,0
"Morocco, SETTAT: Ecole SETTAT",2017-04-25,Labdoo Hub Casablanca,20,0,4,16,20,119,open,Morocco,0
"Morocco, Benslimane: Ecole Benslimane",2017-04-25,Labdoo Hub Casablanca,20,0,3,17,15,152,open,Morocco,0
"Germany, Gelsenkirchen: Flüchtlingshilfe Gelsenkirchen | Private Initiativen",2017-04-26,Labdoo Annahmestelle 45478 MH / Rhein-Ruhr (Hub),1,0,1,0,100,1,completed,Germany,1
"Switzerland, Wintersingen: AsyLex",2017-04-30,Labdoo Hub Zürich (Schweiz),2,0,2,0,100,2,completed,Switzerland,1
"Congo (Kinshasa), Kinshasa - Gombe: Ambassadrice des enfants | Mr Malungu",2017-05-01,Labdoo Annahmestelle 45478 MH / Rhein-Ruhr (Hub),22,0,22,0,100,900,completed,Congo (Kinshasa),1
"Ghana, Offinso: Namong Methodist Primary & Junior High School",2017-05-01,Labdoo Annahmestelle 45478 MH / Rhein-Ruhr (Hub),20,0,18,2,90,335,open,Ghana,0
"Togo, Yelivo: Les Amis des Populations Vulnérables du Togo",2017-05-01,Labdoo Hub Zürich (Schweiz),5,0,5,0,100,200,completed,Togo,1
"Congo (Kinshasa), Kinshasa - Maluku: École primaire Elikya na biso | Hilfe für Menschen im Kongo e.V.",2017-05-02,Labdoo Annahmestelle 45478 MH / Rhein-Ruhr (Hub),6,0,6,0,100,360,completed,Congo (Kinshasa),1
"Congo (Kinshasa), Kinshasa - Kisenso: Maison des enfants Bomoyi | Hilfe für Menschen im Kongo e.V.",2017-05-02,Labdoo Annahmestelle 45478 MH / Rhein-Ruhr (Hub),1,0,1,0,100,20,completed,Congo (Kinshasa),1
"Congo (Kinshasa), Kinshasa - Maluku: Maison des enfants Kiki Bolingo | Hilfe für Menschen im Kongo e.V.",2017-05-02,Labdoo Annahmestelle 45478 MH / Rhein-Ruhr (Hub),1,0,1,0,100,20,completed,Congo (Kinshasa),1
"Congo (Kinshasa), Kinshasa - Kisenso: Administration de l’ONGD Hospice des enfants abandonnés | Hilfe für Menschen im Kongo e.V.",2017-05-02,Labdoo Annahmestelle 45478 MH / Rhein-Ruhr (Hub),1,0,1,0,100,10,completed,Congo (Kinshasa),1
"Nigeria, Benin: Support Education for IDP camp in Benin",2017-05-05,Labdoo Hub California (South),30,4,7,19,36,3000,completed,Nigeria,1
"Togo, Gapé: Togo – Gapé – Teaching Computer Basics",2017-05-07,Labdoo Annahmestelle 90402 Nürnberg (Hub),18,15,0,3,83,200,completed,Togo,1
"Ethiopia,  Mekelle: Mekelle Adventist School | Initiative „Lehulatchin“ ",2017-05-09,Labdoo Annahmestelle 45478 MH / Rhein-Ruhr (Hub),15,0,15,0,100,265,completed,Ethiopia,1
"Tanzania, Nanyamba: Haushaltungsschule St. Ursula Nanyamba VTC | Kongregation der Schwestern des Erlösers",2017-05-09,Labdoo Annahmestelle 45478 MH / Rhein-Ruhr (Hub),15,0,15,0,100,60,completed,Tanzania,1
"Myanmar, Lashio: Ethnic minority education in Myanmar",2017-05-10,Labdoo Hub Taipei @EWB-Taiwan,4,0,0,4,0,40,open,Myanmar,0
"Sri Lanka, Bandarawela: SKILLS",2017-05-10,Labdoo Hub Zürich (Schweiz),18,0,18,0,100,100,completed,Sri Lanka,1
"Uganda, Kampala: Refugee Children Online Education for their protection and bridge for continuity in their education both formal and informal",2017-05-15,Labdoo Annahmestelle 53173 Bonn: Ulrich Egger (Hub),18,0,0,18,0,75,open,Uganda,0
"Tanzania, Mwanza: FONELISCO Orphanage",2017-05-15,Labdoo Hub Zürich (Schweiz),7,0,2,5,28,7,open,Tanzania,0
"Uganda, Kumi: St. Charles Borromeo Akulony | Kumi-Freunde e.V.",2017-05-17,Labdoo Annahmestelle 45478 MH / Rhein-Ruhr (Hub),20,0,20,0,100,60,completed,Uganda,1
"Ghana, Jirapa: St. Joseph Junior High School and St. Joseph Nurnsing training school | Ghana-Kreis e.V.",2017-05-18,Labdoo Annahmestelle 45478 MH / Rhein-Ruhr (Hub),60,0,45,15,75,420,open,Ghana,0
"Dominican Republic, Las Terrenas: Fundación Aldeas de Paz Cooperation with Casa de Los ninos | aldeasdepaz.org",2017-05-18,Labdoo Annahmestelle 45478 MH / Rhein-Ruhr (Hub),15,0,8,7,53,200,completed,Dominican Republic,1
"Ethiopia, Duramba: Duramba School | Etiopia Witten e.V.",2017-05-19,Labdoo Annahmestelle 45478 MH / Rhein-Ruhr (Hub),21,0,21,0,100,480,completed,Ethiopia,1
"Ethiopia, Laley Segen: Laley Segen School | Etiopia Witten e.V.",2017-05-19,Labdoo Annahmestelle 45478 MH / Rhein-Ruhr (Hub),21,0,21,0,100,440,completed,Ethiopia,1
"Ethiopia, Bassale: Bassale Holzkamp School | Etiopia Witten e.V.",2017-05-19,Labdoo Annahmestelle 45478 MH / Rhein-Ruhr (Hub),21,0,21,0,100,420,completed,Ethiopia,1
"Ethiopia, Chekon: Chekon School | Etiopia Witten e.V.",2017-05-19,Labdoo Annahmestelle 45478 MH / Rhein-Ruhr (Hub),21,0,21,0,100,840,completed,Ethiopia,1
"Romania, Lipova: Kinderheime Pupils of the Poor | Ruhrdax 2017",2017-05-19,Labdoo Annahmestelle 45478 MH / Rhein-Ruhr (Hub),20,0,20,0,100,100,completed,Romania,1
"Germany, Duisburg: Gedächtnistraining Fliedner Stiftung | Ruhrdax 2017",2017-05-19,Labdoo Annahmestelle 45478 MH / Rhein-Ruhr (Hub),4,0,4,0,100,134,completed,Germany,1
"Germany, Essen: Waldbienen Waldkindergarten e.V. | Ruhrdax 2017",2017-05-19,Labdoo Annahmestelle 45478 MH / Rhein-Ruhr (Hub),2,0,2,0,100,21,completed,Germany,1
"Germany, Mülheim an der Ruhr: Infopoints Eppinghofer Bürgerverein e.V. | Ruhrdax 2017",2017-05-19,Labdoo Annahmestelle 45478 MH / Rhein-Ruhr (Hub),0,0,0,0,0,100,completed,Germany,1
"Germany, Essen: Aidshilfe Essen e.V. | Ruhrdax 2017",2017-05-19,Labdoo Annahmestelle 45478 MH / Rhein-Ruhr (Hub),3,0,3,0,100,100,completed,Germany,1
"Germany, Recklinghausen: SkF Sozialarbeit Katholischer Frauen PCs für Integrationsarbeit | Ruhrdax 2017",2017-05-19,Labdoo Annahmestelle 45478 MH / Rhein-Ruhr (Hub),12,0,11,1,91,580,completed,Germany,1
"Germany, Duisburg: Deutscher Kinderschutzbund | Ruhrdax 2017 | COVID-19-DE",2017-05-19,Labdoo Annahmestelle 45478 MH / Rhein-Ruhr (Hub),15,6,12,0,100,200,completed,Germany,1
"Switzerland, Bern: Eritreischer Medienbund Schweiz",2017-05-20,Labdoo Hub Zürich (Schweiz),10,0,5,5,50,15,open,Switzerland,0
"Benin, Cotonou: Fondation NADCA",2017-05-20,Labdoo Hub Zürich (Schweiz),8,0,8,0,100,25,completed,Benin,1
"India, Rajasthan: Escuela RAJASTHAN BAL VIDYA MANDIR - KOLAM",2017-05-23,Labdoo School Hub Barcelona - Aula Escola Europea,10,0,8,2,80,235,open,India,0
"Germany, Oberhausen (Rhld.): Mädchenmobil 'Flotte Lotte' Evgl. Jugendreferat | Ruhrdax 2017",2017-05-25,Labdoo Annahmestelle 45478 MH / Rhein-Ruhr (Hub),2,0,2,0,100,50,completed,Germany,1
"Togo, Défalé Animadé: Schule EPC-Amaidé-Worodé | Jürgen Wahn Stiftung e. V.",2017-05-25,Labdoo Annahmestelle 45478 MH / Rhein-Ruhr (Hub),10,0,6,4,60,72,open,Togo,0
"South Africa, Parys: LBF - Edoovillage on the move | Südafrika-Hilfe e.V.",2017-05-25,Labdoo Annahmestelle 45478 MH / Rhein-Ruhr (Hub),20,0,5,15,25,80,open,South Africa,0
"Germany, Duisburg: GS Globus am Dellplatz | COVID-19-DE",2017-05-25,Labdoo Annahmestelle 45478 MH / Rhein-Ruhr (Hub),94,0,95,0,100,300,completed,Germany,1
"Spain, Barcelona: Servei de préstec de portàtils per a joves al Centre de Serveis Socials Baix-Guinardó Can Baró",2017-05-25,Labdoo Hub Barcelona BaseTIS,10,0,4,6,40,10,open,Spain,0
"Bosnia and Herzegovina, Otoka Bosanska: Ausbildungszentrum Feuerwehr | Leben und Lernen in Bosnien e.V.",2017-05-26,Labdoo Annahmestelle 45478 MH / Rhein-Ruhr (Hub),15,0,15,0,100,25,completed,Bosnia and Herzegovina,1
"Bosnia and Herzegovina, Jajce: Grundschule „Berta Kučera“ Barevo | Leben und Lernen in Bosnien e.V.",2017-05-26,Labdoo Annahmestelle 45478 MH / Rhein-Ruhr (Hub),1,0,1,0,100,6,completed,Bosnia and Herzegovina,1
"Bosnia and Herzegovina, Jajce: Grundschule „Berta Kučera“ Biokovine | Leben und Lernen in Bosnien e.V.",2017-05-26,Labdoo Annahmestelle 45478 MH / Rhein-Ruhr (Hub),1,0,1,0,100,8,completed,Bosnia and Herzegovina,1
"Bosnia and Herzegovina, Jajce: Grundschule „Berta Kučera“ Bulići | Leben und Lernen in Bosnien e.V.",2017-05-26,Labdoo Annahmestelle 45478 MH / Rhein-Ruhr (Hub),4,0,4,0,100,18,completed,Bosnia and Herzegovina,1
"Bosnia and Herzegovina, Jajce: Grundschule „Berta Kučera“ Carevo Polje | Leben und Lernen in Bosnien e.V.",2017-05-26,Labdoo Annahmestelle 45478 MH / Rhein-Ruhr (Hub),3,0,3,0,100,7,completed,Bosnia and Herzegovina,1
"Bosnia and Herzegovina, Jajce: Grundschule „Berta Kučera“ Fra Antuna Kneževića | Leben und Lernen in Bosnien e.V.",2017-05-26,Labdoo Annahmestelle 45478 MH / Rhein-Ruhr (Hub),30,0,15,15,50,330,completed,Bosnia and Herzegovina,1
"Bosnia and Herzegovina, Jajce: Grundschule „Berta Kučera“ Šibenica | Leben und Lernen in Bosnien e.V.",2017-05-26,Labdoo Annahmestelle 45478 MH / Rhein-Ruhr (Hub),10,0,10,0,100,40,completed,Bosnia and Herzegovina,1
"Bosnia and Herzegovina, Jajce: Grundschule „Berta Kučera“ Vinac | Leben und Lernen in Bosnien e.V.",2017-05-26,Labdoo Annahmestelle 45478 MH / Rhein-Ruhr (Hub),25,0,25,0,100,150,completed,Bosnia and Herzegovina,1
"Bosnia and Herzegovina, Jajce: Grundschule „Berta Kučera“ Vlasinje | Leben und Lernen in Bosnien e.V.",2017-05-26,Labdoo Annahmestelle 45478 MH / Rhein-Ruhr (Hub),12,0,12,0,100,50,completed,Bosnia and Herzegovina,1
"Germany, Oberhausen: DRK Flüchtlingsgemeinschaftsunterkünfte",2017-05-31,Labdoo Annahmestelle 45478 MH / Rhein-Ruhr (Hub),25,0,25,0,100,300,completed,Germany,1
"Philippines, Carmen: Carmen National High School",2017-06-04,Labdoo Hub Zürich (Schweiz),4,0,4,0,100,2500,completed,Philippines,1
"Mozambique, Maputo: Millora de les condicions de vida al Districte Municipal ka-Maxakeni  a través de l’enfortiment dels moviments socials locals",2017-06-05,Labdoo Hub Barcelona @I2CAT Campus Nord,8,0,8,0,100,20,completed,Mozambique,1
"Germany, Gelsenkirchen: Flüchtlingshilfe im Quartier im Ankunftszentrum | AWO",2017-06-06,Labdoo Annahmestelle 45478 MH / Rhein-Ruhr (Hub),21,0,21,0,100,21,completed,Germany,1
"Mongolia, Hatgal: Hatgal High School",2017-06-08,Labdoo Hub Zürich (Schweiz),30,0,30,0,100,680,open,Mongolia,0
"Mongolia, Altai: Khantaishir-Erdem Complex School",2017-06-08,Labdoo Hub Zürich (Schweiz),20,0,20,0,100,800,open,Mongolia,0
"Mongolia, Bayan-Ulgii: Vocational Training School",2017-06-08,Labdoo Hub Zürich (Schweiz),40,0,40,0,100,650,open,Mongolia,0
"Ghana, Afienya: ICT for National Youth Authority projects",2017-06-09,Labdoo Annahmestelle 45478 MH / Rhein-Ruhr (Hub),20,0,0,20,0,176,completed,Ghana,1
"Spain, Granada: La Aldea - Aldea Infantil",2017-06-09,Labdoo School Hub Madrid - IES Villablanca,6,0,6,0,100,66,open,Spain,0
"Morocco, khamlia: Bringing computer technologies in the remote school of Khamlia ",2017-06-10,Labdoo Hub Casablanca | Labdoo School Hub Vilafranca - Col·legi Vedruna Sant Elies,3,0,5,0,100,20,completed,Morocco,1
"Nicaragua, Puerto Cabezas: Projecte Educatiu d'Agermanament amb Vilafranca del Penedes",2017-06-11,Labdoo School Hub Vilafranca - Col·legi Sant Josep | Labdoo City Hub Vilafranca del Penedes - Escorxador,3,0,3,0,100,1106,completed,Nicaragua,1
"Morocco, TANGER: Ecole ABDELHADI BOUTALEB ",2017-06-12,Labdoo Hub Casablanca | [CLOSED] Labdoo Annahmestelle 21037 Hamburg - Kirchwerder: Tina Meier [zur Zeit geschlossen],32,21,10,1,96,1200,completed,Morocco,1
"Burundi, Gitaramkua: Lycée St. Augustin de Gitaramkua | St. Augustinus-Kliniken gGmbH",2017-06-12,Labdoo Annahmestelle 45478 MH / Rhein-Ruhr (Hub),50,0,27,23,54,500,open,Burundi,0
"Mongolia, Ulaanbaatar: ASRAL",2017-06-13,Labdoo Hub Zürich (Schweiz),42,0,12,30,28,0,open,Mongolia,0
"Spain, Málaga: La Aldea - Centro de Día Málaga",2017-06-13,Labdoo School Hub Madrid - IES Villablanca,8,0,0,8,0,50,open,Spain,0
"Spain, Granada: La Aldea - Centros de Día Granada",2017-06-13,Labdoo School Hub Madrid - IES Villablanca,3,0,2,1,66,120,open,Spain,0
"Spain, Granada: La Aldea - Programa de jóvenes",2017-06-13,Labdoo School Hub Madrid - IES Villablanca,3,0,0,3,0,127,open,Spain,0
"Uganda, Adjumani Town (Minia Village): School Project | UgandaKids eV",2017-06-15,Labdoo Annahmestelle 45478 MH / Rhein-Ruhr (Hub) | Labdoo Annahmestelle 80804 München (Hub),20,0,21,0,100,640,open,Uganda,0
"Uganda, Pakele Adjumani: Monsignore Bala Secondary School",2017-06-15,Labdoo Annahmestelle 45478 MH / Rhein-Ruhr (Hub),30,0,15,15,50,300,open,Uganda,0
"Senegal, Ndangane: Una lectura, un somriure per Senegal. ",2017-06-16,Labdoo School Hub Vilafranca - INS Eugeni d'ORS,8,0,6,2,75,1000,open,Senegal,0
"Nicaragua, Camoapa: Soporte TIC en Camoapa y Bilwi (Nicaragua) e implementación de una plataforma web para la gestión de proyectos",2017-06-16,Grassroots | Labdoo Hub Barcelona @I2CAT Campus Nord,20,0,8,12,40,65,open,Nicaragua,0
"Nepal, Selang: Projecte TIC a la vall de Selang, Nepal",2017-06-18,Labdoo Hub Barcelona @I2CAT Campus Nord,7,0,7,0,100,281,open,Nepal,0
"Kenya, Nairobi Mbagathi: Trompetenschule Nairobi | DIGUNA eV | Lilli eV",2017-06-19,Labdoo Annahmestelle 45478 MH / Rhein-Ruhr (Hub) | Labdoo Annahmestelle 14542 Werder: Jürgen Weinreich,3,0,3,0,100,65,completed,Kenya,1
"Kenya, Nairobi Mbagathi: New Scent Centre International | DIGUNA eV | Lilli eV",2017-06-19,Labdoo Annahmestelle 45478 MH / Rhein-Ruhr (Hub),3,0,3,0,100,26,completed,Kenya,1
"South Africa, Wellington: Education on after-Care children in NorSA Family Care Programme",2017-06-19,Labdoo Annahmestelle 28215 Bremen (Hub),9,0,9,0,100,104,completed,South Africa,1
"Ethiopia, Meki:  Suport TIC Meki Ethiopia",2017-06-21,Labdoo Hub Barcelona @I2CAT Campus Nord,4,0,1,3,25,110,open,Ethiopia,0
"Uganda, Jinja: Tandem Partner | Global Match eV",2017-06-24,Labdoo Annahmestelle 45478 MH / Rhein-Ruhr (Hub),20,0,20,0,100,20,open,Uganda,0
"Uganda, Kampala: Kitokolo Projekt Grundschule und Berufsschule | AMALi eV",2017-06-24,Labdoo Annahmestelle 45478 MH / Rhein-Ruhr (Hub),45,0,44,1,97,629,completed,Uganda,1
"Germany, Bergkamen: Flüchtlings- / Integrationsprojekte (Private Initiativen)",2017-06-26,Labdoo Annahmestelle 45478 MH / Rhein-Ruhr (Hub),0,0,0,0,0,1,completed,Germany,1
"Tanzania, Kayanga Karagwe: Computer Training  Project for the Youths | KARUDECA",2017-06-28,Labdoo Annahmestelle 45478 MH / Rhein-Ruhr (Hub),10,0,1,9,10,50,open,Tanzania,0
"Taiwan, Chu Dong: Hao Shang Orphanage After School Program ",2017-06-28,Labdoo Hub Taipei @EWB-Taiwan,4,0,2,2,50,8,completed,Taiwan,1
"Malawi, Limbe: James Chiona Catholic High School",2017-06-29,Labdoo Annahmestelle 45478 MH / Rhein-Ruhr (Hub),30,0,0,30,0,304,open,Malawi,0
"Tanzania, Nyangao: Nurse training school Nyangao Hospital",2017-06-29,Labdoo Annahmestelle 45478 MH / Rhein-Ruhr (Hub),20,0,18,2,90,57,open,Tanzania,0
"Tanzania, Malambo: Secondary School Naserian | Hilfe für die Massai e.V.",2017-07-02,Labdoo Annahmestelle 45478 MH / Rhein-Ruhr (Hub),20,0,20,0,100,140,completed,Tanzania,1
"Ukraine, Odessa Oblast: Empowerment Lab",2017-07-05,Labdoo Hub Zürich (Schweiz),8,0,8,0,100,7,completed,Ukraine,1
"Kenya, Nyeri: Nyeri German Childsupport",2017-07-05,Labdoo Annahmestelle 45478 MH / Rhein-Ruhr (Hub),8,0,8,0,100,50,completed,Kenya,1
"Guinea, Conakry: Hoffnungsstern über Conakry",2017-07-06,Labdoo Annahmestelle 45478 MH / Rhein-Ruhr (Hub) | Labdoo Annahmestelle 80804 München (Hub) | Labdoo Annahmestelle 90402 Nürnberg (Hub),35,0,35,0,100,35,completed,Guinea,1
"Colombia, Bogotá: Aula digital aeioTU - La Estrella",2017-07-12,Labdoo Hub Medellín / Divergente,1,0,1,0,100,300,completed,Colombia,1
"Colombia, Bogotá: Aula digital aeioTU - Suba",2017-07-12,Labdoo Hub Medellín / Divergente,4,0,1,3,25,495,open,Colombia,0
"Brazil, Alto da Serra : Colors Beyond Artistlove Petrópolis ",2017-07-13,Labdoo Hub Barcelona @I2CAT Campus Nord,6,0,5,1,83,40,completed,Brazil,1
"India,  New Delhi: Bright Futures",2017-07-13,Labdoo Hub Barcelona @I2CAT Campus Nord,4,0,4,0,100,100,completed,India,1
"Morocco,  Ouarzazate:  Ecole communautaire | Asso cooperation scolaire ighrem nougdal | RIVE Maroc",2017-07-17,Labdoo Annahmestelle 45478 MH / Rhein-Ruhr (Hub) | Labdoo Hub Casablanca,37,0,37,0,100,500,completed,Morocco,1
"Syria, Homs: Um Al-Zenar Relief & Development Center | Syrian Orthodox Archdiocese | SOS eV",2017-07-18,Labdoo Annahmestelle 45478 MH / Rhein-Ruhr (Hub),30,0,13,17,43,50,open,Syria,0
"Syria, Aleppo: St. Aphrem Suryoyo Church | Syrian Orthodox Archdiocese | SOS eV",2017-07-18,Labdoo Annahmestelle 45478 MH / Rhein-Ruhr (Hub),30,0,17,13,56,50,open,Syria,0
"Mozambique, Aldea de Masaca (Distrito de Boane): Casa di Gaiato",2017-07-21,Labdoo School Hub Madrid - IES Villablanca,10,0,1,9,10,800,completed,Mozambique,1
"Ghana, ASSIN NGRESI: Laptop laboratory for Adankwaman Community | Ghana Union Düsseldorf e.V.",2017-07-21,Labdoo Annahmestelle 45478 MH / Rhein-Ruhr (Hub),43,0,43,0,100,524,completed,Ghana,1
"Namibia, Grootfontein: Feith Kindergarten | Lilli eV",2017-07-21,Labdoo Annahmestelle 45478 MH / Rhein-Ruhr (Hub) | Labdoo Annahmestelle 14542 Werder: Jürgen Weinreich,2,0,2,0,100,75,completed,Namibia,1
"Namibia, Grootfontein: Immanuel Kindergarten | Lilli eV",2017-07-21,Labdoo Annahmestelle 45478 MH / Rhein-Ruhr (Hub) | Labdoo Annahmestelle 14542 Werder: Jürgen Weinreich,1,0,1,0,100,26,completed,Namibia,1
"Namibia, Grootfontein: Vanona Garden Kindergarten | Lilli eV",2017-07-21,Labdoo Annahmestelle 45478 MH / Rhein-Ruhr (Hub) | Labdoo Annahmestelle 14542 Werder: Jürgen Weinreich,1,0,1,0,100,39,completed,Namibia,1
"Ghana, Takoradi: Nkotompo Community Lab | Ghana Union Düsseldorf e.V.",2017-07-25,Labdoo Annahmestelle 45478 MH / Rhein-Ruhr (Hub),44,0,48,0,100,500,completed,Ghana,1
"Ghana, Ajumako Bisease: St. Luke Anglican Basic School | Ghana Union Düsseldorf e.V.",2017-07-25,Labdoo Annahmestelle 45478 MH / Rhein-Ruhr (Hub),25,0,25,0,100,2000,completed,Ghana,1
"Thailand, Nunmapran: Ban Nunmaprang School",2017-07-26,Labdoo Annahmestelle 45478 MH / Rhein-Ruhr (Hub),20,0,16,4,80,1500,open,Thailand,0
"Ukraine, Kharkiv: Versorgung des Kinder-Rehazentrums für Seh- und schwerbehinderte Kinder Prawo Wybora | Swjatilnaja eV",2017-07-27,Labdoo Annahmestelle 45478 MH / Rhein-Ruhr (Hub),8,0,8,0,100,60,completed,Ukraine,1
"Ghana, Agona Swedru: Saint Germain School | Ghana Union Düsseldorf eV",2017-07-28,Labdoo Annahmestelle 45478 MH / Rhein-Ruhr (Hub),21,0,23,0,100,200,completed,Ghana,1
"Thailand, Pitsanoluk: Ban Langkhao School",2017-08-01,Labdoo Annahmestelle 45478 MH / Rhein-Ruhr (Hub),8,0,8,0,100,200,completed,Thailand,1
"Nepal, Udayapur: Nepal, Udayapur:Secondary School Balamta",2017-08-02,Labdoo Annahmestelle 72805 Schwäbische Alb (Hub),20,0,19,1,95,435,open,Nepal,0
"Ghana, Karimenga: School The Green House Karimenga | Reverence Street Foundation",2017-08-03,Labdoo Annahmestelle 45478 MH / Rhein-Ruhr (Hub),12,0,12,0,100,168,completed,Ghana,1
"Switzerland, Oberrohrdorf: Asylunterkunft (COVID-19-CH)",2017-08-04,Labdoo Hub Zürich (Schweiz),8,0,8,0,100,8,completed,Switzerland,1
"Switzerland, Geneva: Project Integration",2017-08-04,Labdoo Hub Zürich (Schweiz),18,0,18,0,100,35,completed,Switzerland,1
"Mongolia, Ulaanbaatar: Recreation Center for Children",2017-08-08,Labdoo Hub Zürich (Schweiz),3,0,3,0,100,80,open,Mongolia,0
"Senegal, Kaolack: Senegal, Kaolack, Complexe socio-éducatif Imagine (Sozial- und Bildungszentrum Imagine)",2017-08-12,Labdoo Annahmestelle 79104 Freiburg Baden [zur Zeit geschlossen],6,2,0,4,33,68,open,Senegal,0
"Tanzania, Karagwe: Ascar Community project",2017-08-13,Labdoo Annahmestelle 45478 MH / Rhein-Ruhr (Hub),2,0,0,2,0,30,open,Tanzania,0
"Germany, Duisburg: Willkommen in Duisburg - Patenschaften mit Geflüchteten | Bürgerstiftung Duisburg | COVID-19-DE",2017-08-14,Labdoo Annahmestelle 45478 MH / Rhein-Ruhr (Hub),34,0,34,0,100,90,completed,Germany,1
"Ghana, MPEHI Offinso: BISHOP SARPONG R/C (Roman Catholic) Junior High School | BKVGS",2017-08-14,Labdoo Annahmestelle 45478 MH / Rhein-Ruhr (Hub),7,0,7,0,100,300,completed,Ghana,1
"Ghana, Ashanti Offinso: Namong Methodist Primary & Junior High School | BKVGS",2017-08-14,Labdoo Annahmestelle 45478 MH / Rhein-Ruhr (Hub),7,0,7,0,100,335,completed,Ghana,1
"Ghana, MPEHI Offinso: Maase Roman/Catholic Junior High School (JHS) | BKVGS",2017-08-14,Labdoo Annahmestelle 45478 MH / Rhein-Ruhr (Hub),7,0,7,0,100,325,completed,Ghana,1
"Congo (Brazzaville), Brazzaville: Ausbildungszentrum Soeurs de la Croix de Chavanod | Mission Kongo eV",2017-08-15,Labdoo Annahmestelle 45478 MH / Rhein-Ruhr (Hub),10,0,10,0,100,20,completed,Congo (Brazzaville),1
"Edoovillage #1003 - Cambodia, Tumneab Svay, Distrikt Varin: Kommune Brasat | Köln hilft Kambodscha eV",2017-08-20,Labdoo Annahmestelle 45478 MH / Rhein-Ruhr (Hub),14,0,8,6,57,50,completed,Cambodia,1
"Edoovillage #1004 - Malawi, Chitipa: Kaseye Girls' Secondary School | Blickwinkel Afrika",2017-08-22,Labdoo Annahmestelle 45478 MH / Rhein-Ruhr (Hub),13,0,13,0,100,368,completed,Malawi,1
"Edoovillage #1005 - Uganda, Kabale: African College of Commerce and Technology - ACCT",2017-08-22,Labdoo Annahmestelle 45478 MH / Rhein-Ruhr (Hub),20,0,12,8,60,710,open,Uganda,0
"Edoovillage #1006 - Somalia, gabiley: Sh. Muxumed Warsame Primary and Secondary School",2017-08-25,Labdoo Annahmestelle 53173 Bonn: Ulrich Egger (Hub),40,1,14,25,37,1900,open,Somalia,0
"Edoovillage #1007 - Taiwan, Tainan: PTWA After School Tutoring Program",2017-08-25,Labdoo Hub Taiwan @EWB-Taiwan,16,0,0,16,0,0,completed,Taiwan,1
"Edoovillage #1008 - Germany, Mülheim an der Ruhr: Integrationshilfe Styrum | CBE Mülheim",2017-08-29,Labdoo Annahmestelle 45478 MH / Rhein-Ruhr (Hub),30,0,31,0,100,35,completed,Germany,1
"Edoovillage #1009 - India, Varanasi: The Social Advancement Project",2017-09-05,Labdoo Hub Auckland | Labdoo Hub Melbourne,15,0,0,15,0,18,open,India,0
"Edoovillage #1010 - Kenya, Machakas: Kenya machakos primary school  Machakos",2017-09-06,Labdoo Hub Salzburg,2,0,2,0,100,500,completed,Kenya,1
"Edoovillage #1011 - Ethiopia,  Adama, Shewa: Berhan School | Förderverein Freie Christliche Schule Rhein Sieg e.V.",2017-09-07,Labdoo Annahmestelle 45478 MH / Rhein-Ruhr (Hub) | Labdoo Annahmestelle 53173 Bonn: Ulrich Egger (Hub),30,0,0,30,0,575,open,Ethiopia,0
"Edoovillage #1012 - Ghana, Tamale: St. Charles Minor seminary / Senior High school",2017-09-16,Labdoo Annahmestelle 45478 MH / Rhein-Ruhr (Hub),7,0,8,0,100,602,completed,Ghana,1
"Edoovillage #1013 - Switzerland, Geneva: Association Europe-Charmilles",2017-09-17,Labdoo Hub Zürich (Schweiz),6,0,6,0,100,30,completed,Switzerland,1
"Edoovillage #1014 - South Africa, Johannesburg: Green Business College",2017-09-17,Labdoo Hub Zürich (Schweiz),10,0,10,0,100,15,completed,South Africa,1
"Edoovillage #1015 - Sri Lanka, Kekirawa: Kekirawa Learning Centre",2017-09-17,Labdoo Hub Zürich (Schweiz),24,0,24,0,100,2500,completed,Sri Lanka,1
"Edoovillage #1016 - Kenya, Siaya: Siaya Kenya Children Foundation - SKCF",2017-09-17,Labdoo Hub Zürich (Schweiz),16,0,16,0,100,58,completed,Kenya,1
"Edoovillage #1017 - Tanzania, Dimani: Dimani Primary School",2017-09-22,Labdoo Annahmestelle 45478 MH / Rhein-Ruhr (Hub),35,0,37,0,100,600,completed,Tanzania,1
"Edoovillage #1018 - Guinea, Conakry: Fodeya - Guinea, Region Kindia,  Schule in Fodeya",2017-09-25,Labdoo Annahmestelle 28215 Bremen (Hub) | Labdoo Annahmestelle 45478 MH / Rhein-Ruhr (Hub),3,0,4,0,100,78,completed,Guinea,1
"Edoovillage #1019 - Guinea, Conakry: Kanty School, Guinea, Region Kindia",2017-09-25,Labdoo Annahmestelle 28215 Bremen (Hub) | Labdoo Annahmestelle 45478 MH / Rhein-Ruhr (Hub),3,0,3,0,100,88,completed,Guinea,1
"Edoovillage #1020 - Guinea, Conakry: Wondikhoure, Region Kindia, Guinea",2017-09-25,Labdoo Annahmestelle 28215 Bremen (Hub) | Labdoo Annahmestelle 45478 MH / Rhein-Ruhr (Hub),3,0,3,0,100,93,completed,Guinea,1
"Edoovillage #1021 - Ethiopia, Axum: Laptops für die Megabit-18-Schule im nordäthiopischen Axum – für eine bessere Bildung – für ein besseres Leben",2017-09-25,Labdoo Annahmestelle 90402 Nürnberg (Hub),40,0,24,16,60,1000,open,Ethiopia,0
"Edoovillage #1022 - Senegal, M´bour: École Latir Diouf | Axatin eV",2017-09-27,Labdoo Annahmestelle 45478 MH / Rhein-Ruhr (Hub),10,0,7,3,70,136,open,Senegal,0
"Edoovillage #1023 - Germany, Mülheim an der Ruhr: Flüchtlingsunterkunft Holzstraße | Johanniter-Unfall-Hilfe e.V.",2017-09-28,Labdoo Annahmestelle 45478 MH / Rhein-Ruhr (Hub),0,0,0,0,0,76,completed,Germany,1
"Edoovillage #1024 - Nigeria, Akabo: Father Philip Agu Spiritan Academy",2017-10-02,Labdoo Annahmestelle 45478 MH / Rhein-Ruhr (Hub),21,0,21,0,100,292,completed,Nigeria,1
"Edoovillage #1025 - Ethiopia, Mekele : Ayder Elementary school | Etiopia Witten e.V.",2017-10-03,Labdoo Annahmestelle 45478 MH / Rhein-Ruhr (Hub),21,0,11,10,52,850,open,Ethiopia,0
"Edoovillage #1026 - Somalia, Gailey: Qalax Secondary School,  Gabiley, Somaliland",2017-10-07,Labdoo Annahmestelle 53173 Bonn: Ulrich Egger (Hub),10,0,5,5,50,980,open,Somalia,0
"Edoovillage #1027 - Nigeria, Awkuzu: Mater Dei Secondary School | Perspektiven für Nigeria e.V.",2017-10-11,Labdoo Annahmestelle 45478 MH / Rhein-Ruhr (Hub),48,0,48,0,100,230,completed,Nigeria,1
"Edoovillage #1028 - Tanzania, Nainokanoka: Maasai Community Development Center at Nainokanoka “Nainovation”",2017-10-13,Labdoo Annahmestelle 90402 Nürnberg (Hub),10,2,9,0,100,18,completed,Tanzania,1
"Edoovillage #1029 - Dominican Republic, Santo Domingo Este: FUDOMEMS",2017-10-15,Labdoo Hub Zürich (Schweiz),100,0,99,1,99,27502,open,Dominican Republic,0
"Edoovillage #1030 - Nepal, Phulkharka: Montari School",2017-10-17,Labdoo Hub Salzburg,8,0,8,0,100,8,completed,Nepal,1
"Edoovillage #1031 - Germany, Berlin: Villa Silvester (Träger Projekt-Q)",2017-10-20,Labdoo Annahmestelle 12051 Berlin: Wertraum | Die Wille gGmbH,4,0,5,0,100,4,completed,Germany,1
"Edoovillage #1032 - Uganda, Zinga: Proyecto Zinga",2017-10-23,Labdoo School Hub Madrid - IES Villablanca,10,11,0,0,100,115,completed,Uganda,1
"Edoovillage #1033 - Switzerland, Luzern: Universität Luzern - Schnupperuni für Flüchtlinge",2017-10-26,Labdoo Hub Zürich (Schweiz),35,0,19,16,54,50,completed,Switzerland,1
"Edoovillage #1034 - Uganda, Kalangala: Bbanga school in Uganda/Kalangala (Library and School)",2017-10-26,Labdoo Hub Salzburg | Labdoo Hub Wien:  SANI,20,3,31,0,100,35,open,Uganda,0
"Edoovillage #1035 - Germany, Krefeld: Redaktion Flüchtlingszeitung Hochschule Niederrhein | Hayat Krefeld",2017-10-27,Labdoo Annahmestelle 45478 MH / Rhein-Ruhr (Hub),2,0,2,0,100,5,completed,Germany,1
"Edoovillage #1001 - Uganda, Kampala: St. Paul Ggaba Demonstration School",2017-10-30,Labdoo Annahmestelle 12051 Berlin: Wertraum | Die Wille gGmbH,15,0,2,13,13,100,open,Uganda,0
"Edoovillage #1002 - Zambia, Chililabombwe: ZAMBIA - Computers Project",2017-11-01,Labdoo School Hub Vilafranca - Col·legi Vedruna Sant Elies,20,0,14,6,70,250,open,Zambia,0
"Edoovillage #1036 - Kenya, Nairobi: Bildung als Weg aus der Armut",2017-11-01,Labdoo Hub Zürich (Schweiz),9,0,8,1,88,10,completed,Kenya,1
"Edoovillage #1037 - Guinea, Foderika: Realschule und dem Gymnasium Foderika | Bildungsförderung Oberguinea e.V.",2017-11-05,Labdoo Annahmestelle 45478 MH / Rhein-Ruhr (Hub),32,0,32,0,100,200,completed,Guinea,1
"Edoovillage #1038 - South Korea, kunsan: Computers for Children in Kunsan",2017-11-08,Labdoo Hub California (South),5,0,1,4,20,28,completed,South Korea,1
"Edoovillage #1039 - Switzerland, Zurich: Solinetz Zürich",2017-11-10,Labdoo Hub Zürich (Schweiz),6,0,0,6,0,20,completed,Switzerland,1
"Edoovillage #1040 - Zimbabwe, Kariyangwe: Kariyangwe Mission Primary School",2017-11-11,Labdoo Hub Salzburg,10,0,13,0,100,850,completed,Zimbabwe,1
"Edoovillage #1041 - Spain, Barcelona: Fundación Obinso Obra d' Integració Social",2017-11-13,Labdoo Hub Barcelona @I2CAT Campus Nord,1,0,1,0,100,1,completed,Spain,1
"Edoovillage #1042 - Germany, Dinslaken: Flüchtlings- / Integrationsprojekte (Private Initiativen)",2017-11-16,Labdoo Annahmestelle 45478 MH / Rhein-Ruhr (Hub),1,0,1,0,100,10,completed,Germany,1
"Edoovillage #1043 - Congo (Kinshasa), Makomeno: Complexe scolaire le palmier | Donaly Malungu",2017-11-19,Labdoo Annahmestelle 45478 MH / Rhein-Ruhr (Hub),56,0,56,0,100,940,completed,Congo (Kinshasa),1
"Edoovillage #1044 - Togo, Lome: Ecole CFPPS KINGs Tech | Donaly Malungu",2017-11-19,Labdoo Annahmestelle 45478 MH / Rhein-Ruhr (Hub),145,0,145,0,100,1900,completed,Togo,1
"Edoovillage #1045 - India, Aizawl : Extension of Mangil's Library Project, Mizoram, India",2017-11-20,Labdoo Hub Barcelona @I2CAT Campus Nord | Labdoo City Hub Sant Cugat,4,0,5,0,100,293,open,India,0
"Edoovillage #1046 - Germany, Erkrath: Mentoring und Integration | Du-Ich-Wir eV",2017-11-21,Labdoo Annahmestelle 45478 MH / Rhein-Ruhr (Hub),2,0,2,0,100,80,completed,Germany,1
"Edoovillage #1047 - Belarus, Zhodino: Kinderisolator Zhodino | Initiative Tschernobyl-Kinder eV",2017-11-23,Labdoo Annahmestelle 45478 MH / Rhein-Ruhr (Hub),3,0,3,0,100,25,completed,Belarus,1
"Edoovillage #1048 - Romania, Baia Commune: Fundatia FARA - Media Center for Disadvantaged Children",2017-11-23,Labdoo Hub Zürich (Schweiz),15,0,5,10,33,25,open,Romania,0
"Edoovillage #1049 - Bosnia and Herzegovina, Jajce: Zentrale Schule Kruščica | Leben und Lernen in Bosnien e.V.",2017-11-25,Labdoo Annahmestelle 45478 MH / Rhein-Ruhr (Hub),35,0,35,0,100,433,completed,Bosnia and Herzegovina,1
"Edoovillage #1050 - China, Shenzhen City: 中国娃俱乐部",2017-11-26,WeServe Leadership Program | Labdoo Hub California (South),30,0,2,28,6,0,completed,China,1
"Edoovillage #1051 - Kenya, Mwala: Kibau Primary School - Ordre del Carme (Carmelites)",2017-11-29,Labdoo School Hub Vilafranca - Col·legi Vedruna Sant Elies | Labdoo School Hub Vilafranca - INS Eugeni d'ORS,2,0,2,0,100,272,completed,Kenya,1
"Edoovillage #1052 - Kenya, Mwala: Mussalani Primary School - Ordre del Carme (Carmelites)",2017-11-29,Labdoo School Hub Vilafranca - Col·legi Vedruna Sant Elies | Labdoo School Hub Vilafranca - INS Eugeni d'ORS,2,0,2,0,100,272,completed,Kenya,1
"Edoovillage #1053 - Malawi, Rumphi: Roscher Youth Development Centre | Support Malawi eV",2017-11-30,Labdoo Annahmestelle 69207 Sandhausen / Rhein-Neckar: Heinrich Wegener (Hub),6,0,6,0,100,30,completed,Malawi,1
"Edoovillage #1054 - Germany, Mönchengladbach: GGS Gemeinschaftsgrundschule Pesch Förderung Seiteneinsteigerkinder",2017-11-30,Labdoo Annahmestelle 45478 MH / Rhein-Ruhr (Hub),0,0,0,0,0,31,completed,Germany,1
"Edoovillage #1055 - Zambia, Livingstone: Nekacheya School (PIECES)",2017-11-30,Labdoo Hub Zürich (Schweiz),22,0,22,0,100,280,completed,Zambia,1
"Edoovillage #1056 - Indonesia, Makassar: Makassar Tourism Polytechnic (PIECES)",2017-11-30,Labdoo Hub Zürich (Schweiz),15,0,15,0,100,180,completed,Indonesia,1
"Edoovillage #1057 - Brazil, Sao Paulo - CEP: Arco Association Day-Care (PIECES)",2017-11-30,Labdoo Hub Zürich (Schweiz),25,0,21,4,84,600,completed,Brazil,1
"Edoovillage #1058 - Mexico, Rosarito: Castillo Fuerte Educational Center",2017-12-03,Labdoo Hub- Kingdom Builders Ministry | Labdoo Hub California (South),20,0,17,3,85,43,completed,Mexico,1
"Edoovillage #1059 - Germany, Fürth: Fachakademie für Sozialpädagogik",2017-12-03,Labdoo Annahmestelle 90402 Nürnberg (Hub),1,0,1,0,100,130,completed,Germany,1
"Edoovillage #1060 - South Korea, Seongnam-si: Heavenly Dream School",2017-12-05,Labdoo Hub California (South),20,0,5,15,25,65,open,South Korea,0
"Edoovillage #1061 - Switzerland, Geneva: Association des Familles Monoparentales (AFM)",2017-12-07,Labdoo Hub Zürich (Schweiz),10,0,10,0,100,10,completed,Switzerland,1
"Edoovillage #1062 - Switzerland, Geneva: Codap",2017-12-07,Labdoo Hub Zürich (Schweiz),3,0,3,0,100,10,completed,Switzerland,1
"Edoovillage #1063 - Switzerland, Geneva: Plateform Interreligieuse",2017-12-07,Labdoo Hub Zürich (Schweiz),3,0,3,0,100,6,completed,Switzerland,1
"Edoovillage #1064 - Switzerland, Troinex: COS",2017-12-07,Labdoo Hub Zürich (Schweiz),13,0,13,0,100,60,completed,Switzerland,1
"Edoovillage #1065 - Greece, Athens: Match & Teach Me for Integration | REvive Greece",2017-12-08,Labdoo Annahmestelle 45478 MH / Rhein-Ruhr (Hub) | Labdoo Hub Salzburg,20,0,20,0,100,20,completed,Greece,1
"Edoovillage #1066 - Morocco, Errachidia: AL AKWAM de Taouz",2017-12-08,Labdoo School Hub Madrid - IES Villablanca,20,0,20,0,100,372,completed,Morocco,1
"Edoovillage #1067 - Kenya, Mombasa: Tsunza Village - Computers for rural Kenya",2017-12-09,Escola Monlau ,5,0,2,3,40,5,open,Kenya,0
"Edoovillage #1068 - Ghana, Kuntanase: Catholic Basic School",2017-12-14,Labdoo Annahmestelle 45478 MH / Rhein-Ruhr (Hub),24,1,4,19,20,360,open,Ghana,0
"Edoovillage #1069 - Sri Lanka, Wattala: Paalam International School | Face to Face e.V.",2017-12-18,Labdoo Hub Zürich (Schweiz) | Labdoo Annahmestelle 45478 MH / Rhein-Ruhr (Hub),9,0,9,0,100,200,completed,Sri Lanka,1
"Edoovillage #1070 - Sri Lanka, Jaffna: Paalam International School | Face to Face e.V.",2017-12-18,Labdoo Annahmestelle 45478 MH / Rhein-Ruhr (Hub),7,0,7,0,100,100,completed,Sri Lanka,1
"Edoovillage #1071 - Taiwan, NanTou : Nantou Kindness Home",2017-12-19,Labdoo Hub California (South),5,0,1,4,20,60,completed,Taiwan,1
"Edoovillage #1072 - Peru, Cayma: Arequipa School (PIECES)",2017-12-19,Labdoo Hub Zürich (Schweiz),4,0,4,0,100,70,completed,Peru,1
"Edoovillage #1073 - Senegal, cabrousse: Senegal, Mädchen-Wohngemeinschaft in Oussouye",2017-12-19,Labdoo Hub Salzburg,10,0,13,0,100,20,completed,Senegal,1
"Edoovillage #1075 - Madagascar, Talata: Kinder von Talata",2017-12-20,Labdoo Hub Salzburg,10,0,5,5,50,750,open,Madagascar,0
"Edoovillage #1076 - Ghana, Adenta Accra: Preparatory and Junior high School and Sowa Din Memorial | BKVGS",2017-12-24,Labdoo Annahmestelle 45478 MH / Rhein-Ruhr (Hub),20,0,20,0,100,600,completed,Ghana,1
"Edoovillage #1077 - Bangladesh, Ibrahimpur: Village School | Den Kindern zuliebe eV",2017-12-24,Labdoo Annahmestelle 45478 MH / Rhein-Ruhr (Hub),20,0,0,20,0,1250,open,Bangladesh,0
"Edoovillage #1078 - Bosnia and Herzegovina, Bihac: Schule Izacic Kamenica | Leben und Lernen in Bosnien e.V.",2017-12-24,Labdoo Annahmestelle 45478 MH / Rhein-Ruhr (Hub),24,0,24,0,100,534,completed,Bosnia and Herzegovina,1
"Edoovillage #1079 - Switzerland, Bachenbülach: PC-Kurs für Asylbewerber 'Im Baumgarten'",2017-12-28,Labdoo Hub Zürich (Schweiz),0,0,0,0,0,6,completed,Switzerland,1
"Edoovillage #1080 - Ghana, Accra: Perfect High Senior School | St. Hildegardis Gymnasium",2017-12-29,Labdoo Annahmestelle 45478 MH / Rhein-Ruhr (Hub),13,0,13,0,100,200,completed,Ghana,1
"Edoovillage #1081 - Spain, Badalona: Projecte Coco - Comunicació comunitària",2018-01-01,Grassroots,2,0,2,0,100,20,completed,Spain,1
"Edoovillage #1082 - Ghana,  Aflao:  Home of Brains | On The Move eV",2018-01-05,Labdoo Annahmestelle 45478 MH / Rhein-Ruhr (Hub),45,0,25,20,55,2326,open,Ghana,0
"Edoovillage #1083 - Dominican Republic, Jarabacoa: OpenStreetMap Central American and Caribbean Community",2018-01-10,Labdoo Hub Taipei @EWB-Taiwan,3,0,0,3,0,7,completed,Dominican Republic,1
"Edoovillage #1084 - Cambodia, Siem Reap: Rotary Club Angkor - Siem Reap",2018-01-10,Labdoo Hub Taipei @EWB-Taiwan,20,0,0,20,0,2480,open,Cambodia,0
"Edoovillage #1085 - Cambodia, Wat Kor / Kampongseyma village: Countryside Class |  Seed of Small Beginnings",2018-01-10,Labdoo Hub Zürich (Schweiz) | Labdoo Annahmestelle 45478 MH / Rhein-Ruhr (Hub),6,0,3,3,50,145,open,Cambodia,0
"Edoovillage #1086 - Pakistan, Gujranwala: IT for Zeph Girls",2018-01-14,Grassroots | Labdoo Hub California (South) | Labdoo School Hub Vilafranca - Col·legi Vedruna Sant Elies,20,0,4,16,20,36,open,Pakistan,0
"Edoovillage #1087 - Uganda, Nakivale / Isingiro: Opportunity hub for refugees | OPPORTUNIGEE",2018-01-17,Labdoo Annahmestelle 45478 MH / Rhein-Ruhr (Hub),14,0,14,0,100,42,completed,Uganda,1
"Edoovillage #1088 - Kenya, Kisumu: Open Learning Exchange Kisumu Digital School Project",2018-01-22,Labdoo Hub Upper West - New York,20,0,2,18,10,400,open,Kenya,0
"Edoovillage #1089 - Ghana, Ahenkro: Ahenkro District Junior High School",2018-01-23,Labdoo Annahmestelle 45478 MH / Rhein-Ruhr (Hub),25,0,27,0,100,400,open,Ghana,0
"Edoovillage #1090 - India, Champhai: FOR LEARNING AND DEVELOPING for Bethel High School, Champhai, Mizoram, India",2018-01-24,Labdoo Hub Oxford,10,1,6,3,70,115,open,India,0
"Edoovillage #1091 - Cameroon, Bamenda: ACTWID vocational training center",2018-01-24,Labdoo Hub Zürich (Schweiz),50,0,45,5,90,500,completed,Cameroon,1
"Edoovillage #1092 - Germany, Duisburg: Duisentrieb - Offene Werkstatt | Gebag CityWohnpark",2018-01-25,Labdoo Annahmestelle 45478 MH / Rhein-Ruhr (Hub),19,0,19,0,100,60,completed,Germany,1
"Edoovillage #1093 - Switzerland, Bülach: OEKOWI",2018-01-26,Labdoo Hub Zürich (Schweiz),8,0,8,0,100,50,completed,Switzerland,1
"Edoovillage #1094 - Cameroon, Molyko, Buae, : Technology for Quality Education",2018-01-30,Grassroots | Labdoo Hub Upper West - New York | Labdoo Hub California (South),15,0,5,10,33,75,completed,Cameroon,1
"Edoovillage #1095 - Sierra Leone, Freetown: The Vidya Project",2018-01-30,Labdoo Hub Upper West - New York,10,0,6,4,60,200,open,Sierra Leone,0
"Edoovillage #1096 - Kenya, Ukunda: Diani Busara Junior School | Future for Kids Kenia e.V.",2018-01-31,Labdoo Annahmestelle 45478 MH / Rhein-Ruhr (Hub),20,0,0,20,0,400,open,Kenya,0
"Edoovillage #1097 - Kenya, nairobi: Don Bosco Boys Town",2018-02-01,Labdoo Annahmestelle 53173 Bonn: Ulrich Egger (Hub),10,0,10,0,100,400,completed,Kenya,1
"Edoovillage #1098 - Kenya, Kitui: Primary School Kitui",2018-02-01,Labdoo Annahmestelle 53173 Bonn: Ulrich Egger (Hub),10,0,0,10,0,78,completed,Kenya,1
"Edoovillage #1099 - Greece, Antissa, Lesbos: Senior High School | Krass in Athens",2018-02-02,Labdoo Annahmestelle 45478 MH / Rhein-Ruhr (Hub),4,0,0,4,0,93,open,Greece,0
"Edoovillage #1100 - South Africa, Kapstadt: Sammelprojekt Pfadfinder Scouts Africa | Nangu Thina eV",2018-02-07,Labdoo Annahmestelle 45478 MH / Rhein-Ruhr (Hub),22,0,22,0,100,80,completed,South Africa,1
"Edoovillage #1101 - Morocco, CITE SALAM: Association de sauvegarde et protection des sourds",2018-02-12,Labdoo Annahmestelle 45478 MH / Rhein-Ruhr (Hub),20,0,13,7,65,30,open,Morocco,0
"Edoovillage #1102 - Ghana, Odomase, Sunyani: Odomaseman Senior High School | Ghana Union Düsseldorf e.V.",2018-02-12,Labdoo Annahmestelle 45478 MH / Rhein-Ruhr (Hub),66,0,66,0,100,1226,completed,Ghana,1
"Edoovillage #1103 - Kenya, Kibera Nairobi: Globle Foundation School",2018-02-13,Labdoo Annahmestelle 45478 MH / Rhein-Ruhr (Hub),15,0,8,7,53,530,open,Kenya,0
"Edoovillage #1104 - Indonesia, Bekasi  : Serving kids |  Loving God,  Loving People",2018-02-16,Labdoo Annahmestelle 45478 MH / Rhein-Ruhr (Hub),2,0,2,0,100,100,completed,Indonesia,1
"Edoovillage #1105 - Bosnia and Herzegovina, Domanovici: Primary school",2018-02-16,Labdoo Annahmestelle 45478 MH / Rhein-Ruhr (Hub),20,0,20,0,100,295,completed,Bosnia and Herzegovina,1
"Edoovillage #1106 - Romania, Santana: Liceul Technologie 'Stefan Hell'  -  Learning by Doing",2018-02-16,Labdoo Hub Salzburg,12,0,2,10,16,380,open,Romania,0
"Edoovillage #1107 - Cameroon, Bassamba: Projecte Bandjuijong",2018-02-19,Labdoo Hub Manresa,1,0,6,0,100,23,open,Cameroon,0
"Edoovillage #1108 - Cameroon, Batié: Intercanvi correspondència i treballs informàtics Projecte Batié - Manresa",2018-02-19,Labdoo Hub Manresa,1,0,1,0,100,0,open,Cameroon,0
"Edoovillage #1109 - Myanmar, Naypyitaw: Myanmar Women and Children Development Foundation",2018-02-23,Labdoo Hub California (South),30,2,8,20,33,500,completed,Myanmar,1
"Edoovillage #1110 - Costa Rica, Alajuela: Sancarleños Emprendedores",2018-02-25,Labdoo Hub Manresa,6,3,1,2,66,20,open,Costa Rica,0
"Edoovillage #1111 - Romania, Santana: scoala-sfanta-ana",2018-02-26,Labdoo Hub Salzburg,12,0,6,6,50,156,open,Romania,0
"Edoovillage #1112 - United Kingdom, Brighton: Master’s thesis: A bioinformatics based study on ‘Signatures of mutational processes in cancer’",2018-02-27,Labdoo Hub Oxford,1,0,1,0,100,1,completed,United Kingdom,1
"Edoovillage #1113 - India, Dantu: Bridging the Digital empowerment gap between haves and have nots in Dantu, Jarkhand, India",2018-03-01,Labdoo Hub Oxford,20,0,3,17,15,260,open,India,0
"Edoovillage #1114 - Kenya, Nairobi: Judah Care Foundation Student Computer Literacy Programme",2018-03-02,Labdoo Hub California (South),10,0,9,1,90,176,open,Kenya,0
"Edoovillage #1115 - Spain, Madrid: Asociación de mujeres unidas contra el maltrato (MUM)",2018-03-02,Grassroots,3,0,3,0,100,6,open,Spain,0
"Edoovillage #1116 - Kenya, Kisumu City: Home of Brains | On The Move e.V.",2018-03-04,Labdoo Annahmestelle 45478 MH / Rhein-Ruhr (Hub),40,0,40,0,100,2950,completed,Kenya,1
"Edoovillage #1117 - Cameroon, Tiko: Educational Program for Orphans and underprivileged children in Tiko semi-urban slums | COREDA",2018-03-04,Labdoo Annahmestelle 45478 MH / Rhein-Ruhr (Hub),3,0,0,3,0,60,completed,Cameroon,1
"Edoovillage #1118 - Cambodia, Bech Khlok: Primary School | Seed of Small Beginnings",2018-03-04,Labdoo Annahmestelle 45478 MH / Rhein-Ruhr (Hub),3,0,3,0,100,70,completed,Cambodia,1
"Edoovillage #1119 - Germany, München: Flüchtlings- / Integrationshilfe | Social Bee gGmbH",2018-03-04,Labdoo Annahmestelle 80804 München (Hub) | Labdoo Annahmestelle 45478 MH / Rhein-Ruhr (Hub),10,0,10,0,100,30,completed,Germany,1
"Edoovillage #1120 - Ghana, Abesowa  Juaben Ashanti: ICT Center for Abesowa DA JHS | Ghana Union Düsseldorf e.V.",2018-03-04,Labdoo Annahmestelle 45478 MH / Rhein-Ruhr (Hub),36,0,36,0,100,150,completed,Ghana,1
"Edoovillage #1121 - Germany, Krefeld: Selbstlernzentren | Flüchtlingskoordinatorin der Stadt Krefeld",2018-03-05,Labdoo Annahmestelle 45478 MH / Rhein-Ruhr (Hub),24,0,24,0,100,75,completed,Germany,1
"Edoovillage #1122 - Tanzania, Mbeya: Lunji Primary School | Barista Harry - Harrysta Coffee",2018-03-09,Labdoo Annahmestelle 45478 MH / Rhein-Ruhr (Hub),12,0,12,0,100,300,completed,Tanzania,1
"Edoovillage #1123 - Kenya, karaba: Mwea Wango Institute of Technology",2018-03-09,Labdoo Annahmestelle 53173 Bonn: Ulrich Egger (Hub),10,0,4,6,40,94,open,Kenya,0
"Edoovillage #1124 - Gambia, Jamwelly: Holland Gambian Foundation Sunshine School",2018-03-12,Labdoo Hub Zürich (Schweiz),34,0,34,0,100,150,completed,Gambia,1
"Edoovillage #1125 - Ghana, Ada Foah: Creació d’una estructura informàtica a l’hospital d’Ada Foah",2018-03-12,Escola Monlau  | Labdoo School Hub Vilafranca - Col·legi Vedruna Sant Elies,10,0,25,0,100,4,open,Ghana,0
"Edoovillage #1126 - Uganda, Kampala: Digital Literacy Program for Out-of-School Youth in Kampala",2018-03-12,Labdoo Hub California (South),20,0,16,4,80,40,completed,Uganda,1
"Edoovillage #1127 - Tanzania, Mtware: Secondary/Highschool Aquinas, Mtwara, Tansania",2018-03-13,Labdoo Annahmestelle 53173 Bonn: Ulrich Egger (Hub),30,0,20,10,66,523,open,Tanzania,0
"Edoovillage #1128 - Germany, Ostseebad Heringsdorf: Hort „Alte Feuerwache“",2018-03-17,Labdoo Annahmestelle 21035 Hamburg - Bergedorf:  PC112 PCFeuerwehr GmbH [nach Absprache geöffnet],5,0,5,0,100,130,completed,Germany,1
"Edoovillage #1129 - Cameroon, Nkoumissé-Sud: Brunnen- und Hygieneprojekt | IoG Ingenieure ohne Grenzen Aachen | Eau saine sans frontières",2018-03-24,Labdoo Annahmestelle 45478 MH / Rhein-Ruhr (Hub),3,0,3,0,100,100,completed,Cameroon,1
"Edoovillage #1130 - South Africa, Philippi, 7750: Educational- Computer Literacy and English learning programs for Children & Youth",2018-03-29,Labdoo Annahmestelle 28215 Bremen (Hub) | Labdoo Annahmestelle 45478 MH / Rhein-Ruhr (Hub),30,0,1,29,3,450,open,South Africa,0
"Edoovillage #1131 - Switzerland, Geneva: Interactions",2018-04-01,Labdoo Hub Zürich (Schweiz),10,0,11,0,100,10,completed,Switzerland,1
"Edoovillage #1132 - Ghana, Accra: Advent Reformed Institute",2018-04-03,Labdoo Annahmestelle 45478 MH / Rhein-Ruhr (Hub),40,0,40,0,100,719,completed,Ghana,1
"Edoovillage #1133 - Uganda, Mukono: Martin Nkoyoyo Primary School and vocational training",2018-04-03,Labdoo Annahmestelle 45478 MH / Rhein-Ruhr (Hub),30,0,22,8,73,500,open,Uganda,0
"Edoovillage #1134 - Cameroon, Limbe: Goddy Tabi Bilingual Nursery and Primary School | GTA Schulverein eV",2018-04-07,Labdoo Annahmestelle 45478 MH / Rhein-Ruhr (Hub) | Labdoo Annahmestelle 90402 Nürnberg (Hub),25,0,0,25,0,250,open,Cameroon,0
"Edoovillage #1135 - Jordan, Amman: Hilfe für eine Schule zur Unterstützung von autistischen Kindern in Amman",2018-04-09,Labdoo Annahmestelle 45478 MH / Rhein-Ruhr (Hub),1,0,1,0,100,7,completed,Jordan,1
"Edoovillage #1136 - Peru, Cajamarca: Colegio San Agustin | Burschenschaftliche Hilfe e.V.",2018-04-09,Labdoo Annahmestelle 45478 MH / Rhein-Ruhr (Hub),35,0,0,35,0,152,open,Peru,0
"Edoovillage #1137 - Congo (Kinshasa), Idiofa:  Sainte Edith Stein d'Afrique ecolé",2018-04-10,Labdoo Annahmestelle 45478 MH / Rhein-Ruhr (Hub),78,0,78,0,100,200,completed,Congo (Kinshasa),1
"Edoovillage #1138 - Ethiopia, Addis Ababa: PROJECT-E Hospitality Institute | Education Empowers",2018-04-12,Labdoo Annahmestelle 45478 MH / Rhein-Ruhr (Hub),16,0,16,0,100,40,completed,Ethiopia,1
"Edoovillage #1139 - Venezuela, Maturin:                             Desempeño tecnológico para la educación de jóvenes.",2018-04-12,Labdoo Hub Manresa,5,33,4,0,100,400,open,Venezuela,0
"Edoovillage #1140 - Ghana, Hohoe: Royal Academy Preparation school",2018-04-13,Labdoo Annahmestelle 45478 MH / Rhein-Ruhr (Hub),20,0,0,20,0,130,completed,Ghana,1
"Edoovillage #1141 - South Africa, Cape Town: 9miles project",2018-04-13,Labdoo Annahmestelle 45478 MH / Rhein-Ruhr (Hub) | Labdoo Annahmestelle 28215 Bremen (Hub) | Labdoo Hub Zürich (Schweiz),18,0,18,0,100,40,completed,South Africa,1
"Edoovillage #1142 - Belize, San Ignacio:  2018 Belize Educational Service Group, NTHU",2018-04-14,Labdoo Hub Taiwan @EWB-Taiwan,30,25,0,5,83,120,open,Belize,0
"Edoovillage #1143 - Gambia, Kololi: John Pickering School",2018-04-16,Labdoo Annahmestelle 45478 MH / Rhein-Ruhr (Hub),5,0,2,3,40,600,completed,Gambia,1
"Edoovillage #1144 - Burundi, Bujumbura: École Saint Michel Archange | Congregation des Soeures Bene-Umukama | Neuss hilft Burundi",2018-04-18,Labdoo Annahmestelle 45478 MH / Rhein-Ruhr (Hub),15,0,8,7,53,30,open,Burundi,0
"Edoovillage #1145 - Germany, Düsseldorf: Internationalen Klassen an der GHS Bernburger",2018-04-18,Labdoo Annahmestelle 45478 MH / Rhein-Ruhr (Hub),3,0,3,0,100,45,completed,Germany,1
"Edoovillage #1146 - Nigeria, Enugu: DDL Education Department",2018-04-18,Labdoo Annahmestelle 45478 MH / Rhein-Ruhr (Hub),35,0,35,0,100,70,completed,Nigeria,1
"Edoovillage #1147 - Malawi, Karonga: St. Mary’s Girls‘ Secondary School | Next Generation Africa e.V.",2018-04-23,Labdoo Annahmestelle 45478 MH / Rhein-Ruhr (Hub),28,0,28,0,100,600,completed,Malawi,1
"Edoovillage #1148 - Malawi, Karonga: Chaminade Secondary School | Next Generation Africa e.V.",2018-04-23,Labdoo Annahmestelle 45478 MH / Rhein-Ruhr (Hub),26,0,25,1,96,1300,open,Malawi,0
"Edoovillage #1149 - Sudan, Tawilah - Darfur: Secondery Boy School | UNAMID Team | Lachen Helfen eV",2018-04-23,Labdoo Annahmestelle 45478 MH / Rhein-Ruhr (Hub),14,1,13,0,100,550,completed,Sudan,1
"Edoovillage #1150 - Senegal, Thiès:  École Cem Nguinth",2018-04-24,Labdoo Hub Salzburg,6,0,6,0,100,170,completed,Senegal,1
"Edoovillage #1151 - Cambodia, Puok District: Camboya Sonríe",2018-04-25,Labdoo Hub Barcelona @I2CAT Campus Nord,10,0,6,4,60,220,open,Cambodia,0
"Edoovillage #1152 - Mali, Senou, Bamako: Ecole Tagnè",2018-04-26,Labdoo Hub Zürich (Schweiz),28,0,30,0,100,130,completed,Mali,1
"Edoovillage #1153 - Hong Kong S.A.R., China, Hong Kong: RefuGeek  Hong Kong",2018-04-27,Labdoo Hub Hong Kong - Central,5,0,1,4,20,10,open,"Hong Kong S.A.R., China",0
"Edoovillage #1154 - Malawi, Zalewa: FACE Secondary School Zalewa",2018-04-30,Labdoo Annahmestelle 45478 MH / Rhein-Ruhr (Hub),30,0,6,24,20,130,open,Malawi,0
"Edoovillage #1155 - Germany, Berlin: Fondation Bolingo e.V.",2018-05-02,Labdoo Annahmestelle 45478 MH / Rhein-Ruhr (Hub) | Labdoo Annahmestelle 12051 Berlin: Wertraum | Die Wille gGmbH,25,0,25,0,100,23,completed,Germany,1
"Edoovillage #1156 - U.S. Virgin Islands, St. Thomas,: Re-Charging St. Thomas",2018-05-03,Labdoo Hub California (South) | Labdoo Hub Upper West - New York,30,0,2,28,6,365,completed,U.S. Virgin Islands,1
"Edoovillage #1157 - Morocco, Ouled MBarek: Union Nationale des Femmes du Maroc (UNFM)",2018-05-04,Labdoo Hub Upper West - New York,9,0,1,8,11,0,open,Morocco,0
"Edoovillage #1158 - Senegal, cabrousse: Senegal Ziguinchor, Carbousse, Oussouye  Woman - Comunitie",2018-05-05,Labdoo Hub Salzburg | Labdoo Hub Barcelona @LaSalle,4,0,4,0,100,18,completed,Senegal,1
"Edoovillage #1159 - Germany, Duisburg: Max-Planck-Gymnasium Duisburg",2018-05-07,Labdoo Annahmestelle 45478 MH / Rhein-Ruhr (Hub),48,0,48,0,100,950,completed,Germany,1
"Edoovillage #1160 - India, Tirunelveli: Friends of India",2018-05-17,Labdoo Hub Zürich (Schweiz),25,0,25,0,100,450,open,India,0
"Edoovillage #1161 - Cameroon, Tiko: SABIBI FOUNDATION-Integrated ICTs Education for the challenges of globalization",2018-05-23,Labdoo Hub California (South) | Labdoo Hub Upper West - New York,30,0,6,24,20,600,completed,Cameroon,1
"Edoovillage #1162 - Uganda, Mpigi Kampala: Technologies for improved STEM education | Sayans.org",2018-05-23,Labdoo Annahmestelle 45478 MH / Rhein-Ruhr (Hub),15,0,7,8,46,30,open,Uganda,0
"Edoovillage #1163 - Kenya, Kibera Nairobi: Garden of Hope Foundation",2018-05-24,Labdoo Annahmestelle 45478 MH / Rhein-Ruhr (Hub),20,0,0,20,0,15,open,Kenya,0
"Edoovillage #1164 - Gambia, Brufut: Scanaid Secondary School",2018-05-25,Labdoo Annahmestelle 45478 MH / Rhein-Ruhr (Hub),60,0,52,8,86,930,completed,Gambia,1
"Edoovillage #1165 - Mali, Bamako: Mädchenzentrum Jigiya Bon | Häuser der Hoffnung -  Schulbildung für Afrika e.V.",2018-05-29,Labdoo Annahmestelle 45478 MH / Rhein-Ruhr (Hub),44,0,34,10,77,70,open,Mali,0
"Edoovillage #1166 - India, Bengaluru: Morning Star Orphanage and Learning Center of 'Stiftung Kinderhilfe des Swissair Personals'",2018-05-31,Labdoo Hub Zürich (Schweiz),5,0,5,0,100,100,completed,India,1
"Edoovillage #1167 - Nigeria, Ondo: St Raphael’s Primary school",2018-05-31,Labdoo Annahmestelle 53173 Bonn: Ulrich Egger (Hub) | Labdoo Annahmestelle 45478 MH / Rhein-Ruhr (Hub),35,0,23,12,65,758,open,Nigeria,0
"Edoovillage #1168 - Mongolia, Tschoibalsan: Dornod Province Kherlen Soum Primary School 2",2018-06-05,Labdoo Hub Zürich (Schweiz),20,0,20,0,100,322,completed,Mongolia,1
"Edoovillage #1169 - Nigeria, Port Harcourt: ATTEC – AfricanTide Technical Education Centre | AfricanTide Union e.V.",2018-06-08,Labdoo Annahmestelle 45478 MH / Rhein-Ruhr (Hub),45,0,0,45,0,400,open,Nigeria,0
"Edoovillage #1170 - Uganda, Kampala: Pearl farmers training",2018-06-08,Labdoo Annahmestelle 45478 MH / Rhein-Ruhr (Hub),5,0,4,1,80,100,open,Uganda,0
"Edoovillage #1171 - Germany, Herne: 'Lern-Medien-Werkstatt' der Jugendkunstschule Wanne-Eickel e. V.",2018-06-08,Labdoo Annahmestelle 45478 MH / Rhein-Ruhr (Hub),4,0,4,0,100,65,completed,Germany,1
"Edoovillage #1172 - Uganda, Kampala: Youth Empowerment, training and self dependency / M0CF YOUTH CLUB",2018-06-10,Labdoo Hub Salzburg,12,0,3,9,25,120,open,Uganda,0
"Edoovillage #1173 - Uganda, Mpigi Town: SINA Lazima Nipate",2018-06-11,Labdoo Annahmestelle 45478 MH / Rhein-Ruhr (Hub) | Labdoo Hub Salzburg,6,0,6,0,100,30,completed,Uganda,1
"Edoovillage #1174 - Hong Kong S.A.R., China, Hong Kong: Lensational Hong Kong",2018-06-15,Labdoo Hub Hong Kong - Central,5,0,1,4,20,40,open,"Hong Kong S.A.R., China",0
"Edoovillage #1175 - Germany, Lübben: Flüchtlingshilfe Diakonisches Werk Lübben gGmbH",2018-06-15,Labdoo Annahmestelle 45478 MH / Rhein-Ruhr (Hub),2,2,0,0,100,2,completed,Germany,1
"Edoovillage #1176 - Tanzania, Iringa Region: Mobile Computer Rooms Iringa - MoCoRi | Freunde der St. James Kilolo Secondary School",2018-06-21,Labdoo Annahmestelle 45478 MH / Rhein-Ruhr (Hub),20,0,0,20,0,1000,open,Tanzania,0
"Edoovillage #1177 - Mexico, La Joya: Children with Faith, Computers for after-school studies",2018-06-25,Labdoo Hub California (South) | Labdoo Hub- Kingdom Builders Ministry,6,0,9,0,100,20,completed,Mexico,1
"Edoovillage #1178 - South Africa, Phoenix, Durban: Enhancing classroom experience and creating digital learners at Greenheights Primary",2018-06-25,Labdoo Annahmestelle 28215 Bremen (Hub),10,0,8,2,80,650,open,South Africa,0
"Edoovillage #1179 - Uganda, Mpigi town: Kyaffe Farmers | SINA",2018-06-27,Labdoo Annahmestelle 45478 MH / Rhein-Ruhr (Hub),7,0,5,2,71,10,completed,Uganda,1
"Edoovillage #1180 - Uganda, Mpigi town: Training mechanics and drivers to have a strong connection and network in the entire country and how to use the online gadgets",2018-06-28,Labdoo Hub Upper West - New York,3,0,2,1,66,10,open,Uganda,0
"Edoovillage #1181 - Cameroon, Yaoundé: Ecole des Sages",2018-06-30,Labdoo Annahmestelle 45478 MH / Rhein-Ruhr (Hub),30,0,0,30,0,567,open,Cameroon,0
"Edoovillage #1182 - Tanzania, Kagera City: ICT Training for young people | CBOs-Karagwe Changamoto(KC)",2018-06-30,Labdoo Annahmestelle 45478 MH / Rhein-Ruhr (Hub),25,0,8,17,32,100,open,Tanzania,0
"Edoovillage #1183 - Ghana, Akim-Awenare: ICT Center for Akim-Awenare D/A JHS | Ghana Union Düsseldorf e.V.",2018-07-01,Labdoo Annahmestelle 45478 MH / Rhein-Ruhr (Hub),25,0,25,0,100,120,completed,Ghana,1
"Edoovillage #1184 - Switzerland, Oberwil-Lieli: Lieliputs School",2018-07-02,Labdoo Hub Zürich (Schweiz),6,0,0,6,0,30,completed,Switzerland,1
"Edoovillage #1185 - Cameroon, Nkolafamba: Groupe Scolaire Bilingue LES EPIS D'OR",2018-07-02,Labdoo Annahmestelle 45478 MH / Rhein-Ruhr (Hub),35,0,35,0,100,310,completed,Cameroon,1
"Edoovillage #1186 - Ghana, Agona Duakwa: Saint Michael prep school | Love from Africa e.V.",2018-07-02,Labdoo Annahmestelle 45478 MH / Rhein-Ruhr (Hub),18,0,15,3,83,292,open,Ghana,0
"Edoovillage #1187 - Ghana, Agona Duakwa: Gift of Hope project | Love from Africa e.V.",2018-07-04,Labdoo Annahmestelle 45478 MH / Rhein-Ruhr (Hub),3,0,3,0,100,30,open,Ghana,0
"Edoovillage #1188 - Ghana, Asikuma: Catholic Girls School | Go4More",2018-07-07,Labdoo Annahmestelle 45478 MH / Rhein-Ruhr (Hub),30,0,5,25,16,785,open,Ghana,0
"Edoovillage #1189 - Ghana, NWOMASO: METHODIST PRIMARY SCHOOL | Go4More",2018-07-07,Labdoo Annahmestelle 45478 MH / Rhein-Ruhr (Hub),40,0,0,40,0,386,open,Ghana,0
"Edoovillage #1190 - Ghana, Kokoben: PRESBY BASIC COMPUTER PROJECT | Ghana Union Düsseldorf e.V.",2018-07-10,Labdoo Annahmestelle 45478 MH / Rhein-Ruhr (Hub),28,0,28,0,100,381,completed,Ghana,1
"Edoovillage #1191 - Ghana, Gomoa  Dago: Basic School | Ghana Union Düsseldorf e.V.",2018-07-10,Labdoo Annahmestelle 45478 MH / Rhein-Ruhr (Hub),28,0,28,0,100,1041,completed,Ghana,1
"Edoovillage #1192 - Togo, Kpalimé: Bildungszentrum ASTOVOT",2018-07-17,Labdoo Annahmestelle 90402 Nürnberg (Hub),10,0,10,0,100,3000,open,Togo,0
"Edoovillage #1193 - Dominican Republic, Santa Barbara de Samana: Mama Elba School | Fundación Aldeas de Paz Cooperation | aldeasdepaz.org",2018-07-19,Labdoo Annahmestelle 45478 MH / Rhein-Ruhr (Hub),7,0,7,0,100,10,completed,Dominican Republic,1
"Edoovillage #1194 - Ghana, Agona Swedru: St. Anthony of Padua Catholic Church | Ghana Union Düsseldorf eV",2018-07-19,Labdoo Annahmestelle 45478 MH / Rhein-Ruhr (Hub),28,0,28,0,100,400,completed,Ghana,1
"Edoovillage #1195 - Ghana, Kumasi: Achiaa Greenlight School | DoYouAfrica e.V.",2018-07-19,Labdoo Annahmestelle 12051 Berlin: Wertraum | Die Wille gGmbH | Labdoo Annahmestelle 45478 MH / Rhein-Ruhr (Hub),40,0,40,0,100,800,open,Ghana,0
"Edoovillage #1196 - Dominican Republic, San Cristobal: CHEJA Youth Club | Fundación Aldeas de Paz Cooperation | aldeasdepaz.org",2018-07-19,Labdoo Annahmestelle 45478 MH / Rhein-Ruhr (Hub),3,0,3,0,100,30,completed,Dominican Republic,1
"Edoovillage #1197 - Germany, Duisburg: DRK Flüchtlingsunterkunft Hamborn | Bürgerstiftung Duisburg",2018-07-20,Labdoo Annahmestelle 45478 MH / Rhein-Ruhr (Hub),12,0,12,0,100,12,completed,Germany,1
"Edoovillage #1198 - Ghana, Ayeduasei Kumasi: Peace and Love International School | Ein Lächeln für Ghana eV",2018-07-20,Labdoo Annahmestelle 45478 MH / Rhein-Ruhr (Hub),25,0,0,25,0,200,open,Ghana,0
"Edoovillage #1199 - Tanzania, Dar es Salaam Mbagala-Chamazi : Mkombozi Montessori Primary School | Kongregation der Schwestern des Erlösers",2018-07-20,Labdoo Annahmestelle 45478 MH / Rhein-Ruhr (Hub),57,0,57,0,100,280,completed,Tanzania,1
"Edoovillage #1200 - Uganda, Kampala: Nursery and Primary School | SAI Saving Arms International",2018-07-20,Labdoo Annahmestelle 45478 MH / Rhein-Ruhr (Hub),26,0,26,0,100,217,completed,Uganda,1
"Edoovillage #1201 - Germany, Essen: Flüchtlings- / Integrationshilfe / Home Schooling | Private Initiativen | COVID-19-DE",2018-07-24,Labdoo Annahmestelle 45478 MH / Rhein-Ruhr (Hub),3,0,3,0,100,3,completed,Germany,1
"Edoovillage #1202 - Germany, Hanau: Flüchtlings- / Integrationshilfe (Private Initiativen)",2018-07-26,Labdoo Annahmestelle 45478 MH / Rhein-Ruhr (Hub),0,0,0,0,0,4,completed,Germany,1
"Edoovillage #1203 - Malawi, Eswazini: Eswazini Community Day Secondary School | Next Generation Africa e.V.",2018-07-26,Labdoo Annahmestelle 45478 MH / Rhein-Ruhr (Hub),20,0,20,0,100,230,completed,Malawi,1
"Edoovillage #1204 - Kenya, Kilifi: Gapeka Children’s Hope Centre",2018-07-27,Labdoo Hub Zürich (Schweiz),5,0,5,0,100,666,open,Kenya,0
"Edoovillage #1205 - Gjilan: Schools of Municipality of Gjilan, Kosovo",2018-07-27,Labdoo Hub Zürich (Schweiz),40,0,69,0,100,18720,completed,xx,1
"Edoovillage #1206 - Ghana, Nsawam: Amanfo Presby Basic School | Ghana Union Düsseldorf eV",2018-07-31,Labdoo Annahmestelle 45478 MH / Rhein-Ruhr (Hub),28,0,28,0,100,287,completed,Ghana,1
"Edoovillage #1207 - Nepal, Tarakeshwar : Teaching Computer Science Kavresthali Nepal",2018-07-31,Labdoo Hub Barcelona @I2CAT Campus Nord,10,0,4,6,40,200,open,Nepal,0
"Edoovillage #1208 - Ghana, Kumawu Besoro: DA 2 Junior High School | Ghana Cargo",2018-07-31,Labdoo Annahmestelle 45478 MH / Rhein-Ruhr (Hub),12,0,12,0,100,65,completed,Ghana,1
"Edoovillage #1209 - Ghana, Kumawu Besoro: DA Primary school | Ghana Cargo",2018-07-31,Labdoo Annahmestelle 45478 MH / Rhein-Ruhr (Hub),12,0,12,0,100,280,completed,Ghana,1
"Edoovillage #1210 - Ghana, Kumawu Besoro: RC Primary school | Ghana Cargo",2018-07-31,Labdoo Annahmestelle 45478 MH / Rhein-Ruhr (Hub),12,0,12,0,100,253,completed,Ghana,1
"Edoovillage #1211 - Ghana, Kumawu Besoro: Methodists Junior High School | Ghana Cargo",2018-07-31,Labdoo Annahmestelle 45478 MH / Rhein-Ruhr (Hub),14,0,14,0,100,43,completed,Ghana,1
"Edoovillage #1212 - Ghana, Kumawu Besoro: DA 1 Junior High School | Ghana Cargo",2018-07-31,Labdoo Annahmestelle 45478 MH / Rhein-Ruhr (Hub),12,0,12,0,100,65,completed,Ghana,1
"Edoovillage #1213 - Ghana, Kumawu Besoro: Methodists Primary School | Ghana Cargo",2018-07-31,Labdoo Annahmestelle 45478 MH / Rhein-Ruhr (Hub),14,0,14,0,100,65,completed,Ghana,1
"Edoovillage #1214 - Ghana, Nkwanta: AME Zion Junior High School | Ghana Cargo",2018-07-31,Labdoo Annahmestelle 45478 MH / Rhein-Ruhr (Hub),12,0,13,0,100,45,completed,Ghana,1
"Edoovillage #1215 - Ghana, Aninangya: Methodists Junior High School | Ghana Cargo",2018-07-31,Labdoo Annahmestelle 45478 MH / Rhein-Ruhr (Hub),12,0,12,0,100,50,completed,Ghana,1
"Edoovillage #1216 - Ghana, Aninangya: Methodists Primary School | Ghana Cargo",2018-07-31,Labdoo Annahmestelle 45478 MH / Rhein-Ruhr (Hub),12,0,12,0,100,158,completed,Ghana,1
"Edoovillage #1217 - Ghana, Woraso: DA Junior High School | Ghana Cargo",2018-07-31,Labdoo Annahmestelle 45478 MH / Rhein-Ruhr (Hub),14,0,14,0,100,81,completed,Ghana,1
"Edoovillage #1218 - Ghana, Woraso: Presby Junior High School | Ghana Cargo",2018-07-31,Labdoo Annahmestelle 45478 MH / Rhein-Ruhr (Hub),14,0,14,0,100,66,completed,Ghana,1
"Edoovillage #1219 - Ghana, Atwidie: DA Junior High School | Ghana Cargo",2018-07-31,Labdoo Annahmestelle 45478 MH / Rhein-Ruhr (Hub),16,0,16,0,100,80,completed,Ghana,1
"Edoovillage #1220 - Tanzania, Moshi: Kilacha Production and Training Centre | Catholic Diocese of Moshi",2018-08-03,Labdoo Annahmestelle 45478 MH / Rhein-Ruhr (Hub),50,0,15,35,30,452,open,Tanzania,0
"Edoovillage #1221 - Uganda, Nakivale / Isingiro: NYANDJA Art and education in the hands of everyone",2018-08-04,Labdoo Annahmestelle 45478 MH / Rhein-Ruhr (Hub),21,0,0,21,0,52,open,Uganda,0
"Edoovillage #1222 - Uganda, Kampala: Marget’s Orphanage Center",2018-08-07,Labdoo Annahmestelle 45478 MH / Rhein-Ruhr (Hub),20,0,2,18,10,65,open,Uganda,0
"Edoovillage #1223 - Uganda, Rwera: School for the Deaf",2018-08-10,Labdoo Annahmestelle 45478 MH / Rhein-Ruhr (Hub),13,0,13,0,100,115,completed,Uganda,1
"Edoovillage #1224 - Ghana, Accra: Paullen Kids Academy",2018-08-12,Labdoo Annahmestelle 45478 MH / Rhein-Ruhr (Hub),10,0,10,0,100,40,completed,Ghana,1
"Edoovillage #1225 - Germany, Hamburg: OUR NEWSTART NETWORK",2018-08-16,Labdoo Annahmestelle 45478 MH / Rhein-Ruhr (Hub) | Labdoo Annahmestelle 21035 Hamburg - Bergedorf:  PC112 PCFeuerwehr GmbH [nach Absprache geöffnet],13,0,13,0,100,120,completed,Germany,1
"Edoovillage #1226 - Congo (Kinshasa), Goma: Africa New Day UJN School",2018-08-16,Labdoo Hub California (South),10,0,0,10,0,129,completed,Congo (Kinshasa),1
"Edoovillage #1227 - Ghana, Adiembra: Kweikuma ITC Lab | Ghana Union Düsseldorf eV",2018-08-18,Labdoo Annahmestelle 45478 MH / Rhein-Ruhr (Hub),28,0,28,0,100,550,completed,Ghana,1
"Edoovillage #1228 - Romania, ciuhou: Rumania Bihor, ciuhoi-School",2018-08-19,Labdoo Hub Salzburg | Labdoo Annahmestelle 80804 München (Hub),30,0,28,2,93,62,completed,Romania,1
"Edoovillage #1229 - Uganda, Mpigi town: FASHIONABILITY Training persons with disabilities ICT skills | SINA",2018-08-19,Labdoo Annahmestelle 45478 MH / Rhein-Ruhr (Hub),8,0,4,4,50,35,open,Uganda,0
"Edoovillage #1230 - Armenia, Aygehovit: Aygehovit Kindergarten",2018-08-19,Labdoo Hub Zürich (Schweiz),5,0,5,0,100,101,open,Armenia,0
"Edoovillage #1231 - Switzerland, Oberwil-Lieli: Projekt CROWDlearning",2018-08-19,Labdoo Hub Zürich (Schweiz),0,0,0,0,0,40,completed,Switzerland,1
"Edoovillage #1232 - Algeria, Tindouf: Escuela Ahmed Abdel Fatah",2018-08-22,Labdoo School Hub Vilafranca - INS Eugeni d'ORS,1,0,1,0,100,70,completed,Algeria,1
"Edoovillage #1233 - Uganda, Mpigi Town: Virtual Hostel | SINA",2018-08-22,Labdoo Annahmestelle 45478 MH / Rhein-Ruhr (Hub),12,0,0,12,0,25,open,Uganda,0
"Edoovillage #1234 - Ghana, Diabene: Diabene Community ICT Project | Ghana Union Düsseldorf eV",2018-08-23,Labdoo Annahmestelle 45478 MH / Rhein-Ruhr (Hub),31,0,31,0,100,600,completed,Ghana,1
"Edoovillage #1235 - Germany, Mönchengladbach: Villa Humboldt | LOOP gemeinnützige Kinder- und Jugendhilfe GmbH",2018-08-23,Labdoo Annahmestelle 45478 MH / Rhein-Ruhr (Hub),0,0,0,0,0,9,completed,Germany,1
"Edoovillage #1236 - Malawi, Tawuka: Takuwa School | SES Bonn",2018-08-23,Labdoo Annahmestelle 45478 MH / Rhein-Ruhr (Hub) | Labdoo Annahmestelle 53173 Bonn: Ulrich Egger (Hub),15,0,13,2,86,300,completed,Malawi,1
"Edoovillage #1237 - Haiti, Port-au-Prince: Associazione Missione Belem Onlus",2018-08-23,Labdoo Hub Zürich (Schweiz),10,0,9,1,90,1700,completed,Haiti,1
"Edoovillage #1238 - Uganda, Mpigi: Women of Destiny - Mpigi, Uganda",2018-08-24,Labdoo Hub Upper West - New York,5,0,0,5,0,20,open,Uganda,0
"Edoovillage #1239 - Guatemala, Chimaltenango: Comunidad La Esperanza - Ampliación del Laboratorio de Computación & Diversificación de Recursos Educativos",2018-09-03,Labdoo Hub Upper West - New York,34,0,0,34,0,58,open,Guatemala,0
"Edoovillage #1240 - Uganda, Mpigi Town: Kankobe Childrens Home | SINA | Jangu e.V.",2018-09-04,Labdoo Annahmestelle 45478 MH / Rhein-Ruhr (Hub),3,0,0,3,0,96,open,Uganda,0
"Edoovillage #1241 - Burundi, Gitega: Lycée S. Kizito | Next Generation Africa e.V.",2018-09-05,Labdoo Annahmestelle 45478 MH / Rhein-Ruhr (Hub),5,0,5,0,100,742,completed,Burundi,1
"Edoovillage #1242 - Guatemala, Guatemala: Jordi Project: for a Better Paradise",2018-09-06,Labdoo Hub California (South),10,0,12,0,100,50,completed,Guatemala,1
"Edoovillage #1243 - Germany, München: Flüchtlings- / Integrations- / Home Schooling Hilfe | Private Initiativen | COVID-19-DE",2018-09-06,Labdoo Annahmestelle 80804 München (Hub),6,4,7,0,100,6,completed,Germany,1
"Edoovillage #1244 - Burkina Faso, Ouagadougou: AEV2D Association pour l'Entrepreneuriat Vert et Développement Durable",2018-09-08,Labdoo Annahmestelle 45478 MH / Rhein-Ruhr (Hub),10,0,2,8,20,65,open,Burkina Faso,0
"Edoovillage #1245 - Ghana, Accra: Solid Rock Association",2018-09-08,Labdoo Annahmestelle 45478 MH / Rhein-Ruhr (Hub),10,0,2,8,20,40,open,Ghana,0
"Edoovillage #1246 - Bolivia, Cochapampa Vilaque: Escuela Cochapampa Vilaque | ARTSOL BOLIVIA",2018-09-08,Labdoo Annahmestelle 45478 MH / Rhein-Ruhr (Hub),10,0,2,8,20,18,open,Bolivia,0
"Edoovillage #1247 - Ghana, KADE: ASTRA INTERNATIONAL SCHOOL ICT CENTRE | Ghana Cargo",2018-09-09,Labdoo Annahmestelle 45478 MH / Rhein-Ruhr (Hub),20,0,20,0,100,675,completed,Ghana,1
"Edoovillage #1248 - Taiwan, Zhubei City: 程式教育扎根計畫",2018-09-10,Labdoo Hub Taipei @EWB-Taiwan,10,0,10,0,100,10,completed,Taiwan,1
"Edoovillage #1249 - Uganda, Mpigi Town: Totya Women | SINA | Jangu e.V.",2018-09-10,Labdoo Annahmestelle 45478 MH / Rhein-Ruhr (Hub),6,0,6,0,100,100,completed,Uganda,1
"Edoovillage #1250 - Kenya, Naivasha: Milimani Primary School",2018-09-10,Labdoo Annahmestelle 45478 MH / Rhein-Ruhr (Hub),52,0,32,20,61,3000,open,Kenya,0
"Edoovillage #1252 - Switzerland, Lugano: Association Culture Ticino Network",2018-09-11,Labdoo Hub Zürich (Schweiz),10,0,10,0,100,2000,completed,Switzerland,1
"Edoovillage #1253 - Germany, Tecklenburg: MineHandy Evangelische Jugendbildungsstätte",2018-09-15,Labdoo Annahmestelle 45478 MH / Rhein-Ruhr (Hub),10,0,10,0,100,600,completed,Germany,1
"Edoovillage #1254 - Liberia, Bong Mines: Help-Liberia for nurses | Help Liberia-Kpon Ma eV",2018-09-15,Labdoo Annahmestelle 80804 München (Hub) | Labdoo Annahmestelle 45478 MH / Rhein-Ruhr (Hub),5,0,28,0,100,5,open,Liberia,0
"Edoovillage #1251 - Morocco, Ouarzazate: Collège Atlas El Kabir | RIVE Maroc",2018-09-18,Labdoo Annahmestelle 45478 MH / Rhein-Ruhr (Hub) | Labdoo Annahmestelle 80804 München (Hub) | Labdoo Hub Salzburg | Labdoo Hub Zürich (Schweiz),30,0,14,16,46,900,open,Morocco,0
"Edoovillage #1255 - Morocco, Ouarzazate: Asso Cooperation Scolaire Ighrem Nougdal | RIVE Maroc",2018-09-18,Labdoo Annahmestelle 45478 MH / Rhein-Ruhr (Hub) | Labdoo Annahmestelle 80804 München (Hub) | Labdoo Hub Salzburg | Labdoo Hub Zürich (Schweiz),20,12,10,0,100,500,open,Morocco,0
"Edoovillage #1256 - India, Narsingpur, West Bengal: Pentecost Mission School",2018-09-18,Labdoo Hub Oxford,9,0,2,7,22,120,open,India,0
"Edoovillage #1257 - Vietnam, Ho Chi Minh: Laptops for Mai Am Rosa Orphanage",2018-09-19,Labdoo Hub California (South),20,2,25,0,100,35,open,Vietnam,0
"Edoovillage #1258 - Vietnam, Tinh Ba Ria: Laptops for Ngoc Hoa Orphange",2018-09-19,Labdoo Hub California (South),15,0,2,13,13,25,open,Vietnam,0
"Edoovillage #1259 - Panama, Saboga: Formació en navegació sostenible i avaluació dels usos energètics i la sostenibilitat ambiental de la població de la Illa de Saboga, Arxipèlag de les Perlas, Panamà",2018-09-22,Labdoo Hub Barcelona @I2CAT Campus Nord,3,0,3,0,100,20,completed,Panama,1
"Edoovillage #1260 - Mozambique, Aldea de Masaca (Distrito de Boane): Casa di Gaiato",2018-09-23,Labdoo School Hub Madrid - IES Villablanca,10,0,0,10,0,800,open,Mozambique,0
"Edoovillage #1261 - Mozambique, Aldea de Masaca (Distrito de Boane): Casa di Gaiato",2018-09-23,Labdoo School Hub Madrid - IES Villablanca,10,0,0,10,0,800,open,Mozambique,0
"Edoovillage #1262 - Kenya, Makutano: Makutano Primary School",2018-09-23,Labdoo Annahmestelle 45478 MH / Rhein-Ruhr (Hub),0,0,0,0,0,470,completed,Kenya,1
"Edoovillage #1263 - Romania, Curtuiseni: Érkörtvélyes Scoala Gimnaziala 'Dr. Balasi Jozsef' Curtuiseni.",2018-09-25,Labdoo Hub Salzburg,5,0,2,3,40,70,open,Romania,0
"Edoovillage #1264 - Uganda, Kampala: RFC Refugee Friends Care Organization",2018-09-26,Labdoo Annahmestelle 45478 MH / Rhein-Ruhr (Hub),20,0,0,20,0,200,open,Uganda,0
"Edoovillage #1265 - Kenya, Ukanda: Diani Elite Educational Centre | Fr. Waldorf",2018-09-27,Labdoo Annahmestelle 45478 MH / Rhein-Ruhr (Hub),11,0,10,1,90,100,open,Kenya,0
"Edoovillage #1266 - Kenya, Mteza: Primary School Mteza | VEREIN UKUNDA-HILFE  eV",2018-09-28,Labdoo Annahmestelle 45478 MH / Rhein-Ruhr (Hub),20,0,20,0,100,629,completed,Kenya,1
"Edoovillage #1267 - Sri Lanka, Netolpitiya: Tangalle Canadapura Orphanage",2018-10-01,Labdoo Annahmestelle 45478 MH / Rhein-Ruhr (Hub),12,0,14,0,100,25,completed,Sri Lanka,1
"Edoovillage #1268 - Guatemala, Santiago Atitlán: Mano a Mano para el Desarrollo en Educación | Cojolya.org",2018-10-01,Labdoo Annahmestelle 45478 MH / Rhein-Ruhr (Hub),13,0,2,11,15,13,open,Guatemala,0
"Edoovillage #1269 - Ghana, Daffiama: Kay Roberts Memorial Junior Highschool | Ghanakreis St. Ludgerus",2018-10-02,Labdoo Annahmestelle 45478 MH / Rhein-Ruhr (Hub),46,0,46,0,100,175,completed,Ghana,1
"Edoovillage #1270 - Hungary, Buzsak: Primary School",2018-10-04,Labdoo Annahmestelle 45478 MH / Rhein-Ruhr (Hub),22,0,11,11,50,152,open,Hungary,0
"Edoovillage #1271 - Hungary, Kaposvár: Kaposvár Táncsics Mahály Gimnázium",2018-10-04,Labdoo Annahmestelle 45478 MH / Rhein-Ruhr (Hub),18,0,18,0,100,150,completed,Hungary,1
"Edoovillage #1272 - Haiti, Fort Liberté: Polytechnique Salesiens Don Bosco",2018-10-08,Labdoo Hub Barcelona @I2CAT Campus Nord,10,0,9,1,90,361,open,Haiti,0
"Edoovillage #1273 - Algeria, Smara, Campamento Refugiados Saharaui, 37000,، Tinduf 37000, Argelia: aulas Sahara 3.0",2018-10-09,Labdoo School Hub Madrid - IES Villablanca,16,11,10,0,100,0,open,Algeria,0
"Edoovillage #1274 - Nigeria, Okunoegbu Umudim, Nnewi: St. Joseph The Worker Solar Academy | Perspektiven für Nigeria eV",2018-10-09,Labdoo Annahmestelle 45478 MH / Rhein-Ruhr (Hub),20,0,20,0,100,50,completed,Nigeria,1
"Edoovillage #1275 - Pakistan, Islamabad: Saya School Maira Akku | PAKISTAN Hilfe zur Selbsthilfe e.V.",2018-10-09,Labdoo Annahmestelle 45478 MH / Rhein-Ruhr (Hub),18,0,18,0,100,700,completed,Pakistan,1
"Edoovillage #1276 - Malawi, Yavundika Village:  St. Luke School | Malawi-Hilfe Gelnhausen eV",2018-10-12,Labdoo Annahmestelle 45478 MH / Rhein-Ruhr (Hub) | Labdoo Annahmestelle 60487 Frankfurt am Main: [zur Zeit geschlossen],15,0,7,8,46,385,open,Malawi,0
"Edoovillage #1277 - Malawi, Lusangazi: Secondary School Capuchin Missionl | Malawi-Hilfe Gelnhausen eV",2018-10-12,Labdoo Annahmestelle 45478 MH / Rhein-Ruhr (Hub) | Labdoo Annahmestelle 60487 Frankfurt am Main: [zur Zeit geschlossen],15,0,7,8,46,126,open,Malawi,0
"Edoovillage #1278 - Malawi, Bala: Primary School | Malawi-Hilfe Gelnhausen eV",2018-10-12,Labdoo Annahmestelle 45478 MH / Rhein-Ruhr (Hub) | Labdoo Annahmestelle 60487 Frankfurt am Main: [zur Zeit geschlossen],15,0,7,8,46,469,open,Malawi,0
"Edoovillage #1279 - Germany, München: ArrivalAid",2018-10-15,Labdoo Annahmestelle 80804 München (Hub),15,0,0,15,0,40,completed,Germany,1
"Edoovillage #1280 - Nepal, Lurpung: Shree Bhumestan Higher Secondary School IT Education Project",2018-10-16,Labdoo Annahmestelle 72805 Schwäbische Alb (Hub),9,0,9,0,100,160,open,Nepal,0
"Edoovillage #1281 - Uganda, Soroti: Tech for Matunda Hub",2018-10-16,Labdoo Annahmestelle 45478 MH / Rhein-Ruhr (Hub),6,0,6,0,100,40,completed,Uganda,1
"Edoovillage #1282 - Germany, Deutschland: Kinderhospize | Stiftung für Menschen in Not | Bundesverband Kinderhospiz",2018-10-18,Labdoo Annahmestelle 45478 MH / Rhein-Ruhr (Hub),1,0,1,0,100,1,completed,Germany,1
"Edoovillage #1283 - Ivory Coast, Bouaké: AREBO",2018-10-18,Labdoo Hub Salzburg,10,0,7,3,70,120,open,Ivory Coast,0
"Edoovillage #1284 - Armenia, Varser: Mittelschule Varser",2018-10-20,Labdoo Annahmestelle 45478 MH / Rhein-Ruhr (Hub),14,0,14,0,100,164,completed,Armenia,1
"Edoovillage #1285 - Kenya, Nairobi: New Horizon Home | Local Aid | Save Our Souls 1915 eV",2018-10-22,Labdoo Annahmestelle 45478 MH / Rhein-Ruhr (Hub),23,0,23,0,100,40,completed,Kenya,1
"Edoovillage #1286 - Kenya, Ukanda: CPU Cerebral Palsy | Fr. Waldorf",2018-10-22,Labdoo Annahmestelle 45478 MH / Rhein-Ruhr (Hub),12,0,11,1,91,37,completed,Kenya,1
"Edoovillage #1287 - Kenya, Athi-Kitengela: Primary school of  Athi-Kitengela",2018-10-23,Labdoo Hub Salzburg,3,0,3,0,100,700,completed,Kenya,1
"Edoovillage #1288 - Togo, Adakpamé Lome: Ecole primaire publique Agokpamé",2018-10-23,Labdoo Annahmestelle 45478 MH / Rhein-Ruhr (Hub) | Labdoo Annahmestelle 45478 MH / Rhein-Ruhr (Hub),25,0,25,0,100,500,open,Togo,0
"Edoovillage #1289 - Nigeria,  Ihitte-Uboma: MARGLEO International Secondary School Nkwumeato",2018-10-23,Labdoo Hub Salzburg,12,0,12,0,100,380,completed,Nigeria,1
Edoovillage #1290 - Peje Kosovo: Primary School Xhemajl Kada,2018-10-27,Labdoo Annahmestelle 45478 MH / Rhein-Ruhr (Hub),9,0,1,8,11,1431,open,xx,0
"Edoovillage #1291 - Germany, Dortmund: Flüchtlings- / Integrationshilfe (Private Initiativen)",2018-10-28,Labdoo Annahmestelle 45478 MH / Rhein-Ruhr (Hub) | Labdoo Annahmestelle 44263 Dortmund (Hub),8,0,8,0,100,8,completed,Germany,1
"Edoovillage #1292 - Thailand, Hin Lek Fai, Hua Hin: X-cluesIT Asia",2018-10-30,Labdoo Hub Zürich (Schweiz),19,0,18,1,94,190,completed,Thailand,1
"Edoovillage #1293 - Romania, Costuleni: Scoala Gimnaziala Costuleni",2018-11-04,Labdoo Hub Zürich (Schweiz),15,0,15,0,100,100,completed,Romania,1
"Edoovillage #1295 - Switzerland, Rüti: Freie Computer",2018-11-07,Labdoo Hub Zürich (Schweiz),50,0,50,0,100,250,completed,Switzerland,1
"Edoovillage #1296 - Bosnia and Herzegovina, Srebrenica: La Terra Nostra",2018-11-09,Labdoo Hub Zürich (Schweiz),10,0,10,0,100,10,completed,Bosnia and Herzegovina,1
"Edoovillage #1297 - Cameroon, Yaoundé: Lycée Technique de Yaoundé 2ème |  LES SERAPHINES",2018-11-09,Labdoo Annahmestelle 45478 MH / Rhein-Ruhr (Hub) | Labdoo Annahmestelle 53173 Bonn: Ulrich Egger (Hub),15,3,6,6,60,50,open,Cameroon,0
"Edoovillage #1298 - Zambia, Chililabombwe: Education - Zambia",2018-11-18,Labdoo Hub California (South),10,0,0,10,0,50,open,Zambia,0
"Edoovillage #1299 - Uganda, Kampala: Home care for women and youth",2018-11-18,Labdoo Hub Oxford,6,1,1,4,33,20,open,Uganda,0
"Edoovillage #1300 - Prishtina: jCoders Academy, Kosovo",2018-11-18,Labdoo Annahmestelle 45478 MH / Rhein-Ruhr (Hub),25,0,20,5,80,848,open,xx,0
"Edoovillage #1301 - Burkina Faso, Ouagadougou: Alpha Literacy | Stern Stewart Institute",2018-11-18,Labdoo Annahmestelle 45478 MH / Rhein-Ruhr (Hub) | Labdoo Annahmestelle 80804 München (Hub),35,0,29,6,82,4000,open,Burkina Faso,0
"Edoovillage #1302 - Gambia, Medina Sotokoi: Smart Kids Academy | Pro Kids",2018-11-18,Labdoo Annahmestelle 45478 MH / Rhein-Ruhr (Hub),35,0,27,8,77,250,open,Gambia,0
"Edoovillage #1303 - Uganda, Nakawa: Innovation Nest - Kampala",2018-11-21,Labdoo Hub Upper West - New York,7,2,0,5,28,20,open,Uganda,0
"Edoovillage #1304 - Nigeria, Umunohu: Servitenschule",2018-11-23,Labdoo Hub Salzburg,8,0,5,3,62,500,open,Nigeria,0
"Edoovillage #1305 - Syria, Damaskus: Rebuilt of School after destruction.",2018-11-23,Labdoo Hub Salzburg | Labdoo Annahmestelle 80804 München (Hub),8,0,0,8,0,230,open,Syria,0
"Edoovillage #1306 - Romania, Com Mariselu: Şcoala Gimnazială Mărișelu | Love for Life",2018-11-25,Labdoo Annahmestelle 45478 MH / Rhein-Ruhr (Hub) | Labdoo Hub Zürich (Schweiz),6,0,6,0,100,300,completed,Romania,1
"Edoovillage #1307 - Romania, Fagaras: Education for Life",2018-11-27,Labdoo Hub Zürich (Schweiz),130,0,70,60,53,1500,open,Romania,0
"Edoovillage #1308 - Kenya, Maakani: Friends of Makaani",2018-11-27,Labdoo Hub Zürich (Schweiz),21,0,25,0,100,40,completed,Kenya,1
"Edoovillage #1309 - Lebanon, Beirut: Beit bil Jnoub & Swiss4Syria",2018-11-28,Labdoo Hub Zürich (Schweiz),20,0,52,0,100,40,completed,Lebanon,1
"Edoovillage #1310 - Uganda, Luweero: LICSOU",2018-11-29,Labdoo Hub Zürich (Schweiz),5,0,5,0,100,350,open,Uganda,0
"Edoovillage #1311 - Mexico, Rosarito: Study Room Centro Educativo Castillo Fuerte",2018-11-30,Labdoo Hub- Kingdom Builders Ministry,9,0,9,0,100,20,completed,Mexico,1
"Edoovillage #1312 - Germany, Mülheim an der Ruhr: Discovering Hands dh-SKala-Projekt",2018-11-30,Labdoo Annahmestelle 45478 MH / Rhein-Ruhr (Hub),6,0,7,0,100,20,completed,Germany,1
"Edoovillage #1313 - Egypt, Cairo: Center for Agricultural Research of Egypt (ARC)",2018-12-01,Labdoo School Hub Vilafranca - Col·legi Vedruna Sant Elies,2,0,2,0,100,0,completed,Egypt,1
"Edoovillage #1314 - Colombia, Bello: Fundación Social Humanitaria Proyecto de Vida",2018-12-01,Labdoo Hub Medellín / Divergente,9,0,6,3,66,420,open,Colombia,0
"Edoovillage #1315 - Ghana, Sekyedumasi Ash: Bruce Modern International Junior High School ICT Project | Ghana Union Düsseldorf eV",2018-12-01,Labdoo Annahmestelle 45478 MH / Rhein-Ruhr (Hub),32,0,32,0,100,400,completed,Ghana,1
"Edoovillage #1316 - Congo (Kinshasa), Kinshasa: College Mater Vitae | Mission Kongo e.V.",2018-12-04,Labdoo Annahmestelle 45478 MH / Rhein-Ruhr (Hub),24,0,24,0,100,510,completed,Congo (Kinshasa),1
"Edoovillage #1317 - Ghana, Ketan Sekondi: Youth Foundation Lab | Ghana Union Düsseldorf e.V.",2018-12-04,Labdoo Annahmestelle 45478 MH / Rhein-Ruhr (Hub),23,0,23,0,100,200,completed,Ghana,1
"Edoovillage #1318 - Uganda, Kasokoso North: ICT Literacy Project",2018-12-05,Labdoo Hub California (South),10,0,2,8,20,60,completed,Uganda,1
"Edoovillage #1319 - Hong Kong S.A.R., China, Yuen Long, N.T: Shanti Ministry Hong Kong",2018-12-06,Labdoo Hub Hong Kong - Central,5,0,0,5,0,8,open,"Hong Kong S.A.R., China",0
"Edoovillage #1320 - South Africa, Cape Town: Egoli Community Center | Youth Aid Project",2018-12-06,Labdoo Annahmestelle 45478 MH / Rhein-Ruhr (Hub) | Labdoo Annahmestelle 80804 München (Hub),11,0,11,0,100,24,completed,South Africa,1
"Edoovillage #1321 - Uganda, Namayingo district: Infants’ Health Foundation",2018-12-06,Labdoo Hub Upper West - New York,14,0,9,5,64,130,open,Uganda,0
"Edoovillage #1322 - Uganda, Namakwa: Youth Post Uganda (YPU)",2018-12-11,Labdoo Hub Upper West - New York,100,0,0,100,0,523,open,Uganda,0
"Edoovillage #1323 - Egypt, Dahab: Kind & Kunst",2018-12-12,Labdoo Hub Zürich (Schweiz),11,0,11,0,100,100,completed,Egypt,1
"Edoovillage #1324 - Drenas: Schools of Municipality of Drenas, Kosovo",2018-12-13,Labdoo Hub Zürich (Schweiz),30,0,0,30,0,1816,completed,xx,1
"Edoovillage #1325 - Germany, Mauern: Familienkrebshilfe Sonnenherz",2018-12-13,Labdoo Annahmestelle 80804 München (Hub),1,0,1,0,100,1,completed,Germany,1
"Edoovillage #1326 - Ecuador, Libertad: Unidad de Educación Melvin Jones",2018-12-14,Labdoo Hub Barcelona @I2CAT Campus Nord,15,0,2,13,13,150,open,Ecuador,0
"Edoovillage #1327 - Cameroon, Biem Assi, Yaoundé: Academi Culinair Cameroon",2018-12-14,Labdoo Hub Zürich (Schweiz),2,0,2,0,100,10,completed,Cameroon,1
"Edoovillage #1328 - Germany, bonn: Projektkoordination Ost Afrika",2018-12-14,Labdoo Annahmestelle 53173 Bonn: Ulrich Egger (Hub),47,1,46,0,100,400,completed,Germany,1
"Edoovillage #1329 - Syria, Damaskus: Schule Maaruneh | Korbgemeinschaft (Hilfe für Syrien)",2018-12-14,Labdoo Hub Salzburg,17,0,18,0,100,230,open,Syria,0
"Edoovillage #1330 - Switzerland, Lausanne: Terre des Hommes Ukraine",2018-12-15,Labdoo Hub Zürich (Schweiz),10,0,10,0,100,5309,completed,Switzerland,1
"Edoovillage #1331 - Senegal, Thiès: LANS Lycée Ahmadou Ndack Seck | Schüleraustausch Grootmoor",2018-12-15,Labdoo Annahmestelle 21035 Hamburg - Bergedorf:  PC112 PCFeuerwehr GmbH [nach Absprache geöffnet] | Labdoo Annahmestelle 45478 MH / Rhein-Ruhr (Hub),12,0,12,0,100,24,completed,Senegal,1
"Edoovillage #1332 - Tanzania, Nungwi: Kwetu School Sansibar",2018-12-19,Labdoo Annahmestelle 45478 MH / Rhein-Ruhr (Hub),6,0,6,0,100,133,completed,Tanzania,1
"Edoovillage #1333 - Morocco, douar douagher lalla yetto kceibia: projet pour ramener des laptops pour une ecole",2018-12-26,Labdoo Hub Casablanca,20,0,0,20,0,540,open,Morocco,0
"Edoovillage #1334 - Uganda, Kasese Municipality: Rwenzori Vocational College",2018-12-27,Labdoo Annahmestelle 45478 MH / Rhein-Ruhr (Hub),27,0,26,1,96,146,open,Uganda,0
"Edoovillage #1335 - Kenya, Oyugis: St. Marys School | Kaarster Afrika-Hilfe e.V.",2018-12-28,Labdoo Annahmestelle 45478 MH / Rhein-Ruhr (Hub),40,0,0,40,0,400,open,Kenya,0
"Edoovillage #1336 - Ghana, Nadowli: St. Augustine Senior High Technical School",2018-12-28,Labdoo Annahmestelle 45478 MH / Rhein-Ruhr (Hub),20,0,3,17,15,800,open,Ghana,0
"Edoovillage #1337 - South Africa, Cape Town: Ubuntu Football Academy High School",2018-12-31,"Labdoo Hub Upper West - New York | Labdoo Hub Durham, North Carolina",10,0,1,9,10,25,open,South Africa,0
"Edoovillage #1338 - Uganda, Njeru: Njeru Municiparity ARISE AFRICA YOUTH ORGANISATION (AAYO)",2019-01-01,Labdoo Annahmestelle 45478 MH / Rhein-Ruhr (Hub) | Labdoo Annahmestelle 80804 München (Hub),17,0,17,0,100,30,completed,Uganda,1
"Edoovillage #1339 - Uganda, Mpigi: Tusafishe Clear Water Project",2019-01-03,Labdoo Annahmestelle 45478 MH / Rhein-Ruhr (Hub),6,0,6,0,100,8,completed,Uganda,1
"Edoovillage #1340 - Uganda, Bukibira: Uganics Women empowerment",2019-01-06,Labdoo Hub Upper West - New York,4,1,4,0,100,9,open,Uganda,0
"Edoovillage #1341 - Ghana, Jirapa: Ghana, Power House International School Jirapa | Kinderhilfe Westafrika e.V.",2019-01-06,Labdoo Annahmestelle 34134 Kassel (Hub),2,0,1,1,50,93,open,Ghana,0
"Edoovillage #1342 - Pakistan, PINDI HASHIM: FREE EAR CAMPS | PAKISTAN Hilfe zur Selbsthilfe e.V.",2019-01-08,Labdoo Annahmestelle 45478 MH / Rhein-Ruhr (Hub),2,0,2,0,100,50,completed,Pakistan,1
"Edoovillage #1343 - Uganda, Mpigi: Kaleke Kasome Foundation (KAKA)",2019-01-10,Labdoo Hub Upper West - New York,45,0,0,45,0,400,open,Uganda,0
"Edoovillage #1344 - Germany, Hamm: Karlschule Hamm Integrationshilfe",2019-01-11,Labdoo Annahmestelle 45478 MH / Rhein-Ruhr (Hub),1,0,1,0,100,1,completed,Germany,1
"Edoovillage #1345 - Senegal, Dakar: Ekando Kumer; Studentengruppe Siradio",2019-01-12,Labdoo Hub Salzburg,10,0,6,4,60,12,open,Senegal,0
"Edoovillage #1346 - Senegal, St Luis: Ekando Kumer; Studentengruppe St Louis",2019-01-12,Labdoo Hub Salzburg,10,0,4,6,40,12,open,Senegal,0
"Edoovillage #1347 - Senegal, Cap Skirring: Ekando Kumer; Studentengruppe Haus Diallo",2019-01-12,Labdoo Hub Salzburg,10,0,10,0,100,12,open,Senegal,0
"Edoovillage #1348 - Nigeria, kajola: Oyo-State Illero IREPODUN High School",2019-01-13,Labdoo Hub Salzburg,28,1,27,0,100,300,completed,Nigeria,1
"Edoovillage #1349 - Uganda, Kimya: Kumwenya Eco-School",2019-01-15,Labdoo Hub Barcelona @I2CAT Campus Nord | La Tabacalera - Madrid,4,1,2,1,75,175,open,Uganda,0
"Edoovillage #1350 - Honduras, Choloma: Con la educación podemos cambiar el futuro",2019-01-15,Labdoo Hub Girona - Avgda Lluís Pericot,10,0,5,5,50,598,open,Honduras,0
"Edoovillage #1351 - Malawi, Likoma Island: Computer Training & Training Facilities | Next Generation Africa e.V.",2019-01-17,Labdoo Annahmestelle 45478 MH / Rhein-Ruhr (Hub),15,0,15,0,100,165,completed,Malawi,1
"Edoovillage #1352 - Uganda, Bushiyi: Secondary School Bushiyi | Freundeskreis Christliche Sozialarbeit in Uganda",2019-01-18,Labdoo Annahmestelle 45478 MH / Rhein-Ruhr (Hub) | Labdoo Annahmestelle 21035 Hamburg - Bergedorf:  PC112 PCFeuerwehr GmbH [nach Absprache geöffnet] | Labdoo Annahmestelle 21680 Stade (Hub),16,0,16,0,100,250,completed,Uganda,1
"Edoovillage #1353 - Uganda, Busulwa: Secondary School Busulwa | Freundeskreis Christliche Sozialarbeit in Uganda",2019-01-18,Labdoo Annahmestelle 45478 MH / Rhein-Ruhr (Hub) | Labdoo Annahmestelle 21035 Hamburg - Bergedorf:  PC112 PCFeuerwehr GmbH [nach Absprache geöffnet] | Labdoo Annahmestelle 21680 Stade (Hub),29,0,28,1,96,250,completed,Uganda,1
"Edoovillage #1354 - Tanzania, Arusha: Edmund Rice Sinon Secondary School | Freiherr-vom-Stein-Gymnasium Oberhausen",2019-01-19,Labdoo Annahmestelle 45478 MH / Rhein-Ruhr (Hub),60,0,36,24,60,1400,open,Tanzania,0
"Edoovillage #1355 - Uganda, Kampala: Start Hub Africa | StartHub e.V.",2019-01-22,Labdoo Annahmestelle 45478 MH / Rhein-Ruhr (Hub) | Labdoo Annahmestelle 80804 München (Hub),3,3,0,0,100,200,completed,Uganda,1
"Edoovillage #1356 - Sierra Leone, Freetown: LadooVillage School | We Yone Child Foundation",2019-01-23,Labdoo Annahmestelle 45478 MH / Rhein-Ruhr (Hub),8,0,3,5,37,298,open,Sierra Leone,0
"Edoovillage #1357 - Uganda, Mpigi: Techforcommunity",2019-01-24,Labdoo Hub Salzburg,20,0,5,15,25,112,open,Uganda,0
"Edoovillage #1358 - Romania, Sanjob: Village school close to Saniob",2019-01-24,Labdoo Hub Salzburg | Labdoo Annahmestelle 80804 München (Hub),21,0,23,0,100,50,completed,Romania,1
"Edoovillage #1359 - Armenia, Aghzk: Aghzk Mittelschule",2019-01-27,Labdoo Annahmestelle 45478 MH / Rhein-Ruhr (Hub),10,0,0,10,0,187,open,Armenia,0
"Edoovillage #1360 - Cameroon, Yaoundé: St Joseph’s Foundation School Complex | Together for Women and Children - TOWOC",2019-01-28,Labdoo Annahmestelle 45478 MH / Rhein-Ruhr (Hub) | Labdoo Annahmestelle 80804 München (Hub),28,0,2,26,7,603,open,Cameroon,0
"Edoovillage #1361 - Ghana, Mamponteng Kumasi: Wadie Adwumakase Primary School | Unafo e.V.",2019-01-30,Labdoo Annahmestelle 45478 MH / Rhein-Ruhr (Hub),32,0,32,0,100,300,completed,Ghana,1
"Edoovillage #1362 - Gambia, Lamin Daranka: John Pickering Upper Basic School | Diabetes-Projekt The Gambia e.V.",2019-02-05,Labdoo Annahmestelle 45478 MH / Rhein-Ruhr (Hub),15,0,15,0,100,500,completed,Gambia,1
"Edoovillage #1363 - Benin, Houndjroto-Abomey:  Waisenhaus Centre Tabitha Dorcas |  Kinderhilfe Westafrika | weltwärts",2019-02-06,Labdoo Annahmestelle 28215 Bremen (Hub) | Labdoo Annahmestelle 45478 MH / Rhein-Ruhr (Hub),5,0,5,0,100,72,open,Benin,0
"Edoovillage #1364 - Romania, Toporu: Scoala Gimnaziala Petre Adamesteanu",2019-02-10,Labdoo Hub Zürich (Schweiz),15,0,15,0,100,119,completed,Romania,1
"Edoovillage #1365 - Kenya, Nairobi: COTRR",2019-02-10,Labdoo Hub Zürich (Schweiz),0,0,0,0,0,30,completed,Kenya,1
"Edoovillage #1366 - Guatemala, Quetzaltenango: Ninos en Xela",2019-02-10,Labdoo Hub Zürich (Schweiz),8,0,8,0,100,80,completed,Guatemala,1
"Edoovillage #1367 - Switzerland, Zurich: Winterstube (COVID-19-CH)",2019-02-10,Labdoo Hub Zürich (Schweiz),5,0,4,1,80,10,completed,Switzerland,1
"Edoovillage #1368 - Togo, Dangbéssito: Foyer Antonio",2019-02-10,Labdoo Hub Zürich (Schweiz),5,0,5,0,100,20,completed,Togo,1
"Edoovillage #1369 - Paraguay, Asunción: Penguin Academy",2019-02-10,Labdoo Hub Zürich (Schweiz),20,0,20,0,100,30,completed,Paraguay,1
"Edoovillage #1370 - Switzerland, Bern: Migrabe (COVID-19-CH)",2019-02-10,Labdoo Hub Zürich (Schweiz),7,0,7,0,100,7,completed,Switzerland,1
"Edoovillage #1371 - Switzerland, Kriens: Verein Hope (COVID-19-CH)",2019-02-10,Labdoo Hub Zürich (Schweiz),10,0,5,5,50,40,completed,Switzerland,1
"Edoovillage #1372 - Switzerland, Bern: VSS-UNES",2019-02-10,Labdoo Hub Zürich (Schweiz),50,0,48,2,96,50,completed,Switzerland,1
"Edoovillage #1373 - South Africa, Greytown: Greytown Childrens Home",2019-02-10,Labdoo Hub Zürich (Schweiz),10,0,10,0,100,165,completed,South Africa,1
"Edoovillage #1374 - Togo, Kpalime: Lycée de Nyveme |  Togo Goes On e.V.",2019-02-10,Labdoo Annahmestelle 45478 MH / Rhein-Ruhr (Hub),0,0,0,0,0,1020,completed,Togo,1
"Edoovillage #1375 - Ghana, Accra: Golden Sunbeam Pre- and JH-School | BKVGS",2019-02-10,Labdoo Annahmestelle 45478 MH / Rhein-Ruhr (Hub),10,0,10,0,100,650,completed,Ghana,1
"Edoovillage #1376 - Laos, Ban Phone Ngeng: Computer Classroom- Laos",2019-02-11,Labdoo Hub California (South),20,0,10,10,50,500,open,Laos,0
"Edoovillage #1377 - Germany, Bundesweit: Private Hilfsinitiativen | Bundesweit",2019-02-12,Labdoo Annahmestelle 45478 MH / Rhein-Ruhr (Hub),3,0,2,1,66,1,completed,Germany,1
"Edoovillage #1378 - Switzerland, Nyon: Water Inception",2019-02-13,Labdoo Hub Zürich (Schweiz),5,0,5,0,100,30,completed,Switzerland,1
"Edoovillage #1379 - Sierra Leone, Freetown: Alpha Foundation eV.",2019-02-13,Labdoo Annahmestelle 80804 München (Hub),20,0,19,1,95,35,open,Sierra Leone,0
"Edoovillage #1380 - Spain, Barcelona: Institut Joan d'Àustria. Cap alumne/a sense portàtil (COVID-19-CAT)",2019-02-15,Labdoo School Hub Barcelona - Institut Joan d'Àustria,4,0,4,0,100,734,completed,Spain,1
"Edoovillage #1381 - Nepal, Gosaikunda Khamjin: Childhome Khamjin | Nepalhilfe Straubenhardt",2019-02-15,Labdoo Annahmestelle 45478 MH / Rhein-Ruhr (Hub),2,0,2,0,100,8,open,Nepal,0
"Edoovillage #1382 - Romania, Valea Doftanei: CoderDojo",2019-02-17,Labdoo Hub Zürich (Schweiz),15,0,12,3,80,712,open,Romania,0
"Edoovillage #1383 - Zambia, Lusaka: DigiHub",2019-02-19,Labdoo Annahmestelle 45478 MH / Rhein-Ruhr (Hub),3,0,3,0,100,20,completed,Zambia,1
"Edoovillage #1384 - Ghana, Kpassa: Fair River International Association for Development FARIAD | Leapfrog",2019-02-21,Labdoo Annahmestelle 45478 MH / Rhein-Ruhr (Hub),11,0,11,0,100,80,completed,Ghana,1
"Edoovillage #1385 - Tanzania, Loliondo: EMBUDEO",2019-02-21,Labdoo Annahmestelle 45478 MH / Rhein-Ruhr (Hub),5,0,0,5,0,40,open,Tanzania,0
"Edoovillage #1386 - Ivory Coast, Soubré:  Groupe scolaire Soubré",2019-02-21,Labdoo Annahmestelle 45478 MH / Rhein-Ruhr (Hub),28,0,0,28,0,248,open,Ivory Coast,0
"Edoovillage #1387 - Ghana, Asamang: Amoakohene  D/A Junior High School | Unafo e.V.",2019-02-21,Labdoo Annahmestelle 45478 MH / Rhein-Ruhr (Hub),15,0,15,0,100,187,completed,Ghana,1
"Edoovillage #1388 - Ghana, Asamang: R/C Primary School | Unafo e.V.",2019-02-21,Labdoo Annahmestelle 45478 MH / Rhein-Ruhr (Hub),15,0,15,0,100,350,completed,Ghana,1
"Edoovillage #1389 - Germany, Duisburg: KGS Don Bosco",2019-02-25,Labdoo Annahmestelle 45478 MH / Rhein-Ruhr (Hub),0,0,0,0,0,280,completed,Germany,1
"Edoovillage #1390 - Benin,  Kpozoun: Complexe scolaire Kpozoun",2019-02-26,Labdoo Annahmestelle 45478 MH / Rhein-Ruhr (Hub),35,0,0,35,0,308,open,Benin,0
"Edoovillage #1391 - Uganda, Kampala: Integrated Development For Marginalized Community IDMC",2019-02-27,Labdoo Annahmestelle 45478 MH / Rhein-Ruhr (Hub),27,0,27,0,100,65,completed,Uganda,1
"Edoovillage #1392 - Uganda, Kyeshero: KYESHERO COMMUNITY VOCATIONAL SECONDARY SCHOOL | Uganda Friends eV | SES Bonn",2019-02-27,Labdoo Annahmestelle 45478 MH / Rhein-Ruhr (Hub),10,0,0,10,0,160,open,Uganda,0
"Edoovillage #1393 - Ghana, Accra: Paradise Children Academy | St. Hildegardis Gymnasium",2019-02-28,Labdoo Annahmestelle 45478 MH / Rhein-Ruhr (Hub),12,0,12,0,100,620,completed,Ghana,1
"Edoovillage #1394 - Ivory Coast, Abidjan: AJECI Côte d’Ivoire",2019-03-02,Labdoo Annahmestelle 45478 MH / Rhein-Ruhr (Hub),25,0,1,24,4,156,open,Ivory Coast,0
"Edoovillage #1395 - Nepal, Kathmandu: Center for disabled children assistance",2019-03-03,Labdoo Annahmestelle 72805 Schwäbische Alb (Hub),20,0,20,0,100,34,open,Nepal,0
"Edoovillage #1396 - Nepal, Solukhumbu: Classrooms in the Clouds Nepal",2019-03-03,Labdoo Annahmestelle 72805 Schwäbische Alb (Hub),25,0,25,0,100,54,open,Nepal,0
"Edoovillage #1397 - Nigeria, lokongoma Lokoja: Back2School",2019-03-04,Labdoo Hub Upper West - New York,9,0,0,9,0,30,open,Nigeria,0
"Edoovillage #1398 - Spain, Girona: CRAE nova llar de futur",2019-03-05,Labdoo Hub Girona - Avgda Lluís Pericot,5,0,5,0,100,10,open,Spain,0
"Edoovillage #1399 - Ghana, Accra: AnyBodyCanDevelop (ABCD)",2019-03-06,Labdoo Hub Upper West - New York,24,0,0,24,0,50,open,Ghana,0
"Edoovillage #1400 - Romania, Sanjob: Village school close to Saniob",2019-03-07,Labdoo Hub Salzburg | Labdoo Annahmestelle 80804 München (Hub),20,0,21,0,100,50,completed,Romania,1
"Edoovillage #1401 - Cameroon, Sokolo: Bildungszentrum | Afrika Kultur und Wohlfahrt eV",2019-03-07,Labdoo Annahmestelle 45478 MH / Rhein-Ruhr (Hub),10,0,10,0,100,20,completed,Cameroon,1
"Edoovillage #1402 - Germany, Cuxhaven: Private Hilfsinitiativen Landkreis Cuxhaven",2019-03-10,Labdoo Annahmestelle 21680 Stade (Hub),1,0,0,1,0,1,completed,Germany,1
"Edoovillage #1403 - Malawi, Majiga: Music Crossroads Malawi - Aula de So",2019-03-11,Labdoo Hub Barcelona @I2CAT Campus Nord | Labdoo City Hub Sant Cugat  | Labdoo School Hub Sant Cugat - Aula de So | Labdoo School Hub Vilafranca - Col·legi Vedruna Sant Elies,100,9,64,27,73,6000,open,Malawi,0
"Edoovillage #1404 - Ghana, Lawra: Digitization Methodist Clinic Lawra | Kinderhilfe Westafrika e.V.",2019-03-11,Labdoo Annahmestelle 34134 Kassel (Hub),4,0,4,0,100,0,completed,Ghana,1
"Edoovillage #1405 - Haiti, Pointe, Grand-Bois/Cornillon: ServeHAITI - Health, Education, and Economic Data Management Project",2019-03-14,Labdoo Hub Upper West - New York,7,0,5,2,71,50,completed,Haiti,1
"Edoovillage #1406 - Ghana, Kasoa: Cosmic Academy | Plietsch e.V.",2019-03-15,Labdoo Annahmestelle 45478 MH / Rhein-Ruhr (Hub),10,0,8,2,80,100,open,Ghana,0
"Edoovillage #1407 - Cameroon, Dschang: Computer literacy | ABOYERD",2019-03-15,Labdoo Annahmestelle 45478 MH / Rhein-Ruhr (Hub),32,0,18,14,56,233,open,Cameroon,0
"Edoovillage #1409 - Cameroon, Yaoundé: Groupe Scolaire Bilingue les Cartésiens",2019-03-19,Labdoo Annahmestelle 45478 MH / Rhein-Ruhr (Hub),25,0,25,0,100,353,open,Cameroon,0
"Edoovillage #1074 - Ghana, Bolgatanga:  Future For Africa (Project Empower CSC)",2019-03-19,Labdoo Hub Barcelona @I2CAT Campus Nord,55,1,19,35,36,230,open,Ghana,0
"Edoovillage #1410 - Germany, Viersen: Flüchtlings- / Integrationshilfe (Private Initiativen)",2019-03-20,Labdoo Annahmestelle 45478 MH / Rhein-Ruhr (Hub),1,0,1,0,100,1,completed,Germany,1
"Edoovillage #1411 - Algeria, Tindouf: Technology Center in the Refugee Camps",2019-03-21,Escola Monlau ,15,1,7,7,53,20,open,Algeria,0
"Edoovillage #1412 - Nigeria, Nsukka: University primary school | GIMB foundation",2019-03-21,Labdoo Annahmestelle 45478 MH / Rhein-Ruhr (Hub),10,0,4,6,40,1250,open,Nigeria,0
"Edoovillage #1413 - Congo (Kinshasa), Goma: Séminaire Propédeutique Saint André | Floribert MALEMO",2019-03-21,Labdoo Annahmestelle 45478 MH / Rhein-Ruhr (Hub),15,0,9,6,60,50,open,Congo (Kinshasa),0
"Edoovillage #1414 - Zimbabwe, Victoria Falls: Umhambi Children Fountain of Hope Trust",2019-03-21,Labdoo Annahmestelle 45478 MH / Rhein-Ruhr (Hub),15,0,15,0,100,30,completed,Zimbabwe,1
"Edoovillage #1408 - Germany, Duisburg: GHS Ludgerusstraße Sprachförderklassen",2019-03-26,Labdoo Annahmestelle 45478 MH / Rhein-Ruhr (Hub),38,0,38,0,100,51,completed,Germany,1
"Edoovillage #1415 - Cameroon, Awaé: Ecole Privée Bilingue les Enfants Courageux",2019-03-27,Labdoo Annahmestelle 45478 MH / Rhein-Ruhr (Hub),65,0,0,65,0,890,open,Cameroon,0
"Edoovillage #1416 - India, Lawngtlai: LAIRAM HIGHER ACADEMY OF SCIENCE",2019-03-28,Labdoo Hub Oxford | Revive: University of Sussex Enactus Hub,10,0,1,9,10,26,open,India,0
"Edoovillage #1417 - Cameroon, Limbe: Rising Hope Foundation for Change",2019-03-31,Labdoo Annahmestelle 45478 MH / Rhein-Ruhr (Hub),48,0,48,0,100,2550,completed,Cameroon,1
"Edoovillage #1418 - Mongolia, Ulaanbaatar: Mahrberg Library - WeTomorrow",2019-03-31,Labdoo Hub Zürich (Schweiz),6,0,6,0,100,20,completed,Mongolia,1
"Edoovillage #1419 - Senegal, Thionk Essyl : Foundawtion – CEM KAMANAR",2019-03-31,Labdoo School Hub Vilafranca - Col·legi Vedruna Sant Elies | Labdoo School Hub Vilafranca - Institut Alt Penedès,120,0,119,1,99,500,open,Senegal,0
"Edoovillage #1420 - Peru, Tacna,: Tech for Tacna",2019-04-01,Labdoo Hub California (South),8,0,2,6,25,40,completed,Peru,1
"Edoovillage #1421 - Kyrgyzstan, Bishkek: Technovation Kyrgyzstan",2019-04-02,Labdoo Hub Zürich (Schweiz),30,0,30,0,100,150,completed,Kyrgyzstan,1
"Edoovillage #1422 - Mongolia, Jargalant: Bulgan Soum School",2019-04-02,Labdoo Hub Zürich (Schweiz),16,0,16,0,100,863,completed,Mongolia,1
"Edoovillage #1423 - Angola, Luanda: Ecole Primaire de Palanka | Donaly Malungu",2019-04-04,Labdoo Annahmestelle 45478 MH / Rhein-Ruhr (Hub),51,0,51,0,100,700,completed,Angola,1
"Edoovillage #1424 - Kenya, Taita Bura: Primary School",2019-04-06,Labdoo Annahmestelle 45478 MH / Rhein-Ruhr (Hub),0,0,0,0,0,228,completed,Kenya,1
"Edoovillage #1425 - Kenya, Makutano: Hope Theatre",2019-04-06,Labdoo Annahmestelle 45478 MH / Rhein-Ruhr (Hub),29,27,2,0,100,40,completed,Kenya,1
"Edoovillage #1426 - Kenya, Nairobi: Fountain Youth Initiative",2019-04-07,Labdoo Hub Upper West - New York,4,0,4,0,100,100,completed,Kenya,1
"Edoovillage #1427 - Kenya, Kahawa: FRED KISEREM EPILEPTIC FOUNDATION",2019-04-08,Labdoo Hub Upper West - New York,5,0,2,3,40,3,open,Kenya,0
"Edoovillage #1428 - Benin, Ahouansori Cotonou: ASSOCIATION LA COLOMBE UNIVERSELLE | HeidelbergCement",2019-04-08,Labdoo Annahmestelle 45478 MH / Rhein-Ruhr (Hub),30,0,19,11,63,303,open,Benin,0
"Edoovillage #1429 - Benin, Benin: ASSOCIATION DES FEMMES DU SECTEUR MINIER DU BENIN | HeidelbergCement",2019-04-08,Labdoo Annahmestelle 45478 MH / Rhein-Ruhr (Hub),10,0,2,8,20,30,open,Benin,0
"Edoovillage #1430 - Sierra Leone, Freetown: Strassenkinderprojekt in Sierra Leone-Kinderschutzhaus Pikkin Paddy | Cap Anamur | Deutsche Not-Ärzte eV",2019-04-09,Labdoo Annahmestelle 45478 MH / Rhein-Ruhr (Hub),10,0,3,7,30,20,open,Sierra Leone,0
"Edoovillage #1431 - Uganda, Kampala: SINA LOKETA",2019-04-09,Labdoo Annahmestelle 45478 MH / Rhein-Ruhr (Hub),18,0,13,5,72,30,open,Uganda,0
"Edoovillage #1432 - New Zealand, Auckland: Shine Foundation",2019-04-10,Labdoo Hub Auckland,4,0,13,0,100,0,open,New Zealand,0
"Edoovillage #1433 - Bosnia and Herzegovina, Kalesija: Grundschule Kalesija | Leben und Lernen in Bosnien e.V.",2019-04-10,Labdoo Annahmestelle 45478 MH / Rhein-Ruhr (Hub),15,0,15,0,100,703,completed,Bosnia and Herzegovina,1
"Edoovillage #1435 - Bosnia and Herzegovina, Breza: Osnovna Skola Safvet-beg Bašagić | Leben und Lernen in Bosnien e.V.",2019-04-12,Labdoo Annahmestelle 45478 MH / Rhein-Ruhr (Hub),25,0,25,0,100,687,completed,Bosnia and Herzegovina,1
"Edoovillage #1436 - Bosnia and Herzegovina, Breza: MSŠ Mehmedalija Mak Dizdar | Leben und Lernen in Bosnien e.V.",2019-04-12,Labdoo Annahmestelle 45478 MH / Rhein-Ruhr (Hub),30,1,29,0,100,368,completed,Bosnia and Herzegovina,1
"Edoovillage #1437 - Senegal, Marda: Projecte d’equipament informàtic per a l’escola primària de Marda",2019-04-13,Labdoo Hub Girona - Avgda Lluís Pericot,10,2,6,2,80,263,open,Senegal,0
"Edoovillage #1294 - Ghana, Mamponteng: FAWOADE R/C SCHOOL COMPUTER LAB | Ghana Union e.V.",2019-04-13,Labdoo Annahmestelle 45478 MH / Rhein-Ruhr (Hub),25,0,25,0,100,400,completed,Ghana,1
"Edoovillage #1000 - Uganda, Bukaya: REACT NOW SAVE YOUNG MOTHERS | Global Match",2019-04-18,Labdoo Annahmestelle 45478 MH / Rhein-Ruhr (Hub),20,0,8,12,40,42,open,Uganda,0
"Edoovillage #999 - Cameroon, Mankon, Bamenda: UYO United Youths Organisation",2019-04-21,Labdoo Annahmestelle 45478 MH / Rhein-Ruhr (Hub),30,0,9,21,30,90,open,Cameroon,0
"Edoovillage #998 - Congo (Kinshasa), Bukavu: NHBH NEW HOPE FOR BROKEN HEARTS",2019-04-22,Labdoo Annahmestelle 45478 MH / Rhein-Ruhr (Hub),32,0,32,0,100,300,completed,Congo (Kinshasa),1
"Edoovillage #997 - Togo, Lomé: JUNA Jeunesse Unie pour une Nouvelle Afrique | HeidelbergCement",2019-04-23,Labdoo Annahmestelle 45478 MH / Rhein-Ruhr (Hub),15,0,4,11,26,30,open,Togo,0
"Edoovillage #996 - Togo, Tabligbo-Ville (Cité A): SOS-DEVEVELOPPEMENT | HeidelbergCement",2019-04-23,Labdoo Annahmestelle 45478 MH / Rhein-Ruhr (Hub),6,0,0,6,0,10,open,Togo,0
"Edoovillage #995 - Benin, Abomey: Association SEGANHO des personnes handicapées | HeidelbergCement",2019-04-23,Labdoo Annahmestelle 45478 MH / Rhein-Ruhr (Hub),30,0,0,30,0,60,open,Benin,0
"Edoovillage #994 - Benin, Cotonou: AEIPED Association d’Entraide et d’Insertion Professionnelle des Enfants Déshérités | HeidelbergCement",2019-04-23,Labdoo Annahmestelle 45478 MH / Rhein-Ruhr (Hub),17,0,0,17,0,30,open,Benin,0
"Edoovillage #993 - Togo, Tabligbo: ONG ADEAVE | HeidelbergCement",2019-04-24,Labdoo Annahmestelle 45478 MH / Rhein-Ruhr (Hub),20,0,0,20,0,250,open,Togo,0
"Edoovillage #992 - Uganda, Kampala: Auro Foundation | AMAIDI",2019-04-24,Labdoo Annahmestelle 45478 MH / Rhein-Ruhr (Hub),3,0,3,0,100,95,completed,Uganda,1
"Edoovillage #990 - Uganda, Kasese Municipality: Semuliki Vocation Training College",2019-04-30,Labdoo Annahmestelle 45478 MH / Rhein-Ruhr (Hub),20,0,0,20,0,120,open,Uganda,0
"Edoovillage #989 - Switzerland, Winterthur: Primarschule Talhof (COVID-19-CH)",2019-05-01,Labdoo Hub Zürich (Schweiz),20,0,20,0,100,24,completed,Switzerland,1
"Edoovillage #988 - Albania, Ballsh: Grundschule 'Beselidhja' | Albanienhilfe Mülheim eV",2019-05-01,Labdoo Annahmestelle 45478 MH / Rhein-Ruhr (Hub),30,0,22,8,73,372,open,Albania,0
"Edoovillage #1438 - Gabon, Libreville: EL-ELYON Multimedia room",2019-05-02,Labdoo School Hub Barcelona - Aula Escola Europea,25,0,10,15,40,100,open,Gabon,0
"Edoovillage #1439 - Georgia, Kaspi: Public school #2 | Think like a protone | HeidelbergCement",2019-05-02,Labdoo Annahmestelle 45478 MH / Rhein-Ruhr (Hub),0,0,0,0,0,52,completed,Georgia,1
"Edoovillage #1440 - Romania, Saniob: Village school close to Saniob",2019-05-06,Labdoo Hub Salzburg | Labdoo Annahmestelle 80804 München (Hub),20,0,13,7,65,60,open,Romania,0
"Edoovillage #1442 - Germany, Gelsenkirchen: Lebenstraum Kids und Lebenstraum Café | RuhrDAX 2019",2019-05-10,Labdoo Annahmestelle 45478 MH / Rhein-Ruhr (Hub),4,0,4,0,100,30,completed,Germany,1
"Edoovillage #1443 - Kenya, Matuu: Kivingoni Primary School | Pamoja Africa e.V.",2019-05-12,Labdoo Annahmestelle 45478 MH / Rhein-Ruhr (Hub),20,0,4,16,20,416,open,Kenya,0
"Edoovillage #1444 - Namibia, Windhoek: A. Shipena Secondary School | Schillergymnasium Münster",2019-05-13,Labdoo Annahmestelle 45478 MH / Rhein-Ruhr (Hub),48,0,45,3,93,1100,completed,Namibia,1
"Edoovillage #1445 - Ghana, Bechem Kumasi: Presbyterian Senior High School",2019-05-14,Labdoo Annahmestelle 45478 MH / Rhein-Ruhr (Hub),20,0,20,0,100,2761,completed,Ghana,1
"Edoovillage #1446 - Ghana, Mampong: Ejuraman Secondary School, Ghana | Oak Foundation",2019-05-14,Labdoo Annahmestelle 45478 MH / Rhein-Ruhr (Hub),25,0,25,0,100,450,open,Ghana,0
"Edoovillage #1447 - South Africa, Kwa-Guqa: Township-Schule Emalahleni | Gesamtschule Freudenberg",2019-05-14,Labdoo Annahmestelle 45478 MH / Rhein-Ruhr (Hub),30,0,29,1,96,1200,open,South Africa,0
"Edoovillage #1448 - Uganda, Mukono: KIDA KATOSI INTER-COMMUNITY DEVELOPMENT ALLIANCE",2019-05-15,Labdoo Annahmestelle 45478 MH / Rhein-Ruhr (Hub),25,5,0,20,20,84,open,Uganda,0
"Edoovillage #1449 - Somalia, Mogadishu: Darul Hikma University",2019-05-15,Labdoo Annahmestelle 45478 MH / Rhein-Ruhr (Hub) | Labdoo Annahmestelle 21680 Stade (Hub) | Labdoo Annahmestelle 21035 Hamburg - Bergedorf:  PC112 PCFeuerwehr GmbH [nach Absprache geöffnet],33,0,33,0,100,950,open,Somalia,0
"Edoovillage #1450 - United States, Houston: ASPIRE Tutorials - Houston",2019-05-16,Labdoo Hub California (South),4,0,2,2,50,130,completed,United States,1
"Edoovillage #1451 - Germany, Essen: Zukunft Bildungswerk gUG | RuhrDAX 2019",2019-05-18,Labdoo Annahmestelle 45478 MH / Rhein-Ruhr (Hub),10,0,10,0,100,40,completed,Germany,1
"Edoovillage #1452 - Ethiopia, Addis Ababa: Hamlin College of Midwives",2019-05-19,Labdoo Hub Zürich (Schweiz),20,0,20,0,100,98,completed,Ethiopia,1
"Edoovillage #1453 - Germany, Essen: Grundschule Cranachschule | RuhrDAX 2019",2019-05-27,Labdoo Annahmestelle 45478 MH / Rhein-Ruhr (Hub),32,0,32,0,100,350,completed,Germany,1
"Edoovillage #1454 - Georgia, Taleri / ტალერი: Dorfschule | Bürgerstiftung Duisburg",2019-05-27,Labdoo Annahmestelle 45478 MH / Rhein-Ruhr (Hub),15,0,9,6,60,107,open,Georgia,0
"Edoovillage #1455 - Sierra Leone, Freetown: Sierra Leone, Freetown, street kids | Alpha Foundation e.V. / 2",2019-05-29,Labdoo Annahmestelle 80804 München (Hub),10,0,10,0,100,100,open,Sierra Leone,0
"Edoovillage #1456 - Kyrgyzstan, Kaiyndy: Kaiyndy Aaly Tokombaev Schule   Aizada Abdysheva",2019-05-29,Labdoo Hub Salzburg,2,0,2,0,100,700,open,Kyrgyzstan,0
"Edoovillage #1457 - Germany, Bad Doberan: AWO Kita Uns Windroos",2019-05-29,Labdoo Annahmestelle 21035 Hamburg - Bergedorf:  PC112 PCFeuerwehr GmbH [nach Absprache geöffnet],3,0,3,0,100,182,completed,Germany,1
"Edoovillage #1458 - Congo (Kinshasa), Bulongo: BULONGO FRIENDLY SKILLS CENTRE",2019-05-31,Labdoo Hub Barcelona @I2CAT Campus Nord,47,0,0,47,0,40,open,Congo (Kinshasa),0
"Edoovillage #1459 - Uganda, Kampala: Infants' Health Foundation: Namayingo district, Uganda",2019-05-31,Labdoo Hub Oxford | Revive: University of Sussex Enactus Hub,15,0,11,4,73,300,open,Uganda,0
"Edoovillage #1460 - Mexico, Ensenada: LET'S BUILD A CHURCH",2019-06-01,TechAnnex ,3,0,3,0,100,0,completed,Mexico,1
"Edoovillage #1461 - Mexico, Tijuana: Casa Hogar",2019-06-01,Labdoo Hub- Kingdom Builders Ministry,10,0,2,8,20,21,completed,Mexico,1
"Edoovillage #991 - Germany, Dortmund: Integrationsprojekte Stadt Dortmund",2019-06-06,Labdoo Annahmestelle 45478 MH / Rhein-Ruhr (Hub),1,0,1,0,100,100,completed,Germany,1
"Edoovillage #1462 - United States, East Palo Alto: Aspire Tutorials of Sewa International’s Bay Area Chapter (COVID-19-US)",2019-06-06,Labdoo Hub Sewa Bay Area,50,0,14,36,28,20,completed,United States,1
"Edoovillage #1463 - Congo (Kinshasa), Limete Kinshasa: Ecole primaire et sécondaire  | Donaly Malungu",2019-06-06,Labdoo Annahmestelle 45478 MH / Rhein-Ruhr (Hub),80,0,80,0,100,1200,completed,Congo (Kinshasa),1
"Edoovillage #1464 - China, Dali Shi: Computer Learning for Shan-Wan Elementary School",2019-06-07,Labdoo Hub California (South),3,0,3,0,100,8,completed,China,1
"Edoovillage #1465 - Uganda, Mbarara: Sisters of our Lady of Good Counsel",2019-06-07,Labdoo Annahmestelle 45478 MH / Rhein-Ruhr (Hub),20,0,20,0,100,30,open,Uganda,0
"Edoovillage #1466 - Senegal, Oussouye: Projecte d'aula informàtica",2019-06-08,Labdoo Hub Barcelona @I2CAT Campus Nord,10,0,10,0,100,100,open,Senegal,0
"Edoovillage #1467 - Ethiopia, Wotara: Junior Secondary School | Schoolbooks e.V.",2019-06-09,Labdoo Annahmestelle 45478 MH / Rhein-Ruhr (Hub),20,0,20,0,100,1000,completed,Ethiopia,1
"Edoovillage #1441 - Romania, Vadu-Parului: Scratch Club",2019-06-12,Labdoo Hub Zürich (Schweiz),5,0,5,0,100,180,completed,Romania,1
"Edoovillage #1468 - Vietnam, Ho Chi Minh City: Mahrberg Library - WeTomorrow",2019-06-12,Labdoo Hub Zürich (Schweiz),16,0,15,1,93,195,completed,Vietnam,1
"Edoovillage #1469 - Cameroon, Douala: CETIF | Afrika-Herne Arbeitskreis e.V | RuhrDAX 2019",2019-06-14,Labdoo Annahmestelle 45478 MH / Rhein-Ruhr (Hub),25,0,0,25,0,70,open,Cameroon,0
"Edoovillage #1470 - Uganda, Rubanda Kabale: St. Adrian’s Seminary",2019-06-22,Labdoo Annahmestelle 45478 MH / Rhein-Ruhr (Hub),30,0,0,30,0,471,open,Uganda,0
"Edoovillage #1471 - Turkey, Mahmudiye: Mahmudiye Primary School | HeidelbergCement",2019-06-25,Labdoo Annahmestelle 45478 MH / Rhein-Ruhr (Hub),2,0,2,0,100,233,completed,Turkey,1
"Edoovillage #1472 - Mozambique, Beira: Residencia de estudiantes",2019-06-26,Labdoo Hub Barcelona @I2CAT Campus Nord,2,0,2,0,100,10,open,Mozambique,0
"Edoovillage #1473 - Greece, Lesbos: Movement on the Ground / Stephanie Rueb Fairbank",2019-06-28,Labdoo Hub Barcelona @I2CAT Campus Nord,8,0,6,2,75,50,open,Greece,0
"Edoovillage #1474 - Nepal, kathmandu: Shree Dudha Koshi Basic School",2019-06-28,Labdoo Annahmestelle 72805 Schwäbische Alb (Hub),25,0,9,16,36,60,open,Nepal,0
"Edoovillage #1475 - Nepal, Kerung: Baleshwar Basic School Kerung",2019-06-28,Labdoo Annahmestelle 72805 Schwäbische Alb (Hub),20,0,20,0,100,0,open,Nepal,0
"Edoovillage #1476 - Uganda, Mpigi Town: Tusobola women",2019-06-29,Labdoo Annahmestelle 45478 MH / Rhein-Ruhr (Hub),13,0,13,0,100,40,completed,Uganda,1
"Edoovillage #1477 - Uganda, Bugolobi: Mercy Hands Primary School",2019-06-29,Labdoo Annahmestelle 45478 MH / Rhein-Ruhr (Hub),7,0,7,0,100,140,completed,Uganda,1
"Edoovillage #1478 - Ghana, Akim Krobo: ZION ITC Lab | Ghana Union Düsseldorf e.V.",2019-07-02,Labdoo Annahmestelle 45478 MH / Rhein-Ruhr (Hub),30,0,30,0,100,116,completed,Ghana,1
"Edoovillage #1479 - Morocco, Larache: College Abdelkrim el khattabi | RIVE Maroc",2019-07-03,Labdoo Annahmestelle 45478 MH / Rhein-Ruhr (Hub) | Labdoo Annahmestelle 80804 München (Hub) | Labdoo Hub Salzburg,45,0,17,28,37,760,open,Morocco,0
"Edoovillage #1480 - Uganda, Fort Portal: Uganda, Fort Portal Secondary-School | Caritas",2019-07-10,Labdoo Annahmestelle 34134 Kassel (Hub),2,0,3,0,100,1510,completed,Uganda,1
"Edoovillage #1481 - Ghana, Manso Amenfi: Calvary Methodist Church | Ghana Union Düsseldorf e.V.",2019-07-15,Labdoo Annahmestelle 45478 MH / Rhein-Ruhr (Hub),50,0,50,0,100,520,completed,Ghana,1
"Edoovillage #1483 - Ghana, Gomoa Kokofu: SACKEY ITC LAB | Ghana Union Düsseldorf e.V.",2019-07-15,Labdoo Annahmestelle 45478 MH / Rhein-Ruhr (Hub),40,0,40,0,100,250,completed,Ghana,1
"Edoovillage #1484 - Ghana, TIKOBO: Nr. 2 Junior High School ICT room | Ghana Union Düsseldorf e.V.",2019-07-15,Labdoo Annahmestelle 45478 MH / Rhein-Ruhr (Hub),31,0,31,0,100,150,completed,Ghana,1
"Edoovillage #1485 - Ghana, Gomoa Potsin: Potsin D/A Primary School | Ghana Union Düsseldorf e.V.",2019-07-15,Labdoo Annahmestelle 45478 MH / Rhein-Ruhr (Hub),60,0,60,0,100,402,completed,Ghana,1
"Edoovillage #1486 - Ghana, Odumase: Sereso Holy Trinity rc Basic School | Ghana Union Düsseldorf e.V.",2019-07-15,Labdoo Annahmestelle 45478 MH / Rhein-Ruhr (Hub),25,0,25,0,100,50,completed,Ghana,1
"Edoovillage #1487 - Tanzania, Mwanza: NEW CHAPTER DEVELOPMENT FOR YOUTH (NCDY)",2019-07-16,Labdoo Annahmestelle 45478 MH / Rhein-Ruhr (Hub),45,0,23,22,51,92,open,Tanzania,0
"Edoovillage #1488 - Uganda, Kasese: YESI Africa - Increasing agricultural productivity through digital farming",2019-07-18,Labdoo Hub California (South),20,0,10,10,50,30,open,Uganda,0
"Edoovillage #1489 - Costa Rica, La Trinidad de Alajuela: Seprojoven.org",2019-07-20,Labdoo Annahmestelle 45478 MH / Rhein-Ruhr (Hub),20,0,20,0,100,200,completed,Costa Rica,1
"Edoovillage #1490 - Kenya, Kangundo: Ktithunthi Primary School",2019-07-20,Labdoo Hub Barcelona @I2CAT Campus Nord,20,0,1,19,5,200,open,Kenya,0
"Edoovillage #1491 - Uganda, Kampala: Ndejje University and Salvation college",2019-07-21,Labdoo School Hub Vilafranca - Col·legi Vedruna Sant Elies,3,0,2,1,66,3,open,Uganda,0
"Edoovillage #1492 - Nepal, Kathmandu: Haus der Hoffnung eV",2019-07-22,Labdoo Annahmestelle 45478 MH / Rhein-Ruhr (Hub) | Labdoo Annahmestelle 72805 Schwäbische Alb (Hub),10,0,6,4,60,175,open,Nepal,0
"Edoovillage #1493 - Uganda,  Kanyanya Parish, Kawempe Division : Sustainable Youth Development Foundtion (SYDF)",2019-07-24,Labdoo Hub Barcelona @I2CAT Campus Nord,11,0,4,7,36,20,open,Uganda,0
"Edoovillage #1494 - Tanzania, Dar Es Salaam: WEEDO | Tabasamu e.V.",2019-07-24,Labdoo Annahmestelle 80804 München (Hub),25,3,11,11,56,35,open,Tanzania,0
"Edoovillage #1495 - Malawi, Chikwawa: Sustainable Rural Community Development Org Partner Service Civil International (SCI)",2019-07-25,Labdoo Annahmestelle 45478 MH / Rhein-Ruhr (Hub),25,0,0,25,0,30,open,Malawi,0
"Edoovillage #1496 - Spain, Barcelona: Open Cultural Center - Migracode Barcelona",2019-07-28,Labdoo Hub Girona - Avgda Lluís Pericot,0,0,2,0,0,10,open,Spain,0
"Edoovillage #1497 - Ivory Coast, Abengourou: Creer Africa Centre de Reinsertion et Education pour les Enfants de la Rue",2019-07-29,Labdoo Annahmestelle 45478 MH / Rhein-Ruhr (Hub),5,0,0,5,0,30,open,Ivory Coast,0
"Edoovillage #1498 - Tanzania, Luganga: Mafinga Lutheran Vocational Training Centre | IoG Ingenieure ohne Grenzen Magdeburg",2019-08-02,Labdoo Annahmestelle 45478 MH / Rhein-Ruhr (Hub),2,0,2,0,100,245,completed,Tanzania,1
"Edoovillage #1499 - Congo (Kinshasa), Ville de Bukavu: CODDIMIR ASB",2019-08-02,Labdoo Annahmestelle 45478 MH / Rhein-Ruhr (Hub),25,0,8,17,32,200,open,Congo (Kinshasa),0
"Edoovillage #1500 - Nepal, Kathmandu: United World Schools",2019-08-08,Labdoo Annahmestelle 45478 MH / Rhein-Ruhr (Hub) | Labdoo Annahmestelle 80804 München (Hub),6,0,5,1,83,354,open,Nepal,0
"Edoovillage #1501 - Senegal, Dakar: Gibei Village | wir für Afrika eV",2019-08-09,Labdoo Annahmestelle 45478 MH / Rhein-Ruhr (Hub),4,0,4,0,100,3,completed,Senegal,1
"Edoovillage #1502 - Uganda, Nyenga: CARDINAL NSUBUGA SECONDARY SCHOOL",2019-08-09,Labdoo Annahmestelle 45478 MH / Rhein-Ruhr (Hub),30,0,11,19,36,450,open,Uganda,0
"Edoovillage #1503 - Iraq, Xhanke / Duhok: Khanik Camp | Bildungszentrum Harman | Our Bridge eV",2019-08-09,Labdoo Annahmestelle 45478 MH / Rhein-Ruhr (Hub) | Labdoo Annahmestelle 28215 Bremen (Hub),40,0,0,40,0,120,open,Iraq,0
"Edoovillage #1504 - Ghana, Accra: Tete Adehyemma Dance Theatre | Cactus Junges Theater | Jugendtheater-Werkstatt eV",2019-08-14,Labdoo Annahmestelle 45478 MH / Rhein-Ruhr (Hub),6,0,3,3,50,25,open,Ghana,0
"Edoovillage #1505 - Tanzania, Olpiro: Olpiro Dispensary | Endulen eV",2019-08-17,Labdoo Annahmestelle 45478 MH / Rhein-Ruhr (Hub) | Labdoo Annahmestelle 80804 München (Hub),1,0,1,0,100,300,completed,Tanzania,1
"Edoovillage #1506 - Uganda,  Kasese Municipality:  Daylight Christian Primary School | SES",2019-08-20,Labdoo Annahmestelle 45478 MH / Rhein-Ruhr (Hub),10,0,5,5,50,300,open,Uganda,0
"Edoovillage #1507 - Ghana, Awutu-Bereku / Bosomabena: Farm of Hope International School | Go For Ghana",2019-08-24,Labdoo Annahmestelle 45478 MH / Rhein-Ruhr (Hub),34,0,34,0,100,111,completed,Ghana,1
"Edoovillage #1508 - Ghana, Kumawu: WORASO D/A Primary School | Ghana Cargo",2019-08-25,Labdoo Annahmestelle 45478 MH / Rhein-Ruhr (Hub),12,0,12,0,100,345,completed,Ghana,1
"Edoovillage #1509 - Ghana, Kumawu: WORASO D/A Presbyterian Primary School | Ghana Cargo",2019-08-25,Labdoo Annahmestelle 45478 MH / Rhein-Ruhr (Hub),12,0,12,0,100,412,completed,Ghana,1
"Edoovillage #1510 - Ghana, Kumawu: Presbyterian Primary School | Ghana Cargo",2019-08-25,Labdoo Annahmestelle 45478 MH / Rhein-Ruhr (Hub),12,0,12,0,100,560,completed,Ghana,1
"Edoovillage #1511 - Ghana, Kumawu: Presbyterian JHS Junior High School | Ghana Cargo",2019-08-25,Labdoo Annahmestelle 45478 MH / Rhein-Ruhr (Hub),12,0,12,0,100,182,completed,Ghana,1
"Edoovillage #1512 - Ghana, Kumawu: R/C Primary School | Ghana Cargo",2019-08-25,Labdoo Annahmestelle 45478 MH / Rhein-Ruhr (Hub),13,0,13,0,100,370,completed,Ghana,1
"Edoovillage #1513 - Ghana, Kumawu: R/C JHS Junior High School | Ghana Cargo",2019-08-25,Labdoo Annahmestelle 45478 MH / Rhein-Ruhr (Hub),12,0,12,0,100,153,completed,Ghana,1
"Edoovillage #1514 - Ghana, Kumawu Bodomase: Methodist JHS Junior High School | Ghana Cargo",2019-08-25,Labdoo Annahmestelle 45478 MH / Rhein-Ruhr (Hub),12,0,12,0,100,150,completed,Ghana,1
"Edoovillage #1515 - Ghana, Kumawu Bodomase: St. Stephen R/C Primary School | Ghana Cargo",2019-08-25,Labdoo Annahmestelle 45478 MH / Rhein-Ruhr (Hub),12,0,12,0,100,409,completed,Ghana,1
"Edoovillage #1516 - Ghana, Kumawu Bodomase: Methodist Primary School | Ghana Cargo",2019-08-25,Labdoo Annahmestelle 45478 MH / Rhein-Ruhr (Hub),12,0,12,0,100,545,completed,Ghana,1
"Edoovillage #1517 - Ghana, Kumawu Bodomase: D/A JHS Junior High School | Ghana Cargo",2019-08-25,Labdoo Annahmestelle 45478 MH / Rhein-Ruhr (Hub),12,0,12,0,100,78,completed,Ghana,1
"Edoovillage #1518 - Ghana, Kumawu Bodomase: St. Stephen R/C JHS Junior High School | Ghana Cargo",2019-08-25,Labdoo Annahmestelle 45478 MH / Rhein-Ruhr (Hub),11,0,11,0,100,125,completed,Ghana,1
"Edoovillage #1519 - Uganda, Jinja: REINHARD FOUNDATION",2019-08-26,Labdoo Annahmestelle 45478 MH / Rhein-Ruhr (Hub),30,0,30,0,100,100,completed,Uganda,1
"Edoovillage #1520 - Sierra Leone, Freetown: Light Salone Innovation",2019-08-27,Labdoo Annahmestelle 45478 MH / Rhein-Ruhr (Hub),22,0,22,0,100,15,completed,Sierra Leone,1
"Edoovillage #1521 - Morocco, FEDRAGOUM OUARZAZATE: Ecole Fedragoum Ouarzazate | RIVE Maroc",2019-08-27,Labdoo Annahmestelle 45478 MH / Rhein-Ruhr (Hub) | Labdoo Annahmestelle 80804 München (Hub) | Labdoo Hub Salzburg,31,0,31,0,100,685,completed,Morocco,1
"Edoovillage #1522 - Ghana, Kumawu: Administration and Training Centre | Ghana Cargo",2019-08-27,Labdoo Annahmestelle 45478 MH / Rhein-Ruhr (Hub),8,0,8,0,100,20,completed,Ghana,1
"Edoovillage #1523 - Uganda, Nyatonzi: Mawejje Creations",2019-08-27,Labdoo Annahmestelle 45478 MH / Rhein-Ruhr (Hub),7,0,2,5,28,10,open,Uganda,0
"Edoovillage #1524 - Tanzania, Mwanza: HOPE CHILDREN HOME",2019-08-28,Labdoo Annahmestelle 45478 MH / Rhein-Ruhr (Hub),11,0,5,6,45,22,open,Tanzania,0
"Edoovillage #1525 - Tanzania, Ngara: Baramba Girls Secondary School | Marafini wa Africa",2019-08-29,Labdoo Annahmestelle 45478 MH / Rhein-Ruhr (Hub),30,0,23,7,76,160,open,Tanzania,0
"Edoovillage #1526 - South Africa, Hermanus: Sparklekids Varsity Project",2019-08-29,Labdoo Annahmestelle 28215 Bremen (Hub) | Labdoo Annahmestelle 45478 MH / Rhein-Ruhr (Hub),10,0,10,0,100,100,open,South Africa,0
"Edoovillage #1527 - Namibia, Otovi: Schulheim Kohareb",2019-08-30,Labdoo Annahmestelle 45478 MH / Rhein-Ruhr (Hub),1,0,1,0,100,135,completed,Namibia,1
"Edoovillage #1528 - Romania, Rădăuţi: Settlement of Children",2019-08-30,Labdoo Hub Zürich (Schweiz),15,0,15,0,100,200,completed,Romania,1
"Edoovillage #1529 - Serbia, Zemun: Kreacije Savremenog Detinjstva",2019-08-30,Labdoo Hub Zürich (Schweiz),15,0,15,0,100,50,completed,Serbia,1
"Edoovillage #1530 - Dominican Republic, Santo Domingo Este: Pro Viva Dominicana",2019-08-30,Labdoo Hub Zürich (Schweiz),25,0,5,20,20,200,open,Dominican Republic,0
"Edoovillage #1531 - Nigeria, Amauzari: St. Theresa's Parish",2019-08-31,Labdoo Hub Zürich (Schweiz),20,5,0,15,25,20,open,Nigeria,0
"Edoovillage #1532 - Switzerland, Basel: Primarschule Dreirosen",2019-09-01,Labdoo Hub Zürich (Schweiz),4,0,4,0,100,16,completed,Switzerland,1
"Edoovillage #1533 - Afghanistan, Herat: Nachhilfeunterricht | Cap Anamur",2019-09-03,Labdoo Annahmestelle 45478 MH / Rhein-Ruhr (Hub),10,0,6,4,60,600,open,Afghanistan,0
"Edoovillage #1534 - Tanzania, Ngorongoro: Endulen Buschkrankenhaus | Endulen e.V.",2019-09-05,Labdoo Annahmestelle 80804 München (Hub),1,0,1,0,100,70,completed,Tanzania,1
"Edoovillage #1535 - Switzerland, Geneva: Empowerment Lab",2019-09-09,Labdoo Hub Zürich (Schweiz),5,0,5,0,100,10,completed,Switzerland,1
"Edoovillage #1536 - Zimbabwe, Matibi: Friends for Matibi",2019-09-09,Labdoo Hub Zürich (Schweiz),11,0,10,1,90,50,completed,Zimbabwe,1
"Edoovillage #1537 - Togo, Lomé: School NET (School of the New Era of Technology)",2019-09-10,Labdoo Hub Upper West - New York,12,0,2,10,16,1600,open,Togo,0
"Edoovillage #1538 - Kenya, Kwale: Boyani Pefa Academy | Imanimangale Deutschland e.V.",2019-09-12,Labdoo Annahmestelle 45478 MH / Rhein-Ruhr (Hub),3,0,3,0,100,120,completed,Kenya,1
"Edoovillage #1539 - Uganda, Bwera: Rusese Pride Secondary Schools",2019-09-12,Labdoo Annahmestelle 45478 MH / Rhein-Ruhr (Hub),25,0,7,18,28,270,open,Uganda,0
"Edoovillage #1540 - Germany, Stade: Private Hilfsinitiativen Landkreis Stade",2019-09-17,Labdoo Annahmestelle 21680 Stade (Hub),0,0,0,0,0,0,completed,Germany,1
"Edoovillage #1541 - Myanmar, Taunggyi: St. Aloysius Gonzaga Institut for Higher Studies SAG | Zukunft für Kinder der Welt eV",2019-09-18,Labdoo Annahmestelle 80804 München (Hub),10,0,10,0,100,100,completed,Myanmar,1
"Edoovillage #1542 - Uganda, Kampala: Rhythm of Life",2019-09-27,Labdoo Hub Barcelona @I2CAT Campus Nord,27,0,27,0,100,50,completed,Uganda,1
"Edoovillage #1543 - India, RAYAGADA: Free Computer Learning Centre | The Prishan Foundation",2019-10-04,Labdoo Annahmestelle 45478 MH / Rhein-Ruhr (Hub),25,0,1,24,4,100,open,India,0
"Edoovillage #1544 - Ghana, Klo Begoro: 3 schools | HeidelbergCement",2019-10-04,Labdoo Annahmestelle 45478 MH / Rhein-Ruhr (Hub),9,0,2,7,22,125,open,Ghana,0
"Edoovillage #1545 - Kenya, Siaya : Schizophrenia Society Of Kenya SSK | On the move e.V.",2019-10-06,Labdoo Annahmestelle 45478 MH / Rhein-Ruhr (Hub),16,0,2,14,12,1500,open,Kenya,0
"Edoovillage #1546 - Germany, Oberhausen: Chancen und Teilhabe Oberhausen e.V.",2019-10-08,Labdoo Annahmestelle 45478 MH / Rhein-Ruhr (Hub),10,0,10,0,100,12,completed,Germany,1
"Edoovillage #1547 - Germany, Hamburg: Stadtteilschule Kirchwerder | comTeam",2019-10-08,Labdoo Annahmestelle 45478 MH / Rhein-Ruhr (Hub) | Labdoo Annahmestelle 21035 Hamburg - Bergedorf:  PC112 PCFeuerwehr GmbH [nach Absprache geöffnet] | Labdoo Annahmestelle 21680 Stade (Hub),29,0,29,0,100,1052,completed,Germany,1
"Edoovillage #1548 - Tanzania, Mwanza: Stipendienprogramm | Endulen e.V.",2019-10-09,Labdoo Annahmestelle 80804 München (Hub),11,0,10,1,90,11,completed,Tanzania,1
"Edoovillage #1549 - South Africa, George: Education Center in the Botanical Garden of George",2019-10-12,Labdoo Annahmestelle 45478 MH / Rhein-Ruhr (Hub),2,0,2,0,100,1000,completed,South Africa,1
"Edoovillage #1550 - Tanzania, Mtwara: Ndanda school of Nursing",2019-10-13,Labdoo Annahmestelle 45478 MH / Rhein-Ruhr (Hub),16,0,16,0,100,179,completed,Tanzania,1
"Edoovillage #1551 - Uganda, Soroti: Christian Hubs",2019-10-14,Labdoo Hub Upper West - New York,15,0,0,15,0,120,open,Uganda,0
"Edoovillage #1552 - Congo (Kinshasa), Lukala: Ecole Institut de Cilu | HeidelbergCement",2019-10-14,Labdoo Annahmestelle 45478 MH / Rhein-Ruhr (Hub),10,0,0,10,0,36,open,Congo (Kinshasa),0
"Edoovillage #1553 - Congo (Kinshasa), Lukala: Ecole Conventionnée Catholique Lycee | HeidelbergCement",2019-10-14,Labdoo Annahmestelle 45478 MH / Rhein-Ruhr (Hub),10,0,0,10,0,601,open,Congo (Kinshasa),0
"Edoovillage #1554 - Congo (Kinshasa), Lukala: Ecole Institut Kasa-Vubu Kasabu | HeidelbergCement",2019-10-15,Labdoo Annahmestelle 45478 MH / Rhein-Ruhr (Hub),10,0,1,9,10,735,open,Congo (Kinshasa),0
"Edoovillage #1555 - Tanzania, Mwanza: STEP GROUP TANZANIA. ICT GLOBAL INITIATIVE 2019",2019-10-15,Labdoo Hub Upper West - New York,50,0,0,50,0,200,open,Tanzania,0
"Edoovillage #1556 - Tanzania, Ndala Ward: Expansion Computer Education in Ebeneza Vocational Training Centre (EVTC)",2019-10-17,Labdoo Hub Barcelona @I2CAT Campus Nord,22,0,0,22,0,20,open,Tanzania,0
"Edoovillage #1557 - Germany, Essen: Integrationsprojekt One Goal for All Kevin Uguru",2019-10-19,Labdoo Annahmestelle 45478 MH / Rhein-Ruhr (Hub),28,0,28,0,100,50,completed,Germany,1
"Edoovillage #1558 - Ghana, Ampenyi: School Ampenyi | ANAD eV",2019-10-21,Labdoo Annahmestelle 45478 MH / Rhein-Ruhr (Hub),8,0,8,0,100,50,open,Ghana,0
"Edoovillage #1559 - Ghana, Kumasi: School Economy For the Common Goods | ANAD eV",2019-10-21,Labdoo Annahmestelle 45478 MH / Rhein-Ruhr (Hub),8,0,11,0,100,100,open,Ghana,0
"Edoovillage #1560 - Sierra Leone, Freetown: EB Williams Municipal School",2019-10-23,Labdoo Hub Barcelona @I2CAT Campus Nord,20,0,12,8,60,825,open,Sierra Leone,0
"Edoovillage #1561 - Congo (Brazzaville), Brazzaville: Ecole de Poto Poto | Donaly Malungu",2019-10-25,Labdoo Annahmestelle 45478 MH / Rhein-Ruhr (Hub),66,0,66,0,100,400,completed,Congo (Brazzaville),1
"Edoovillage #1562 - Thailand, Udon Thani: Volunt2Thai Campus โรงเรียนบ้านหนองกุง สพป.อุดรธานี เขต1",2019-10-26,Labdoo Annahmestelle 45478 MH / Rhein-Ruhr (Hub),12,0,7,5,58,100,open,Thailand,0
"Edoovillage #1564 - Germany, Viersen: ZUE Zentrale Unterbringungseinrichtung | Malteser",2019-10-31,Labdoo Annahmestelle 45478 MH / Rhein-Ruhr (Hub),2,0,2,0,100,100,completed,Germany,1
"Edoovillage #1565 - Togo, Sika Kondji: CEG Sika Kondji | HeidelbergCement",2019-10-31,Labdoo Annahmestelle 45478 MH / Rhein-Ruhr (Hub),10,0,1,9,10,279,open,Togo,0
"Edoovillage #1566 - Togo, Atakpamede: CEG Atakpamede Kondji | HeidelbergCement",2019-10-31,Labdoo Annahmestelle 45478 MH / Rhein-Ruhr (Hub),10,0,1,9,10,311,open,Togo,0
"Edoovillage #1567 - Albania, Fushe Arrez: Missionsstation | Albanienhilfe Mülheim eV",2019-11-02,Labdoo Annahmestelle 45478 MH / Rhein-Ruhr (Hub),3,0,3,0,100,30,completed,Albania,1
"Edoovillage #1568 - Uganda, Hoima Municipality:  Skilling unemployed youth in ICT to be self-reliant",2019-11-06,Labdoo Hub California (South),2,0,2,0,100,75,completed,Uganda,1
"Edoovillage #1569 - Ghana, Dumanafo Mamponteng: Solid Stone Foundation Preparatory School",2019-11-06,Labdoo Annahmestelle 45478 MH / Rhein-Ruhr (Hub),30,0,30,0,100,390,completed,Ghana,1
"Edoovillage #1570 - Mali, Takoti: Ecole Fondamentale Verena | Lachen Helfen eV",2019-11-07,Labdoo Annahmestelle 45478 MH / Rhein-Ruhr (Hub),12,0,3,9,25,450,open,Mali,0
"Edoovillage #1571 - Togo, Sokodé: Association Didaurè BIYA",2019-11-08,Labdoo Annahmestelle 45478 MH / Rhein-Ruhr (Hub),10,0,10,0,100,61,completed,Togo,1
"Edoovillage #1572 - Nepal, Kathmandu: Self-Help Group for Cerebral Palsy",2019-11-10,Labdoo Annahmestelle 80804 München (Hub) | Labdoo Annahmestelle 45478 MH / Rhein-Ruhr (Hub),20,0,5,15,25,200,open,Nepal,0
"Edoovillage #1573 - Nepal, Kathmandu: Nepal Jesuit Social Institute",2019-11-10,Labdoo Annahmestelle 80804 München (Hub) | Labdoo Annahmestelle 45478 MH / Rhein-Ruhr (Hub),5,0,4,1,80,200,open,Nepal,0
"Edoovillage #1574 - India, Kolkata: Institute for Indian Mother and Child | IIMC e.V.",2019-11-11,Labdoo Annahmestelle 45478 MH / Rhein-Ruhr (Hub),20,0,16,4,80,4000,open,India,0
"Edoovillage #1575 - Togo, Bassar: Berufsschulneubau in Bassar (Togo)",2019-11-13,Labdoo Annahmestelle 90402 Nürnberg (Hub),3,0,3,0,100,249,open,Togo,0
"Edoovillage #1576 - Tanzania, Ngusero, Arusha: Good Hope Pre- and Primary School | amini e.V.",2019-11-14,Labdoo Annahmestelle 45478 MH / Rhein-Ruhr (Hub),40,0,0,40,0,1182,open,Tanzania,0
"Edoovillage #1577 - Senegal, Saint-Louis: Origen DIADEM Open Arms AUCOOP",2019-11-15,Labdoo Hub Barcelona @I2CAT Campus Nord | Labdoo Hub AUCOOP UPC,28,10,14,4,85,750,open,Senegal,0
"Edoovillage #1578 - Senegal, Grand Dakar: Origen Dunia Kato Open Arms AUCOOP",2019-11-15,Labdoo Hub Barcelona @I2CAT Campus Nord,18,2,8,8,55,200,open,Senegal,0
"Edoovillage #1579 - Germany, Wittstock / Dosse: Volkssolidarität Brandenburg e.V. Verbandsbereich Prignitz Ruppin",2019-11-18,Labdoo Annahmestelle 45478 MH / Rhein-Ruhr (Hub),0,0,0,0,0,18,completed,Germany,1
"Edoovillage #1580 - Uganda, Kasese: Liberty college of Management and Journalism",2019-11-23,Labdoo Annahmestelle 45478 MH / Rhein-Ruhr (Hub),6,0,6,0,100,356,completed,Uganda,1
"Edoovillage #1581 - Ghana, Kumawu: TWENEBOA KODUA SENIOR HIGH SCHOOL | Ghana Cargo",2019-11-28,Labdoo Annahmestelle 45478 MH / Rhein-Ruhr (Hub),51,0,51,0,100,3300,completed,Ghana,1
"Edoovillage #1582 - Uganda, Nakivale: SCHOOL FOR REFUGEE GIRLS IN NAKIVALE  | Uganda",2019-11-30,Labdoo Hub Barcelona @I2CAT Campus Nord,10,0,1,9,10,100,open,Uganda,0
"Edoovillage #1583 - New Zealand, Auckland: Woven Earth",2019-12-03,Labdoo Hub Auckland,4,1,13,0,100,0,open,New Zealand,0
"Edoovillage #1584 - Ghana, Mamponteng Kumasi: Catholic Primary A | Unafo e.V.",2019-12-05,Labdoo Annahmestelle 45478 MH / Rhein-Ruhr (Hub),26,0,26,0,100,390,completed,Ghana,1
"Edoovillage #1585 - Uganda, Kikuube: SELF-WORTH FOUNDATION - Equipting unemployed youth in ICT to be self-reliant",2019-12-07,Labdoo Hub California (South),2,0,2,0,100,60,completed,Uganda,1
"Edoovillage #1586 - Ghana, Ko Parish: Yezu Tang Vocational Center | Ghanakreis St. Ludgerus",2019-12-09,Labdoo Annahmestelle 45478 MH / Rhein-Ruhr (Hub),21,0,0,21,0,40,open,Ghana,0
"Edoovillage #1587 - Zimbabwe, Harare: St. Rupert Mayer Jesuits Mission - KIWIX",2019-12-10,Labdoo Annahmestelle 80804 München (Hub),12,0,9,3,75,50,open,Zimbabwe,0
"Edoovillage #1588 - Uganda, Lweza: Lake View High School",2019-12-10,Labdoo Annahmestelle 45478 MH / Rhein-Ruhr (Hub),15,0,6,9,40,120,open,Uganda,0
"Edoovillage #1589 - Bosnia and Herzegovina, Srebrenik: JU Prva osnovna skola Srebrenik",2019-12-10,Labdoo Annahmestelle 80804 München (Hub),15,0,15,0,100,903,completed,Bosnia and Herzegovina,1
"Edoovillage #1590 - Ghana, Gomoa Fetteh: Hope College | Hildegardis Gymnasium Duisburg",2019-12-15,Labdoo Annahmestelle 45478 MH / Rhein-Ruhr (Hub),28,0,28,0,100,427,open,Ghana,0
"Edoovillage #1591 - Brazil, Poconé: Escola Fazenda Jofre Velho | Amazonia für die Welt e.V.",2019-12-15,Labdoo Annahmestelle 45478 MH / Rhein-Ruhr (Hub),20,0,19,1,95,20,completed,Brazil,1
"Edoovillage #1592 - Cambodia, Toek Chum village, Ta An commune: Technology training, IT skills and teach vulnerable students in Toekchum secondary school",2019-12-18,Labdoo Hub Manresa | Labdoo Hub Rome,16,3,8,5,68,188,open,Cambodia,0
"Edoovillage #1593 - Mauritania, Nouakchoot: Selam Schule | HelpInNeed",2019-12-18,Labdoo Annahmestelle 45478 MH / Rhein-Ruhr (Hub),4,0,4,0,100,50,open,Mauritania,0
"Edoovillage #1594 - Congo (Kinshasa), Kinshasa: Centre de Formation Désiré | Fr. Julien NTENDO",2019-12-20,Labdoo Annahmestelle 45478 MH / Rhein-Ruhr (Hub) | Labdoo Annahmestelle 80804 München (Hub),70,51,19,0,100,175,completed,Congo (Kinshasa),1
"Edoovillage #1595 - Congo (Kinshasa), Kasongo-Lunda: College SJ NTEMO | Fr. Julien NTENDO",2019-12-20,Labdoo Annahmestelle 45478 MH / Rhein-Ruhr (Hub) | Labdoo Annahmestelle 80804 München (Hub),20,0,0,20,0,415,open,Congo (Kinshasa),0
"Edoovillage #1596 - Congo (Kinshasa), Kinshasa: Institut Lumumba | Fr. Julien NTENDO",2019-12-20,Labdoo Annahmestelle 45478 MH / Rhein-Ruhr (Hub) | Labdoo Annahmestelle 80804 München (Hub),40,0,0,40,0,1230,open,Congo (Kinshasa),0
"Edoovillage #1597 - Congo (Kinshasa), Kinshasa: ITC NDJILI | Fr. Julien NTENDO",2019-12-20,Labdoo Annahmestelle 45478 MH / Rhein-Ruhr (Hub) | Labdoo Annahmestelle 80804 München (Hub),20,0,0,20,0,615,open,Congo (Kinshasa),0
"Edoovillage #1598 - Congo (Kinshasa), Kinshasa: Institut de NDJILI | Fr. Julien NTENDO",2019-12-20,Labdoo Annahmestelle 45478 MH / Rhein-Ruhr (Hub) | Labdoo Annahmestelle 80804 München (Hub),25,0,0,25,0,944,open,Congo (Kinshasa),0
"Edoovillage #1599 - Congo (Kinshasa), Masina: ISCOM MASINA | Fr. Julien NTENDO",2019-12-20,Labdoo Annahmestelle 45478 MH / Rhein-Ruhr (Hub) | Labdoo Annahmestelle 80804 München (Hub),20,0,0,20,0,617,open,Congo (Kinshasa),0
"Edoovillage #1600 - Congo (Kinshasa), Masina: INSTITUT BAHUMBU | Fr. Julien NTENDO",2019-12-20,Labdoo Annahmestelle 45478 MH / Rhein-Ruhr (Hub) | Labdoo Annahmestelle 80804 München (Hub),15,0,0,15,0,315,open,Congo (Kinshasa),0
"Edoovillage #1601 - Congo (Kinshasa), Kimbanseke: I.T.C. MOKALI | Fr. Julien NTENDO",2019-12-20,Labdoo Annahmestelle 45478 MH / Rhein-Ruhr (Hub) | Labdoo Annahmestelle 80804 München (Hub),15,0,0,15,0,417,open,Congo (Kinshasa),0
"Edoovillage #1602 - Congo (Kinshasa), Kinshasa: I.T.C. CETA | Fr. Julien NTENDO",2019-12-20,Labdoo Annahmestelle 45478 MH / Rhein-Ruhr (Hub) | Labdoo Annahmestelle 80804 München (Hub),15,0,0,15,0,931,open,Congo (Kinshasa),0
"Edoovillage #1603 - Congo (Kinshasa), Kinshasa: INSTITUT DE KINKOLE | Fr. Julien NTENDO",2019-12-20,Labdoo Annahmestelle 45478 MH / Rhein-Ruhr (Hub) | Labdoo Annahmestelle 80804 München (Hub),20,0,0,20,0,946,open,Congo (Kinshasa),0
"Edoovillage #1604 - Congo (Kinshasa), Kinshasa: ECOLE D’AFRIQUE Mgr MAMBE | Fr. Julien NTENDO",2019-12-20,Labdoo Annahmestelle 45478 MH / Rhein-Ruhr (Hub) | Labdoo Annahmestelle 80804 München (Hub),20,0,0,20,0,258,open,Congo (Kinshasa),0
"Edoovillage #1605 - Congo (Kinshasa), Pelende: Ecole Primaire NTOMBUKA Sisters of Notre Dame | Fr. Julien NTENDO",2019-12-20,Labdoo Annahmestelle 45478 MH / Rhein-Ruhr (Hub) | Labdoo Annahmestelle 80804 München (Hub),20,0,0,20,0,343,open,Congo (Kinshasa),0
"Edoovillage #1606 - Ghana, Kade: Kade Mcneilus SDA Junior High School | Ghana Cargo",2019-12-25,Labdoo Annahmestelle 45478 MH / Rhein-Ruhr (Hub),20,0,20,0,100,216,completed,Ghana,1
"Edoovillage #1607 - Kenya, Mumias East: People against Poverty",2019-12-26,Labdoo Hub Zürich (Schweiz),5,0,3,2,60,1000,open,Kenya,0
"Edoovillage #1608 - Switzerland, Randa: Schulen Randa/Täsch (COVID-19-CH)",2019-12-26,Labdoo Hub Zürich (Schweiz),25,0,25,0,100,100,completed,Switzerland,1
"Edoovillage #1609 - Switzerland, Zurich: OFF (COVID-19-CH)",2019-12-26,Labdoo Hub Zürich (Schweiz),2,0,2,0,100,10,completed,Switzerland,1
"Edoovillage #1610 - Romania, Boldesti-Scaeni: Mihai Viteazul Secondary School",2019-12-27,Labdoo Hub Zürich (Schweiz),5,0,5,0,100,300,completed,Romania,1
"Edoovillage #1611 - Lebanon, Ghaza: Damma Educational Centre",2019-12-27,Labdoo Hub Zürich (Schweiz),25,0,25,0,100,456,completed,Lebanon,1
"Edoovillage #1612 - Peru, Pucallpa, Dedtriti de Yarina Cocha: DSC School",2019-12-27,Labdoo Hub Zürich (Schweiz),25,0,10,15,40,25,open,Peru,0
"Edoovillage #1613 - Nepal, Nishankhe, Okhaldungha: Mahrberg Library - WeTomorrow",2019-12-27,Labdoo Hub Zürich (Schweiz),15,0,12,3,80,200,completed,Nepal,1
"Edoovillage #1614 - Rwanda, Kirengeri: Gahengeri Primary School",2019-12-28,Labdoo Hub Zürich (Schweiz),29,0,26,3,89,825,completed,Rwanda,1
"Edoovillage #1615 - India, New Delhi: Sunshine Project of 'Stiftung Kinderhilfe des Swissair Personals'",2019-12-28,Labdoo Hub Zürich (Schweiz),1,0,1,0,100,100,completed,India,1
"Edoovillage #1616 - India, New Delhi: SVM Education Centre of 'Stiftung Kinderhilfe des Swissair Personals'",2019-12-28,Labdoo Hub Zürich (Schweiz),1,0,1,0,100,100,completed,India,1
"Edoovillage #1617 - Togo, Adetikopé-Awan: Schule Adetikopé-Awan | Avenir-Togo",2019-12-28,Labdoo Annahmestelle 45478 MH / Rhein-Ruhr (Hub),10,0,0,10,0,100,open,Togo,0
"Edoovillage #1618 - Bosnia and Herzegovina, Tojšići: JU Osnovnaskola Vukovije | Bosnien Hilfe Büderich",2019-12-30,Labdoo Annahmestelle 45478 MH / Rhein-Ruhr (Hub),20,0,19,1,95,187,completed,Bosnia and Herzegovina,1
"Edoovillage #1619 - Myanmar,  Bogalay Township: D&D High School Kintat Village | KINDEVA eV",2020-01-02,Labdoo Annahmestelle 45478 MH / Rhein-Ruhr (Hub) | Labdoo Annahmestelle 80804 München (Hub),10,0,0,10,0,50,open,Myanmar,0
"Edoovillage #1620 - Greece, Polikastro : Open Cultural Center Greece",2020-01-02,Labdoo Hub Girona - Avgda Lluís Pericot,10,1,0,9,10,10,open,Greece,0
"Edoovillage #1621 - India, Tonk: Rajasthan Tonk School",2020-01-05,Labdoo Hub New Delhi,5,0,2,3,40,151,open,India,0
"Edoovillage #1622 - Ghana, Santrokofi-Bume (Sanko): Kids Corner | Freunde für Ghana eV",2020-01-05,Labdoo Annahmestelle 45478 MH / Rhein-Ruhr (Hub),10,0,0,10,0,25,open,Ghana,0
"Edoovillage #1623 - Tanzania, Mbesa: Handwerkerschule Nazareth | Forum Wiedenest",2020-01-06,Labdoo Annahmestelle 45478 MH / Rhein-Ruhr (Hub),14,0,10,4,71,70,open,Tanzania,0
"Edoovillage #1482 - Angola,  Cabinda: Ecole des refugiés Regresado Cabinda | Donaly Malungu",2020-01-15,Labdoo Annahmestelle 45478 MH / Rhein-Ruhr (Hub),70,0,65,5,92,900,open,Angola,0
"Edoovillage #1624 - South Africa, Pretoria: Down's Syndrome South Africa - Pretoria",2020-01-18,Labdoo Annahmestelle 80804 München (Hub),20,0,31,0,100,45,open,South Africa,0
"Edoovillage #1625 - Uganda, kampala: ORPHANS SMILE UGANDA",2020-01-21,Labdoo Annahmestelle 45478 MH / Rhein-Ruhr (Hub),5,0,0,5,0,23,open,Uganda,0
"Edoovillage #1626 - Serbia, Nis: Inklusive Schule Carica Jelena | Biker Brummi Hilfe eV",2020-01-21,Labdoo Annahmestelle 45478 MH / Rhein-Ruhr (Hub),30,1,0,29,3,650,completed,Serbia,1
"Edoovillage #1627 - Ghana, Akatekyiwa: Vocational Centre in Yamoransa | Go for Ghana eV",2020-01-21,Labdoo Annahmestelle 45478 MH / Rhein-Ruhr (Hub),40,0,40,0,100,90,completed,Ghana,1
"Edoovillage #1628 - Ghana, Accra: Universal Wonderful Street Academy",2020-01-22,Labdoo Annahmestelle 45478 MH / Rhein-Ruhr (Hub),35,0,34,1,97,150,open,Ghana,0
"Edoovillage #1629 - Uganda, Hoima : VESCOD ICT for Training for Sustainable Development",2020-01-25,Labdoo Hub California (South),2,0,2,0,100,12,completed,Uganda,1
"Edoovillage #1630 - Mexico, Uruapan: taki mundo",2020-01-29,Labdoo Hub Zürich (Schweiz),20,0,6,14,30,50,open,Mexico,0
"Edoovillage #1631 - Ghana, Ejura: Bemi Municipal Assembly Primary School | Ghana Cargo",2020-02-02,Labdoo Annahmestelle 45478 MH / Rhein-Ruhr (Hub),15,0,15,0,100,457,completed,Ghana,1
"Edoovillage #1632 - South Africa, Cape Town: Township-Kinder | Ubomi eV",2020-02-05,Labdoo Annahmestelle 45478 MH / Rhein-Ruhr (Hub),43,1,41,1,97,200,completed,South Africa,1
"Edoovillage #1633 - Uganda, Kampala: Good Time Nursery & Primary School",2020-02-06,Labdoo Annahmestelle 45478 MH / Rhein-Ruhr (Hub),10,0,5,5,50,280,open,Uganda,0
"Edoovillage #1634 - Malawi, lilongwe: University students under Active Africa scholarhips",2020-02-07,Labdoo Hub Barcelona @I2CAT Campus Nord | Labdoo City Hub Sant Cugat,50,6,52,0,100,700,open,Malawi,0
"Edoovillage #1635 - Sierra Leone, Freetown: Girls Empowerment | Sierra Leone eV",2020-02-07,Labdoo Annahmestelle 45478 MH / Rhein-Ruhr (Hub) | Labdoo Annahmestelle 80804 München (Hub),4,0,0,4,0,15,open,Sierra Leone,0
"Edoovillage #1636 - Iraq, Dohuk:  Sprachkurse für Kinder/Jugendliche im Irak (Erbil und Dohuk) | SOS Save our souls 1915 eV",2020-02-07,Labdoo Annahmestelle 45478 MH / Rhein-Ruhr (Hub),49,0,49,0,100,80,completed,Iraq,1
"Edoovillage #1637 - Morocco, gourrama: NOMADS UNIRAID",2020-02-08,Labdoo Hub Barcelona @I2CAT Campus Nord,30,0,5,25,16,560,open,Morocco,0
"Edoovillage #1638 - Serbia, Vlasotince: Kindergarten institution Milka Dimanic | Biker Brummi Hilfe eV",2020-02-08,Labdoo Annahmestelle 45478 MH / Rhein-Ruhr (Hub),10,0,0,10,0,650,completed,Serbia,1
"Edoovillage #1639 - Tanzania, Kipatimu: St. Martin’s Mission Hospital Kipatimu | Endulen e.V.",2020-02-10,Labdoo Annahmestelle 80804 München (Hub) | Labdoo Annahmestelle 45478 MH / Rhein-Ruhr (Hub),3,0,2,1,66,36,open,Tanzania,0
"Edoovillage #1640 - Uganda, Nkokonjeru: Initiative for Rural Development (IRUDET) Hub | SES",2020-02-10,Labdoo Annahmestelle 45478 MH / Rhein-Ruhr (Hub),8,0,8,0,100,25,completed,Uganda,1
"Edoovillage #1641 - Cameroon, Cameroon: Computer literacy center for unemployed youths",2020-02-11,Labdoo School Hub Ourense - CIFP A Carballeira-Márcos Valcarcel,15,2,0,13,13,25,open,Cameroon,0
"Edoovillage #1642 - Congo (Kinshasa), Koka-Koli:  Petit  Seminaire | ACDC",2020-02-15,Labdoo Annahmestelle 45478 MH / Rhein-Ruhr (Hub),33,0,33,0,100,207,completed,Congo (Kinshasa),1
"Edoovillage #1643 - Congo (Kinshasa), Yakoma: Lycée Maman Leona | ACDC",2020-02-15,Labdoo Annahmestelle 45478 MH / Rhein-Ruhr (Hub),43,0,43,0,100,588,completed,Congo (Kinshasa),1
"Edoovillage #1644 - Congo (Kinshasa), Gbadolite: Collège de Gbadolite | ACDC",2020-02-15,Labdoo Annahmestelle 45478 MH / Rhein-Ruhr (Hub),53,0,53,0,100,786,completed,Congo (Kinshasa),1
"Edoovillage #1645 - Uganda, Kampala: Childrens kings School | Donaly Malungu",2020-02-21,Labdoo Annahmestelle 45478 MH / Rhein-Ruhr (Hub),27,0,27,0,100,170,completed,Uganda,1
"Edoovillage #1646 - Ghana, Sunyani: UENR Outreach Programe",2020-02-26,Labdoo Annahmestelle 45478 MH / Rhein-Ruhr (Hub),70,0,0,70,0,1000,open,Ghana,0
"Edoovillage #1647 - Kenya, Nakuru: Makungu Care Home",2020-02-26,Labdoo Annahmestelle 80804 München (Hub),2,2,6,0,100,8,open,Kenya,0
"Edoovillage #1648 - Mexico, Tanetze de Zaragoza: CEU-XHIDZA - DOOXHIDZA",2020-02-27,Labdoo Hub Barcelona @I2CAT Campus Nord,16,0,0,16,0,16,open,Mexico,0
"Edoovillage #1649 - Bosnia and Herzegovina, Sarajevo: NGO Partnerschaft für öffentliche Gesundheit | Leben und Lernen in Bosnien e.V.",2020-02-27,Labdoo Annahmestelle 45478 MH / Rhein-Ruhr (Hub),10,0,10,0,100,70,completed,Bosnia and Herzegovina,1
"Edoovillage #1650 - Germany, Duisburg: Werkkiste gGmbH | Bürgerstiftung Duisburg | COVID-19-DE",2020-02-28,Labdoo Annahmestelle 45478 MH / Rhein-Ruhr (Hub),146,0,146,0,100,300,completed,Germany,1
"Edoovillage #1651 - Namibia, Omaruru: Martin Luther Highschool | FaireKITA",2020-02-28,Labdoo Annahmestelle 45478 MH / Rhein-Ruhr (Hub),30,0,4,26,13,246,open,Namibia,0
"Edoovillage #1652 - Ghana, Wa: Digitization Seventh Day Adventist Clinic | Kinderhilfe Westafrika e.V.",2020-03-02,Labdoo Annahmestelle 34134 Kassel (Hub),8,0,8,0,100,0,completed,Ghana,1
"Edoovillage #1653 - Cameroon, Kouoptamo: Cetic Kouopara | Baobab e.V. Kassel",2020-03-02,Labdoo Annahmestelle 34134 Kassel (Hub),10,0,0,10,0,200,open,Cameroon,0
"Edoovillage #1654 - South Africa, Johannesburg: Malapa Motsetse Foundation | ADET",2020-03-02,Labdoo Annahmestelle 45478 MH / Rhein-Ruhr (Hub),15,0,0,15,0,350,open,South Africa,0
"Edoovillage #1655 - Central African Republic, Bangui: CEFODEC | CaF Centrafrique Futur e.V.",2020-03-03,Labdoo Annahmestelle 45478 MH / Rhein-Ruhr (Hub),21,0,21,0,100,21,completed,Central African Republic,1
"Edoovillage #1656 - South Africa, Mphahlele village: Sefalaolo Primary school | Ajimba African Tours",2020-03-03,Labdoo Annahmestelle 28215 Bremen (Hub),20,0,0,20,0,544,open,South Africa,0
"Edoovillage #1657 - Morocco, Fes: Association marocaine des Professeurs d'Allemand | BKVGS",2020-03-07,Labdoo Annahmestelle 45478 MH / Rhein-Ruhr (Hub),12,1,0,11,8,650,open,Morocco,0
"Edoovillage #1658 - Uganda, Bwera: Van Merode Skills Training College",2020-03-09,Labdoo Hub Leuven,10,0,4,6,40,125,open,Uganda,0
"Edoovillage #1659 - Nigeria, Yenegua: Divine Image Kindergarten und Grundschule | Missionsschwestern von Gottes Ebenbild",2020-03-10,Labdoo Annahmestelle 45478 MH / Rhein-Ruhr (Hub),103,0,103,0,100,250,completed,Nigeria,1
"Edoovillage #1660 - Nigeria, Mbato. Orlu Diözese: St. Theresa´s Commercial Secondary School  | Missionsschwestern von Gottes Ebenbild",2020-03-10,Labdoo Annahmestelle 45478 MH / Rhein-Ruhr (Hub),37,0,0,37,0,250,open,Nigeria,0
"Edoovillage #1661 - Nigeria, Otulu: St. Anthony Nursery and Primary School | Missionsschwestern von Gottes Ebenbild",2020-03-10,Labdoo Annahmestelle 45478 MH / Rhein-Ruhr (Hub),29,0,29,0,100,150,completed,Nigeria,1
"Edoovillage #1662 - Nigeria, Oboro: St. Michael Nursery and Primary School | Missionsschwestern von Gottes Ebenbild",2020-03-10,Labdoo Annahmestelle 45478 MH / Rhein-Ruhr (Hub),27,0,0,27,0,150,open,Nigeria,0
"Edoovillage #1663 - Nigeria, Amaigbo: St. Gregory Secondary School Amaigbo | Missionsschwestern von Gottes Ebenbild",2020-03-10,Labdoo Annahmestelle 45478 MH / Rhein-Ruhr (Hub),27,0,27,0,100,150,completed,Nigeria,1
"Edoovillage #1664 - Cameroon, Douala: Innovative ICT Solutions for the Societal Challenges INNOSOC | HfTL-Freundeskreis",2020-03-11,Labdoo Annahmestelle 45478 MH / Rhein-Ruhr (Hub),68,3,6,59,13,750,open,Cameroon,0
"Edoovillage #1665 - Mexico, San Luis Potosí: PROYECTO COMUNIDAD MILPILLAS",2020-03-11,Labdoo Annahmestelle 80804 München (Hub),20,0,5,15,25,134,open,Mexico,0
"Edoovillage #1666 - India, Mumbai: Apnalaya Project of 'Stiftung Kinderhilfe des Swissair Personals'",2020-03-13,Labdoo Hub Zürich (Schweiz),3,0,3,0,100,50,completed,India,1
"Edoovillage #1667 - Guinea, Raka Fofana: Complexe Scolaire Raka Fofana",2020-03-17,Labdoo Annahmestelle 45478 MH / Rhein-Ruhr (Hub),44,0,45,0,100,850,completed,Guinea,1
"Edoovillage #1668 - Malawi, Mua: Mua Primary School | Malawi e.V.",2020-03-19,Labdoo Annahmestelle 97277 Main-Tauber: Sambia e.V. Neubrunn-Böttigheim,10,0,10,0,100,30,completed,Malawi,1
"Edoovillage #1669 - Uganda, Kasese: Rwenzori Royal Institute Vocational school",2020-03-23,Labdoo Annahmestelle 45478 MH / Rhein-Ruhr (Hub),0,0,5,0,0,170,completed,Uganda,1
"Edoovillage #1670 - Nicaragua, Managua: Stipendienprogramm Beca Enrique Schmidt | Puente Nica eV",2020-03-25,Labdoo Annahmestelle 45478 MH / Rhein-Ruhr (Hub),10,0,9,1,90,10,open,Nicaragua,0
"Edoovillage #1671 - Spain, Barcelona: Acollida de persones refugiades a Catalunya (COVID-19-CAT)",2020-03-25,Labdoo Hub Barcelona @I2CAT Campus Nord | Labdoo City Hub Sant Cugat,51,0,50,1,98,200,open,Spain,0
"Edoovillage #1672 - Ghana, Asikuma: Abehenase Cargill | Go4More",2020-03-29,Labdoo Annahmestelle 45478 MH / Rhein-Ruhr (Hub),10,0,3,7,30,100,open,Ghana,0
"Edoovillage #1673 - Spain, Sant Cugat del Vallès: PFI-PTT Sant Cugat del Vallès  (COVID-19-CAT)",2020-03-31,Labdoo City Hub Sant Cugat ,23,6,24,0,100,45,open,Spain,0
"Edoovillage #1674 - Austria, Salzburg: Salzburg Lerncafe",2020-04-02,Labdoo Hub Salzburg,10,0,9,1,90,50,completed,Austria,1
"Edoovillage #1675 - Austria, Thalgau: Mittelschule Thalgau",2020-04-03,Labdoo Hub Salzburg,5,0,0,5,0,1222,completed,Austria,1
"Edoovillage #1676 - Spain, Sant Cugat del Vallès: CRAE Lledoners (COVID-19-CAT)",2020-04-03,Labdoo City Hub Sant Cugat ,9,5,6,0,100,15,open,Spain,0
"Edoovillage #1677 - Burkina Faso, Ouagadougou: Städtisches Lycée Rimvougre Wazamsé | TuaRes Stiftung",2020-04-03,Labdoo Annahmestelle 45478 MH / Rhein-Ruhr (Hub) | Labdoo Annahmestelle 80804 München (Hub),20,0,0,20,0,163,open,Burkina Faso,0
"Edoovillage #1678 - Burkina Faso, Ouagadougou: Privatschulen Saint Philomena Wendpuiré | TuaRes Stiftung",2020-04-03,Labdoo Annahmestelle 45478 MH / Rhein-Ruhr (Hub) | Labdoo Annahmestelle 80804 München (Hub),44,0,0,44,0,162,open,Burkina Faso,0
"Edoovillage #1679 - Burkina Faso,  Ouagadougou: Grundschule Sekundarschule Zongo Nabitenga Wendsongda | TuaRes Stiftung",2020-04-03,Labdoo Annahmestelle 45478 MH / Rhein-Ruhr (Hub) | Labdoo Annahmestelle 80804 München (Hub),35,0,0,35,0,100,open,Burkina Faso,0
"Edoovillage #1680 - Burkina Faso, Ouagadougou: Komplex Scolaire Rayimwendé Teegawendé | TuaRes Stiftung",2020-04-03,Labdoo Annahmestelle 45478 MH / Rhein-Ruhr (Hub) | Labdoo Annahmestelle 80804 München (Hub),25,0,0,25,0,93,open,Burkina Faso,0
"Edoovillage #1681 - Burkina Faso,  Boulsa: Provinzial-Hochschule Boulsa Neerwaya | TuaRes Stiftung",2020-04-03,Labdoo Annahmestelle 45478 MH / Rhein-Ruhr (Hub) | Labdoo Annahmestelle 80804 München (Hub),10,0,0,10,0,90,open,Burkina Faso,0
"Edoovillage #1682 - Spain, Barcelona: Institut Moisès Broggi  (COVID-19-CAT)",2020-04-04,Labdoo City Hub Sant Cugat ,3,0,3,0,100,700,open,Spain,0
"Edoovillage #1683 - Spain, Valls: Serveis Social Municipals de l'Ajuntament de Valls  (COVID-19-CAT)",2020-04-07,URV-MongolRally-GoCharlieGo,8,0,14,0,100,8,open,Spain,0
"Edoovillage #1684 - India, Lawngtlai: Lawngtlai Government College",2020-04-08,Labdoo Hub Oxford,1,0,0,1,0,0,open,India,0
"Edoovillage #1685 - India, Lungpher: Lungpher Phawngpui English Institute",2020-04-08,Labdoo Hub Oxford,1,0,0,1,0,0,open,India,0
"Edoovillage #1686 - Myanmar, Hakha: Chin Christian University",2020-04-08,Labdoo Hub Oxford,5,0,0,5,0,0,open,Myanmar,0
"Edoovillage #1687 - India, Sangau: Sangau Primary-I",2020-04-08,Labdoo Hub Oxford,1,0,0,1,0,0,open,India,0
"Edoovillage #1688 - India, Aizawl: North Point School",2020-04-08,Labdoo Hub Oxford,4,0,0,4,0,380,open,India,0
"Edoovillage #1689 - Germany, Hamburg: Private Hilfsinitiativen Stadt Hamburg | COVID-19-DE",2020-04-09,Labdoo Annahmestelle 21680 Stade (Hub),1,0,1,0,100,1,completed,Germany,1
"Edoovillage #1690 - Switzerland, Geneva: THRIVE (COVID-19-CH)",2020-04-10,Labdoo Hub Zürich (Schweiz),11,0,11,0,100,50,completed,Switzerland,1
"Edoovillage #1691 - South Africa, Hermanus: The Osanalerona Foundation",2020-04-10,Labdoo Hub Zürich (Schweiz),30,0,6,24,20,50,completed,South Africa,1
"Edoovillage #1692 - Kenya, Marsabit: Northern Pastoralist Youth Development Organisation",2020-04-10,Labdoo Hub Zürich (Schweiz),20,2,0,18,10,153,open,Kenya,0
"Edoovillage #1693 - Spain, Cerdanyola: Itineraris de Protecció Individualitzats  (COVID-19-CAT)",2020-04-10,Labdoo City Hub Sant Cugat ,16,0,16,0,100,50,open,Spain,0
"Edoovillage #1694 - Spain, Sant Cugat del Vallès: Institut Joaquima Pla Farreras (COVID-19-CAT)",2020-04-12,Labdoo City Hub Sant Cugat ,1,0,1,0,100,480,open,Spain,0
"Edoovillage #1695 - Austria, 5411 Obralm: Seniorenheim Kahlsperg in Oberalm",2020-04-14,Labdoo Hub Salzburg,3,0,3,0,100,120,completed,Austria,1
"Edoovillage #1696 - Austria, Saalfelden: NMS: Mittelschule Saalfelden Bahnhof",2020-04-14,Labdoo Hub Salzburg,6,0,6,0,100,120,completed,Austria,1
"Edoovillage #1697 - Ghana, ADUAMOA - KWAHU: Aduamoa Presbyterian Model JHS | Ghana Cargo",2020-04-15,Labdoo Annahmestelle 45478 MH / Rhein-Ruhr (Hub),13,0,13,0,100,65,completed,Ghana,1
"Edoovillage #1698 - Ghana, ADUAMOA - KWAHU: Aduamoa R/C Basic School | Ghana Cargo",2020-04-15,Labdoo Annahmestelle 45478 MH / Rhein-Ruhr (Hub),13,0,13,0,100,65,completed,Ghana,1
"Edoovillage #1699 - Germany, Münster: Laptops für Auszubildende | Missionsschwestern von Gottes Ebenbild eV MSDI",2020-04-15,Labdoo Annahmestelle 45478 MH / Rhein-Ruhr (Hub),19,0,19,0,100,29,completed,Germany,1
"Edoovillage #1700 - Germany, Duisburg: Abtei-Gymnasium Corona Telelearning | COVID-19-DE",2020-04-15,Labdoo Annahmestelle 45478 MH / Rhein-Ruhr (Hub),2,0,2,0,100,26,completed,Germany,1
"Edoovillage #1701 - Spain, TORTOSA: UTE FMF-RESILIS (COVID-19-CAT)",2020-04-16,Labdoo Hub Barcelona @I2CAT Campus Nord,4,0,4,0,100,16,open,Spain,0
"Edoovillage #1702 - Spain, Vilafranca del Penedes: Alt Penedes-Alumnes a casa (COVID-19-CAT)",2020-04-19,Labdoo School Hub Vilafranca - Institut Alt Penedès | Labdoo School Hub Vilafranca - Col·legi Vedruna Sant Elies,17,1,31,0,100,17,open,Spain,0
"Edoovillage #1703 - Spain, Barcelona: SICAR (COVID-19-CAT)",2020-04-19,Labdoo City Hub Sant Cugat ,9,0,10,0,100,14,open,Spain,0
"Edoovillage #1704 - Spain, Barcelona: Fundación Putxet (COVID-19-CAT)",2020-04-20,Labdoo City Hub Sant Cugat ,6,0,6,0,100,6,open,Spain,0
"Edoovillage #1705 - Germany, Münster: Geschwister-Scholl-Realschule Münster | COVID-19-DE",2020-04-20,Labdoo Annahmestelle 45478 MH / Rhein-Ruhr (Hub),21,0,21,0,100,437,completed,Germany,1
"Edoovillage #1706 - Spain, Granollers: Fundació Reir (COVID-19-CAT)",2020-04-21,Labdoo Hub Girona - Avgda Lluís Pericot,41,0,41,0,100,0,completed,Spain,1
"Edoovillage #1707 - Germany, Duisburg: Kinderheime und Außenwohngruppen Caritas Duisburg | COVID-19-DE",2020-04-21,Labdoo Annahmestelle 45478 MH / Rhein-Ruhr (Hub),59,0,59,0,100,190,completed,Germany,1
"Edoovillage #1708 - Spain, Vilafranca del Penedes: COVID19 - Pau Boada - Alumnes a Casa (COVID-19-CAT)",2020-04-22,Labdoo School Hub Vilafranca - Institut Alt Penedès | Labdoo School Hub Vilafranca - Col·legi Vedruna Sant Elies,5,1,5,0,100,346,open,Spain,0
"Edoovillage #1710 - Spain, Cornellà del Llobregat : Fundació El Llindar (COVID-19-CAT)",2020-04-22,Labdoo Hub Barcelona @I2CAT Campus Nord,50,1,55,0,100,400,open,Spain,0
"Edoovillage #1711 - Spain, Tarragona: UTE FMF-RESILIS  (COVID-19-CAT)",2020-04-22,Labdoo Hub Barcelona @I2CAT Campus Nord,9,0,9,0,100,36,open,Spain,0
"Edoovillage #1712 - Spain, Girona: UTE FMF-RESILIS (COVID-19-CAT)",2020-04-22,Labdoo Hub Barcelona @I2CAT Campus Nord | Labdoo Hub Girona - Avgda Lluís Pericot,15,4,9,2,86,24,open,Spain,0
"Edoovillage #1713 - Germany, Eichenau: Pflegezentrum Eichenau - Innere Mission München | COVID-19-DE",2020-04-23,Labdoo Annahmestelle 80804 München (Hub),3,0,3,0,100,100,completed,Germany,1
"Edoovillage #1714 - Spain, Barcelona: CRAE Elima  Sabadell (COVID-19-CAT)",2020-04-23,Labdoo City Hub Sant Cugat ,6,0,3,3,50,18,open,Spain,0
"Edoovillage #1715 - Germany, Duisburg: St. Hildegardis-Gymnasium | COVID-19-DE",2020-04-26,Labdoo Annahmestelle 45478 MH / Rhein-Ruhr (Hub),21,0,21,0,100,800,completed,Germany,1
"Edoovillage #1716 - Austria, 5026 Salzburg: Haus für Senioren,  Diakoniewerk Salzburg",2020-04-26,Labdoo Hub Salzburg,3,0,3,0,100,120,completed,Austria,1
"Edoovillage #1717 - Austria, Salzburg: Haus für Senioren,",2020-04-26,Labdoo Hub Salzburg,3,0,3,0,100,120,completed,Austria,1
"Edoovillage #1718 - Spain, Sant Cugat del Vallès: Colegio El Pinar de nuestra señora (COVID-19-CAT)",2020-04-27,Labdoo City Hub Sant Cugat ,26,0,27,0,100,26,open,Spain,0
"Edoovillage #1719 - Spain, MOLLERUSA: UTE FMF-RESILIS (COVID-19-CAT)",2020-04-27,Labdoo Hub Barcelona @I2CAT Campus Nord,17,0,7,10,41,18,open,Spain,0
"Edoovillage #1720 - Spain, Barcelona: Associació L'Esquitx (COVID-19-CAT)",2020-04-29,Labdoo Hub Barcelona @I2CAT Campus Nord,15,0,15,0,100,14,open,Spain,0
"Edoovillage #1721 - Germany, Hamburg: DIE ARCHE Kinderstiftung | COVID-19-DE",2020-04-30,Labdoo Annahmestelle 21035 Hamburg - Bergedorf:  PC112 PCFeuerwehr GmbH [nach Absprache geöffnet],11,0,12,0,100,80,completed,Germany,1
"Edoovillage #1722 - United States, Newport Beach: All Things Are Possible (ATAP)",2020-05-01,Labdoo Hub California (South),15,0,15,0,100,45,completed,United States,1
"Edoovillage #1723 - Colombia, Baranquilla: IT/Sprachkurse für Kinder/Jugendliche in Baranquilla | 1915 eV",2020-05-03,Labdoo Annahmestelle 45478 MH / Rhein-Ruhr (Hub),25,0,25,0,100,25,completed,Colombia,1
"Edoovillage #1724 - Colombia, Bogota: IT/Sprachkurse für Kinder/Jugendliche in Bogota | 1915 eV",2020-05-03,Labdoo Annahmestelle 45478 MH / Rhein-Ruhr (Hub),44,0,44,0,100,90,completed,Colombia,1
"Edoovillage #1725 - Colombia, Medellin: IT/Sprachkurse für Kinder/Jugendliche in Medellin / Toledo | 1915 eV",2020-05-03,Labdoo Annahmestelle 45478 MH / Rhein-Ruhr (Hub),18,0,18,0,100,40,completed,Colombia,1
"Edoovillage #1726 - Germany, Freiburg: Corona-Hilfe zur digitalen Teilnahme Home Schooling | COVID-19-DE",2020-05-04,Labdoo Annahmestelle 79104 Freiburg Baden [zur Zeit geschlossen],0,0,3,0,0,3,completed,Germany,1
"Edoovillage #1727 - Germany, Düsseldorf: Inklusionsteam der Justus von Liebig Realschule | COVID-19-DE",2020-05-05,Labdoo Annahmestelle 45478 MH / Rhein-Ruhr (Hub),5,0,5,0,100,27,completed,Germany,1
"Edoovillage #1728 - Spain, Sant Cugat del Vallès: Institut Angeleta Ferrer i Sensat (COVID-19-CAT)",2020-05-05,Labdoo City Hub Sant Cugat  | Labdoo School Hub Sant Cugat - Institut Angeleta Ferrer i Sensat,25,0,25,0,100,800,open,Spain,0
"Edoovillage #1729 - Spain, Sant Cugat del Vallès: Institut Leonardo da Vinci (COVID-19-CAT)",2020-05-05,Labdoo City Hub Sant Cugat ,11,0,10,1,90,500,open,Spain,0
"Edoovillage #1730 - Spain, Sant Cugat del Vallès: Institut Arnau Cadell  (COVID-19-CAT)",2020-05-05,Labdoo City Hub Sant Cugat ,7,0,7,0,100,680,open,Spain,0
"Edoovillage #1731 - Spain, El Vendrell: Consell C. Baix Penedès Benestar Social COVID-19-CAT",2020-05-06,Punt de recollida Labdoo- URV Solidària (Tarragona),11,13,18,0,100,0,open,Spain,0
"Edoovillage #1732 - Spain, Sabadell: Spaai Mestral - Fundacio Diagrama (COVID-19-CAT)",2020-05-07,Labdoo Hub Barcelona @I2CAT Campus Nord,0,0,0,0,0,12,completed,Spain,1
"Edoovillage #1733 - Spain, L'Hospitalet de Llobregat: Espai Jove Sidecar (COVID-19-CAT)",2020-05-07,Labdoo Hub Barcelona @I2CAT Campus Nord,10,0,5,5,50,50,open,Spain,0
"Edoovillage #1734 - Spain, Barcelona: Escola Jeroni de Moragas (COVID-19-CAT)",2020-05-07,Labdoo Hub Barcelona @I2CAT Campus Nord,6,0,5,1,83,40,open,Spain,0
"Edoovillage #1735 - Spain, Barcelona: Escola Diputacio (COVID-19-CAT)",2020-05-07,Labdoo Hub Barcelona @I2CAT Campus Nord,8,0,9,0,100,50,open,Spain,0
"Edoovillage #1736 - Spain, Valls:  Serveis d’Intervenció socioeducativa (SIS-Alt Camp) Xarxa comarcal de l'Alt Camp (COVID-19-CAT)",2020-05-08,URV-MongolRally-GoCharlieGo,9,2,3,4,55,225,open,Spain,0
"Edoovillage #1737 - Switzerland, Oberwil-Lieli: Primarschule Falter",2020-05-08,Labdoo Hub Zürich (Schweiz),50,0,6,44,12,221,completed,Switzerland,1
"Edoovillage #1738 - Switzerland, Oberwil-Lieli: Primarschule Falter (Fernunterricht) (COVID-19-CH)",2020-05-08,Labdoo Hub Zürich (Schweiz),20,0,0,20,0,221,completed,Switzerland,1
"Edoovillage #1739 - Uganda, Mbale: Dream School International | Africa (k)now eV",2020-05-11,Labdoo Annahmestelle 21035 Hamburg - Bergedorf:  PC112 PCFeuerwehr GmbH [nach Absprache geöffnet] | Labdoo Annahmestelle 21680 Stade (Hub),15,0,15,0,100,70,open,Uganda,0
"Edoovillage #1740 - Uganda, Mbale: ANA Daycare and Kindergarten | Africa (k)now eV",2020-05-11,Labdoo Annahmestelle 21035 Hamburg - Bergedorf:  PC112 PCFeuerwehr GmbH [nach Absprache geöffnet] | Labdoo Annahmestelle 21680 Stade (Hub),6,0,6,0,100,30,open,Uganda,0
"Edoovillage #1741 - Spain, VALLS: UEC Vallsgenera (COVID-19-CAT)",2020-05-12,Labdoo Hub Barcelona @I2CAT Campus Nord,14,0,4,10,28,14,open,Spain,0
"Edoovillage #1742 - Switzerland, Baden: Schweizerisches Rotes Kreuz Kanton Aargau (COVID-19-CH)",2020-05-13,Labdoo Hub Zürich (Schweiz),50,0,46,4,92,50,completed,Switzerland,1
"Edoovillage #1743 - Switzerland, Winterthur: Glocal Steps - Arbeitsintegrationsprojekt für Menschen mit Fluchthintergrund (COVID-19-CH)",2020-05-13,Labdoo Hub Zürich (Schweiz),13,0,5,8,38,13,completed,Switzerland,1
"Edoovillage #1744 - Germany, Heppenheim: Nibelungenschule Heppenheim | COVID-19-DE",2020-05-13,Labdoo Annahmestelle 45478 MH / Rhein-Ruhr (Hub),20,0,20,0,100,250,completed,Germany,1
"Edoovillage #1745 - Germany, München: Innere Mission - Sozialdienst für Flüchtlinge und Asylsuchende - Heidemannstr 50 Muc",2020-05-13,Labdoo Annahmestelle 80804 München (Hub),17,0,17,0,100,100,completed,Germany,1
"Edoovillage #1746 - Germany, Düsseldorf: Digitale Nachhilfe KRASS e.V. | COVID-19-DE",2020-05-14,Labdoo Annahmestelle 45478 MH / Rhein-Ruhr (Hub),25,0,25,0,100,25,completed,Germany,1
"Edoovillage #1747 - Germany, München: SFZ Sonderpädagogisches Förderzentrum München Nord-West | COVID-19-DE",2020-05-14,Labdoo Annahmestelle 80804 München (Hub),0,0,0,0,0,170,completed,Germany,1
"Edoovillage #1748 - Spain, Sant Cugat del Vallès: Institut FP Sant Cugat (COVID-19-CAT)",2020-05-14,Labdoo City Hub Sant Cugat ,57,7,41,9,84,400,open,Spain,0
"Edoovillage #1749 - Spain, Terrassa: El Viver, reforç socioeducatiu (COVID-19-CAT)",2020-05-15,Labdoo Hub Medellín / Divergente,56,1,54,1,98,64,open,Spain,0
"Edoovillage #1750 - Ecuador, Tiputini: Cuisine sans frontières - El Fogon",2020-05-15,Labdoo Hub Zürich (Schweiz),5,0,5,0,100,25,completed,Ecuador,1
"Edoovillage #1434 - Spain, Manresa: Fundació del Convent Santa Clara. (COVID-19-CAT)",2020-05-16,Labdoo Hub Manresa,8,0,9,0,100,7,open,Spain,0
"Edoovillage #1751 - Spain, Sant Cugat del Vallès: Escola Santa Isabel (COVID-19-CAT)",2020-05-18,Labdoo City Hub Sant Cugat ,17,1,16,0,100,400,open,Spain,0
"Edoovillage #1752 - Germany, Berlin: Lebenswelt gGmbH interkulturelle Kinder- und Jugendhilfe | COVID-19-DE",2020-05-18,Labdoo Annahmestelle 45478 MH / Rhein-Ruhr (Hub),21,0,21,0,100,28,completed,Germany,1
"Edoovillage #1709 - Romania, Piatra Neamt: Fundatia Piatra Neamt - Judo goes Orient",2020-05-19,Labdoo Hub Zürich (Schweiz),11,0,10,1,90,100,completed,Romania,1
"Edoovillage #1753 - Bulgaria, Trjavna: Judo goes Orient - SOS Children's Village Trjavna",2020-05-19,Labdoo Hub Zürich (Schweiz),10,0,10,0,100,80,completed,Bulgaria,1
"Edoovillage #1754 - Cambodia, Kampot: Sonja Kill Memorial Hospital (SKMH)",2020-05-19,Labdoo Hub Zürich (Schweiz),3,0,0,3,0,3,completed,Cambodia,1
"Edoovillage #1755 - Germany, Munich: Evangelisches Pflegezentrum Sendling",2020-05-19,Labdoo Annahmestelle 80804 München (Hub),4,0,4,0,100,0,completed,Germany,1
"Edoovillage #1756 - Zimbabwe, Bulawayo: SwiZimAid - Bulawayo Nook Hub",2020-05-20,Labdoo Hub Zürich (Schweiz),10,1,10,0,100,0,completed,Zimbabwe,1
"Edoovillage #1757 - Switzerland, Widen: Reformierte Kirche Bremgarten-Mutschellen - Asyltreff MUTSCH-CORNER",2020-05-20,Labdoo Hub Zürich (Schweiz),5,0,5,0,100,5,completed,Switzerland,1
"Edoovillage #1758 - Germany, Stolberg: Endgeräte für Home Schooling | COVID-19-DE",2020-05-20,Labdoo Annahmestelle 45478 MH / Rhein-Ruhr (Hub),3,0,3,0,100,3,completed,Germany,1
"Edoovillage #1759 - Spain, L'Hospitalet de Llobregat: AMPA CEIP Frederic Mistral (COVID-19-CAT)",2020-05-21,Labdoo Hub Barcelona @I2CAT Campus Nord,28,0,28,0,100,396,open,Spain,0
"Edoovillage #1760 - Germany, Dresden / Freital: Endgeräte für Home Schooling | COVID-19-DE",2020-05-23,Labdoo Annahmestelle 45478 MH / Rhein-Ruhr (Hub),1,0,1,0,100,1,completed,Germany,1
"Edoovillage #1761 - Austria, Wien: Notquartier-Nord            Volkshilfe Wien",2020-05-23,Labdoo Hub Salzburg,4,0,4,0,100,120,open,Austria,0
"Edoovillage #1762 - Germany, München: Innere Mission - Sozialdienst für Flüchtlinge und Asylsuchende - Centa-Hafenbrädl-Str. MUC",2020-05-24,Labdoo Annahmestelle 80804 München (Hub),10,0,3,7,30,100,open,Germany,0
"Edoovillage #1763 - Germany, München: Innere Mission - Sozialdienst für Flüchtlinge und Asylsuchende - Willy Brandt Allee MUC",2020-05-24,Labdoo Annahmestelle 80804 München (Hub),10,0,0,10,0,100,open,Germany,0
"Edoovillage #1764 - Germany, München: Innere Mission - Sozialdienst für Flüchtlinge und Asylsuchende -Schleißheimer Str. MUC",2020-05-24,Labdoo Annahmestelle 80804 München (Hub),10,0,2,8,20,100,open,Germany,0
"Edoovillage #1765 - Germany, München: Innere Mission - Sozialdienst für Flüchtlinge und Asylsuchende -Neumarkter Str. MUC",2020-05-24,Labdoo Annahmestelle 80804 München (Hub),10,0,1,9,10,100,open,Germany,0
"Edoovillage #1766 - Germany, München: Innere Mission - Sozialdienst für Flüchtlinge und Asylsuchende -Landsberger Str.  MUC",2020-05-24,Labdoo Annahmestelle 80804 München (Hub),11,0,11,0,100,100,completed,Germany,1
"Edoovillage #1767 - Germany, München: Innere Mission - Sozialdienst für Flüchtlinge und Asylsuchende - Baierbrunnerstr MUC",2020-05-24,Labdoo Annahmestelle 80804 München (Hub),10,0,2,8,20,100,open,Germany,0
"Edoovillage #1768 - Germany, München: Innere Mission - Sozialdienst für Flüchtlinge und Asylsuchende - Am Moosfeld MUC",2020-05-24,Labdoo Annahmestelle 80804 München (Hub),13,0,13,0,100,100,completed,Germany,1
"Edoovillage #1769 - Colombia, Medellin: Filotimo Language School",2020-05-25,Labdoo Hub Zürich (Schweiz),15,0,15,0,100,12,completed,Colombia,1
"Edoovillage #1770 - Germany, Bad Schwalbach: IT-Spenden für Kinder Alleinerziehender Home Schooling | Caritas | COVID-19-DE",2020-05-25,Labdoo Annahmestelle 45478 MH / Rhein-Ruhr (Hub),15,0,15,0,100,15,completed,Germany,1
"Edoovillage #1771 - Germany, Düsseldorf: Gerricus-Schule IT-Spenden für gehörlose SchülerInnen Home Schooling | COVID-19-DE",2020-05-25,Labdoo Annahmestelle 45478 MH / Rhein-Ruhr (Hub),76,0,76,0,100,200,completed,Germany,1
"Edoovillage #1772 - Spain, Girona: Fundació Apip-Acam Girona - Projecte AMPARA (COVID-19)",2020-05-25,Labdoo Hub Girona - Avgda Lluís Pericot,5,0,3,2,60,50,open,Spain,0
"Edoovillage #1773 - Germany, Zierenberg: Elisabeth-Selbert-Schule Home Schooling | COVID-19-DE",2020-05-25,Labdoo Annahmestelle 45478 MH / Rhein-Ruhr (Hub) | Labdoo Annahmestelle 34134 Kassel (Hub),16,0,15,1,93,16,completed,Germany,1
"Edoovillage #1774 - Spain, Badalona: Fundación privada La Salut Alta (COVID-19-CAT)",2020-05-26,Labdoo Hub Barcelona @I2CAT Campus Nord,9,0,2,7,22,144,open,Spain,0
"Edoovillage #1775 - Germany, Malchin: Förderzentrum Lindenschule Malchin | COVID-19-DE",2020-05-27,Labdoo Annahmestelle 45478 MH / Rhein-Ruhr (Hub),10,0,10,0,100,65,completed,Germany,1
"Edoovillage #1776 - Germany, Munich: Netzwerk Soforthilfe für Geflüchtete München",2020-05-28,Labdoo Annahmestelle 80804 München (Hub),25,1,25,0,100,150,completed,Germany,1
"Edoovillage #1777 - Malawi, Nkhotakota: Stipendien Chancen durch Bildung eV",2020-05-29,Labdoo Annahmestelle 80804 München (Hub),6,0,0,6,0,6,open,Malawi,0
"Edoovillage #1778 - Germany, Münster: Schiller Gymnasium Münster Home Schooling | COVID-19-DE",2020-05-29,Labdoo Annahmestelle 45478 MH / Rhein-Ruhr (Hub),5,0,2,3,40,800,completed,Germany,1
"Edoovillage #1780 - Spain, Barcelona: Fundació privada Benallar (COVID-19-CAT)",2020-05-30,Labdoo Hub Barcelona @I2CAT Campus Nord,18,0,18,0,100,12,open,Spain,0
"Edoovillage #1781 - Spain, Barcelona: Serveis Socials Sarrià,Vallvidrera,Les Planes, Tibidabo i Les Tres Torres (COVID-19-CAT)",2020-06-01,Labdoo City Hub Sant Cugat ,1,0,1,0,100,1,open,Spain,0
"Edoovillage #1782 - Germany, Düsseldorf: Gesamtschule Stettiner Straße | COVID-19-DE",2020-06-02,Labdoo Annahmestelle 45478 MH / Rhein-Ruhr (Hub),102,0,102,0,100,420,completed,Germany,1
"Edoovillage #1783 - Congo (Kinshasa), Cité d’Idiofa: Complexe scolaire Mère Julienne de Rosaire | Centre des œuvres-mère julienne du Rosaire",2020-06-03,Labdoo Annahmestelle 45478 MH / Rhein-Ruhr (Hub),50,0,40,10,80,285,open,Congo (Kinshasa),0
"Edoovillage #1784 - Germany, Munich: AWO Kreisverband München-Land | COVID-19-DE",2020-06-03,Labdoo Annahmestelle 80804 München (Hub),48,0,48,0,100,140,completed,Germany,1
"Edoovillage #1785 - Germany, Eichenau: Germany, Munich: Josef-Dering-Grundschule Eichenau | COVID-19-DE",2020-06-04,Labdoo Annahmestelle 80804 München (Hub),15,8,7,0,100,250,completed,Germany,1
"Edoovillage #1786 - Spain, Sant Cugat del Vallès: Escola d'Art i Disseny SC - COVID-19-CAT",2020-06-04,Labdoo City Hub Sant Cugat ,12,1,9,2,83,150,open,Spain,0
"Edoovillage #1788 - Spain, Barcelona: Asociación ACATHI  (COVID-19-CAT)",2020-06-04,Labdoo Hub - Acollida de persones refugiades a Catalunya (COVID-19-CAT),25,5,16,4,84,30,open,Spain,0
"Edoovillage #1789 - Spain, Rubi: ASAV RUBI (COVID-19-CAT)",2020-06-04,Labdoo Hub Barcelona @I2CAT Campus Nord,20,1,19,0,100,30,open,Spain,0
"Edoovillage #1790 - Germany, Wetter: Berufskolleg Volmarstein | COVID-19-DE",2020-06-05,Labdoo Annahmestelle 45478 MH / Rhein-Ruhr (Hub),0,0,1,0,0,600,completed,Germany,1
"Edoovillage #1791 - Spain, Sant Cugat del Vallès: Escola Pi d'en Xandri (COVID-19-CAT)",2020-06-06,Labdoo City Hub Sant Cugat ,11,2,9,0,100,496,open,Spain,0
"Edoovillage #1792 - Spain, Sant Cugat del Vallès: Mentoria Gencat (COVID-19-CAT)",2020-06-06,Labdoo City Hub Sant Cugat ,46,1,45,0,100,3000,open,Spain,0
"Edoovillage #1793 - Spain, Girona: Creu Roja Girona - Acollida a persones estrangeres COVID-19-CAT",2020-06-06,Labdoo Hub Girona - Avgda Lluís Pericot,5,0,0,5,0,10,open,Spain,0
"Edoovillage #1794 - Germany, Essen: SWOD Substainable Women for Development eV | COVID-19-DE",2020-06-07,Labdoo Annahmestelle 45478 MH / Rhein-Ruhr (Hub),19,0,19,0,100,30,completed,Germany,1
"Edoovillage #1795 - Germany, München: Coronahilfe / Integrationsprojekte | Private Initiativen | COVID-19-DE",2020-06-09,Labdoo Annahmestelle 80804 München (Hub),1,0,0,1,0,1,completed,Germany,1
"Edoovillage #1796 - Cameroon,  Bamenda: Sustainable Women for Development SWOD eV",2020-06-10,Labdoo Annahmestelle 45478 MH / Rhein-Ruhr (Hub),51,0,51,0,100,100,completed,Cameroon,1
"Edoovillage #1797 - Germany, Essen: HSW Hauptschule an der Wächtlerstraße | COVID-19-DE",2020-06-10,Labdoo Annahmestelle 45478 MH / Rhein-Ruhr (Hub),7,0,7,0,100,7,completed,Germany,1
"Edoovillage #1799 - Spain, Barcelona: Proyecto Chatillon Barcelona (COVID-19-CAT)",2020-06-10,Labdoo Hub - Acollida de persones refugiades a Catalunya (COVID-19-CAT),10,3,7,0,100,20,open,Spain,0
"Edoovillage #1800 - Cameroon, Mbalngong: Lycée Billingue de Mbalngong „Computer Kenntnisse für alle“ | World Happy Families Empowerment eV | COVID-19",2020-06-11,Labdoo Annahmestelle 45478 MH / Rhein-Ruhr (Hub),29,0,29,0,100,160,completed,Cameroon,1
"Edoovillage #1801 - Spain, barcelona: Escola Cal Maiol (COVID-19-CAT)",2020-06-12,Labdoo Hub Barcelona @I2CAT Campus Nord,90,23,36,31,65,256,open,Spain,0
"Edoovillage #1802 - Germany, Essen: PC-Kenntnisse in der Coronakrise | WHFE World Happy Families Empowerment eV | COVID-19-DE",2020-06-13,Labdoo Annahmestelle 45478 MH / Rhein-Ruhr (Hub),20,0,20,0,100,60,completed,Germany,1
"Edoovillage #1803 - Swaziland, Inyandza: Inyandza High School | Donaly Malungu",2020-06-16,Labdoo Annahmestelle 45478 MH / Rhein-Ruhr (Hub),30,0,30,0,100,400,completed,Swaziland,1
"Edoovillage #1804 - Spain, Barcelona: Fundació Bayt al-Thaqafa COVID-19-CAT",2020-06-16,Labdoo Hub - Acollida de persones refugiades a Catalunya (COVID-19-CAT),6,0,7,0,100,350,open,Spain,0
"Edoovillage #1805 - Germany, Berlin: XENION Psychosoziale Hilfe für politisch Verfolgte eV | COVID-19-DE",2020-06-18,Labdoo Annahmestelle 45478 MH / Rhein-Ruhr (Hub),40,0,40,0,100,40,completed,Germany,1
"Edoovillage #1806 - Germany, Moers: Tell Tessy Charity eV | COVID-19-DE",2020-06-19,Labdoo Annahmestelle 45478 MH / Rhein-Ruhr (Hub),27,0,27,0,100,50,completed,Germany,1
"Edoovillage #1807 - Cameroon, Mamfe: Together against Corona | Tell Tessy Charity eV | COVID-19-DE",2020-06-19,Labdoo Annahmestelle 45478 MH / Rhein-Ruhr (Hub),30,0,0,30,0,100,open,Cameroon,0
"Edoovillage #1808 - Germany, Essen: African Mother eV | COVID-19-DE",2020-06-19,Labdoo Annahmestelle 45478 MH / Rhein-Ruhr (Hub),18,0,18,0,100,40,completed,Germany,1
"Edoovillage #1809 - Hong Kong S.A.R., China, Hong Kong: Hong Kong Sze Yap Commercial and Industrial Association San Wui Commercial Society School",2020-06-22,Labdoo Hub Hong Kong - Central,10,0,0,10,0,300,open,"Hong Kong S.A.R., China",0
"Edoovillage #1810 - Tanzania, Kibwigwa: Manus Dei Secondary School",2020-06-22,Labdoo Hub Salzburg,10,0,6,4,60,120,completed,Tanzania,1
"Edoovillage #1811 - Spain, Sant Cugat del Vallès: Sant Cugat amb el Poble Saharaui (SCAPS) COVID-19-CAT",2020-06-23,Labdoo City Hub Sant Cugat ,4,0,4,0,100,8,completed,Spain,1
"Edoovillage #1812 - Germany, Hamburg: Lerntherapie und Nachhilfe Jesus Center eV | COVID-19-DE",2020-06-24,Labdoo Annahmestelle 21035 Hamburg - Bergedorf:  PC112 PCFeuerwehr GmbH [nach Absprache geöffnet] | Labdoo Annahmestelle 21680 Stade (Hub) | Labdoo Annahmestelle 45478 MH / Rhein-Ruhr (Hub),12,0,12,0,100,12,completed,Germany,1
"Edoovillage #1813 - Spain, Barcelona: Xarxa suport 3 voltes Rebel (COVID-19-CAT)",2020-06-26,Labdoo Hub Barcelona @I2CAT Campus Nord,10,0,0,10,0,10,open,Spain,0
"Edoovillage #1814 - United States, Irvine: Saddleback Church PEACE Center community internet access (COVID-19-US)",2020-06-27,Labdoo Hub California (South),30,0,9,21,30,0,completed,United States,1
"Edoovillage #1815 - Spain, Sant Cugat del Vallès: Escola Joan Maragall COVID-19-CAT",2020-07-08,Labdoo City Hub Sant Cugat ,37,0,37,0,100,466,open,Spain,0
"Edoovillage #1816 - Ghana, Kansaworodo: Kansaworodo JHS Lab | Ghana Union Düsseldorf e.V.",2020-07-10,Labdoo Annahmestelle 45478 MH / Rhein-Ruhr (Hub),15,0,15,0,100,223,completed,Ghana,1
"Edoovillage #1817 - Ghana, Aboso: Aboso Catholic School | Ghana Union Düsseldorf e.V.",2020-07-10,Labdoo Annahmestelle 45478 MH / Rhein-Ruhr (Hub),16,0,16,0,100,600,completed,Ghana,1
"Edoovillage #1818 - Ghana, Aboso: Aboso Municipal Assembly School | Ghana Union Düsseldorf e.V.",2020-07-10,Labdoo Annahmestelle 45478 MH / Rhein-Ruhr (Hub),15,0,15,0,100,600,completed,Ghana,1
"Edoovillage #1819 - Ghana, Odumase: Suyani Dumase Promise School | Ghana Union Düsseldorf e.V.",2020-07-10,Labdoo Annahmestelle 45478 MH / Rhein-Ruhr (Hub),20,0,20,0,100,130,completed,Ghana,1
"Edoovillage #1820 - Ghana, Ajumako: Ajumako Ochiso Catholic Basic School | Ghana Union Düsseldorf e.V.",2020-07-10,Labdoo Annahmestelle 45478 MH / Rhein-Ruhr (Hub),15,0,15,0,100,800,completed,Ghana,1
"Edoovillage #1821 - Ghana, Suhum: Suhum Anglican Primary and JHS Schools | Ghana Union Düsseldorf e.V.",2020-07-10,Labdoo Annahmestelle 45478 MH / Rhein-Ruhr (Hub),39,0,39,0,100,1036,completed,Ghana,1
"Edoovillage #1822 - Ghana, Kumasi: Kumasi High Technical School | Ghana Union Düsseldorf e.V.",2020-07-10,Labdoo Annahmestelle 45478 MH / Rhein-Ruhr (Hub),51,0,51,0,100,5200,completed,Ghana,1
"Edoovillage #1823 - Ghana, Koforidua: Victory Vocational and Technical Institute | Ghana Union Düsseldorf e.V.",2020-07-10,Labdoo Annahmestelle 45478 MH / Rhein-Ruhr (Hub),15,0,15,0,100,150,completed,Ghana,1
"Edoovillage #1824 - Ghana, Ajumako: Ajumako Enyan Essiam District Directorate of Education | Ghana Union Düsseldorf e.V.",2020-07-10,Labdoo Annahmestelle 45478 MH / Rhein-Ruhr (Hub),15,0,15,0,100,1000,completed,Ghana,1
"Edoovillage #1825 - Ghana, Kumasi: Adankwame D/A Junior High School JHS | Ghana Union Düsseldorf e.V.",2020-07-10,Labdoo Annahmestelle 45478 MH / Rhein-Ruhr (Hub),20,0,20,0,100,259,completed,Ghana,1
"Edoovillage #1827 - Spain, Barcelona: Fundació Roure (COVID-19-CAT)",2020-07-10,Labdoo Hub Barcelona @I2CAT Campus Nord | Labdoo City Hub Sant Cugat  | Labdoo Hub - Acollida de persones refugiades a Catalunya (COVID-19-CAT),7,3,2,2,71,60,open,Spain,0
"Edoovillage #1826 - Belize, San Lazaro: Village Book Builders Inc",2020-07-12,Labdoo Hub Upper West - New York | Labdoo Hub California (South),15,0,6,9,40,200,open,Belize,0
"Edoovillage #1828 - Spain, Barcelona: Creu Roja Barcelona - Acollida a persones estrangeres COVID-19-CAT",2020-07-13,Labdoo Hub - Acollida de persones refugiades a Catalunya (COVID-19-CAT) | Labdoo Hub Barcelona @I2CAT Campus Nord,5,0,5,0,100,400,open,Spain,0
"Edoovillage #1829 - Spain, Barcelona: CEAR Comisión Española de Ayuda al Refugiado (COVID-19-CAT)",2020-07-13,Labdoo Hub - Acollida de persones refugiades a Catalunya (COVID-19-CAT) | Labdoo Hub Barcelona @I2CAT Campus Nord,25,0,18,7,72,1,open,Spain,0
"Edoovillage #1830 - Spain, Barcelona: Fundació Ficat (COVID-19-CAT)",2020-07-14,Labdoo Hub - Acollida de persones refugiades a Catalunya (COVID-19-CAT) | Labdoo City Hub Sant Cugat,5,0,5,0,100,35,open,Spain,0
"Edoovillage #1831 - Germany, Hamburg: Sammelprojekt Digitale Teilhabe | COVID-19-DE",2020-07-17,Labdoo Annahmestelle 21035 Hamburg - Bergedorf:  PC112 PCFeuerwehr GmbH [nach Absprache geöffnet] | Labdoo Annahmestelle 45478 MH / Rhein-Ruhr (Hub),25,0,16,9,64,25,completed,Germany,1
"Edoovillage #1833 - Germany, Bremen: Sammelprojekt Digitale Teilhabe | COVID-19-DE",2020-07-17,Labdoo Annahmestelle 45478 MH / Rhein-Ruhr (Hub) | Labdoo Annahmestelle 28215 Bremen (Hub),50,0,37,13,74,50,open,Germany,0
"Edoovillage #1836 - Germany, Berlin: Home Schooling Hilfe | Wadzeck Stiftung | COVID-19-DE",2020-07-18,Labdoo Annahmestelle 45478 MH / Rhein-Ruhr (Hub),7,0,7,0,100,7,completed,Germany,1
"Edoovillage #1837 - Germany, Oberhausen: Unterstützung der Oberhausener Tafel",2020-07-20,Labdoo Annahmestelle 45478 MH / Rhein-Ruhr (Hub),1,0,1,0,100,0,completed,Germany,1
"Edoovillage #1838 - Spain, Barcelona: Escola Professional Mare de Déu de Montserrat (COVID-19-CAT)",2020-07-22,Labdoo Hub Barcelona @I2CAT Campus Nord,15,0,15,0,100,95,open,Spain,0
"Edoovillage #1839 - Germany, Nordrhein-Westfalen: Sammelprojekt Digitale Teilhabe | COVID-19-DE",2020-07-23,Labdoo Annahmestelle 45478 MH / Rhein-Ruhr (Hub),750,9,592,149,80,750,completed,Germany,1
"Edoovillage #1840 - Germany, Köln: Endgeräte für Home Schooling | COVID-19-DE",2020-07-23,Labdoo Annahmestelle 45478 MH / Rhein-Ruhr (Hub),1,0,0,1,0,1,completed,Germany,1
"Edoovillage #1841 - Germany, Baden-Württemberg: Sammelprojekt Digitale Teilhabe | COVID-19-DE",2020-07-23,Labdoo Annahmestelle 45478 MH / Rhein-Ruhr (Hub),300,9,234,57,81,300,completed,Germany,1
"Edoovillage #1845 - Germany, Bayern: Sammelprojekt Digitale Teilhabe | COVID-19-DE",2020-07-23,Labdoo Annahmestelle 45478 MH / Rhein-Ruhr (Hub),300,6,279,15,95,300,completed,Germany,1
"Edoovillage #1842 - Germany, Schleswig-Holstein: Sammelprojekt Digitale Teilhabe | COVID-19-DE",2020-07-24,Labdoo Annahmestelle 45478 MH / Rhein-Ruhr (Hub),50,0,23,27,46,50,completed,Germany,1
"Edoovillage #1847 - Germany, Niedersachsen: Sammelprojekt Digitale Teilhabe | COVID-19-DE",2020-07-26,Labdoo Annahmestelle 45478 MH / Rhein-Ruhr (Hub),150,3,125,22,85,150,completed,Germany,1
"Edoovillage #1848 - Germany, Brandenburg: Sammelprojekt Digitale Teilhabe | COVID-19-DE",2020-07-27,Labdoo Annahmestelle 45478 MH / Rhein-Ruhr (Hub),100,1,63,36,64,100,completed,Germany,1
"Edoovillage #1849 - Germany, Thüringen: Sammelprojekt Digitale Teilhabe | COVID-19-DE",2020-07-27,Labdoo Annahmestelle 45478 MH / Rhein-Ruhr (Hub),150,4,116,30,80,150,completed,Germany,1
"Edoovillage #1850 - Germany, Sachsen: Sammelprojekt Digitale Teilhabe | COVID-19-DE",2020-07-27,Labdoo Annahmestelle 45478 MH / Rhein-Ruhr (Hub),150,4,125,21,86,150,completed,Germany,1
"Edoovillage #1851 - Swaziland,  NHLANGANO: Ekuthuleni High School | Donaly Malungu",2020-07-27,Labdoo Annahmestelle 45478 MH / Rhein-Ruhr (Hub),48,0,48,0,100,350,completed,Swaziland,1
"Edoovillage #1852 - Swaziland, Eswatini: Mlambo High School | Donaly Malungu",2020-07-27,Labdoo Annahmestelle 45478 MH / Rhein-Ruhr (Hub),41,0,41,0,100,350,completed,Swaziland,1
"Edoovillage #1853 - Western Sahara, undisclosed: Escuela de mujeres Saharahuis in Argelia",2020-07-28,Labdoo Annahmestelle 80804 München (Hub),8,0,8,0,100,0,open,Western Sahara,0
"Edoovillage #1854 - Greece, Moria, Lesbos: Labdoo Laptops for Lesbos | Wave of Hope",2020-07-28,Labdoo Annahmestelle 80804 München (Hub) | Labdoo Annahmestelle 45478 MH / Rhein-Ruhr (Hub),70,16,30,24,65,4000,open,Greece,0
"Edoovillage #1798 - Germany, Mecklenburg-Vorpommern: Sammelprojekt Digitale Teilhabe | COVID-19-DE",2020-07-29,Labdoo Annahmestelle 45478 MH / Rhein-Ruhr (Hub),30,0,21,9,70,30,completed,Germany,1
"Edoovillage #1835 - Germany, Dietzenbach: Förder- und Kulturverein Dietzenbach eV | COVID-19-DE",2020-07-29,Labdoo Annahmestelle 45478 MH / Rhein-Ruhr (Hub),40,0,40,0,100,207,completed,Germany,1
"Edoovillage #1844 - Spain, Barcelona: Centre Català de Solidaritat, Fundació Privada (CECAS) (COVID-19-CAT)",2020-07-30,Labdoo Hub Barcelona @I2CAT Campus Nord,2,0,2,0,100,8,open,Spain,0
"Edoovillage #1846 - Spain, Barcelona: Associació Provivienda (COVID-19-CAT)",2020-07-30,Labdoo Hub - Acollida de persones refugiades a Catalunya (COVID-19-CAT),6,0,6,0,100,55,open,Spain,0
"Edoovillage #1855 - Germany, Bremen: BOSp Klasse - SZ Bördestrasse Bremen",2020-07-31,Labdoo Annahmestelle 28215 Bremen (Hub),5,0,5,0,100,16,completed,Germany,1
"Edoovillage #1856 - Germany, Rheinland-Pfalz: Sammelprojekt Digitale Teilhabe | COVID-19-DE",2020-08-01,Labdoo Annahmestelle 45478 MH / Rhein-Ruhr (Hub),125,5,115,5,96,125,open,Germany,0
"Edoovillage #1857 - Germany, Munich: Evangelische PflegeAkademie",2020-08-01,Labdoo Annahmestelle 80804 München (Hub),4,0,4,0,100,0,completed,Germany,1
"Edoovillage #1858 - Germany, München: Malteser Jobmentoring",2020-08-02,Labdoo Annahmestelle 80804 München (Hub),10,0,10,0,100,76,completed,Germany,1
"Edoovillage #1832 - Namibia, Otjiwarongo: Osire Secondary School | Donaly Malungu",2020-08-06,Labdoo Annahmestelle 45478 MH / Rhein-Ruhr (Hub),65,0,43,22,66,450,open,Namibia,0
"Edoovillage #987 - Uganda, Bukomansimbi: Global Social Network Uganda | Weltsichten",2020-08-07,Labdoo Annahmestelle 45478 MH / Rhein-Ruhr (Hub) | Labdoo Annahmestelle 07338 Kaulsdorf: Axel Brümmer,50,0,22,28,44,2500,open,Uganda,0
"Edoovillage #1859 - Bolivia, Santa Cruz de la Sierra: Centro de Rehabilitación Santa Cruz Palmasola | Weltsichten",2020-08-08,Labdoo Annahmestelle 45478 MH / Rhein-Ruhr (Hub) | Labdoo Annahmestelle 07338 Kaulsdorf: Axel Brümmer,20,0,10,10,50,30,open,Bolivia,0
"Edoovillage #1860 - Ghana, Ahenboboano EJURA : Out Of School Rural ICT Project OSRIP | Rural Smile Foundation",2020-08-08,Labdoo Annahmestelle 45478 MH / Rhein-Ruhr (Hub),4,0,4,0,100,500,completed,Ghana,1
"Edoovillage #1861 - Germany, Frankfurt am Main: IB Südwest Jugendmigrationsdienst | COVID-19-DE",2020-08-10,Labdoo Annahmestelle 45478 MH / Rhein-Ruhr (Hub),10,0,10,0,100,25,completed,Germany,1
"Edoovillage #1862 - Germany, Sachsen-Anhalt: Sammelprojekt Digitale Teilhabe | COVID-19-DE",2020-08-10,Labdoo Annahmestelle 45478 MH / Rhein-Ruhr (Hub),75,3,58,14,81,75,completed,Germany,1
"Edoovillage #1834 - Mexico, Tijuana: Rojo Gomez Church Learning Center (COVID-19-US)",2020-08-10,Labdoo Hub- Kingdom Builders Ministry,4,0,4,0,100,0,completed,Mexico,1
"Edoovillage #1863 - Brazil, Retiro Salvador: Global Social Brasil | Weltsichten",2020-08-14,Labdoo Annahmestelle 45478 MH / Rhein-Ruhr (Hub) | Labdoo Annahmestelle 07338 Kaulsdorf: Axel Brümmer,40,0,39,1,97,32,open,Brazil,0
"Edoovillage #1864 - Bolivia, Islas del Palmar: Plataforma Solidaria | Weltsichten",2020-08-17,Labdoo Annahmestelle 45478 MH / Rhein-Ruhr (Hub) | Labdoo Annahmestelle 07338 Kaulsdorf: Axel Brümmer,25,0,15,10,60,8,open,Bolivia,0
"Edoovillage #1865 - Bolivia, Santa Cruz de la Sierra: Fundacion Sindrome de Down | Weltsichten",2020-08-17,Labdoo Annahmestelle 45478 MH / Rhein-Ruhr (Hub) | Labdoo Annahmestelle 07338 Kaulsdorf: Axel Brümmer,10,0,5,5,50,140,open,Bolivia,0
"Edoovillage #1866 - Senegal, Senegal: Journalist*innen Schule | SenGermany eV | Jappoo NRW eV",2020-08-18,Labdoo Annahmestelle 45478 MH / Rhein-Ruhr (Hub),70,0,70,0,100,96,completed,Senegal,1
"Edoovillage #1867 - Germany, Frankfurt am Main: Niedrigschwellige Computerkurse für Erwerbslose und Arme | Bistum Limburg",2020-08-20,Labdoo Annahmestelle 45478 MH / Rhein-Ruhr (Hub),6,0,6,0,100,7,completed,Germany,1
"Edoovillage #1779 - Peru, Arequipa: Asociación Hogar de Cristo Arequipa",2020-08-27,Labdoo Annahmestelle 45478 MH / Rhein-Ruhr (Hub),20,4,3,13,35,60,open,Peru,0
"Edoovillage #1843 - Turkey, Midyat / Mardin: Schwester Hatune Foundation | Save Our Souls 1915 eV",2020-08-29,Labdoo Annahmestelle 45478 MH / Rhein-Ruhr (Hub),10,0,10,0,100,15,completed,Turkey,1
"Edoovillage #1868 - Togo, Vogan: Computer center for pupils education Vo-Koutimé",2020-09-02,Labdoo Hub Leuven,43,0,0,43,0,1391,open,Togo,0
"Edoovillage #1869 - Germany, Berlin: Youth Power Germany eV | COVID-19-DE",2020-09-02,Labdoo Annahmestelle 45478 MH / Rhein-Ruhr (Hub) | Labdoo Annahmestelle 12051 Berlin: Wertraum | Die Wille gGmbH,10,0,10,0,100,9,completed,Germany,1
"Edoovillage #1870 - Bolivia, Santa Cruz de la Sierra: Orquesta Sinfónica Juvenil OSJ / SCZ | Weltsichten",2020-09-04,Labdoo Annahmestelle 45478 MH / Rhein-Ruhr (Hub) | Labdoo Annahmestelle 07338 Kaulsdorf: Axel Brümmer,5,0,1,4,20,35,open,Bolivia,0
"Edoovillage #1871 - United States, Minneapolis: Planting People Growing Justice Leadership Institute | COVID-19-US",2020-09-07,Labdoo Hub Upper West - New York,10,0,8,2,80,12,open,United States,0
"Edoovillage #986 - Germany, Fürth: Workshops und Weiterbildungsmaßnahmen im Nerdberg",2020-09-09,Labdoo Annahmestelle 90402 Nürnberg (Hub),20,0,20,0,100,15,completed,Germany,1
"Edoovillage #1872 - Mexico, Guanajuato: Ayuda a homescholing para familias en Guanajuato",2020-09-12,Labdoo Annahmestelle 80804 München (Hub),20,0,9,11,45,20,open,Mexico,0
"Edoovillage #1873 - Ghana, Bogoso: St. Michael’s Lab | Ghana Union Düsseldorf e.V.",2020-09-15,Labdoo Annahmestelle 45478 MH / Rhein-Ruhr (Hub),36,0,35,1,97,200,completed,Ghana,1
"Edoovillage #1874 - Congo (Kinshasa), Kinshasa: Institut de Yolo | Donaly Malungu",2020-09-16,Labdoo Annahmestelle 45478 MH / Rhein-Ruhr (Hub),79,1,78,0,100,1230,completed,Congo (Kinshasa),1
"Edoovillage #1875 - India, Newdelhi: Steps Home",2020-09-17,Labdoo Hub New Delhi,10,0,0,10,0,22,open,India,0
"Edoovillage #1876 - Brazil, Manaus: Associação Mães Unidas Pelo Autismo | Amazonia für die Welt eV",2020-09-20,Labdoo Annahmestelle 45478 MH / Rhein-Ruhr (Hub),10,0,3,7,30,50,open,Brazil,0
"Edoovillage #1877 - Zambia, Loloma: Kaula Secondary School | Sambia eV",2020-09-21,Labdoo Annahmestelle 45478 MH / Rhein-Ruhr (Hub),31,0,10,21,32,249,open,Zambia,0
"Edoovillage #1878 - Kenya, Utange Mombasa: Barnabas Children Center | Weltsichten",2020-09-21,Labdoo Annahmestelle 45478 MH / Rhein-Ruhr (Hub) | Labdoo Annahmestelle 07338 Kaulsdorf: Axel Brümmer,25,0,0,25,0,500,open,Kenya,0
"Edoovillage #1879 - Germany, Bonn: Ausbildung statt Abschiebung AsA eV | COVID-19-DE",2020-09-21,Labdoo Annahmestelle 45478 MH / Rhein-Ruhr (Hub),14,0,14,0,100,185,completed,Germany,1
"Edoovillage #1880 - Spain, Barcelona: Centre Ocupacional Taller Sant Camil COVID-19-CAT",2020-09-23,Labdoo City Hub Sant Cugat  | Labdoo Hub Barcelona @I2CAT Campus Nord,26,0,26,0,100,75,open,Spain,0
"Edoovillage #1881 - Spain, Montcada i Reixac: PFI Institut La Ferreria COVID-19-CAT",2020-09-26,Labdoo City Hub Sant Cugat ,6,0,3,3,50,23,open,Spain,0
"Edoovillage #1882 - Spain, Sant Cugat del Vallès: Escola la Floresta COVID-19-CAT",2020-09-26,Labdoo City Hub Sant Cugat ,15,0,15,0,100,226,open,Spain,0
"Edoovillage #1883 - Spain, Barcelona: Centro Materno Infantil Eixample  / COVID-19-CAT",2020-09-27,Labdoo City Hub Sant Cugat ,4,0,4,0,100,36,open,Spain,0
"Edoovillage #1884 - Spain, Girona: Centre d’acollida OIKIA (COVID-19-CAT)",2020-09-29,Labdoo Hub Girona - Avgda Lluís Pericot,16,0,9,7,56,40,open,Spain,0
"Edoovillage #1885 - Burkina Faso, Dedougou: Creuset d´Eveil Burkina Kinderhaus",2020-09-29,Labdoo Annahmestelle 90402 Nürnberg (Hub),60,0,21,39,35,60,open,Burkina Faso,0
"Edoovillage #1886 - Spain, Madrid: Departamento Servicios Sociales Distrito Retiro (covid-19)",2020-09-30,Labdoo Hub Madrid - IES Clara del Rey,1,0,2,0,100,1,completed,Spain,1
"Edoovillage #1887 - Spain, Lleida: Centro CREI Intress / COVID-19-CAT",2020-10-01,Labdoo City Hub Sant Cugat ,5,0,0,5,0,24,open,Spain,0
"Edoovillage #1888 - Spain, Barcelona: Institut Emperador Carles (COVID-19-CAT)",2020-10-05,Labdoo Hub Barcelona @I2CAT Campus Nord | Labdoo City Hub Sant Cugat,34,0,34,0,100,630,open,Spain,0
"Edoovillage #1889 - Romania, Cidreag: BuKi Asociatia Pentru Ajutorarea copiilor Din Estul Europei | Hilfe für Kinder in Osteuropa eV",2020-10-06,Labdoo Annahmestelle 45478 MH / Rhein-Ruhr (Hub),10,0,4,6,40,40,completed,Romania,1
"Edoovillage #1890 - Angola, Mbanza Kongo: Instituto Politechnico do Tuku | ANVE | Donaly Malungu",2020-10-07,Labdoo Annahmestelle 45478 MH / Rhein-Ruhr (Hub),70,0,70,0,100,1300,completed,Angola,1
"Edoovillage #1891 - Spain, Lleida: Creu Roja Lleida - Acollida a persones estrangeres COVID-19-CAT",2020-10-07,Labdoo Hub - Acollida de persones refugiades a Catalunya (COVID-19-CAT),3,0,0,3,0,3,open,Spain,0
"Edoovillage #1892 - Greece, Athens: Edoovillage #1854 - Greece, Athens - Lesbos - Samos: Labdoo Laptops for Refugees",2020-10-10,Labdoo Annahmestelle 80804 München (Hub),100,6,177,0,100,5000,open,Greece,0
"Edoovillage #1893 - Greece, Athens: Greece, Athens: Laptops, Tablets and Phones for Ankaa Projekt",2020-10-10,Labdoo Annahmestelle 80804 München (Hub),16,0,17,0,100,200,open,Greece,0
"Edoovillage #1894 - Uganda, Jinja City: Trybe Plastic Recycling and Upcycling",2020-10-10,Labdoo Annahmestelle 45478 MH / Rhein-Ruhr (Hub),4,2,2,0,100,30,completed,Uganda,1
"Edoovillage #1895 - Spain, Madrid: IES Villablanca School (Covid-19)",2020-10-14,Labdoo School Hub Madrid - IES Villablanca,5,0,0,5,0,0,open,Spain,0
"Edoovillage #1896 - Mauritania, Tidjikja: Tidjikja Schule | HelpInNeed",2020-10-14,Labdoo Annahmestelle 45478 MH / Rhein-Ruhr (Hub),9,0,9,0,100,300,completed,Mauritania,1
"Edoovillage #1897 - Namibia, Swakopmund: DRC School Project | Tangeni Shilongo Namibia eV",2020-10-15,Labdoo Annahmestelle 45478 MH / Rhein-Ruhr (Hub),8,0,8,0,100,120,open,Namibia,0
"Edoovillage #1898 - Spain, Madrid: CEIP Martínez Montañés",2020-10-19,Labdoo Hub Madrid - IES Clara del Rey | Labdoo Hub Madrid - Indra,30,0,30,0,100,218,completed,Spain,1
"Edoovillage #1899 - Germany, Duisburg: Livingroom - help youth grow eV | COVID-19-DE",2020-10-21,Labdoo Annahmestelle 45478 MH / Rhein-Ruhr (Hub),2,0,2,0,100,70,completed,Germany,1
"Edoovillage #1900 - Burkina Faso, Ouargaye: Lycée Provincial du Koulpélogo | BUSPAD eV",2020-10-22,Labdoo Annahmestelle 45478 MH / Rhein-Ruhr (Hub),30,0,10,20,33,1000,open,Burkina Faso,0
"Edoovillage #1901 - Germany, Hamburg: 5. Hamburger Frauenhaus eV",2020-10-22,Labdoo Annahmestelle 21035 Hamburg - Bergedorf:  PC112 PCFeuerwehr GmbH [nach Absprache geöffnet],1,0,1,0,100,1,completed,Germany,1
"Edoovillage #1902 - Germany, Dortmund: Kommunales Integrationszentrum Dortmund",2020-10-26,Labdoo Annahmestelle 45478 MH / Rhein-Ruhr (Hub) | Labdoo Annahmestelle 44263 Dortmund (Hub),15,0,15,0,100,15,completed,Germany,1
"Edoovillage #1903 - Germany, München: Global Shapers Munich | COVID-19-DE",2020-10-27,Labdoo Annahmestelle 80804 München (Hub),5,0,5,0,100,10,completed,Germany,1
"Edoovillage #1904 - Spain, Granollers: Escola Pia de Granollers",2020-10-27,Labdoo School Hub Granollers - Escola Pia | Labdoo City Hub Sant Cugat ,20,0,2,18,10,900,open,Spain,0
"Edoovillage #1905 - Spain, Sant Cugat del Vallès: Fundació MAIN UEC COVID-19-CAT",2020-10-29,Labdoo City Hub Sant Cugat ,4,0,4,0,100,30,open,Spain,0
"Edoovillage #1906 - Austria, Rankweil: Mittelschule Rankweil West",2020-10-29,Labdoo Hub Salzburg | Labdoo Hub Vorarlberg,2,0,0,2,0,1,open,Austria,0
"Edoovillage #1907 - Spain, Madrid: Niños conectados para aprender",2020-10-30,Grassroots,3,0,3,0,100,20,completed,Spain,1
"Edoovillage #1908 - Spain, Barcelona: Colombia Conecta - Consulado General de Colombia  (COVID-19-CAT)",2020-10-30,Labdoo Hub Terrassa - Paisalanes,31,4,21,6,80,20,open,Spain,0
"Edoovillage #1909 - Ecuador, Quito:  Kolpingfamilien |  MediaMundo eV",2020-10-30,Labdoo Annahmestelle 45478 MH / Rhein-Ruhr (Hub),15,0,2,13,13,15,open,Ecuador,0
"Edoovillage #1910 - Philippines, Angeles City: Jordi Project for a Better Paradise",2020-11-02,Labdoo Hub CEWS (Corporate eWaste Solutions),10,0,0,10,0,90,open,Philippines,0
"Edoovillage #1911 - Congo (Kinshasa), Kinshasa: Orphelinat Père Monti | Donaly Malungu",2020-11-02,Labdoo Annahmestelle 45478 MH / Rhein-Ruhr (Hub),62,0,62,0,100,215,completed,Congo (Kinshasa),1
"Edoovillage #1912 - Spain, Sant Cugat del Vallès: CFA Sant Cugat del Vallès (COVID-19-CAT)",2020-11-02,Labdoo City Hub Sant Cugat ,8,0,6,2,75,400,open,Spain,0
"Edoovillage #1913 - Sierra Leone, Port Loko: Children's Education Development Organization Sierra Leone",2020-11-02,Labdoo Hub Barcelona @LaSalle,15,0,0,15,0,250,open,Sierra Leone,0
"Edoovillage #1914 - Spain, Sant Cugat del Vallès: Escola Fusió Música i Dansa (COVID-19-cat)",2020-11-03,Labdoo City Hub Sant Cugat ,0,0,0,0,0,400,completed,Spain,1
"Edoovillage #1915 - Germany, Dietzenbach: DIGITOL Digital Inclusion for older people / Intergenerational synergies for the active participation on society",2020-11-04,Labdoo Annahmestelle 45478 MH / Rhein-Ruhr (Hub),15,0,15,0,100,15,completed,Germany,1
"Edoovillage #1916 - Spain, Málaga: CEIP Maria de la O - Asperones (COVID-19)",2020-11-04,Labdoo Hub Malaga - Asociación Chavorrillos Asperones UMA,100,66,15,19,81,100,open,Spain,0
"Edoovillage #1917 - Congo (Kinshasa), Ville de Kikwit: ANA A NOUS L’AVENIR",2020-11-08,Labdoo Annahmestelle 45478 MH / Rhein-Ruhr (Hub),25,0,25,0,100,30,completed,Congo (Kinshasa),1
"Edoovillage #1918 - Spain, Sant Cugat del Vallès: Escola Jaume Ferran i Clua  Valldoreix (COVID-19-CAT)",2020-11-10,Labdoo City Hub Sant Cugat ,7,0,7,0,100,450,open,Spain,0
"Edoovillage #1919 - Spain, Sant Cugat del Vallès: Escola Ciutat d'Alba COVID-19-CAT",2020-11-11,Labdoo City Hub Sant Cugat ,1,0,1,0,100,486,open,Spain,0
"Edoovillage #1920 - Cameroon, Douala: FACP - FEMMES EN ACTION CONTRE LA PAUVRETE",2020-11-11,Labdoo School Hub - Agora Sant Cugat International,20,0,0,20,0,56,open,Cameroon,0
"Edoovillage #1921 - Morocco, Agadir: Dar Si Hmad pour le Developpement, l'Education et la Culture",2020-11-11,Labdoo City Hub Sant Cugat ,20,0,10,10,50,158,open,Morocco,0
"Edoovillage #1922 - Zambia, Loloma: Sammelprojekt | Sambia eV",2020-11-14,Labdoo Annahmestelle 45478 MH / Rhein-Ruhr (Hub),50,11,45,0,100,50,completed,Zambia,1
"Edoovillage #1923 - Spain, Sant Cugat del Vallès: Escola l'Olivera (COVID-19-CAT)",2020-11-16,Labdoo City Hub Sant Cugat ,30,0,30,0,100,481,open,Spain,0
"Edoovillage #1924 - Romania, Saniob: Village school close to Saniob",2020-11-17,Labdoo Hub Salzburg,20,0,18,2,90,60,open,Romania,0
"Edoovillage #1925 - Spain, Banyoles: Banyoles",2020-11-18,Banyoles City Hub,10,1,50,0,100,0,open,Spain,0
"Edoovillage #1926 - Spain, Barcelona: Cottolengo",2020-11-18,Labdoo City Hub Cubelles - Centre Social Ajuntament de Cubelles,1,0,1,0,100,0,completed,Spain,1
"Edoovillage #1927 - Spain, Barcelona: SSL (Servei Substitutori de la Llar) BAIX EBRE (COVD-19-CAT)",2020-11-19,Labdoo City Hub Sant Cugat ,3,0,0,3,0,3,open,Spain,0
"Edoovillage #1928 - Ghana, Mbem: Mbem M/A basic Jomoro Municipal | Ghana Union Düsseldorf e.V.",2020-11-20,Labdoo Annahmestelle 45478 MH / Rhein-Ruhr (Hub),24,0,24,0,100,62,completed,Ghana,1
"Edoovillage #1929 - Ghana, Gomoa Kokofu: Gomoa Kokofu Islamic Basic School ICT Lab | Ghana Union Düsseldorf e.V.",2020-11-20,Labdoo Annahmestelle 45478 MH / Rhein-Ruhr (Hub),60,0,60,0,100,230,completed,Ghana,1
"Edoovillage #1930 - South Africa, Paternoster: LifeSkillProgramm der Paternoster Project NPC | Stiftung Kinder fördern",2020-11-21,Labdoo Annahmestelle 45478 MH / Rhein-Ruhr (Hub),60,0,59,1,98,300,completed,South Africa,1
"Edoovillage #1931 - Austria, Divers: Hauptschulen und Mittelschulen in Österreich",2020-11-22,Labdoo Hub Salzburg,5,0,2,3,40,1222,open,Austria,0
"Edoovillage #1932 - Spain, Barcelona:  Aula 19 Centre de Formació (COVID-19-CAT)",2020-11-24,Labdoo School Hub  Barcelona -  Aula 19 Centre de Formació,30,16,6,8,73,40,open,Spain,0
"Edoovillage #1933 - Spain, Sant Cugat del Vallès: Escola Pins del Vallès (COVID-19-CAT)",2020-11-24,Labdoo City Hub Sant Cugat ,33,0,33,0,100,469,open,Spain,0
"Edoovillage #1934 - Spain, Llinars del Vallès: Escola Damià Mateu",2020-11-25,"City Hub Llinars del Vallès, Can Lletres",20,0,5,15,25,156,open,Spain,0
"Edoovillage #1935 - Spain, Catalonia: Laptops for social changemakers",2020-11-26,Grassroots,10,0,9,1,90,6,completed,Spain,1
"Edoovillage #1936 - Ghana, LIATI - DATEM: BUILDING FUTURE LEADERS INTERNATIONAL SCHOOL COMPLEX",2020-11-30,Labdoo Annahmestelle 45478 MH / Rhein-Ruhr (Hub),45,0,45,0,100,80,completed,Ghana,1
"Edoovillage #1937 - Germany, Dresden: Homeschooling-Spende Kinderhaus RABE & KOLOMBO 12/2020 | COVID-19-DE",2020-12-08,Labdoo Annahmestelle 01829 Stadt Wehlen: Michael Klix,4,0,4,0,100,0,completed,Germany,1
"Edoovillage #1938 - Georgia, Zugdidi: Global Peace Room | Lachen Helfen e.V.",2020-12-09,Labdoo Annahmestelle 45478 MH / Rhein-Ruhr (Hub),9,0,9,0,100,20,completed,Georgia,1
"Edoovillage #1939 - Ghana, Bolgatanga: Asoegoom Basic School",2020-12-09,Labdoo Annahmestelle 45478 MH / Rhein-Ruhr (Hub),0,0,21,0,0,489,completed,Ghana,1
"Edoovillage #1940 - Spain, Vilafranca del Penedes: Associació per a la integració de persones amb dificultats sociolaborals, Entrem-hi",2020-12-09,Labdoo Hub Manresa | Labdoo Hub Vilafranca Centre - El Hub de la Gestoria,20,0,20,0,100,150,completed,Spain,1
"Edoovillage #1941 - Spain, Mataró: PTT Pla de Transició al Treball (COVID-19-CAT)",2020-12-13,Labdoo School Hub Vilafranca - Col·legi Vedruna Sant Elies,4,2,2,0,100,15,open,Spain,0
"Edoovillage #1942 - Spain, Esplugues de Llobregat: Escola Can Vidalet (COVID-19-CAT)",2020-12-14,Labdoo Hub Barcelona @I2CAT Campus Nord | Labdoo School Hub Cornellà - Fundació El Llindar,1,0,0,1,0,220,open,Spain,0
"Edoovillage #1943 - Spain, Vilafranca del Penedes: Escola Publica Estalella i Graells - Vilafranca - COVID-19-CAT",2020-12-20,Labdoo Hub Vilafranca Centre - El Hub de la Gestoria,27,0,9,18,33,453,open,Spain,0
"Edoovillage #1944 - Germany, Marburg: St. Martin Haus | COVID-19-DE",2020-12-21,Labdoo Annahmestelle 45478 MH / Rhein-Ruhr (Hub),4,0,4,0,100,20,completed,Germany,1
"Edoovillage #1945 - Spain, Llinars del Vallès: Serveis Socials Ajuntament de Llinars del Vallès",2020-12-21,"City Hub Llinars del Vallès, Can Lletres",50,0,0,50,0,50,open,Spain,0
"Edoovillage #1946 - Senegal, Gandiol: Hahatay son risas de Gandiol",2020-12-21,Labdoo City Hub Sant Cugat  | Labdoo Hub AUCOOP UPC | Labdoo Hub Barcelona @I2CAT Campus Nord,60,12,35,13,78,7300,open,Senegal,0
"Edoovillage #1947 - Spain, Badalona: Biblioteca Maria Aurèlia Capmany / Associació de veïns de Bufalà",2020-12-22,Labdoo Hub Barcelona @I2CAT Campus Nord,12,7,4,1,91,15,open,Spain,0
"Edoovillage #1948 - Spain, Mataró: Centre sòcio-educatiu Sant Pau (COVID-19-CAT)",2020-12-22,Labdoo Hub Vilafranca Centre - El Hub de la Gestoria,22,0,16,6,72,80,open,Spain,0
"Edoovillage #1949 - Bangladesh, Khulna: Khulna University | Aloghar Support Group (ASG) Germany",2020-12-22,Labdoo Annahmestelle 45478 MH / Rhein-Ruhr (Hub),20,0,2,18,10,140,open,Bangladesh,0
"Edoovillage #1950 - Mongolia, Tschoibalsan: Dornod Province Kherlen Soum Primary School 1",2020-12-29,Labdoo Hub Zürich (Schweiz),9,0,9,0,100,350,completed,Mongolia,1
"Edoovillage #1951 - Spain, Cerdanyola del Vallès: Càritas Parròquia Sant Martí (COVID-19-CAT)",2020-12-30,Labdoo School Hub Sant Cugat - Institut Angeleta Ferrer i Sensat,20,1,1,18,10,20,open,Spain,0
"Edoovillage #1952 - Tanzania, Mfangano Island: Mfangano Island Complex Community Library | Workaway",2021-01-01,Labdoo Annahmestelle 45478 MH / Rhein-Ruhr (Hub),20,0,0,20,0,300,open,Tanzania,0
"Edoovillage #1953 - Cape Verde, Cruzinha: Escuela Cruzinha | Cabo Verde eV",2021-01-02,Labdoo Annahmestelle 45478 MH / Rhein-Ruhr (Hub),7,0,7,0,100,43,completed,Cape Verde,1
"Edoovillage #1954 - Germany, Simmerath: Anad eV | COVID-19-DE",2021-01-07,Labdoo Annahmestelle 45478 MH / Rhein-Ruhr (Hub),30,0,30,0,100,40,completed,Germany,1
"Edoovillage #1955 - Germany, Kaulsdorf: Grundschule Kaulsdorf Saale | Weltsichten | COVID-19-DE",2021-01-08,Labdoo Annahmestelle 45478 MH / Rhein-Ruhr (Hub) | Labdoo Annahmestelle 07338 Kaulsdorf: Axel Brümmer,15,0,15,0,100,29,completed,Germany,1
"Edoovillage #1956 - Germany, Saarland: Sammelprojekt Digitale Teilhabe | COVID-19-DE",2021-01-11,Labdoo Annahmestelle 45478 MH / Rhein-Ruhr (Hub),15,0,9,6,60,15,completed,Germany,1
"Edoovillage #1957 - Germany, Faulbach: Grund- und Mittelschule Faulbach Home Schooling | COVID-19-DE",2021-01-11,Labdoo Annahmestelle 45478 MH / Rhein-Ruhr (Hub),25,0,25,0,100,260,completed,Germany,1
"Edoovillage #1958 - Germany, Mülheim an der Ruhr: NCDA Nkwen Cultural and Development Association Germany | COVID-19-DE",2021-01-11,Labdoo Annahmestelle 45478 MH / Rhein-Ruhr (Hub),10,0,9,1,90,10,completed,Germany,1
"Edoovillage #1959 - Cameroon, Dschang:  CETIC de Fotetsa prés de la Chefferie Fotetsa |  WHFE",2021-01-15,Labdoo Annahmestelle 45478 MH / Rhein-Ruhr (Hub),35,0,23,12,65,580,open,Cameroon,0
"Edoovillage #1960 - Austria, Innsbruck / Atzl: MS: Mittelschule Olympisches Dorf",2021-01-16,Labdoo Hub Salzburg,31,0,31,0,100,252,completed,Austria,1
"Edoovillage #1961 - Benin, Gobada via Savalou: Logozohoé Benin Gymnasium",2021-01-17,Labdoo Annahmestelle 80804 München (Hub),25,0,25,0,100,1000,completed,Benin,1
"Edoovillage #1962 - Brazil, São Paulo: Gesundheits-/ Hygiene-/ Bildungskonzept in Brasilien | ProBrasil eV",2021-01-18,Labdoo Annahmestelle 45478 MH / Rhein-Ruhr (Hub),42,0,26,16,61,500,open,Brazil,0
"Edoovillage #1963 - Macedonia, Slupchane: Municipal Elementary School 'Faik Konica'",2021-01-18,Labdoo Hub Zürich (Schweiz),85,0,13,72,15,684,open,Macedonia,0
"Edoovillage #1964 - Spain, MADRID: IES Ciudad de los Ángeles - Madrid Futuro Solución a la brecha digital COVID-19-ES",2021-01-18,Labdoo Hub Madrid Futuro,27,0,27,0,100,970,completed,Spain,1
"Edoovillage #1965 - Spain, MADRID: CE Ponce de León - Madrid Futuro Solución a la brecha digital COVID-19-ES",2021-01-18,Labdoo Hub Madrid Futuro,26,0,0,26,0,450,open,Spain,0
"Edoovillage #1966 - Spain, MADRID: CEIP Cristóbal Colón - Madrid Futuro Solución a la brecha digital COVID-19-ES",2021-01-18,Labdoo Hub Madrid Futuro,60,0,0,60,0,700,open,Spain,0
"Edoovillage #1967 - South Africa, Richards Bay: Lungelo Youth Development LYD",2021-01-20,Labdoo Annahmestelle 45478 MH / Rhein-Ruhr (Hub),25,4,14,7,72,170,open,South Africa,0
"Edoovillage #1968 - Sierra Leone, Free Town: Girls Empowerment - Für Sierra Leone e.V.",2021-01-21,Labdoo Annahmestelle 80804 München (Hub),6,0,6,0,100,15,completed,Sierra Leone,1
"Edoovillage #1969 - Spain, Madrid: Colegio López Vicuña (RR María Inmaculada)",2021-01-24,Labdoo City Hub Sant Cugat  | Labdoo Hub Madrid - Universidad Complutense  | Labdoo Hub Madrid - Indra,24,0,24,0,100,15,completed,Spain,1
"Edoovillage #1970 - Spain, Vilafranca del Penedes:  ACTUA, Cooperativa d'Iniciativa Social / COVID-19-CAT",2021-01-24,Labdoo School Hub Vilafranca - Col·legi Vedruna Sant Elies,15,0,17,0,100,1202,completed,Spain,1
"Edoovillage #1971 - Cambodia, Sankae District: HDLF Kampong Preang",2021-01-25,Labdoo City Hub Sant Cugat ,45,0,0,45,0,335,open,Cambodia,0
"Edoovillage #1972 - Cambodia, Kampong Trolach: HDLF Kbal Damrei",2021-01-25,Labdoo City Hub Sant Cugat ,30,0,0,30,0,161,open,Cambodia,0
"Edoovillage #1973 - Cambodia, Moung Russei District: HDLF Koun Khlong",2021-01-25,Labdoo City Hub Sant Cugat ,40,0,0,40,0,161,open,Cambodia,0
"Edoovillage #1974 - Tanzania, Marangu: Datengetriebe Nothilfe & Angebote zur Ausbildungsprojekte für junge Erwachsene",2021-01-26,Labdoo Annahmestelle 90402 Nürnberg (Hub) | Labdoo Annahmestelle 45478 MH / Rhein-Ruhr (Hub),20,8,13,0,100,20,completed,Tanzania,1
"Edoovillage #1975 - Congo (Kinshasa), Idiofa: Orphelinat Protestant D’Intshuem",2021-01-26,Labdoo Annahmestelle 45478 MH / Rhein-Ruhr (Hub),35,0,35,0,100,360,completed,Congo (Kinshasa),1
"Edoovillage #1976 - Ukraine, Kiew: Schaste - children, Pro Schule Ost",2021-02-02,Labdoo Hub Zürich (Schweiz),130,0,130,0,100,1000,completed,Ukraine,1
"Edoovillage #1977 - Burkina Faso, Ouargaye:  Ecole Primaire de Ouargaye",2021-02-03,Labdoo Annahmestelle 45478 MH / Rhein-Ruhr (Hub),20,0,0,20,0,350,open,Burkina Faso,0
"Edoovillage #1978 - Senegal, Dakar: Social Change Factory SCF | Donaly Malungu",2021-02-04,Labdoo Annahmestelle 45478 MH / Rhein-Ruhr (Hub),60,0,60,0,100,930,completed,Senegal,1
"Edoovillage #1979 - Germany, Mülheim an der Ruhr: Mothers Pride Association Mopa | COVID-19-DE",2021-02-11,Labdoo Annahmestelle 45478 MH / Rhein-Ruhr (Hub),13,0,13,0,100,11,completed,Germany,1
"Edoovillage #1980 - Jordan, Al-Mafraq: NOIVA, Shaping World of Peace",2021-02-12,Labdoo Hub Zürich (Schweiz),25,0,11,14,44,456,completed,Jordan,1
"Edoovillage #1981 - Kenya, Nairobi: Smart Kibera of Hope |  Kibera Hope Academy",2021-02-13,Labdoo Annahmestelle 45478 MH / Rhein-Ruhr (Hub) | Labdoo Annahmestelle 22999 Hamburg: Winterhude [Hub],16,0,16,0,100,26,completed,Kenya,1
"Edoovillage #1982 - Kenya, Nairobi: Creative Thespians Afrikanas |  Kibera Hope Academy",2021-02-13,Labdoo Annahmestelle 45478 MH / Rhein-Ruhr (Hub),10,0,9,1,90,15,completed,Kenya,1
"Edoovillage #1983 - Kenya, Nairobi:  Simama Safe Space / Resource Center |  Kibera Hope Academy",2021-02-13,Labdoo Annahmestelle 45478 MH / Rhein-Ruhr (Hub),25,0,25,0,100,140,completed,Kenya,1
"Edoovillage #1984 - Senegal, Tambacounda: Lycee Mame Cheikh Mbaye Tambacounda",2021-02-14,Labdoo Annahmestelle 45478 MH / Rhein-Ruhr (Hub),75,0,0,75,0,2510,open,Senegal,0
"Edoovillage #1985 - Nepal, Nuwakot, Bhalche: Shree Jalju Khola Secondary School",2021-02-14,Labdoo Hub Zürich (Schweiz),11,0,11,0,100,181,completed,Nepal,1
"Edoovillage #1986 - Romania, Gura Humorului: Mahrberg Library - WeTomorrow",2021-02-14,Labdoo Hub Zürich (Schweiz),17,0,10,7,58,120,completed,Romania,1
"Edoovillage #1987 - South Africa, East London: Hope School",2021-02-14,Labdoo Hub Zürich (Schweiz),22,0,20,2,90,20,completed,South Africa,1
"Edoovillage #1988 - Germany, Berlin: Zentrum ÜBERLEBEN gGmbH",2021-02-15,Labdoo Annahmestelle 45478 MH / Rhein-Ruhr (Hub),6,0,6,0,100,12,completed,Germany,1
"Edoovillage #1989 - New Zealand, Auckland: People For People, NZ",2021-02-16,Labdoo Hub Auckland,35,31,4,0,100,30,completed,New Zealand,1
"Edoovillage #1990 - Spain, Cerdanyola del Vallès: CRAE Residència Montserrat Joves en Xaxa - COVID-19-CAT",2021-02-18,Labdoo School Hub Sant Cugat - Institut Angeleta Ferrer i Sensat,3,0,0,3,0,18,open,Spain,0
"Edoovillage #1991 - Honduras, Armarateca: Centro de Educcación Prebasica El Trebol",2021-02-19,Labdoo City Hub Sant Cugat ,10,5,0,5,50,102,open,Honduras,0
"Edoovillage #1992 - Tanzania, Moshi: Benjamini  Primary School | World Unite",2021-02-19,Labdoo Annahmestelle 45478 MH / Rhein-Ruhr (Hub),26,0,24,2,92,312,completed,Tanzania,1
"Edoovillage #1993 - Cameroon, Tiko: Humaniterian Asistance International Cameroon (HAICAM)",2021-02-20,Labdoo Annahmestelle 45478 MH / Rhein-Ruhr (Hub),31,0,56,0,100,250,completed,Cameroon,1
"Edoovillage #1994 - Uganda, Kampala: Ouroots Africa limited",2021-02-20,Labdoo Annahmestelle 45478 MH / Rhein-Ruhr (Hub),9,0,4,5,44,10,open,Uganda,0
"Edoovillage #1995 - Spain, Badalona: Fundació Acollida i Esperança (COVID-19-CAT)",2021-02-21,Labdoo Hub Barcelona @I2CAT Campus Nord,5,0,0,5,0,10,open,Spain,0
"Edoovillage #1996 - Spain, Barcelona: Espai d’Inclusió i Formació Casc Antic (EICASCANTIC)  COVID-19-CAT",2021-02-23,Labdoo Hub Barcelona @I2CAT Campus Nord,4,1,3,0,100,100,completed,Spain,1
"Edoovillage #1997 - Congo (Kinshasa), Kinshasa: EP SHARON",2021-02-23,Labdoo Annahmestelle 45478 MH / Rhein-Ruhr (Hub),25,0,0,25,0,420,open,Congo (Kinshasa),0
"Edoovillage #1998 - Germany, Saalfeld: Akademie Saalfeld-Rudolstadt",2021-02-23,Labdoo Annahmestelle 45478 MH / Rhein-Ruhr (Hub) | Labdoo Annahmestelle 07338 Kaulsdorf: Axel Brümmer,13,0,11,2,84,8,completed,Germany,1
"Edoovillage #1999 - Senegal, Dakar: ADA  Academie Diplomatique Africaine | Donaly Malungu",2021-02-24,Labdoo Annahmestelle 45478 MH / Rhein-Ruhr (Hub),45,0,45,0,100,630,completed,Senegal,1
"Edoovillage #2000 - Spain, Vilafranca del Penedes: AMPA Institut Nou Vilafranca COVID-19-CAT",2021-02-24,Labdoo Hub Vilafranca Centre - El Hub de la Gestoria,28,0,18,10,64,19,completed,Spain,1
"Edoovillage #2001 - Cameroon, Dschang: CEFORUSA | Hope For Cameroon eV",2021-02-25,Labdoo Annahmestelle 45478 MH / Rhein-Ruhr (Hub),29,0,29,0,100,200,completed,Cameroon,1
"Edoovillage #2002 - Germany, Georgensgmünd: DemoProjekt für Region Georgendsgmünd",2021-02-28,Labdoo Annahmestelle 90402 Nürnberg (Hub),0,0,0,0,0,0,completed,Germany,1
"Edoovillage #2003 - Germany, Gründau-Lieblos: Malteser Familienpause | COVID-19-DE",2021-03-01,Labdoo Annahmestelle 45478 MH / Rhein-Ruhr (Hub),12,0,12,0,100,50,completed,Germany,1
"Edoovillage #2004 - Germany, Duisburg: GGS Am Knappert | COVID-19-DE",2021-03-01,Labdoo Annahmestelle 45478 MH / Rhein-Ruhr (Hub),17,0,17,0,100,174,completed,Germany,1
"Edoovillage #2005 - Mongolia, Ulan Bator: Bayasgalant",2021-03-01,Labdoo Annahmestelle 45478 MH / Rhein-Ruhr (Hub) | Labdoo Hub Zürich (Schweiz) | Labdoo Annahmestelle 07338 Kaulsdorf: Axel Brümmer,7,0,7,0,100,100,completed,Mongolia,1
"Edoovillage #2006 - Switzerland, Luzern: Verein Kunigo",2021-03-04,Labdoo Hub Zürich (Schweiz),10,0,10,0,100,15,completed,Switzerland,1
"Edoovillage #2007 - Thailand, Chiang Mai: Child's Dream Foundation",2021-03-04,Labdoo Hub Zürich (Schweiz),1,0,1,0,100,100,completed,Thailand,1
"Edoovillage #2008 - Spain, Sant Cugat del Vallès: Migra Studium - Xarxa d'Hospitalitat Arrupe",2021-03-08,Labdoo City Hub Sant Cugat ,9,1,5,3,66,7,open,Spain,0
"Edoovillage #2009 - Germany, Rodgau:  WISA – Wir sind angekommen eV",2021-03-09,Labdoo Annahmestelle 45478 MH / Rhein-Ruhr (Hub),35,5,30,0,100,60,completed,Germany,1
"Edoovillage #2010 - Germany, München: Münchner Tafel eV",2021-03-10,Labdoo Annahmestelle 80804 München (Hub),30,0,30,0,100,1000,completed,Germany,1
"Edoovillage #2011 - Spain, Granollers: Escola Municipal Salvador Llobet",2021-03-10,Labdoo City Hub Granollers,48,0,12,36,25,453,open,Spain,0
"Edoovillage #2012 - Spain, Reus: Centre Residencial d'Acció Educativa (CRAE) 'Codina'",2021-03-11,Hub Universitat Rovira i Virgili (URV),20,0,11,9,55,20,open,Spain,0
"Edoovillage #2013 - Romania, Bucarest: CODEKids",2021-03-11,Labdoo Hub Zürich (Schweiz),100,0,63,37,63,1200,completed,Romania,1
"Edoovillage #2014 - Switzerland, Zurich: Uni Zürich - Schnupperuni für Flüchtlinge",2021-03-11,Labdoo Hub Zürich (Schweiz),23,0,23,0,100,20,completed,Switzerland,1
"Edoovillage #2015 - Togo, Kpalimé: Association Culture Together",2021-03-11,Labdoo Hub Zürich (Schweiz),5,0,5,0,100,15,completed,Togo,1
"Edoovillage #2016 - Germany, Frankfurt am Main: Reparatur Cafe Gutleut | Frankfurter Programm - Aktive Nachbarschaft Nachbarschaftsbüro Gutleut | AWO Kreisverband Frankfurt am Main eV | COVID-19-DE",2021-03-15,Labdoo Annahmestelle 45478 MH / Rhein-Ruhr (Hub),30,0,30,0,100,30,completed,Germany,1
"Edoovillage #2017 - Uganda, Lyantonde: Rural Environmental Sustainability Initiative-RESI",2021-03-17,Labdoo Hub California (South),12,0,6,6,50,10,completed,Uganda,1
"Edoovillage #2018 - Spain, MADRID: Colegio Concertado San Viator - Madrid Futuro Solución a la brecha digital COVID-19-ES",2021-03-17,Labdoo Hub Madrid Futuro,39,0,39,0,100,100,completed,Spain,1
"Edoovillage #2019 - Spain, MADRID: Colegio Concertado Luz Casanova - Madrid Futuro Solución a la brecha digital COVID-19-ES",2021-03-17,Labdoo Hub Madrid Futuro,20,0,20,0,100,100,completed,Spain,1
"Edoovillage #2020 - Spain, MADRID: Colegio Concertado San Luis Felca - Madrid Futuro Solución a la brecha digital COVID-19-ES",2021-03-17,Labdoo Hub Madrid Futuro,15,0,15,0,100,50,completed,Spain,1
"Edoovillage #2021 - Uganda, Kamaiba: Great Lakes Peace Center GLPC",2021-03-18,Labdoo Annahmestelle 45478 MH / Rhein-Ruhr (Hub),25,0,5,20,20,25,open,Uganda,0
"Edoovillage #2022 - Sierra Leone, Freetown: Sierra Leone, Freetown, Schools | Alpha Foundation e.V. / 3",2021-03-20,Labdoo Annahmestelle 80804 München (Hub) | Labdoo Annahmestelle 80796 München: Schwabing-West,95,0,95,0,100,200,open,Sierra Leone,0
"Edoovillage #2023 - Germany, Leverkusen: Digitales Lernen für bedürftige Schüler/-innen | An-Nusrat NRW eV | COVID-19-DE",2021-03-21,Labdoo Annahmestelle 45478 MH / Rhein-Ruhr (Hub),28,0,28,0,100,25,completed,Germany,1
"Edoovillage #2024 - Mozambique, Moamba: Rhino Cup Champions League (hosted by Wild and Free Foundation)",2021-03-22,Labdoo Annahmestelle 28215 Bremen (Hub),10,4,2,4,60,250,open,Mozambique,0
"Edoovillage #2025 - Mali, Kayes: Cercle d'Amis de Hawa Dembaya",2021-03-22,Labdoo Hub Zürich (Schweiz),15,0,10,5,66,15,completed,Mali,1
"Edoovillage #2026 - Congo (Kinshasa), N'sele: CongoSolidar",2021-03-22,Labdoo Hub Zürich (Schweiz),113,0,113,0,100,12,completed,Congo (Kinshasa),1
"Edoovillage #2027 - Armenia, Shaghap village: Schule Shaghap | ARI Jugendverband der Armenier in Deutschland eV",2021-03-22,Labdoo Annahmestelle 45478 MH / Rhein-Ruhr (Hub),30,0,0,30,0,108,open,Armenia,0
"Edoovillage #2028 - Spain, Madrid: Colegio Público Meseta de Orcasitas - Madrid Futuro Solución a la brecha digital COVID-19-ES",2021-03-23,Labdoo Hub Madrid Futuro,23,0,23,0,100,50,completed,Spain,1
"Edoovillage #2029 - Spain, Madrid: IES Juan de Villanueva - Madrid Futuro Solución a la brecha digital COVID-19-ES",2021-03-23,Labdoo Hub Madrid Futuro,30,0,30,0,100,60,completed,Spain,1
"Edoovillage #2030 - Spain, Madrid: Colegio María Reina - Madrid Futuro Solución a la brecha digital COVID-19-ES",2021-03-23,Labdoo Hub Madrid Futuro,21,0,21,0,100,42,completed,Spain,1
"Edoovillage #2031 - Latvia, Laudona: Association Liograde project",2021-03-23,Labdoo Hub Zürich (Schweiz),22,0,0,22,0,163,completed,Latvia,1
"Edoovillage #2032 - Senegal, Dakar: UCAD Université Cheikh Anta Diop",2021-03-23,Labdoo Annahmestelle 45478 MH / Rhein-Ruhr (Hub),40,0,0,40,0,400,open,Senegal,0
"Edoovillage #2033 - Germany, Frankfurt am Main: jumpp Frauenbetriebe eV",2021-03-23,Labdoo Annahmestelle 45478 MH / Rhein-Ruhr (Hub),10,0,10,0,100,15,completed,Germany,1
"Edoovillage #2034 - Spain, Madrid: IES Enrique Tierno Galván - Madrid Futuro Solución a la brecha digital COVID-19-ES",2021-03-23,Labdoo Hub Madrid Futuro,27,0,27,0,100,54,completed,Spain,1
"Edoovillage #2035 - Ghana, Kumasi: ICT for Abofra World School | Ghana Union Düsseldorf e.V.",2021-03-25,Labdoo Annahmestelle 45478 MH / Rhein-Ruhr (Hub),45,0,45,0,100,250,completed,Ghana,1
"Edoovillage #2036 - Tanzania, Moshi: Kilimahewa School",2021-03-26,Labdoo Hub Salzburg | Labdoo Annahmestelle 45478 MH / Rhein-Ruhr (Hub),10,0,14,0,100,150,completed,Tanzania,1
"Edoovillage #2037 - Uganda, Nakivale: Watoto Nakivale Refugee Settlement | Lazima Nipate Academy",2021-03-28,Labdoo Annahmestelle 45478 MH / Rhein-Ruhr (Hub),2,0,2,0,100,176,completed,Uganda,1
"Edoovillage #2038 - Tanzania, Moshi: Kilimahewa School",2021-03-28,Labdoo Hub Zürich (Schweiz),30,0,0,30,0,150,completed,Tanzania,1
"Edoovillage #2039 - Nepal, Rupandehi: Sano Prakash Schule und Heim",2021-03-28,Labdoo Hub Zürich (Schweiz),5,0,5,0,100,75,completed,Nepal,1
"Edoovillage #2041 - Ghana, Asunsuso: Yonso Project Model School",2021-03-30,Labdoo Annahmestelle 45478 MH / Rhein-Ruhr (Hub),60,12,30,18,70,750,open,Ghana,0
"Edoovillage #2042 - Ghana, Apowa: Artur Fischer Catholic JHS | Ghana Union Düsseldorf e.V.",2021-04-01,Labdoo Annahmestelle 45478 MH / Rhein-Ruhr (Hub),50,0,50,0,100,340,completed,Ghana,1
"Edoovillage #2043 - Uganda, Kasese  Muncipality: Rafik Justice and Environment Organization RAJEO",2021-04-05,Labdoo Annahmestelle 45478 MH / Rhein-Ruhr (Hub),15,0,3,12,20,47,open,Uganda,0
"Edoovillage #2044 - Uganda, Hoima Oil City: Answer the need Foundation",2021-04-06,Labdoo Annahmestelle 45478 MH / Rhein-Ruhr (Hub),5,0,0,5,0,200,open,Uganda,0
"Edoovillage #2045 - Germany, Mülheim Ruhr: Volkshochschule Mülheim an der Ruhr Online-Integrations- und Berufssprachkurse",2021-04-08,Labdoo Annahmestelle 45478 MH / Rhein-Ruhr (Hub),19,0,20,0,100,19,completed,Germany,1
"Edoovillage #2046 - Spain, Sant Cugat del Vallès: La Floresta contra fronteres",2021-04-12,Labdoo City Hub Sant Cugat ,3,0,1,2,33,6,open,Spain,0
"Edoovillage #2047 - Spain, Sant Adrià de Besòs: CEE NTRA.SRA DE LA ESPERANZA (SANT ADRIÀ DE BESÒS)",2021-04-12,Labdoo Hub Barcelona @I2CAT Campus Nord,25,0,3,22,12,43,open,Spain,0
"Edoovillage #2048 - Germany, Nürnberg: DemoProjekt für Stadt Nürnberg 'Digiteers'",2021-04-13,Labdoo Annahmestelle 90402 Nürnberg (Hub),1,0,1,0,100,0,completed,Germany,1
"Edoovillage #2049 - Germany, Essen: Asyl Network Deutschland eV",2021-04-14,Labdoo Annahmestelle 45478 MH / Rhein-Ruhr (Hub),50,0,50,0,100,100,completed,Germany,1
"Edoovillage #2050 - South Africa, Tulbagh: Kinderhuis Steinthal | Kinder in Not eV",2021-04-14,Labdoo Annahmestelle 45478 MH / Rhein-Ruhr (Hub),50,0,8,42,16,140,open,South Africa,0
"Edoovillage #2051 - Mauritania, Rosso : Abduluah Saleck Schule | HelpInNeed",2021-04-14,Labdoo Annahmestelle 45478 MH / Rhein-Ruhr (Hub),1,0,1,0,100,100,completed,Mauritania,1
"Edoovillage #2052 - Turkey, Bethkustan: IT- und Sprachkurse für Jugendliche | SOS eV",2021-04-15,Labdoo Annahmestelle 45478 MH / Rhein-Ruhr (Hub),17,0,17,0,100,25,completed,Turkey,1
"Edoovillage #2053 - Turkey, Arkah: IT- und Sprachkurse für Jugendliche | SOS eV",2021-04-15,Labdoo Annahmestelle 45478 MH / Rhein-Ruhr (Hub),17,0,17,0,100,25,completed,Turkey,1
"Edoovillage #2054 - Turkey, Midyat: IT- und Sprachkurse für Jugendliche | SOS eV",2021-04-15,Labdoo Annahmestelle 45478 MH / Rhein-Ruhr (Hub),17,0,17,0,100,15,completed,Turkey,1
"Edoovillage #2055 - Turkey, Bsorino: IT- und Sprachkurse für Jugendliche | SOS eV",2021-04-15,Labdoo Annahmestelle 45478 MH / Rhein-Ruhr (Hub),17,0,17,0,100,17,completed,Turkey,1
"Edoovillage #2056 - Turkey, Harbtho: IT- und Sprachkurse für Jugendliche | SOS eV",2021-04-15,Labdoo Annahmestelle 45478 MH / Rhein-Ruhr (Hub),17,0,17,0,100,17,completed,Turkey,1
"Edoovillage #2057 - Turkey,  Midin: IT- und Sprachkurse für Jugendliche | SOS eV",2021-04-15,Labdoo Annahmestelle 45478 MH / Rhein-Ruhr (Hub),17,0,17,0,100,17,completed,Turkey,1
"Edoovillage #2058 - Turkey, Hah: IT- und Sprachkurse für Jugendliche | SOS eV",2021-04-15,Labdoo Annahmestelle 45478 MH / Rhein-Ruhr (Hub),17,0,17,0,100,17,completed,Turkey,1
"Edoovillage #2059 - Uganda, Buwekula: Mission Destiny School",2021-04-16,Labdoo Annahmestelle 45478 MH / Rhein-Ruhr (Hub),30,0,4,26,13,600,open,Uganda,0
"Edoovillage #2061 - Spain, Granollers: Escola Joan Solans",2021-04-18,Labdoo City Hub Granollers,60,0,12,48,20,183,open,Spain,0
"Edoovillage #2063 - Spain, Madrid: CEIP República de Brasil - Madrid Futuro Solución a la brecha digital COVID-19-ES",2021-04-21,Labdoo Hub Madrid Futuro,59,0,59,0,100,100,completed,Spain,1
"Edoovillage #2064 - Spain, Madrid: CEIP Fuencisla - Madrid Futuro Solución a la brecha digital COVID-19-ES",2021-04-21,Labdoo Hub Madrid Futuro,35,0,35,0,100,70,completed,Spain,1
"Edoovillage #2065 - Spain, Madrid: CEIP Ciudad de Jaén - Madrid Futuro Solución a la brecha digital COVID-19-ES",2021-04-21,Labdoo Hub Madrid Futuro,50,0,50,0,100,100,completed,Spain,1
"Edoovillage #2066 - Spain, Madrid: CEIP República de Venezuela - Madrid Futuro Solución a la brecha digital COVID-19-ES",2021-04-21,Labdoo Hub Madrid Futuro,58,0,58,0,100,100,completed,Spain,1
"Edoovillage #2062 - Spain, Granollers: Escola Ponent",2021-04-23,Labdoo City Hub Granollers,30,0,9,21,30,394,open,Spain,0
"Edoovillage #2067 - Kenya, Mombasa: Forever Kids",2021-04-26,Labdoo Hub Zürich (Schweiz),5,0,5,0,100,320,completed,Kenya,1
"Edoovillage #2068 - Uganda, Gulu City: Unified for Uganda ICT Hub",2021-04-26,Labdoo Annahmestelle 45478 MH / Rhein-Ruhr (Hub),39,0,3,36,7,64,open,Uganda,0
"Edoovillage #2069 - Cameroon, Bangem Town: Ave Maria College | Helping Hands Foundation",2021-04-29,Labdoo Annahmestelle 45478 MH / Rhein-Ruhr (Hub),17,0,17,0,100,150,completed,Cameroon,1
"Edoovillage #2070 - Kazakhstan, Shymkent City: Teach4Eurasia",2021-04-29,Labdoo Annahmestelle 80804 München (Hub),4,0,4,0,100,15,completed,Kazakhstan,1
"Edoovillage #2071 - Spain, Sant Antoni de Calonge: Associació Pots",2021-05-01,Labdoo Hub Girona - Avgda Lluís Pericot,8,8,0,0,100,15,completed,Spain,1
"Edoovillage #2072 - Mexico, Ensenada: Rancho Milagro",2021-05-05,Labdoo Hub- Kingdom Builders Ministry | Labdoo Hub California (South),20,0,7,13,35,30,open,Mexico,0
"Edoovillage #2073 - Ghana, Bakaekyir - Sekondi : Goodness and Mercy Preparatory School | Ghana Union Düsseldorf e.V.",2021-05-07,Labdoo Annahmestelle 45478 MH / Rhein-Ruhr (Hub),27,0,27,0,100,200,completed,Ghana,1
"Edoovillage #2074 - India, Madurai: Madurai Seed",2021-05-10,Labdoo Hub Zürich (Schweiz),17,0,17,0,100,180,completed,India,1
"Edoovillage #2075 - Switzerland, Zürich: Schweizerisches Rotes Kreuz Kanton Zürich (Jugendrotkreuz) (COVID-19-CH)",2021-05-10,Labdoo Hub Zürich (Schweiz),33,0,20,13,60,30,completed,Switzerland,1
"Edoovillage #2076 - Uganda, Kasese: Philomena United Women Art and Craft Group PUWACG",2021-05-11,Labdoo Annahmestelle 45478 MH / Rhein-Ruhr (Hub),26,0,0,26,0,25,open,Uganda,0
"Edoovillage #2077 - Germany, Berlin: St. Josef Kinder- und Jugenhaus",2021-05-13,Labdoo Annahmestelle 45478 MH / Rhein-Ruhr (Hub) | Labdoo Annahmestelle 12051 Berlin: Wertraum | Die Wille gGmbH,7,0,7,0,100,7,completed,Germany,1
"Edoovillage #2078 - Cameroon, Tiko: Community Relief Bilingual Nursery and Primary School ( COREBINAPS-Tiko)",2021-05-16,Labdoo School Hub Madrid - IES Arquitecto Ventura Rodríguez,6,0,5,1,83,115,completed,Cameroon,1
"Edoovillage #2079 - Nicaragua, Tipitapa: Stipendienprogramm Beca Enrique Schmidt - Bücherbus",2021-05-20,Labdoo Annahmestelle 90402 Nürnberg (Hub),1,0,1,0,100,240,completed,Nicaragua,1
"Edoovillage #2080 - Germany, Wuppertal: Kommunales Integrationszentrum Stadt Wuppertal „Teilhabemanagement' | COVID-19-DE",2021-05-21,Labdoo Annahmestelle 42287 Wuppertal-Barmen (Hub) | Labdoo Annahmestelle 45478 MH / Rhein-Ruhr (Hub),30,0,30,0,100,104,completed,Germany,1
"Edoovillage #2081 - Spain, Barcelona: Centre de Joves i Adults ACIS",2021-05-26,Labdoo Hub Barcelona @I2CAT Campus Nord,17,0,3,14,17,17,open,Spain,0
"Edoovillage #2082 - Colombia, Medellín: Ruta N Social - Fortalecimiento a mujeres migrantes venezolanas en Medellín",2021-05-27,Labdoo Hub Medellín / Divergente,17,3,9,5,70,500,open,Colombia,0
"Edoovillage #2083 - Congo (Kinshasa), Uvira: Groupe Scolaire Etoile du Matin",2021-05-28,Labdoo Annahmestelle 45478 MH / Rhein-Ruhr (Hub),30,0,30,0,100,520,completed,Congo (Kinshasa),1
"Edoovillage #2084 - Brazil, FAZENDA DO RETIRO: Bibliothek und Onlineschule Quilombo Sao Francisco",2021-05-30,Labdoo Annahmestelle 45478 MH / Rhein-Ruhr (Hub) | Labdoo Annahmestelle 07338 Kaulsdorf: Axel Brümmer,40,0,8,32,20,70,open,Brazil,0
"Edoovillage #2085 - Senegal, Thionck Essyl Daga: Foundawtion - CEM Thionck-Essyl",2021-06-02,Labdoo Hub Barcelona - Foundawtion,30,0,12,18,40,900,open,Senegal,0
"Edoovillage #2086 - Brazil, Cumaru do Norte: School of de Caiapo Indios",2021-06-02,Labdoo Annahmestelle 45478 MH / Rhein-Ruhr (Hub) | Labdoo Annahmestelle 21035 Hamburg - Bergedorf:  PC112 PCFeuerwehr GmbH [nach Absprache geöffnet],2,0,2,0,100,100,completed,Brazil,1
"Edoovillage #2087 - Cameroon, Nkongsamba: ISMAN Nkongsamba | Zukunft Chancen eV",2021-06-05,Labdoo Annahmestelle 45478 MH / Rhein-Ruhr (Hub),25,0,25,0,100,20,completed,Cameroon,1
"Edoovillage #2088 - Burkina Faso, Banfora: Cours privé le Partenaire",2021-06-06,Labdoo Annahmestelle 45478 MH / Rhein-Ruhr (Hub),51,0,51,0,100,748,completed,Burkina Faso,1
"Edoovillage #2089 - Cameroon, Bamenda: CNEDA (Cho Ngafor Development and Empowerment Association)",2021-06-08,Labdoo Hub Zürich (Schweiz),31,0,31,0,100,27,completed,Cameroon,1
"Edoovillage #2090 - Germany, Essen: Zukunft Chancen eV | Fit am PC für Kinder & Eltern | COVID-19-DE",2021-06-08,Labdoo Annahmestelle 45478 MH / Rhein-Ruhr (Hub),26,0,26,0,100,26,completed,Germany,1
"Edoovillage #2091 - Benin, Abomey-Calavi: Bouge ONG",2021-06-08,Labdoo Hub Zürich (Schweiz),60,0,0,60,0,60,completed,Benin,1
"Edoovillage #2092 - Germany, Kiel: Home Schooling für Kinder afrikanischer Migranten | COVID-19-DE",2021-06-10,Labdoo Annahmestelle 45478 MH / Rhein-Ruhr (Hub) | Labdoo Annahmestelle 66629 Oberkirchen (Saar): Ehrenamtliches Café Edelstein Heimat- und Verkehrsverein | WEISELBERG e.V.,15,1,13,1,93,23,completed,Germany,1
"Edoovillage #2093 - Ghana, Gomoa Potsin: Potsin T.I. Ahmadiyya Senior High School | Ghana Union e.V.",2021-06-13,Labdoo Annahmestelle 45478 MH / Rhein-Ruhr (Hub),49,0,49,0,100,2501,completed,Ghana,1
"Edoovillage #2094 - Uganda, Bukedea: Action for Development of Grassroots Communities ADEGCO | Leapfrog eV",2021-06-13,Labdoo Annahmestelle 45478 MH / Rhein-Ruhr (Hub),11,0,11,0,100,50,completed,Uganda,1
"Edoovillage #2096 - Syria, Kafruhin village, Idlib: Kids Paradise Humanitarian Organization",2021-06-15,Labdoo Hub Zürich (Schweiz),20,0,0,20,0,1500,completed,Syria,1
"Edoovillage #2097 - Senegal, MEN: Foundawtion- Lyceé Thionck-Essyl",2021-06-16,Labdoo Hub Barcelona - Foundawtion | Labdoo City Hub Sant Cugat ,60,0,45,15,75,465,open,Senegal,0
"Edoovillage #2098 - Ghana, SENCHI-FERRY: Planting People Growing Justice Leadership Institute",2021-06-17,Labdoo Hub California (South),40,0,8,32,20,1500,open,Ghana,0
"Edoovillage #2099 - Germany, Ebersbach an der Fils: Flüchtlingshilfe Ebersbach",2021-06-17,Labdoo Annahmestelle 81541 München: Giesing,3,0,2,1,66,0,open,Germany,0
"Edoovillage #2100 - Germany, Munich: BMF goes Next Gen",2021-06-17,Labdoo Annahmestelle 80804 München (Hub),15,0,15,0,100,10,completed,Germany,1
"Edoovillage #2101 - Switzerland, Bern: Offener Hörsaal Bern - Studierendenschaft der Universität Bern (SUB) (COVID-19-CH)",2021-06-21,Labdoo Hub Zürich (Schweiz),10,0,0,10,0,25,completed,Switzerland,1
"Edoovillage #2102 - Tanzania, Arusha: E3EMPOWER AFRICA: Jifunze Tehama - Swahili for ‘teach yourself technology.’",2021-06-26,Labdoo Hub California (South),20,2,6,12,40,0,open,Tanzania,0
"Edoovillage #2103 - Congo (Kinshasa), Bandundu: Institut Lisala",2021-06-26,Labdoo Annahmestelle 45478 MH / Rhein-Ruhr (Hub),45,0,45,0,100,400,completed,Congo (Kinshasa),1
"Edoovillage #2104 - Germany, Aschau am Inn: Don Bosco Unterstützung bei der Berufsausbildung",2021-06-26,Labdoo Annahmestelle 80804 München (Hub) | Labdoo Annahmestelle 45478 MH / Rhein-Ruhr (Hub),10,0,10,0,100,20,completed,Germany,1
"Edoovillage #2105 - Haiti, Madame Bernard: VITES - Technology and Education Center",2021-06-26,Labdoo Hub Miami,24,0,24,0,100,0,completed,Haiti,1
"Edoovillage #2106 - Haiti, Canobert: Ecole du Village",2021-06-26,Labdoo Hub Miami,28,2,26,0,100,50,completed,Haiti,1
"Edoovillage #2107 - Ghana, Takrowase: Takrowase R/C Basic School | Ghana Union e.V.",2021-07-01,Labdoo Annahmestelle 45478 MH / Rhein-Ruhr (Hub),25,0,25,0,100,75,completed,Ghana,1
"Edoovillage #2108 - Ghana, Takrowase: Takrowase Methodist Basic School | Ghana Union e.V.",2021-07-01,Labdoo Annahmestelle 45478 MH / Rhein-Ruhr (Hub),24,0,24,0,100,185,completed,Ghana,1
"Edoovillage #2109 - Cameroon, Douala: CES College d´Education Sécondaire | Afrika-Hilfe Ratingen",2021-07-02,Labdoo Annahmestelle 45478 MH / Rhein-Ruhr (Hub),25,0,24,1,96,22,open,Cameroon,0
"Edoovillage #2110 - Lebanon, Beirut: Nation Station Women’s Centre",2021-07-04,Labdoo Annahmestelle 90402 Nürnberg (Hub),3,0,3,0,100,10,completed,Lebanon,1
"Edoovillage #2111 - Ghana, Takrowase: Presby Basic School | Ghana Union e.V.",2021-07-05,Labdoo Annahmestelle 45478 MH / Rhein-Ruhr (Hub),25,0,25,0,100,83,completed,Ghana,1
"Edoovillage #2112 - Bosnia and Herzegovina, Sarajevo: JU OŠ (Grundschule) „Izet Šabić“ Hotonj | Leben und Lernen in Bosnien e.V.",2021-07-05,Labdoo Annahmestelle 45478 MH / Rhein-Ruhr (Hub),20,0,20,0,100,150,completed,Bosnia and Herzegovina,1
"Edoovillage #2113 - Ghana, Sekondi: Rev. Fr. W. J.  Griffeon Memorial Catholic Basic school | Ghana Union e.V.",2021-07-05,Labdoo Annahmestelle 45478 MH / Rhein-Ruhr (Hub),60,0,60,0,100,394,completed,Ghana,1
"Edoovillage #2114 - Tanzania, Rwamisheye: HEKIMA Smile Education",2021-07-06,Labdoo Annahmestelle 45478 MH / Rhein-Ruhr (Hub),13,0,13,0,100,700,completed,Tanzania,1
"Edoovillage #2115 - Togo, Lomé: Institut Scolaire Suku Yeye | Förderverein Suku Yeye – Togo Schulprojekt eV",2021-07-06,Labdoo Annahmestelle 45478 MH / Rhein-Ruhr (Hub),53,0,53,0,100,206,completed,Togo,1
"Edoovillage #2116 - Tanzania, Gezaulole, Kigamboni: Shine Africa Community Art",2021-07-08,Labdoo Hub Leuven,10,0,0,10,0,20,open,Tanzania,0
"Edoovillage #2117 - Ghana, Akrofuom: Senior High Technical School | Ghana Union eV",2021-07-11,Labdoo Annahmestelle 45478 MH / Rhein-Ruhr (Hub),30,0,56,0,100,1660,completed,Ghana,1
"Edoovillage #2118 - Spain, Barcelona: Abriendo Caminos Catnova",2021-07-13,Labdoo Hub Terrassa - Paisalanes,11,0,10,1,90,50,open,Spain,0
"Edoovillage #2119 - Guinea, Conakry: Billy Ecole",2021-07-14,Labdoo Annahmestelle 45478 MH / Rhein-Ruhr (Hub),50,0,30,20,60,856,open,Guinea,0
"Edoovillage #2120 - Uganda, Ggulama: John Hill Secondary School",2021-07-15,Labdoo Annahmestelle 45478 MH / Rhein-Ruhr (Hub),35,0,23,12,65,150,open,Uganda,0
"Edoovillage #2121 - Ghana, Takoradi: Rev. George Appekey Memorial Primary and JHS | Ghana Union e.V.",2021-07-19,Labdoo Annahmestelle 45478 MH / Rhein-Ruhr (Hub),48,0,48,0,100,368,completed,Ghana,1
"Edoovillage #2123 - South Africa, Landsdowne: Margaret's House",2021-07-25,Labdoo Annahmestelle 45478 MH / Rhein-Ruhr (Hub),8,0,8,0,100,16,completed,South Africa,1
"Edoovillage #2124 - Cameroon, Kumba: Baptist High School Kumba | COHEDO",2021-07-26,Labdoo Annahmestelle 45478 MH / Rhein-Ruhr (Hub),44,0,44,0,100,351,completed,Cameroon,1
"Edoovillage #2125 - Cameroon, Nkongsamba, Cite Verte : Integrated ICTs Education for the Challenges of Globalization ACEDEVCOME",2021-07-26,Labdoo Hub California (South),10,0,9,1,90,85,open,Cameroon,0
"Edoovillage #2126 - Kenya, Mwihoko: FRED KISEREM EPILEPTIC FOUNDATION",2021-07-26,Labdoo Hub Paris - 18ème arrondissement,10,0,4,6,40,30,open,Kenya,0
"Edoovillage #2127 - South Africa, Cape Town: BabesGotBytes",2021-07-28,Labdoo Annahmestelle 45478 MH / Rhein-Ruhr (Hub),15,0,15,0,100,19,completed,South Africa,1
"Edoovillage #2128 - Liberia, Kolbah City: UAOLD Computer Literacy Project",2021-07-29,Labdoo Hub California (South),10,0,8,2,80,400,completed,Liberia,1
"Edoovillage #2129 - Spain, Sant Carles de la Ràpita: Càritas Interparroquial La Ràpita",2021-07-30,Labdoo Hub Terrassa - Paisalanes,7,0,0,7,0,10,open,Spain,0
"Edoovillage #2130 - Mexico, 30700 Tapachula: Albergue del DIF Municipal de Tapachula (Chiapas - México)",2021-08-05,Labdoo Hub Girona - OIKIA,1,0,1,0,100,40,completed,Mexico,1
"Edoovillage #2131 - Mexico, Tapachula: Albergue Viva México de Tapachula (Chiapas - México)",2021-08-05,Labdoo Hub Girona - OIKIA,1,0,1,0,100,80,completed,Mexico,1
"Edoovillage #2132 - Mexico, Tuxtla: Casa Hogar para adolescentes de Tuxtla (Chiapas - México)",2021-08-05,Labdoo Hub Girona - OIKIA,5,0,1,4,20,40,open,Mexico,0
"Edoovillage #2133 - Guatemala, La Antigua: Nahual (La Antigua - Guatemala)",2021-08-05,Labdoo Hub Girona - OIKIA,3,0,3,0,100,80,completed,Guatemala,1
"Edoovillage #2134 - Mexico, Puerto Palomas, México: Albergue de Puerto Palomas (Chihuahua)",2021-08-05,Labdoo Hub Girona - OIKIA,1,0,1,0,100,40,completed,Mexico,1
"Edoovillage #2135 - United States, Irvine: Saddleback Greeting Card Ministry",2021-08-05,Labdoo Hub California (South),1,0,0,1,0,30,completed,United States,1
"Edoovillage #2136 - Cameroon, Limbe: SODEI Solidarity and Development Initiative",2021-08-05,Labdoo Hub Trondheim: Innherredsveien 24,40,0,15,25,37,100,open,Cameroon,0
"Edoovillage #2137 - United Kingdom, Nottingham: Jingah Island | Schlitzohren eV",2021-08-09,Labdoo Annahmestelle 45478 MH / Rhein-Ruhr (Hub),20,0,10,10,50,20,open,United Kingdom,0
"Edoovillage #2138 - Germany, Düsseldorf: Grundschule Sonnenstraße Sonnenstraße | Stiftung Lesen",2021-08-10,Labdoo Annahmestelle 45478 MH / Rhein-Ruhr (Hub),2,0,2,0,100,2,completed,Germany,1
"Edoovillage #2139 - Mauritania, Nouakchott: Berufsschule der Assoziation Solidarität und Fürsorglichkeit in Mauretanien",2021-08-14,Labdoo Annahmestelle 45478 MH / Rhein-Ruhr (Hub),49,0,49,0,100,100,completed,Mauritania,1
"Edoovillage #2140 - Tanzania, Moshi: Alimentem ments – Creem Futur - Bretxa Digital. Aules d’informàtica pels nens i nenes més vulnerables a Tanzània",2021-08-14,Labdoo Hub Barcelona @I2CAT Campus Nord,70,1,61,8,88,400,open,Tanzania,0
"Edoovillage #2141 - India, Nuh: SwaTaleem",2021-08-14,Labdoo Hub Barcelona @I2CAT Campus Nord,6,1,1,4,33,1000,open,India,0
"Edoovillage #2142 - Germany, Bonn: Kindertagesstätte der evangelische Kirchengemeinde am Kottenforst",2021-08-15,Labdoo Annahmestelle 53125 Bonn: Björn Wetzel,2,0,1,1,50,42,completed,Germany,1
"Edoovillage #2143 - Colombia, Bello: PoténciaTech",2021-08-16,Labdoo Hub Terrassa - Paisalanes,5,5,0,0,100,10,completed,Colombia,1
"Edoovillage #2144 - Ghana, Nsuoanu: Canee Care Academy | Ghana Union e.V.",2021-08-18,Labdoo Annahmestelle 45478 MH / Rhein-Ruhr (Hub),40,0,40,0,100,600,completed,Ghana,1
"Edoovillage #2145 - Morocco, Fes: Association Dar Al Atfal Al Ouafae",2021-08-19,Labdoo Hub Girona - OIKIA,10,2,2,6,40,216,open,Morocco,0
"Edoovillage #2146 - Uganda, Naggalama: GLOBAL MUSLIM HIGH SCHOOL NAGGALAMA",2021-08-21,Labdoo Annahmestelle 45478 MH / Rhein-Ruhr (Hub) | Labdoo Hub Salzburg,30,0,0,30,0,513,open,Uganda,0
"Edoovillage #2147 - United States, Berkeley  : Dorothy Day House Ongoing Mentorship and Education Support for the Unhoused",2021-08-23,Labdoo Hub California (South),10,0,4,6,40,30,completed,United States,1
"Edoovillage #2148 - Ghana, Suhum: Suhum Islamic Basic Schools | Ghana Union e.V.",2021-08-25,Labdoo Annahmestelle 45478 MH / Rhein-Ruhr (Hub),30,30,0,0,100,600,completed,Ghana,1
"Edoovillage #2149 - Germany, Eschweiler: Willi-Fährmann-Schule",2021-08-25,Labdoo Annahmestelle 45478 MH / Rhein-Ruhr (Hub),6,0,6,0,100,160,completed,Germany,1
"Edoovillage #2150 - India, Punjab: Socrates International Academy",2021-08-26,Labdoo Hub Zürich (Schweiz),72,0,0,72,0,300,completed,India,1
"Edoovillage #2151 - Ethiopia, Woreda Mehoni Town: Raya Scholarship Program",2021-08-26,Labdoo Hub Zürich (Schweiz),10,0,6,4,60,12,completed,Ethiopia,1
"Edoovillage #2152 - Liberia, Monrovia: Build Liberia Education Foundation/School",2021-08-26,Labdoo Hub Zürich (Schweiz),20,0,0,20,0,259,completed,Liberia,1
"Edoovillage #2153 - Germany, Mülheim an der Ruhr: MuT Cafés Stadt Mülheim an der Ruhr",2021-08-30,Labdoo Annahmestelle 45478 MH / Rhein-Ruhr (Hub),0,0,1,0,0,120,completed,Germany,1
"Edoovillage #2154 - Colombia, Bahía Solano: Explora y Aprende - Escuela Normal Bahía Solano Colombia",2021-09-01,Labdoo Hub Medellín / Divergente,20,0,0,20,0,570,open,Colombia,0
"Edoovillage #2155 - United States, 6161 NW 9th Avenue: TACOLCY",2021-09-02,Labdoo Hub Key Biscayne ,15,0,12,3,80,30,open,United States,0
"Edoovillage #2156 - Uganda, Fort Portal: KARANGURA PEAK MODERN COFFEE FARMERS COOPERATIVE SOCIETY LIMITED",2021-09-02,Labdoo City Hub Sant Cugat ,10,0,0,10,0,100,open,Uganda,0
"Edoovillage #2157 - Togo, Agoé Lomé: COMPLEXE SCOLAIRE SAINT Martial | ASC Amitie eV",2021-09-06,Labdoo Annahmestelle 45478 MH / Rhein-Ruhr (Hub),51,0,51,0,100,28,completed,Togo,1
"Edoovillage #2158 - Tanzania, Bagamoyo: friends' hands e.V.",2021-09-06,Labdoo Annahmestelle 45478 MH / Rhein-Ruhr (Hub),2,0,3,0,100,45,completed,Tanzania,1
"Edoovillage #2159 - Germany, Rödermark: NFR Netzwerk für Flüchtlinge Rödermark e.V.",2021-09-08,Labdoo Annahmestelle 45478 MH / Rhein-Ruhr (Hub),10,0,10,0,100,60,completed,Germany,1
"Edoovillage #2160 - Germany, Berlin: Elblandbahn e.V.",2021-09-08,Labdoo Annahmestelle 45478 MH / Rhein-Ruhr (Hub),2,0,2,0,100,20,completed,Germany,1
"Edoovillage #2161 - Zambia, Mazabuka: Internat für Blinde und sehbehinderte Kinder | Förderverein Windeck",2021-09-08,Labdoo Annahmestelle 45478 MH / Rhein-Ruhr (Hub),8,0,2,6,25,22,open,Zambia,0
"Edoovillage #2163 - Albania, Kukes: Shkolla 9 vjecare 'Riza Spahiu'",2021-09-10,Labdoo Hub Zürich (Schweiz),12,0,0,12,0,435,open,Albania,0
"Edoovillage #2164 - Kenya, Mshomoroni: Harrisons Primary School",2021-09-10,Labdoo Hub Zürich (Schweiz),40,0,32,8,80,140,open,Kenya,0
"Edoovillage #2165 - Spain, Banyoles: Fundació Estany",2021-09-10,Banyoles City Hub | Banyoles City Hub,20,0,9,11,45,40,open,Spain,0
"Edoovillage #2166 - Uganda, Kampala: Good Shepherd Child Support Organization",2021-09-14,Labdoo Hub Miami,30,0,1,29,3,203,open,Uganda,0
"Edoovillage #2167 - Switzerland, Zurich: UZH Schnupperprogramm für Flüchtlinge (COVID-19-CH)",2021-09-15,Labdoo Hub Zürich (Schweiz),13,0,0,13,0,20,completed,Switzerland,1
"Edoovillage #2168 - Switzerland, Zürich: Unia Schule Zürich Schaffhausen",2021-09-15,Labdoo Hub Zürich (Schweiz),12,0,0,12,0,24,open,Switzerland,0
"Edoovillage #2169 - India, Gudalur: Humane Warriors - The Adivasi Village Learning Spaces",2021-09-15,Labdoo Hub Zürich (Schweiz),10,0,10,0,100,74,completed,India,1
"Edoovillage #2170 - India, Tikiapara: H.E.L.G.O. e.V. (Help for Education and Life Guide Organisation)",2021-09-15,Labdoo Annahmestelle 80804 München (Hub),20,0,5,15,25,140,open,India,0
"Edoovillage #2171 - Nigeria, Benin City:  Home For The Needy",2021-09-15,Labdoo Annahmestelle 45478 MH / Rhein-Ruhr (Hub),60,0,37,23,61,4113,open,Nigeria,0
"Edoovillage #2172 - Germany, Berlin: FCZB FrauenComputerZentrumBerlin",2021-09-15,Labdoo Annahmestelle 45478 MH / Rhein-Ruhr (Hub) | Labdoo Annahmestelle 12051 Berlin: Wertraum | Die Wille gGmbH,40,0,40,0,100,40,completed,Germany,1
"Edoovillage #2122 - Nigeria, Ondo: Adeyemi College of Education Demonstration Secondary School | Nevilbot Educonsult",2021-09-26,Labdoo Annahmestelle 45478 MH / Rhein-Ruhr (Hub),30,0,18,12,60,1500,open,Nigeria,0
"Edoovillage #2173 - Spain, Olot: CEPAIM Protecció Internacional",2021-09-26,Labdoo School Hub Sant Cugat - Institut Angeleta Ferrer i Sensat | Banyoles City Hub | Labdoo City Hub Sant Cugat ,4,0,4,0,100,32,completed,Spain,1
"Edoovillage #2174 - Spain, Sitges: ACTUA SCCL",2021-09-28,Labdoo Hub Terrassa - Paisalanes,10,0,7,3,70,20,open,Spain,0
"Edoovillage #2175 - Greece, Lesvos: Lesvos LGBTIQ+ Refugee Solidarity",2021-09-28,Labdoo City Hub Sant Cugat ,4,4,0,0,100,30,completed,Greece,1
"Edoovillage #2176 - Germany, Hessen: Sammelprojekt Digitale Teilhabe | COVID-19-DE",2021-09-30,Labdoo Annahmestelle 45478 MH / Rhein-Ruhr (Hub),300,13,251,36,88,300,completed,Germany,1
"Edoovillage #2177 - Germany, Berlin: Sammelprojekt Digitale Teilhabe | COVID-19-DE",2021-10-01,Labdoo Annahmestelle 45478 MH / Rhein-Ruhr (Hub),150,0,112,38,74,150,open,Germany,0
"Edoovillage #2179 - Uganda, Kampala: Supersonic Aviators Club",2021-10-02,Labdoo Annahmestelle 22999 Hamburg: Winterhude [Hub],35,0,6,29,17,28,open,Uganda,0
"Edoovillage #2178 - Bolivia, Santa Cruz de la Sierra: Techo Pinardi- Centro de Orientacion y tratamiento | Weltsichten",2021-10-13,Labdoo Annahmestelle 45478 MH / Rhein-Ruhr (Hub) | Labdoo Annahmestelle 07338 Kaulsdorf: Axel Brümmer,10,0,4,6,40,100,open,Bolivia,0
"Edoovillage #2180 - Bolivia, Santa Cruz de la Sierra: FUNDACION “CASA MARIA JACINTA” | Weltsichten",2021-10-13,Labdoo Annahmestelle 45478 MH / Rhein-Ruhr (Hub) | Labdoo Annahmestelle 07338 Kaulsdorf: Axel Brümmer,20,0,12,8,60,30,open,Bolivia,0
"Edoovillage #2181 - Brazil, João Amazonas: Associação Global Social Brasil  | Weltsichten",2021-10-13,Labdoo Annahmestelle 45478 MH / Rhein-Ruhr (Hub) | Labdoo Annahmestelle 07338 Kaulsdorf: Axel Brümmer,50,0,33,17,66,60,open,Brazil,0
"Edoovillage #1787 - Nigeria, Adukwu: Embodiments of Love academy | GIMB foundation",2021-10-15,Labdoo Annahmestelle 45478 MH / Rhein-Ruhr (Hub),40,0,3,37,7,1200,open,Nigeria,0
"Edoovillage #2182 - Ecuador, Quito: Mushuk Pakari",2021-10-22,Labdoo Annahmestelle 80804 München (Hub),5,0,5,0,100,43,completed,Ecuador,1
"Edoovillage #2183 - Bulgaria, Narechenski Bani / cело Нареченски бани: Unterstützung von benachteiligten Kindern in Bulgarien",2021-10-22,Labdoo Annahmestelle 80804 München (Hub),35,4,31,0,100,200,completed,Bulgaria,1
"Edoovillage #2184 - Cameroon, Douala: Lycée de Makepe | Afrika-Hilfe Ratingen",2021-10-22,Labdoo Annahmestelle 45478 MH / Rhein-Ruhr (Hub),43,0,43,0,100,3604,completed,Cameroon,1
"Edoovillage #2185 - Senegal, Cité Tacko Rufisque: Cité Tacko secondary School Rufisque | Kaay Teeky",2021-10-24,Labdoo Annahmestelle 45478 MH / Rhein-Ruhr (Hub),30,0,28,2,93,1200,open,Senegal,0
"Edoovillage #2186 - Ghana, Accra: TANF Ghana",2021-10-26,Labdoo Hub Zürich (Schweiz),5,0,5,0,100,69,completed,Ghana,1
"Edoovillage #2187 - Senegal, DAKAR: CEM Grand-Yoff Dakar (Senegal)- L'ordinateur a la portée de tous les élèves",2021-10-26,Laboo Hub Manresa - CATALUNYA | Labdoo Hub Manresa,30,0,0,30,0,1800,completed,Senegal,1
"Edoovillage #2189 - Namibia, Windhoek: Basketball Artists School Foundation",2021-10-29,Labdoo Annahmestelle 22999 Hamburg: Winterhude [Hub],28,0,24,4,85,50,open,Namibia,0
"Edoovillage #2190 - Burkina Faso, Ouagadougou: Next Generation Burkina Faso | Hummaid eV",2021-10-31,Labdoo Annahmestelle 45478 MH / Rhein-Ruhr (Hub),25,0,25,0,100,750,completed,Burkina Faso,1
"Edoovillage #2191 - Congo (Kinshasa), Walungu: Soma Institute | Mains Unies Pour le Changement Positif MUCP Asbl",2021-11-01,Labdoo Annahmestelle 45478 MH / Rhein-Ruhr (Hub) | Labdoo Annahmestelle 21035 Hamburg - Bergedorf:  PC112 PCFeuerwehr GmbH [nach Absprache geöffnet],20,0,20,0,100,367,completed,Congo (Kinshasa),1
"Edoovillage #2192 - Spain, Mollet del Vallès: Serveis Socials Ajuntament",2021-11-03,Labdoo City Hub - Mollet,100,0,0,100,0,1000,open,Spain,0
"Edoovillage #2193 - Lebanon, Beirut:  Ghobeiry Second Mixed Intermediate Public School | Aid Pioneers",2021-11-06,Labdoo Annahmestelle 45478 MH / Rhein-Ruhr (Hub),55,0,55,0,100,600,completed,Lebanon,1
"Edoovillage #2194 - Nigeria, Akwukwu Igbo: Technology Recycling and Deployment Enterprise (TRADE) | African German Information Center AGIC",2021-11-06,Labdoo Annahmestelle 45478 MH / Rhein-Ruhr (Hub),50,0,0,50,0,100,open,Nigeria,0
"Edoovillage #2195 - Spain, Canovelles: Fundació Reir - Women in Technology",2021-11-08,Labdoo City Hub Sant Cugat ,8,0,0,8,0,8,open,Spain,0
"Edoovillage #2196 - Ethiopia, Shewarobit: Ataye Mekoy Highschools | Äthiopien e.V.",2021-11-09,Labdoo Annahmestelle 45478 MH / Rhein-Ruhr (Hub) | Labdoo Annahmestelle 21035 Hamburg - Bergedorf:  PC112 PCFeuerwehr GmbH [nach Absprache geöffnet],23,0,0,23,0,2100,open,Ethiopia,0
"Edoovillage #2197 - Uganda, Nsambya Kampala: Lazimanipate Coderdojo Club",2021-11-10,Labdoo Hub California (South),14,0,2,12,14,20,completed,Uganda,1
"Edoovillage #2198 - Spain, Barcelona: Familias del mundo",2021-11-11,Labdoo City Hub Sant Cugat ,1,0,0,1,0,1,open,Spain,0
"Edoovillage #2199 - Namibia, Okakarara: steps for children",2021-11-11,Labdoo Annahmestelle 45478 MH / Rhein-Ruhr (Hub),20,0,2,18,10,100,open,Namibia,0
"Edoovillage #2200 - Ghana, Obuasi: St. Philip's Catholic School | Ghana Union e.V.",2021-11-11,Labdoo Annahmestelle 45478 MH / Rhein-Ruhr (Hub),25,0,25,0,100,850,completed,Ghana,1
"Edoovillage #2201 - Ghana, Drobo: Kindergarden und Schule Drobo | African Future Kids eV",2021-11-17,Labdoo Annahmestelle 45478 MH / Rhein-Ruhr (Hub) | Labdoo Annahmestelle 22999 Hamburg: Winterhude [Hub],28,0,28,0,100,230,completed,Ghana,1
"Edoovillage #2202 - Germany, Fronhausen: Kindergarten ,Kinderland",2021-11-25,Labdoo Annahmestelle 45478 MH / Rhein-Ruhr (Hub),10,0,10,0,100,112,completed,Germany,1
"Edoovillage #2204 - Ghana, Offinso - Ayensuaa: Unlock Education Ghana Project",2021-12-02,Labdoo Hub Zürich (Schweiz),10,0,5,5,50,1000,completed,Ghana,1
"Edoovillage #2205 - Tunisia, Tunis: TunisAid-eV_Aid for Tunisians with Disabilities e.V.",2021-12-02,Labdoo Annahmestelle 80804 München (Hub),35,0,44,0,100,35,open,Tunisia,0
"Edoovillage #2206 - Cameroon, Kumba: CECDEV Centre for Empowerment and Community Development",2021-12-03,Labdoo Annahmestelle 45478 MH / Rhein-Ruhr (Hub),25,0,25,0,100,180,completed,Cameroon,1
"Edoovillage #2207 - Kenya, Ukunda, Diani Beach, Kwale: FRIDULI Vocational Institute | Humanitas Activa eV",2021-12-07,Labdoo Annahmestelle 45478 MH / Rhein-Ruhr (Hub),20,0,10,10,50,20,open,Kenya,0
"Edoovillage #2208 - Congo (Kinshasa), Goma: Save-Wildlife Conservation Fund",2021-12-13,Labdoo Annahmestelle 45478 MH / Rhein-Ruhr (Hub),60,0,0,60,0,300,open,Congo (Kinshasa),0
"Edoovillage #2209 - Germany, München : Medienkompetenzförderung für Kinder und Jugendliche,Diakonie-München",2021-12-13,Labdoo Annahmestelle 81245 München: Pasing,9,0,13,0,100,50,completed,Germany,1
"Edoovillage #2210 - Romania,  Jilava: Asociatia Casa Buna",2021-12-14,Labdoo Hub Zürich (Schweiz),50,0,50,0,100,300,completed,Romania,1
"Edoovillage #2211 - Morocco, Sidi Slimane: SSB Sidi Slimane",2021-12-15,Labdoo Hub Zürich (Schweiz),25,0,6,19,24,30,completed,Morocco,1
"Edoovillage #2212 - Bosnia and Herzegovina, Bihac: JU OŠ (Grundschule) „Gornje Prekounje - Ripac' | Leben und Lernen in Bosnien e.V.",2021-12-15,Labdoo Annahmestelle 45478 MH / Rhein-Ruhr (Hub),10,0,10,0,100,480,completed,Bosnia and Herzegovina,1
"Edoovillage #2213 - Uganda, Bala Town Council: Community Development Shield Uganda",2021-12-18,Labdoo Annahmestelle 45478 MH / Rhein-Ruhr (Hub),10,0,9,1,90,40,open,Uganda,0
"Edoovillage #2214 - Uganda, Naminya: Naminya R/C primary school | NEFO NULU ELDERLY FOUNDATION",2021-12-18,Labdoo Annahmestelle 45478 MH / Rhein-Ruhr (Hub),20,0,0,20,0,250,open,Uganda,0
"Edoovillage #2215 - Congo (Kinshasa), Kinshasa: Miniis-Charité",2021-12-19,Labdoo Annahmestelle 45478 MH / Rhein-Ruhr (Hub),20,0,20,0,100,60,completed,Congo (Kinshasa),1
"Edoovillage #2216 - Tanzania, Arusha: Focus for Youth, Women and Children Organization",2021-12-22,Labdoo Hub Barcelona @I2CAT Campus Nord,2,1,0,1,50,200,open,Tanzania,0
"Edoovillage #2217 - Congo (Kinshasa), Idiofa: College BON BERGER",2021-12-31,Labdoo Annahmestelle 45478 MH / Rhein-Ruhr (Hub),35,0,35,0,100,430,completed,Congo (Kinshasa),1
"Edoovillage #2218 - Uganda, Kamuli: St. Kizito Primary School",2022-01-05,Labdoo Annahmestelle 45478 MH / Rhein-Ruhr (Hub),40,0,13,27,32,304,open,Uganda,0
"Edoovillage #2219 - Congo (Kinshasa), Kikwit: Institut Isingu",2022-01-07,Labdoo Annahmestelle 45478 MH / Rhein-Ruhr (Hub),31,0,31,0,100,204,completed,Congo (Kinshasa),1
"Edoovillage #2220 - Germany, München: Meaalofa Foundation",2022-01-20,Labdoo Annahmestelle 80804 München (Hub),125,0,141,0,100,100,completed,Germany,1
"Edoovillage #2221 - Spain, Barcelona: Associació Loles Medrano",2022-01-25,Labdoo City Hub Sant Cugat ,5,0,5,0,100,5,completed,Spain,1
"Edoovillage #2222 - Turkey, Derkube: IT- und Sprachkurse für Jugendliche | SOS eV",2022-01-25,Labdoo Annahmestelle 45478 MH / Rhein-Ruhr (Hub),10,0,0,10,0,15,open,Turkey,0
"Edoovillage #2223 - Turkey, Yenişehir: IT- und Sprachkurse für Jugendliche | SOS eV",2022-01-25,Labdoo Annahmestelle 45478 MH / Rhein-Ruhr (Hub),10,0,0,10,0,15,open,Turkey,0
"Edoovillage #2224 - Turkey, Midyat: Mor Barsavmo | SOS eV",2022-01-25,Labdoo Annahmestelle 45478 MH / Rhein-Ruhr (Hub),10,0,0,10,0,15,open,Turkey,0
"Edoovillage #2225 - Turkey, Turabdin: IT- und Sprachkurse für Jugendliche | SOS eV",2022-01-25,Labdoo Annahmestelle 45478 MH / Rhein-Ruhr (Hub),10,0,0,10,0,15,open,Turkey,0
"Edoovillage #2226 - Turkey, Midyat: Mor Gabriel | SOS eV",2022-01-25,Labdoo Annahmestelle 45478 MH / Rhein-Ruhr (Hub),10,0,0,10,0,15,open,Turkey,0
"Edoovillage #2227 - Turkey, Artuklu: IT- und Sprachkurse für Jugendliche | SOS eV",2022-01-25,Labdoo Annahmestelle 45478 MH / Rhein-Ruhr (Hub),10,0,0,10,0,15,open,Turkey,0
"Edoovillage #2234 - Nigeria, Lagos: KING CHUKS COLLEGE",2022-01-25,Labdoo Annahmestelle 45478 MH / Rhein-Ruhr (Hub),52,0,54,0,100,269,completed,Nigeria,1
"Edoovillage #2235 - Ghana, Tema: CBNI Covenant Business Network | Ghana Union e.V.",2022-01-25,Labdoo Annahmestelle 45478 MH / Rhein-Ruhr (Hub),25,0,25,0,100,50,completed,Ghana,1
"Edoovillage #2236 - Cameroon, Mfou: Église catholique apostolique nationale du Cameroun | Save Our Souls 1915 eV",2022-01-26,Labdoo Annahmestelle 45478 MH / Rhein-Ruhr (Hub),29,0,29,0,100,45,completed,Cameroon,1
"Edoovillage #2237 - Uganda, Kasese: RuFI / RIAT Rural Initiative Focus Uganda",2022-02-01,Labdoo Annahmestelle 45478 MH / Rhein-Ruhr (Hub),20,0,14,6,70,80,open,Uganda,0
"Edoovillage #2238 - Uganda, Arua: Arua Youth Development Initiative",2022-02-02,Labdoo City Hub Sant Cugat ,9,2,4,3,66,385,open,Uganda,0
"Edoovillage #2239 - Uganda, Kasese: Skills Development Centre SDC",2022-02-02,Labdoo Annahmestelle 45478 MH / Rhein-Ruhr (Hub),14,0,13,1,92,284,completed,Uganda,1
"Edoovillage #2240 - Ghana, Bogoso: Insu Catholic KG/Primary School | Ghana Union e.V.",2022-02-02,Labdoo Annahmestelle 45478 MH / Rhein-Ruhr (Hub),30,0,30,0,100,245,completed,Ghana,1
"Edoovillage #2241 - Spain, Barcelona: Casal de Barri de Can Baró",2022-02-03,Labdoo Hub Barcelona @I2CAT Campus Nord | Labdoo City Hub Sant Cugat,4,0,4,0,100,27,completed,Spain,1
"Edoovillage #2242 - Germany, Gelsenkirchen: Wohnen in Gelsenkirchen (WoGe) | Caritas",2022-02-05,Labdoo Annahmestelle 45478 MH / Rhein-Ruhr (Hub),11,0,11,0,100,40,completed,Germany,1
"Edoovillage #2243 - Kenya, Nairobi: Queens and Kings of Kibera",2022-02-05,Labdoo Hub Barcelona @I2CAT Campus Nord | Labdoo City Hub Sant Cugat  | Labdoo Annahmestelle 45478 MH / Rhein-Ruhr (Hub),20,27,23,0,100,20,completed,Kenya,1
"Edoovillage #2244 - Germany, Gardelegen: Medienpädagogik Kindertagesstätte Krümelkiste | Goethe Hort",2022-02-05,Labdoo Annahmestelle 45478 MH / Rhein-Ruhr (Hub),14,0,14,0,100,80,completed,Germany,1
"Edoovillage #2245 - Germany, Berlin: Deutsch-Afghanische FreundschaftsGesellschaft Baaham e.V | Fortbildung afghanischer Richterinnen",2022-02-06,Labdoo Annahmestelle 45478 MH / Rhein-Ruhr (Hub),26,0,26,0,100,26,completed,Germany,1
"Edoovillage #2246 - Malawi, Rumphi: Neue Laptops für das Roscher Youth Development Centre, Rumphi, Malawi",2022-02-07,Labdoo Annahmestelle 69207 Sandhausen / Rhein-Neckar: Heinrich Wegener (Hub),15,0,13,2,86,20,open,Malawi,0
"Edoovillage #2247 - South Africa, Port Elizabeth: iFly Aviation and STEM program I South Africa",2022-02-11,Labdoo Annahmestelle 22999 Hamburg: Winterhude [Hub],60,0,4,56,6,120,open,South Africa,0
"Edoovillage #2248 - Germany, Köln: Wipe a tear eV - Home-Schooling Project in Köln",2022-02-11,Labdoo Annahmestelle 45478 MH / Rhein-Ruhr (Hub) | Labdoo Annahmestelle 22999 Hamburg: Winterhude [Hub],11,0,11,0,100,25,completed,Germany,1
"Edoovillage #2249 - Uganda, Fort Portal:  Kahumuza Primary School | Rock Primary School | Wipe a tear eV",2022-02-11,Labdoo Annahmestelle 45478 MH / Rhein-Ruhr (Hub) | Labdoo Annahmestelle 22999 Hamburg: Winterhude [Hub],40,0,9,31,22,200,open,Uganda,0
"Edoovillage #2250 - Ghana, Bosomtwe: Jachie Training Centre for the Disabled | Ghana Union e.V.",2022-02-11,Labdoo Annahmestelle 45478 MH / Rhein-Ruhr (Hub),25,0,25,0,100,95,completed,Ghana,1
"Edoovillage #2251 - Cameroon, Lobe : Casa de la Cultura i el Saber de Lobe (Camerun)",2022-02-15,Punt de recollida Labdoo- URV Solidària (Tarragona),10,2,3,5,50,52,open,Cameroon,0
"Edoovillage #2252 - Albania, Tirana: Prison Fellowship Albania, Sh.K.B.Sh. Dream Academy",2022-02-15,Labdoo Annahmestelle 45478 MH / Rhein-Ruhr (Hub),35,0,35,0,100,50,open,Albania,0
"Edoovillage #2253 - Philippines, Makati City: BINHI English Literacy Foundation",2022-02-16,Labdoo Hub California (South),20,0,5,15,25,4000,completed,Philippines,1
"Edoovillage #2254 - Kenya, Nairobi: Childrock Initiative",2022-02-17,Labdoo Hub Zürich (Schweiz),9,0,5,4,55,10,completed,Kenya,1
"Edoovillage #2255 - Colombia, Soacha: Soacha para el futuro",2022-02-18,Labdoo Hub Medellín / Divergente | Labdoo Hub Terrassa - Paisalanes,15,1,9,5,66,100,open,Colombia,0
"Edoovillage #2256 - Uganda, Nakiwate: WCFT We care for them Waisenkinderprojekt",2022-02-20,Labdoo Annahmestelle 45478 MH / Rhein-Ruhr (Hub),8,0,0,8,0,20,open,Uganda,0
"Edoovillage #2257 - Togo, Kpalime: Lyceé de Zomayi",2022-02-21,Labdoo Annahmestelle 45478 MH / Rhein-Ruhr (Hub),40,0,3,37,7,2011,open,Togo,0
"Edoovillage #2258 - Sierra Leone, Koidu: Konokai Technical Vocational Training Center",2022-02-23,Labdoo Annahmestelle 45478 MH / Rhein-Ruhr (Hub),27,0,22,5,81,100,completed,Sierra Leone,1
"Edoovillage #2259 - Colombia, Bello: IT/Sprachkurse für Kinder/Jugendliche in Bello | 1915 eV",2022-03-01,Labdoo Annahmestelle 45478 MH / Rhein-Ruhr (Hub),15,0,15,0,100,30,completed,Colombia,1
"Edoovillage #2260 - Colombia, Cartagena: IT/Sprachkurse für Kinder/Jugendliche in Cartagena | 1915 eV",2022-03-01,Labdoo Annahmestelle 45478 MH / Rhein-Ruhr (Hub),26,0,26,0,100,40,completed,Colombia,1
"Edoovillage #2261 - Namibia, Grootfontein: Kindergarten Hope for the Needy | Lilli eV",2022-03-01,Labdoo Annahmestelle 45478 MH / Rhein-Ruhr (Hub) | Labdoo Annahmestelle 14542 Werder: Jürgen Weinreich,1,0,1,0,100,75,completed,Namibia,1
"Edoovillage #2262 - Namibia, Grootfontein: Behindertenzentrum CBR | Lilli eV",2022-03-01,Labdoo Annahmestelle 45478 MH / Rhein-Ruhr (Hub) | Labdoo Annahmestelle 14542 Werder: Jürgen Weinreich,1,0,0,1,0,75,open,Namibia,0
"Edoovillage #2263 - Ghana, Sekondi: Adiembra Community | Ghana Union e.V.",2022-03-02,Labdoo Annahmestelle 45478 MH / Rhein-Ruhr (Hub),36,0,36,0,100,576,completed,Ghana,1
"Edoovillage #2264 - Nigeria, Orlu: Postulants Formation House | Imo State University Teaching Hospital | Missionsschwestern von Gottes Ebenbild eV MSDI",2022-03-03,Labdoo Annahmestelle 45478 MH / Rhein-Ruhr (Hub),45,0,27,18,60,100,open,Nigeria,0
"Edoovillage #2265 - Uruguay, Montevideo: ANIMA Bachillerato",2022-03-04,Labdoo Hub Key Biscayne  | Labdoo Hub Miami,140,0,2,138,1,150,open,Uruguay,0
"Edoovillage #2266 - Ukraine, Iwano-Frankivsk Івано-Франківськ: Humanitäre Hilfe für die Ukraine",2022-03-04,Labdoo Annahmestelle 45478 MH / Rhein-Ruhr (Hub),11,0,11,0,100,25,completed,Ukraine,1
"Edoovillage #2267 - Spain, Barcelona: Associació Taller Ocupacional Ariadna",2022-03-04,Labdoo City Hub Sant Cugat ,12,0,0,12,0,32,open,Spain,0
"Edoovillage #2268 - Nigeria, Abuja: Help Ministry International 247 orphanage",2022-03-04,Labdoo Annahmestelle 45478 MH / Rhein-Ruhr (Hub),30,0,4,26,13,78,open,Nigeria,0
"Edoovillage #2269 - Spain, Barcelona: Stop Accidentes",2022-03-04,Labdoo City Hub Sant Cugat ,3,3,0,0,100,3000,completed,Spain,1
"Edoovillage #2270 - Ghana, Agona Nsaba: Nsaba Presbyterian Senior High School | UNAFO e.V.",2022-03-04,Labdoo Annahmestelle 45478 MH / Rhein-Ruhr (Hub),85,0,40,45,47,2456,open,Ghana,0
"Edoovillage #2271 - Bolivia, Santa Cruz de la Sierra: ASOCIACIÓN NUESTRA SEÑORA DE LAS MERCEDES - ASOMER | Weltsichten",2022-03-05,Labdoo Annahmestelle 45478 MH / Rhein-Ruhr (Hub) | Labdoo Annahmestelle 07338 Kaulsdorf: Axel Brümmer,40,0,46,0,100,20,completed,Bolivia,1
"Edoovillage #2272 - Tanzania, Karatu: Teknon Kindergarten | Tanzania Agape Foundation TAF",2022-03-05,Labdoo Annahmestelle 45478 MH / Rhein-Ruhr (Hub),2,0,2,0,100,50,completed,Tanzania,1
"Edoovillage #2273 - Congo (Kinshasa), Kinshasa: l’Institut de la Gombe II DON BOSCO | ABED-RDC (Association de Bien-être des Enfants en Difficultés)",2022-03-07,Labdoo Annahmestelle 45478 MH / Rhein-Ruhr (Hub),40,0,8,32,20,1500,open,Congo (Kinshasa),0
"Edoovillage #2274 - Ghana, Otabilkrom: Assin Otabilkrom D/A Basic School | Ghana Union e.V.",2022-03-07,Labdoo Annahmestelle 45478 MH / Rhein-Ruhr (Hub),35,0,35,0,100,180,completed,Ghana,1
"Edoovillage #2275 - Ghana, Sekondi: Nana Gyan School Lab | Zestworld Foundation | Ghana Union e.V.",2022-03-07,Labdoo Annahmestelle 45478 MH / Rhein-Ruhr (Hub),25,0,25,0,100,600,completed,Ghana,1
"Edoovillage #2276 - Uganda, Kamuli: Hope for Orphans and rural Development HORD",2022-03-10,Labdoo Annahmestelle 45478 MH / Rhein-Ruhr (Hub),4,0,3,1,75,200,open,Uganda,0
"Edoovillage #2277 - Spain, GUISSONA: Refugiats d'Ucraïna",2022-03-14,Labdoo Hub Guissona refugiats ucraïnians,63,14,49,0,100,150,completed,Spain,1
"Edoovillage #2278 - Tanzania, Mwanza: Viktoria Schools",2022-03-14,Labdoo Hub Zürich (Schweiz),30,0,30,0,100,360,completed,Tanzania,1
"Edoovillage #2279 - Congo (Kinshasa), Panu: Collège Père Alois",2022-03-14,Labdoo Hub Zürich (Schweiz),35,0,0,35,0,230,completed,Congo (Kinshasa),1
"Edoovillage #2280 - Ethiopia, Koladiba: Computers/laptops for Koladiba general secondary and preparatory high school",2022-03-15,Labdoo Hub California (South),25,0,2,23,8,3055,open,Ethiopia,0
"Edoovillage #2281 - South Africa, Hermanus: Camphill School & Farm Hemel-en-Aarde",2022-03-15,Labdoo Annahmestelle 28215 Bremen (Hub),10,3,9,0,100,60,open,South Africa,0
"Edoovillage #2282 - Gambia, Serekunda: Africa Organics",2022-03-16,Labdoo Annahmestelle 45478 MH / Rhein-Ruhr (Hub),2,0,2,0,100,2,completed,Gambia,1
"Edoovillage #2283 - Liberia, Duazon: Liberia Renaissance Education Complex",2022-03-16,Labdoo Annahmestelle 45478 MH / Rhein-Ruhr (Hub) | Labdoo Hub Zürich (Schweiz),38,0,38,0,100,350,completed,Liberia,1
"Edoovillage #2284 - Ghana, Asante-Asamang: Konadu Yiadom Senior High School | UNAFO e.V.",2022-03-16,Labdoo Annahmestelle 45478 MH / Rhein-Ruhr (Hub),65,0,47,18,72,2170,open,Ghana,0
"Edoovillage #2285 - Uganda, Busia: Divine Charity Home",2022-03-16,Labdoo Annahmestelle 45478 MH / Rhein-Ruhr (Hub),19,0,17,2,89,213,open,Uganda,0
"Edoovillage #2286 - Germany, Mönchengladbach: IT für ukrainische Kinder | Lachen helfen eV | Polizei Mönchengladbach",2022-03-17,Labdoo Annahmestelle 45478 MH / Rhein-Ruhr (Hub),3,0,3,0,100,3,completed,Germany,1
"Edoovillage #2287 - Kenya, Nairobi: CRESS Kenya",2022-03-17,Labdoo Annahmestelle 45478 MH / Rhein-Ruhr (Hub),3,0,3,0,100,100,completed,Kenya,1
"Edoovillage #2288 - Uganda, Kampala: Answerid worldwide",2022-03-18,Labdoo Annahmestelle 45478 MH / Rhein-Ruhr (Hub),10,0,6,4,60,500,open,Uganda,0
"Edoovillage #2289 - Uganda, Katakwi : Voice for Humanity Uganda",2022-03-20,Labdoo City Hub Sant Cugat  | La Tabacalera - Madrid,5,0,0,5,0,20,open,Uganda,0
"Edoovillage #2290 - South Africa, Glen Eden: The Kings Childrens Home",2022-03-22,Labdoo Annahmestelle 45478 MH / Rhein-Ruhr (Hub),45,0,5,40,11,50,open,South Africa,0
"Edoovillage #2291 - Spain, Prats de Lluçanès: LABDOO -EDOOVILLAGE PRATS DE LLUÇANÈS - REFUGIATS D'UCRAÏNA",2022-03-23,Labdoo Hub Manresa,15,1,10,4,73,40,open,Spain,0
"Edoovillage #2292 - Senegal, Thillé Boubacar: Centre de Salut Thillé Boubacar",2022-03-24,Labdoo Hub Girona - Avgda Lluís Pericot,5,0,5,0,100,0,completed,Senegal,1
"Edoovillage #2293 - Congo (Kinshasa), Kalamu: Fondation Nsoni, Projet Olivia",2022-03-28,Labdoo Hub Zürich (Schweiz),30,0,0,30,0,60,completed,Congo (Kinshasa),1
"Edoovillage #2294 - Dominican Republic, Santo Domingo Este: Stiftung Escuelita Rayo del Sol (Proeducado)",2022-03-29,Labdoo Hub Zürich (Schweiz),7,0,5,2,71,195,completed,Dominican Republic,1
"Edoovillage #2295 - Germany, Rodgau: EDV macht schlau | WISA e.V.",2022-03-30,Labdoo Annahmestelle 45478 MH / Rhein-Ruhr (Hub) | Labdoo Annahmestelle 63110 Rodgau: WISA - Wir sind angekommen e.V.,10,0,10,0,100,20,completed,Germany,1
"Edoovillage #2296 - Ethiopia, Meki: KIDIST MARIAM WOMEN PROMOTION CENTER - MEKI ETIOPIA",2022-03-30,Labdoo City Hub Sant Cugat ,25,10,27,0,100,440,open,Ethiopia,0
"Edoovillage #2297 - Congo (Kinshasa), Kinshasa: GCS MOKANDA EKA",2022-03-30,Labdoo Hub Paris - 18ème arrondissement,45,0,0,45,0,481,open,Congo (Kinshasa),0
"Edoovillage #2298 - Congo (Kinshasa), Kikwit: Collège Sadisana",2022-04-02,Labdoo Annahmestelle 45478 MH / Rhein-Ruhr (Hub),50,0,20,30,40,772,open,Congo (Kinshasa),0
"Edoovillage #2299 - Venezuela, Garcia: CEPOMAR. Programa Profuturo",2022-04-04,Labdoo City Hub Sant Cugat ,25,9,0,16,36,1524,open,Venezuela,0
"Edoovillage #2300 - South Africa, Mpame Mdikana: Educare Mpame | Bildungsförderung Transkei eV",2022-04-05,Labdoo Annahmestelle 45478 MH / Rhein-Ruhr (Hub),12,0,10,2,83,50,open,South Africa,0
"Edoovillage #2301 - Spain, Sant Cugat del Vallès: Serveis Socials Bàsics",2022-04-06,Labdoo City Hub Sant Cugat ,3,1,5,0,100,1,completed,Spain,1
"Edoovillage #2302 - Congo (Kinshasa), Kikwit: Complexe Scolaire Rév. Etienne Mbushu",2022-04-06,Labdoo Annahmestelle 45478 MH / Rhein-Ruhr (Hub),55,0,24,31,43,450,open,Congo (Kinshasa),0
"Edoovillage #2303 - Morocco, Tasslent: Acción Geoda",2022-04-07,La Tabacalera - Madrid | Facultad de Informática - Universidad Complutense ,13,4,0,9,30,362,open,Morocco,0
"Edoovillage #2304 - Tanzania, Moshi: Good Hope Support Organization",2022-04-07,Labdoo Annahmestelle 45478 MH / Rhein-Ruhr (Hub),20,0,13,7,65,25,open,Tanzania,0
"Edoovillage #2305 - Nigeria, Lagos: Oke-Odo Community Primary School | Emmanuel Fadipe Foundation",2022-04-08,Labdoo Annahmestelle 45478 MH / Rhein-Ruhr (Hub),20,0,20,0,100,437,completed,Nigeria,1
"Edoovillage #2306 - Nigeria, Lagos: Community Grammer Secondary School | Emmanuel Fadipe Foundation",2022-04-08,Labdoo Annahmestelle 45478 MH / Rhein-Ruhr (Hub),30,0,30,0,100,766,completed,Nigeria,1
"Edoovillage #2307 - Greece,  Athina : Mazi Housing Project",2022-04-13,Labdoo City Hub Sant Cugat ,20,2,0,18,10,23,open,Greece,0
"Edoovillage #2308 - Uganda, Kampala: Sounds of Hope",2022-04-14,Labdoo Annahmestelle 45478 MH / Rhein-Ruhr (Hub),12,0,0,12,0,20,open,Uganda,0
"Edoovillage #2309 - Uganda, Amugu town: Change Lead Agency Social Support (CLASS)",2022-04-15,Labdoo Annahmestelle 45478 MH / Rhein-Ruhr (Hub),10,0,0,10,0,20,open,Uganda,0
"Edoovillage #2310 - Uganda, Jinja: Ripples of Hope (formerly Great Hope Uganda)",2022-04-18,Labdoo Annahmestelle 45478 MH / Rhein-Ruhr (Hub),5,0,5,0,100,200,completed,Uganda,1
"Edoovillage #2311 - Sierra Leone, Koidu City: Grace International Schools",2022-04-18,Labdoo Annahmestelle 45478 MH / Rhein-Ruhr (Hub),12,0,12,0,100,282,completed,Sierra Leone,1
"Edoovillage #2312 - Malawi, Lilongwe: Laptops für DON BOSCO YOUTH TECHNICAL INSTITUTE",2022-04-20,Labdoo Annahmestelle 69207 Sandhausen / Rhein-Neckar: Heinrich Wegener (Hub),40,0,15,25,37,70,completed,Malawi,1
"Edoovillage #2313 - Spain, Vilafranca del Penedès: Recaptació de portàtils pels refugiats d'Ucraïna.",2022-04-20,Labdoo School Hub Vilafranca - Col·legi Vedruna Sant Elies | Labdoo City Hub Vilafranca del Penedès - La Nau,8,0,7,1,87,4,completed,Spain,1
"Edoovillage #2314 - New Zealand, Auckland: Refugees as Survivors New Zealand (RASNZ)",2022-04-24,Labdoo Hub Auckland,30,2,1,27,10,0,open,New Zealand,0
"Edoovillage #2315 - Uganda, Kampala: Artsy Africa Academy | Förderungsnetzwerk Afrika eV",2022-04-24,Labdoo Annahmestelle 45478 MH / Rhein-Ruhr (Hub),6,0,6,0,100,12,completed,Uganda,1
"Edoovillage #2316 - Germany, Köln: Projekt „Cologne Blacks“",2022-04-25,Labdoo Annahmestelle 45478 MH / Rhein-Ruhr (Hub),1,0,0,1,0,35,completed,Germany,1
"Edoovillage #2317 - Cambodia, Odambang: Förderverein KNGO Germany e.V. unterstützt die NGO KNGO Cambodia",2022-04-27,Labdoo Annahmestelle 80804 München (Hub),8,0,9,0,100,250,completed,Cambodia,1
"Edoovillage #2318 - Germany, Regenstauf: BRK Bereitschaft Regenstauf",2022-04-27,Labdoo Annahmestelle 80804 München (Hub),5,0,5,0,100,25,completed,Germany,1
"Edoovillage #2319 - Gambia, Bafuloto: Mittelschule und Berufsschule | Education for Gambia",2022-04-27,Labdoo Annahmestelle 45478 MH / Rhein-Ruhr (Hub),39,20,19,0,100,192,completed,Gambia,1
"Edoovillage #2320 - Malawi, Chipoka: Erste Laptops für Chipoka 1 Primary School",2022-04-29,Labdoo Annahmestelle 69207 Sandhausen / Rhein-Neckar: Heinrich Wegener (Hub),20,0,3,17,15,600,open,Malawi,0
"Edoovillage #2321 - Ukraine, Tschernihiw Чернігів: IT-Sammelspende für Schulen in der Region Tschernihiw / Чернігів",2022-04-29,Labdoo Annahmestelle 45478 MH / Rhein-Ruhr (Hub),344,16,342,0,100,1000,completed,Ukraine,1
"Edoovillage #2322 - Spain, La Garriga: La Garriga Ucrania Refugees",2022-04-30,Labdoo Hub Girona - Avgda Lluís Pericot,30,0,30,0,100,25,completed,Spain,1
"Edoovillage #2323 - India, Kolkata: Global Social India | Sunderban Kids | Weltsichten",2022-05-01,Labdoo Annahmestelle 07338 Kaulsdorf: Axel Brümmer,70,0,58,12,82,60,open,India,0
"Edoovillage #2324 - Spain, Salou: CFA Agora Salou -Centre de formació d'adults-",2022-05-03,Punt de recollida Labdoo- URV Solidària (Tarragona),30,0,6,24,20,109,open,Spain,0
"Edoovillage #2325 - Nepal, Gaindakot: NIDISI Bildungsprojekt, Wasserprojekt und Menstruationsprojekt",2022-05-04,Labdoo Annahmestelle 45478 MH / Rhein-Ruhr (Hub),3,0,0,3,0,3,open,Nepal,0
"Edoovillage #2326 - Uganda, Kampala: SOS CHILDRENS VILLAGE | afringa academy",2022-05-05,Labdoo Annahmestelle 45478 MH / Rhein-Ruhr (Hub),50,0,0,50,0,100,open,Uganda,0
"Edoovillage #2327 - Germany, Freising: Anonymous Child in Zusammenarbeit mit der Nachbarschaftshilfe",2022-05-05,Labdoo Annahmestelle 80804 München (Hub),9,0,9,0,100,30,completed,Germany,1
"Edoovillage #2328 - Uganda, Nkokonjeru: Aunt Kevin Primary School | SES",2022-05-06,Labdoo Annahmestelle 45478 MH / Rhein-Ruhr (Hub) | Labdoo Annahmestelle 23611 Bad Schwartau: Bernd Ziemens,16,0,14,2,87,300,open,Uganda,0
"Edoovillage #2329 - Spain, Garraf: Orfes Can Xarxnet",2022-05-14,Labdoo Hub Barcelona @I2CAT Campus Nord,4,0,0,4,0,11,open,Spain,0
"Edoovillage #2330 - Senegal, Sandiara: Camina Senegal",2022-05-16,Labdoo City Hub Sant Cugat ,50,24,38,0,100,268,open,Senegal,0
"Edoovillage #2331 - Spain, Mataró: Institut Les Cinc Sènies",2022-05-18,Labdoo School Hub Mataró - Escola Pia Santa Anna,5,1,4,0,100,25,completed,Spain,1
"Edoovillage #2332 - Ghana, Diabenekrom: West Gate ICT Lab Diabenekrom | Ghana Union eV",2022-05-18,Labdoo Annahmestelle 45478 MH / Rhein-Ruhr (Hub),36,0,36,0,100,200,completed,Ghana,1
"Edoovillage #2333 - Pakistan, Pakora : Schulprojekt Pakhora am Nanga-Parbat | Weltsichten",2022-05-20,Labdoo Annahmestelle 07338 Kaulsdorf: Axel Brümmer,12,0,9,3,75,68,completed,Pakistan,1
"Edoovillage #2334 - Kenya, Nairobi: Mathare Foundation",2022-05-21,Labdoo Annahmestelle 45478 MH / Rhein-Ruhr (Hub),40,0,32,8,80,3200,open,Kenya,0
"Edoovillage #2335 - Tanzania, Engosengiu: Community Libraray MADECHA EDUCATION ASSOCIATION",2022-05-25,Labdoo Annahmestelle 45478 MH / Rhein-Ruhr (Hub),6,0,0,6,0,90,open,Tanzania,0
"Edoovillage #2336 - Uganda, Mbale: Mother's Heart Uganda | Golden Hill Junior School",2022-05-26,Labdoo Annahmestelle 45478 MH / Rhein-Ruhr (Hub),30,0,15,15,50,339,open,Uganda,0
"Edoovillage #2337 - Lebanon, Beirut: Lebnon Relief Society | Save Our Souls 1915 eV",2022-05-28,Labdoo Annahmestelle 45478 MH / Rhein-Ruhr (Hub),40,0,40,0,100,500,completed,Lebanon,1
"Edoovillage #2338 - Germany, Mülheim an der Ruhr: Flüchtlingsdorf Mintarder Straße | Schlitzohren e.V.",2022-06-03,Labdoo Annahmestelle 45478 MH / Rhein-Ruhr (Hub),4,0,4,0,100,20,completed,Germany,1
"Edoovillage #2339 - Ghana, Nkoranza-Bono: Jo Premier International school | Ghana Union eV",2022-06-05,Labdoo Annahmestelle 45478 MH / Rhein-Ruhr (Hub),44,0,44,0,100,685,completed,Ghana,1
"Edoovillage #2340 - Spain, Sant feliu Llobregat: Casal de joves de Sant feliu de Llobregat",2022-06-07,Labdoo Hub Manresa,10,5,0,5,50,6,open,Spain,0
"Edoovillage #2341 - Ghana, Nsawan Adoagyir: EYE OF THE LORD ORPHANAGE HOME LAB | Ghana Union eV | Precious Ladies eV",2022-06-07,Labdoo Annahmestelle 45478 MH / Rhein-Ruhr (Hub),34,0,34,0,100,72,completed,Ghana,1
"Edoovillage #2342 - Macedonia, Skopje: Elementary School Nevana Georgieva Dunja",2022-06-10,Labdoo Hub Zürich (Schweiz),10,0,10,0,100,126,completed,Macedonia,1
"Edoovillage #2343 - Macedonia, Skopje: Kuzman Josifovski Pitu",2022-06-10,Labdoo Hub Zürich (Schweiz),10,0,0,10,0,250,open,Macedonia,0
"Edoovillage #2344 - Benin, Natitingou: CFL ONG Centre de Formation Liweitari",2022-06-10,Labdoo Hub Zürich (Schweiz),42,0,42,0,100,238,completed,Benin,1
"Edoovillage #2345 - Congo (Kinshasa), Kinshasa: Complexe scolaire Lycee les Beatitudes | Donaly Malungu",2022-06-11,Labdoo Annahmestelle 45478 MH / Rhein-Ruhr (Hub),50,0,50,0,100,1030,completed,Congo (Kinshasa),1
"Edoovillage #2346 - Tanzania, MWANZA: INCLUSIVE  EDUCATION  PROJECT",2022-06-14,Labdoo Hub Hong Kong - Fleming,70,0,0,70,0,135,open,Tanzania,0
"Edoovillage #2347 - Ecuador, Quito: TALITA KUMI | Max-Weber-Schule",2022-06-15,Labdoo Annahmestelle 79104 Freiburg Baden [zur Zeit geschlossen],3,0,3,0,100,40,completed,Ecuador,1
"Edoovillage #2348 - Ukraine, Holowetsko Головецько: Holowetsko Sekundarschule | Freundschaft kennt keine Grenzen",2022-06-17,Labdoo Annahmestelle 45478 MH / Rhein-Ruhr (Hub),10,0,10,0,100,40,completed,Ukraine,1
"Edoovillage #2349 - Ukraine, Olewsk Олевськ: Sekundarschule Olewsk 2 | Freundschaft kennt keine Grenzen",2022-06-17,Labdoo Annahmestelle 45478 MH / Rhein-Ruhr (Hub),15,0,15,0,100,15,completed,Ukraine,1
"Edoovillage #2350 - Senegal, Ziguinchor: Ecole Tété Diedhiou | Jappoo gUG",2022-06-17,Labdoo Annahmestelle 45478 MH / Rhein-Ruhr (Hub),25,0,27,0,100,738,completed,Senegal,1
"Edoovillage #2351 - Uganda, Massaka: Kyazanga Modern Primary School | Joy for Humanity",2022-06-18,Labdoo Annahmestelle 45478 MH / Rhein-Ruhr (Hub),25,0,2,23,8,570,open,Uganda,0
"Edoovillage #2352 - Sierra Leone, Freetown: FOUNDATION FOR ADVOCACY AND LITERACY DEVELOPMENT",2022-06-19,Labdoo Hub California (South),10,0,4,6,40,200,open,Sierra Leone,0
"Edoovillage #2353 - Senegal, Dakar: Ecole Primaire du Point E1 | Jappoo gUG",2022-06-19,Labdoo Annahmestelle 45478 MH / Rhein-Ruhr (Hub),18,0,18,0,100,200,completed,Senegal,1
"Edoovillage #2354 - Senegal, Dakar: Woman4woman | Jappoo gUG",2022-06-19,Labdoo Annahmestelle 45478 MH / Rhein-Ruhr (Hub),18,0,18,0,100,150,completed,Senegal,1
"Edoovillage #2355 - Spain, Barcelona: Fundació Privada Mercè Fontanilles. Bossa d'habitatge jove",2022-06-19,Labdoo City Hub Sant Cugat  | Labdoo Hub Manresa,20,2,15,3,85,20,open,Spain,0
"Edoovillage #2356 - Ghana, ADA: Returnsburg Academy Ada East District,  Ghana",2022-06-21,Labdoo Hub Sabadell,25,0,10,15,40,30,open,Ghana,0
"Edoovillage #2357 - Turkey, Sinop: Kulturzentrum Sinop",2022-06-21,Labdoo Annahmestelle 45478 MH / Rhein-Ruhr (Hub),10,0,10,0,100,20,completed,Turkey,1
"Edoovillage #2358 - Israel, Tsfat: Seminar Chasidi of Tsfat",2022-06-22,Labdoo Hub California (South),30,0,0,30,0,130,open,Israel,0
"Edoovillage #2359 - Uganda, Fort Portal City: The ASEI Design Engineering Makerspace",2022-06-23,Labdoo Hub Stockholm,10,0,6,4,60,20,open,Uganda,0
"Edoovillage #2360 - Germany, Herne: Islamische Gemeinde Herne-Röhlinghausen e.V. | RuhrDAX 2022",2022-06-23,Labdoo Annahmestelle 45478 MH / Rhein-Ruhr (Hub),20,0,18,2,90,20,completed,Germany,1
"Edoovillage #2363 - Turkey, Çaycuma: Schule in Çaycuma | Zukunft Bildungswerk | RuhrDAX 2022",2022-06-26,Labdoo Annahmestelle 45478 MH / Rhein-Ruhr (Hub),20,0,20,0,100,200,completed,Turkey,1
"Edoovillage #2364 - Germany, Düsseldorf: Flüchtlinge willkommen in Düsseldorf eV",2022-06-26,Labdoo Annahmestelle 45478 MH / Rhein-Ruhr (Hub),1,0,0,1,0,1,completed,Germany,1
"Edoovillage #2365 - Uganda, Tororo: Cadires x Tororo",2022-06-29,Labdoo Hub Barcelona @I2CAT Campus Nord | Labdoo City Hub Sant Cugat,21,18,15,0,100,70,completed,Uganda,1
"Edoovillage #2366 - South Africa, Manenberg: Schule | HIT - Help In Time",2022-06-29,Labdoo Annahmestelle 45478 MH / Rhein-Ruhr (Hub) | Labdoo Annahmestelle 21035 Hamburg - Bergedorf:  PC112 PCFeuerwehr GmbH [nach Absprache geöffnet],5,0,8,0,100,80,completed,South Africa,1
"Edoovillage #2162 - Nepal, Byas: Maya Universe Academy",2022-07-10,Labdoo Annahmestelle 80804 München (Hub) | Labdoo Annahmestelle 81541 München: Giesing,10,0,10,0,100,394,open,Nepal,0
"Edoovillage #2188 - Cameroon, Buea: Using Technology To Building Communities",2022-07-11,Labdoo Hub California (South),21,0,2,19,9,21,open,Cameroon,0
"Edoovillage #2361 - South Africa, Hout Bay: Ausleihpool | HIT - Help In Time",2022-07-15,Labdoo Annahmestelle 45478 MH / Rhein-Ruhr (Hub) | Labdoo Annahmestelle 21035 Hamburg - Bergedorf:  PC112 PCFeuerwehr GmbH [nach Absprache geöffnet],1,0,1,0,100,2,completed,South Africa,1
"Edoovillage #2367 - Uganda, Rugaga: SUCCESS ROOTS NURSERY AND PRIMARY SCHOOL",2022-07-16,Labdoo Annahmestelle 45478 MH / Rhein-Ruhr (Hub),40,0,0,40,0,550,open,Uganda,0
"Edoovillage #2368 - Congo (Kinshasa), Kinshasa: C.S. de la PAIX",2022-07-16,Labdoo Annahmestelle 45478 MH / Rhein-Ruhr (Hub),15,0,15,0,100,456,completed,Congo (Kinshasa),1
"Edoovillage #2369 - Uganda, NAMAYINGO DISTRICT: EBENEZER COMMUNITY JUNIOR SCHOOL",2022-07-16,Labdoo Annahmestelle 45478 MH / Rhein-Ruhr (Hub),15,0,2,13,13,300,open,Uganda,0
"Edoovillage #2370 - Uganda, Kapeke Sub County: Philadelphia Secondary School | Pro Interplast eV",2022-07-19,Labdoo Annahmestelle 45478 MH / Rhein-Ruhr (Hub),20,0,16,4,80,314,open,Uganda,0
"Edoovillage #2040 - Jordan, Irbid: Remanson gold for training, recruitment and human charity",2022-07-21,Labdoo City Hub Sant Cugat ,35,4,0,31,11,23,open,Jordan,0
"Edoovillage #2095 - Congo (Kinshasa), Kinshasa: COLLEGE SAINT BONIFACE",2022-07-23,Labdoo Annahmestelle 45478 MH / Rhein-Ruhr (Hub),20,0,20,0,100,353,completed,Congo (Kinshasa),1
"Edoovillage #2371 - Ukraine, Shostka: Charitable Foundation Life",2022-07-29,Labdoo Annahmestelle 45478 MH / Rhein-Ruhr (Hub),35,0,35,0,100,50,completed,Ukraine,1
"Edoovillage #2372 - Uganda, Njeru: P.E.A.C.E Organization",2022-07-29,Labdoo Annahmestelle 45478 MH / Rhein-Ruhr (Hub),22,0,23,0,100,120,open,Uganda,0
"Edoovillage #2373 - India, Chennai: Indienhilfe Sambia e.V.",2022-07-31,Labdoo Annahmestelle 97277 Main-Tauber: Sambia e.V. Neubrunn-Böttigheim,1,0,1,0,100,1,completed,India,1
"Edoovillage #2374 - Uganda, Jinja: First Line Junior School, Nakibizzi village, St Bernadette Road, Uganda",2022-08-01,Labdoo Hub Oxford,6,0,1,5,16,100,open,Uganda,0
"Edoovillage #2375 - Tonga, Nuku’alofa: A. Cowley & Sons",2022-08-02,Labdoo Hub Auckland,200,0,146,54,73,0,open,Tonga,0
"Edoovillage #2376 - Uganda, Njeru: Nurture centre",2022-08-03,Labdoo Annahmestelle 45478 MH / Rhein-Ruhr (Hub),20,0,5,15,25,100,open,Uganda,0
"Edoovillage #2362 - Congo (Kinshasa), Kikwit: Institut MADIBI/KIMBULU",2022-08-04,Labdoo Hub Paris - 18ème arrondissement,45,0,2,43,4,850,open,Congo (Kinshasa),0
"Edoovillage #2377 - Congo (Kinshasa), Kinshasa: Ecole Complexe Scolaire Petit Jules",2022-08-04,Labdoo Hub Paris - 18ème arrondissement,35,0,0,35,0,250,open,Congo (Kinshasa),0
"Edoovillage #2378 - Congo (Kinshasa), Kinshasa: Ecole Israel",2022-08-04,Labdoo Hub Paris - 18ème arrondissement,50,0,0,50,0,507,open,Congo (Kinshasa),0
"Edoovillage #2379 - Zambia, Kopa: Day secondary school | Sisters of the Holy Cross | Förderverein Windeck",2022-08-07,Labdoo Annahmestelle 45478 MH / Rhein-Ruhr (Hub),30,0,16,14,53,390,open,Zambia,0
"Edoovillage #2380 - Uganda, Buwakoro: Secondary School Buwakoro | Freundeskreis Christliche Sozialarbeit in Uganda",2022-08-12,Labdoo Annahmestelle 21035 Hamburg - Bergedorf:  PC112 PCFeuerwehr GmbH [nach Absprache geöffnet] | Labdoo Annahmestelle 21680 Stade (Hub),22,2,17,3,86,450,completed,Uganda,1
"Edoovillage #2381 - Sierra Leone, Bo city: UMC Secondary school | EmK Weltmission | Gewerbliche Schule Waiblingen",2022-08-12,Labdoo Annahmestelle 45478 MH / Rhein-Ruhr (Hub),27,0,22,5,81,1150,completed,Sierra Leone,1
"Edoovillage #2382 - United States, Visalia: Building Hope with Habitat for Humanity",2022-08-13,Labdoo Hub California (South),2,0,2,0,100,10,completed,United States,1
"Edoovillage #2383 - Mongolia, Ulanbaataar: Neue Laptops für das Don Bosco Industrial Training Skills Centre Ulan Bator, Mongolei",2022-08-14,Labdoo Annahmestelle 69207 Sandhausen / Rhein-Neckar: Heinrich Wegener (Hub),10,4,5,1,90,250,completed,Mongolia,1
"Edoovillage #2384 - Zimbabwe, Mvurwi: Mvurwi High School | Shona Art | Zoo Krefeld",2022-08-16,Labdoo Annahmestelle 45478 MH / Rhein-Ruhr (Hub),12,0,12,0,100,1500,completed,Zimbabwe,1
"Edoovillage #2385 - Ethiopia, Addis Ababa: Ilanga Centre Confidence for Children",2022-08-18,Labdoo Hub Zürich (Schweiz),4,0,4,0,100,80,completed,Ethiopia,1
"Edoovillage #2386 - Spain, Granada: Azahara Holistic Education",2022-08-18,Labdoo Hub Zürich (Schweiz),16,0,16,0,100,20,completed,Spain,1
"Edoovillage #2387 - Mongolia, Khuvsgulsum: Dorfschule | Deutsch-Mongolisches Tor in NRW e.V. | RuhrDAX 2022",2022-08-19,Labdoo Annahmestelle 45478 MH / Rhein-Ruhr (Hub),10,0,4,6,40,200,open,Mongolia,0
"Edoovillage #2388 - Colombia, Barranquilla: IT/Sprachkurse für Kinder/Jugendliche in Foundation | 1915 eV",2022-08-19,Labdoo Annahmestelle 45478 MH / Rhein-Ruhr (Hub),0,0,0,0,0,30,completed,Colombia,1
"Edoovillage #2389 - Colombia, Galapa: IT/Sprachkurse für Kinder/Jugendliche in Kirchengemeinde | 1915 eV",2022-08-19,Labdoo Annahmestelle 45478 MH / Rhein-Ruhr (Hub),0,0,0,0,0,30,completed,Colombia,1
"Edoovillage #2390 - Zambia, Chibombo: Keembe and Kalola Community - Child Development Agency",2022-08-22,Labdoo Hub Zürich (Schweiz),50,0,0,50,0,750,open,Zambia,0
"Edoovillage #2391 - Ghana, Assin Darmang: Darmang Catholic JHS School | Youth Empowering Foundation | Ghana Union eV",2022-08-27,Labdoo Annahmestelle 45478 MH / Rhein-Ruhr (Hub),26,0,0,26,0,579,completed,Ghana,1
"Edoovillage #2392 - Congo (Kinshasa), Kikwit: Ecole Primaire BWAN",2022-08-27,Labdoo Annahmestelle 45478 MH / Rhein-Ruhr (Hub),10,0,10,0,100,315,completed,Congo (Kinshasa),1
"Edoovillage #2393 - Togo, Agomé-Tomégbé: ECOLE PRIMAIRE EVANGELIQUE PRESBYTERIENNE D’AGOME-TOMEGBE | ASC Amitie eV",2022-08-27,Labdoo Annahmestelle 45478 MH / Rhein-Ruhr (Hub),15,0,15,0,100,100,completed,Togo,1
"Edoovillage #2394 - Germany, Mülheim an der Ruhr: Junior-Uni Ruhr",2022-08-31,Labdoo Annahmestelle 45478 MH / Rhein-Ruhr (Hub),2,0,0,2,0,50,completed,Germany,1
"Edoovillage #2395 - Indonesia, Basarat: Schulboot Seenomaden | Weltsichten",2022-09-11,Labdoo Annahmestelle 07338 Kaulsdorf: Axel Brümmer,50,0,15,35,30,150,open,Indonesia,0
"Edoovillage #2396 - Tanzania, Karatu: Primary School",2022-09-18,Labdoo Annahmestelle 45478 MH / Rhein-Ruhr (Hub),2,0,0,2,0,270,open,Tanzania,0
"Edoovillage #2397 - Germany, Wangen im Allgäu: Ehrenamtliche Sprachkurse für Flüchtlinge | Kreisstadt Wangen im Allgäu",2022-09-23,Labdoo Annahmestelle 88353 Kißlegg: APEG Automarkt im Allgäu GmbH,3,0,2,1,66,3,open,Germany,0
"Edoovillage #2398 - Spain, Vilafranca del Penedès: ACTUA, SCCL. Inserció laboral",2022-09-27,Labdoo Hub Vilafranca Centre - El Hub de la Gestoria,35,11,14,10,71,30,open,Spain,0
"Edoovillage #2399 - Spain, Madrid: Sendera es una ONG de cooperación al desarrollo, fundada en el año 1981",2022-09-29,Labdoo Hub Madrid - Indra,19,0,25,0,100,40,completed,Spain,1
"Edoovillage #2400 - Spain, Valencia: La Red Bona Via, nace de la Parroquia Nuestra Señora de la Buena Guía y de Cáritas Parroquial, con la finalidad de seguir aportando valor a todos los Migrantes que llegan a Valencia",2022-09-29,Labdoo Hub Madrid - Indra,10,0,9,1,90,45,open,Spain,0
"Edoovillage #2401 - Cameroon, Buea: Digital Push",2022-09-30,Labdoo Hub Stockholm,150,0,0,150,0,700,open,Cameroon,0
"Edoovillage #2402 - Cameroon, Bagangte: Centre d, information, de formation, d,accès à la documentation et au TIC pour jeunes au quartier Ndoukong Bangoua",2022-10-02,Labdoo Hub Paris - 18ème arrondissement |,42,0,0,42,0,1100,open,Cameroon,0
"Edoovillage #2403 - Uganda, Bulyasi: GEJJA WOMEN FOUNDATION",2022-10-03,Labdoo Annahmestelle 45478 MH / Rhein-Ruhr (Hub),6,0,3,3,50,30,open,Uganda,0
"Edoovillage #2404 - Zambia, Livingstone: St Peter's Secondary School Livingstone | ASSOCIAZIONE PROGETTO JACARANDA ONLUS",2022-10-03,Labdoo Annahmestelle 45478 MH / Rhein-Ruhr (Hub),6,0,0,6,0,263,open,Zambia,0
"Edoovillage #2405 - Spain, Madrid: People HELP 2021",2022-10-03,Labdoo Hub Madrid - Indra,22,2,47,0,100,0,completed,Spain,1
"Edoovillage #2406 - Spain, Alcorcón: Asociación de Alzheimer Alois Alzheimer. AFA Alcorcón",2022-10-04,Labdoo Hub Madrid - Indra,10,0,10,0,100,52,completed,Spain,1
"Edoovillage #2407 - Germany, Mülheim an der Ruhr: Hölterschule",2022-10-08,Labdoo Annahmestelle 45478 MH / Rhein-Ruhr (Hub),8,0,8,0,100,404,completed,Germany,1
"Edoovillage #2408 - Togo, Klologo: Mittelschule | Kekeli Togo eV",2022-10-13,Labdoo Annahmestelle 90427 Nürnberg: Raphael Seebröker,70,3,67,0,100,1200,open,Togo,0
"Edoovillage #2409 - Spain, Olvàn: ESCOLA AMALGAMA-7 VALLDAURA",2022-10-14,Labdoo Hub Manresa,6,0,0,6,0,53,open,Spain,0
"Edoovillage #2410 - Nigeria, Ibafo: Save the street child Foundation",2022-10-14,Labdoo Annahmestelle 45478 MH / Rhein-Ruhr (Hub),20,0,20,0,100,45,completed,Nigeria,1
"Edoovillage #2411 - Uganda, Fort Portal: Seed Community Relief",2022-10-14,Labdoo Annahmestelle 45478 MH / Rhein-Ruhr (Hub),12,0,12,0,100,80,completed,Uganda,1
"Edoovillage #2412 - Congo (Kinshasa), Bandundu: CFP GRAGLOMEDIE",2022-10-14,Labdoo Annahmestelle 45478 MH / Rhein-Ruhr (Hub),25,0,25,0,100,317,completed,Congo (Kinshasa),1
"Edoovillage #2413 - South Africa, Phillipi: Youth Stand Up Projects",2022-10-16,Labdoo Annahmestelle 45478 MH / Rhein-Ruhr (Hub),8,0,4,4,50,120,open,South Africa,0
"Edoovillage #2414 - Kenya, Nairobi: Computers For School (C4S)",2022-10-17,Labdoo Hub Stockholm,16,0,0,16,0,300,open,Kenya,0
"Edoovillage #2415 - Uganda, Kasese, 256,: : Rwenzori Youth Initiatives for Development",2022-10-21,Labdoo City Hub Sant Cugat  | Labdoo Hub Oxford,4,0,0,4,0,40,open,Uganda,0
"Edoovillage #2416 - Spain, Barcelona: Projecte Joves Migrants de Càritas",2022-10-31,Labdoo City Hub Sant Cugat ,2,0,2,0,100,6,completed,Spain,1
"Edoovillage #2417 - Zambia, Chibombo: ICT for Girl Children - METH",2022-11-04,Labdoo Hub Zürich (Schweiz),5,0,0,5,0,200,open,Zambia,0
"Edoovillage #2418 - Israel, Jerusalem: Starting now for a better future",2022-11-05,Labdoo Annahmestelle 80804 München (Hub),2,0,2,0,100,2,completed,Israel,1
"Edoovillage #2419 - Ghana, Bono Manso: Bono Manso Community Library",2022-11-10,Labdoo City Hub Sant Cugat  | Labdoo Hub Oxford,40,0,0,40,0,300,open,Ghana,0
"Edoovillage #2420 - Ghana, Kumasi: FST Jubilee KG | Unafo eV",2022-11-18,Labdoo Annahmestelle 45478 MH / Rhein-Ruhr (Hub),15,0,15,0,100,283,completed,Ghana,1
"Edoovillage #2421 - Ghana, Kumasi:  Martyrs of Uganda R/C JHS | Unafo eV",2022-11-18,Labdoo Annahmestelle 45478 MH / Rhein-Ruhr (Hub),26,0,26,0,100,920,completed,Ghana,1
"Edoovillage #2422 - Gambia, faji kunda-serekunda: Soporte educativo para alumna invidente.",2022-11-22,Labdoo School Hub Vilafranca - Col·legi Vedruna Sant Elies,1,0,0,1,0,1,open,Gambia,0
"Edoovillage #2423 - Venezuela, Valle de Kamarata: Centro Cultural Kamarata, Venezuela",2022-11-23,Punt de recollida Labdoo- URV Solidària (Tarragona) | Hub Universitat Rovira i Virgili (URV),4,0,2,2,50,936,open,Venezuela,0
"Edoovillage #2424 - Germany, Witten: Tagespflege Wiesenviertel  Witten",2022-11-23,Labdoo Annahmestelle 58300 Volmarstein: Berufsbildungswerk Volmarstein,1,0,1,0,100,0,completed,Germany,1
"Edoovillage #2425 - Tanzania, Arusha: Engosengiu Primary School",2022-11-25,Labdoo Annahmestelle 45478 MH / Rhein-Ruhr (Hub),25,0,0,25,0,2260,open,Tanzania,0
"Edoovillage #2426 - Tanzania, Zanzibar: Eden International High-School",2022-11-26,Labdoo Annahmestelle 53173 Bonn: Ulrich Egger (Hub),20,0,20,0,100,457,completed,Tanzania,1
"Edoovillage #2427 - Zambia, Ndola:  Ndola chikumbi Primary School",2022-11-27,Labdoo Annahmestelle 53173 Bonn: Ulrich Egger (Hub),40,0,38,2,95,1800,open,Zambia,0
"Edoovillage #2428 - Cameroon, Mbankomo: Happi Elite English Nursery and Primary School",2022-11-29,Labdoo Hub Zürich (Schweiz),80,0,80,0,100,300,completed,Cameroon,1
"Edoovillage #2429 - Angola, Municipio Luanda: Interkulturelle Bildung",2022-11-29,Labdoo Hub Zürich (Schweiz),50,0,49,1,98,100,completed,Angola,1
"Edoovillage #2430 - Switzerland, Schlieren: Schule Schlieren",2022-11-29,Labdoo Hub Zürich (Schweiz),30,0,0,30,0,42,completed,Switzerland,1
"Edoovillage #2431 - Gambia, Kotu: British International School Gambia",2022-11-29,Labdoo Hub Zürich (Schweiz),20,0,0,20,0,88,completed,Gambia,1
"Edoovillage #2432 - Congo (Kinshasa), Ngaliema: Congo Innovation Academy (CINA)",2022-11-30,Labdoo Hub Zürich (Schweiz),80,0,0,80,0,41,completed,Congo (Kinshasa),1
"Edoovillage #2434 - Spain, Barcelona: People HELP Barcelona",2022-12-01,Labdoo City Hub Sant Cugat ,30,10,15,5,83,100,open,Spain,0
"Edoovillage #2435 - South Africa, Nelspruit: Nourish Eco Village",2022-12-02,Labdoo Annahmestelle 80804 München (Hub),4,0,4,0,100,100,open,South Africa,0
"Edoovillage #2436 - Congo (Kinshasa), VILLE DE KITWIT: SAINT KIZITO | CULTURE CONGOLAISE PLUS ASBL",2022-12-03,Labdoo Annahmestelle 45478 MH / Rhein-Ruhr (Hub),26,0,26,0,100,475,completed,Congo (Kinshasa),1
"Edoovillage #2437 - Ethiopia, Dessie Town: Woizero Siheen Polytechnic TVET College | Lehulatchin",2022-12-03,Labdoo Annahmestelle 45478 MH / Rhein-Ruhr (Hub),25,0,6,19,24,995,open,Ethiopia,0
"Edoovillage #2433 - Spain, BARCELONA: CRAE DE LA COOPERATIVA SUARA",2022-12-06,Labdoo City Hub Sant Cugat ,8,8,0,0,100,20,completed,Spain,1
"Edoovillage #2439 - Zambia, Ndola: Ndola Eden Primary school",2022-12-06,Labdoo Annahmestelle 53173 Bonn: Ulrich Egger (Hub),30,0,27,3,90,540,completed,Zambia,1
"Edoovillage #2440 - Zambia, Ndola: Ndola  Chikumbi Secondary School",2022-12-06,Labdoo Annahmestelle 53173 Bonn: Ulrich Egger (Hub),30,0,29,1,96,320,open,Zambia,0
"Edoovillage #2438 - Turkey, Senkoy-Simav: Einklasseschule",2022-12-08,Labdoo Annahmestelle 45478 MH / Rhein-Ruhr (Hub),17,0,0,17,0,17,open,Turkey,0
"Edoovillage #2441 - Kenya, Sindo: Julius Pancras Youth Group",2022-12-08,Labdoo Annahmestelle 45478 MH / Rhein-Ruhr (Hub),25,0,1,24,4,90,open,Kenya,0
"Edoovillage #2442 - Ukraine, Poltawa: Hilfe für ukrainische Schulkinder | For doctors in Ukraine",2022-12-10,Labdoo Annahmestelle 45478 MH / Rhein-Ruhr (Hub),60,0,60,0,100,60,completed,Ukraine,1
"Edoovillage #2443 - Bolivia, Beni: Fundación Cultural San Ignacio de Moxos",2022-12-13,Labdoo Hub Madrid - Universidad Complutense  | Facultad de Informática - Universidad Complutense ,40,0,0,40,0,2500,open,Bolivia,0
"Edoovillage #2444 - Nigeria, Okagwe Ohafia: Isiama Comprehensive Secondary School | One goal for all | Kevin Uguru",2022-12-17,Labdoo Annahmestelle 45478 MH / Rhein-Ruhr (Hub),30,0,30,0,100,150,open,Nigeria,0
"Edoovillage #2445 - Spain, CAPELLADES: mdpcapellades escola concertada religiosa",2022-12-19,Labdoo City Hub Sant Cugat ,2,2,0,0,100,28,completed,Spain,1
"Edoovillage #2446 - Spain, Barcelona: Espacio de aprendizaje de Drom Kotar Mestipen",2022-12-22,Hub Universitat Rovira i Virgili (URV) | Punt de recollida Labdoo- URV Solidària (Tarragona),8,0,1,7,12,20,completed,Spain,1
"Edoovillage #2447 - Kenya, Mbita: Rusinga Community based organization",2022-12-26,Labdoo Annahmestelle 45478 MH / Rhein-Ruhr (Hub),15,0,4,11,26,130,completed,Kenya,1
"Edoovillage #2448 - Ghana, Ajumako Bisease: Nazareth Preparatory School | Ghana Union eV",2022-12-26,Labdoo Annahmestelle 45478 MH / Rhein-Ruhr (Hub),33,0,33,0,100,500,completed,Ghana,1
"Edoovillage #2449 - Ghana, Obuasi: Obuasi Senior High Technical School | Ghana Union eV",2022-12-26,Labdoo Annahmestelle 45478 MH / Rhein-Ruhr (Hub),30,0,30,0,100,4172,completed,Ghana,1
"Edoovillage #2450 - Ghana, Adum Banso: Efua Obiyaa Memorial Preparatory School | Ghana Union eV",2022-12-26,Labdoo Annahmestelle 45478 MH / Rhein-Ruhr (Hub),30,0,30,0,100,206,completed,Ghana,1
"Edoovillage #2451 - Ghana, Adum Banso: Adum Banso Catholic school | Ghana Union eV",2022-12-26,Labdoo Annahmestelle 45478 MH / Rhein-Ruhr (Hub),30,0,30,0,100,206,completed,Ghana,1
"Edoovillage #2452 - Tanzania, Mwanza: VETA - Mwanza - Computer Course",2023-01-01,Labdoo Annahmestelle 97084 Würzburg: Thomas Barcatta - Mwanza e.V.,24,0,24,0,100,80,completed,Tanzania,1
"Edoovillage #2454 - Tanzania, Arusha: Dunia Salama Foundation",2023-01-04,Labdoo Annahmestelle 45478 MH / Rhein-Ruhr (Hub),20,0,16,4,80,270,open,Tanzania,0
"Edoovillage #2453 - Sierra Leone, Freetown: Universal Care for Africa Foundation- Sierra Leone",2023-01-06,Labdoo City Hub Sant Cugat  | Labdoo Hub California (South),30,0,0,30,0,30,open,Sierra Leone,0
"Edoovillage #2455 - Congo (Kinshasa), Kinshasa: UDMAZ Universite de Mazenod",2023-01-07,Labdoo Annahmestelle 45478 MH / Rhein-Ruhr (Hub),20,0,20,0,100,800,completed,Congo (Kinshasa),1
"Edoovillage #2456 - Tanzania, Migungani, Arusha:  SATINO Schools Technological Literacy Program",2023-01-10,Labdoo City Hub Sant Cugat  | Labdoo Hub Sabadell,12,0,4,8,33,150,open,Tanzania,0
"Edoovillage #2458 - Uganda, Rwamwanja : YINNOH: Youth Innovation Hub",2023-01-12,Labdoo City Hub Sant Cugat  | Labdoo Hub Bilbao - Romo-Leioa,30,8,4,18,40,90,open,Uganda,0
"Edoovillage #2457 - Uganda, Bungokho: Mt. Elgon Self Help Community",2023-01-14,Labdoo Annahmestelle 45478 MH / Rhein-Ruhr (Hub),14,0,0,14,0,200,open,Uganda,0
"Edoovillage #2459 - Ghana, Ghana: Bezaleel Educational Complex",2023-01-17,Labdoo Annahmestelle 80804 München (Hub),30,0,16,14,53,95,completed,Ghana,1
"Edoovillage #2460 - Armenia, Arzni: IT/Sprachkurse für Kinder/Jugendliche in Foundation | SOS Save our souls 1915 eV | GABARA Assyrian Youth",2023-01-17,Labdoo Annahmestelle 45478 MH / Rhein-Ruhr (Hub),15,0,15,0,100,30,completed,Armenia,1
"Edoovillage #2461 - Armenia, Verin Dvin: IT/Sprachkurse für Kinder/Jugendliche in Foundation | SOS Save our souls 1915 eV | GABARA Assyrian Youth",2023-01-17,Labdoo Annahmestelle 45478 MH / Rhein-Ruhr (Hub),17,0,17,0,100,40,completed,Armenia,1
"Edoovillage #2462 - Uganda, Kampala District: Purple Skills Klinic Foundation",2023-01-20,Labdoo Annahmestelle 22999 Hamburg: Winterhude [Hub],55,0,20,35,36,74,open,Uganda,0
"Edoovillage #2463 - Spain, L’Hospitalet de Llobregat,: Fundación Social Áurea",2023-01-22,Labdoo City Hub Sant Cugat ,15,5,8,2,86,25,completed,Spain,1
"Edoovillage #2464 - Senegal, Dakar: E-jicom | Jappoo NRW eV",2023-01-23,Labdoo Annahmestelle 45478 MH / Rhein-Ruhr (Hub),46,0,45,1,97,100,completed,Senegal,1
"Edoovillage #2465 - Zambia, Simonga: Dorfentwicklungsprojekt",2023-01-24,Labdoo Annahmestelle 45478 MH / Rhein-Ruhr (Hub),2,0,2,0,100,2,completed,Zambia,1
"Edoovillage #2466 - Kenya, Akado: FRIENDS OF GOD EMMANU-EL MINISTRIES AKADEMY | One Goal for All",2023-01-24,Labdoo Annahmestelle 45478 MH / Rhein-Ruhr (Hub),20,0,7,13,35,302,open,Kenya,0
"Edoovillage #2467 - Ghana, Gomoa Dominase: Africa Youth for Global Goals AYOGG",2023-01-25,Labdoo Annahmestelle 45478 MH / Rhein-Ruhr (Hub),40,0,40,0,100,400,completed,Ghana,1
"Edoovillage #2468 - Spain, Madrid: NINGÚN ALUMNO SIN CONEXIÓN",2023-01-30,Labdoo Hub Madrid - Indra,40,0,27,13,67,850,open,Spain,0
"Edoovillage #2469 - Ghana, Walewale: Hope of Life – International School | HibeKi eV",2023-01-30,Labdoo Annahmestelle 22999 Hamburg: Winterhude [Hub],151,120,31,0,100,200,completed,Ghana,1
"Edoovillage #2060 - Colombia, El Retiro: Trabajo fomento de la cultura en espacios rurales",2023-02-02,HUB LABORATORIO DEL ESPIRITU,10,4,0,6,40,40,open,Colombia,0
"Edoovillage #2470 - South Africa, Pretoria North: Amandasig Secondary School - Pretoria",2023-02-03,Labdoo Annahmestelle 80804 München (Hub),15,0,15,0,100,500,completed,South Africa,1
"Edoovillage #2471 - India, Barhapur : Gujjar Pathshala",2023-02-03,Labdoo City Hub Sant Cugat ,12,0,1,11,8,30,open,India,0
"Edoovillage #2472 - Ghana, Kasoa: Everybody Matters Foundation.seeks to improve education in smaller Ghanian communities.",2023-02-06,Labdoo Hub Barcelona @I2CAT Campus Nord,25,0,0,25,0,273,open,Ghana,0
"Edoovillage #2473 - Zambia, Livingstone: Tonse childrens educational project | Topping Crue foundation Limited community school",2023-02-06,Labdoo Annahmestelle 45478 MH / Rhein-Ruhr (Hub),10,0,1,9,10,200,open,Zambia,0
"Edoovillage #2474 - Germany, Taben-Rodt: Pallottiner Jugendhilfe und Bildungswerk gGmbH | Jugendhilfeeinrichtung Propstey St. Josef",2023-02-06,Labdoo Annahmestelle 45478 MH / Rhein-Ruhr (Hub),4,0,4,0,100,131,completed,Germany,1
"Edoovillage #2475 - Zimbabwe, Gweru: 16 York Road Lundi Park | One Goal for All",2023-02-06,| Labdoo Annahmestelle 45478 MH / Rhein-Ruhr (Hub),20,0,3,17,15,60,open,Zimbabwe,0
"Edoovillage #2476 - Haiti, Maissade: Kay Ti Moun KTM | Haiti-Kinderhilfe eV",2023-02-08,Labdoo Annahmestelle 45478 MH / Rhein-Ruhr (Hub),38,0,38,0,100,193,completed,Haiti,1
"Edoovillage #2477 - Bosnia and Herzegovina, Sanski Most: JU OŠ (Grundschule) “Skender Kulenović“ | Leben und Lernen in Bosnien e.V.",2023-02-10,Labdoo Annahmestelle 45478 MH / Rhein-Ruhr (Hub),26,0,26,0,100,140,completed,Bosnia and Herzegovina,1
"Edoovillage #2478 - Ghana, Kade: El-Ntiado School Complex",2023-02-10,Labdoo Annahmestelle 45478 MH / Rhein-Ruhr (Hub),30,0,5,25,16,360,open,Ghana,0
"Edoovillage #2479 - Nigeria, Bariga: Lujames School | International Centre for Leadership Development",2023-02-10,Labdoo Annahmestelle 45478 MH / Rhein-Ruhr (Hub),14,0,14,0,100,146,completed,Nigeria,1
"Edoovillage #2480 - Spain, 43002 TARRAGONA: PROGRAMA REFUGIATS CREU ROJA TARRAGONA",2023-02-11,Labdoo City Hub Sant Cugat ,4,0,0,4,0,10,open,Spain,0
"Edoovillage #2481 - Senegal, Dakar: Institut Al Ihsan",2023-02-14,Labdoo Annahmestelle 45478 MH / Rhein-Ruhr (Hub),15,0,0,15,0,150,open,Senegal,0
"Edoovillage #2482 - Spain, L'Hospitalet de Llobregat: Fundación Social Áurea- Alimentos Solidarios",2023-02-16,Labdoo City Hub Sant Cugat ,10,9,0,1,90,10,open,Spain,0
"Edoovillage #2483 - Turkey, Hatay: IT für Schulen im Erdbebengebiet | AHBAP",2023-02-16,Labdoo Annahmestelle 45478 MH / Rhein-Ruhr (Hub),50,0,50,0,100,1000,completed,Turkey,1
"Edoovillage #2484 - Greece, Athens: Meaalofa Foundation Athens",2023-02-17,Labdoo Annahmestelle 80804 München (Hub) | Labdoo Annahmestelle 80636 München: Meaalofa Foundation,85,0,108,0,100,100,open,Greece,0
"Edoovillage #2485 - Vietnam, Phung Hiep District,: AHAC- Americans Helping Asian Children",2023-02-20,Labdoo Hub California (South),14,0,10,4,71,594,open,Vietnam,0
"Edoovillage #2486 - Sri Lanka, Colombo,  Mattakkoullia: Colombo Happy Cildren Center",2023-02-22,Labdoo Annahmestelle 53173 Bonn: Ulrich Egger (Hub),30,0,26,4,86,296,open,Sri Lanka,0
"Edoovillage #2487 - Germany, Moers: AWO Internationales Zentrum",2023-02-22,Labdoo Annahmestelle 47443 Moers: Interkulturelles Nachbarschaftsnetzwerk 55plus (Hub),5,0,5,0,100,6,completed,Germany,1
"Edoovillage #2488 - Nigeria, Jos South: Back to school Project for internally displaced girls | Pret Consultancy",2023-02-22,Labdoo Annahmestelle 45478 MH / Rhein-Ruhr (Hub),25,0,15,10,60,25,open,Nigeria,0
"Edoovillage #2489 - Bosnia and Herzegovina, Cazin: JU 'Pedagoski zavod Unsko-sanskog kantona' Bihac | Leben und Lernen in Bosnien e.V.",2023-02-22,Labdoo Annahmestelle 45478 MH / Rhein-Ruhr (Hub),14,0,14,0,100,1690,completed,Bosnia and Herzegovina,1
"Edoovillage #2490 - Ghana, Wa: KNOWLEDGE HUB for Kids | THEIA INTERNATIONAL e.V.",2023-02-23,Labdoo Annahmestelle 45478 MH / Rhein-Ruhr (Hub),70,0,0,70,0,150,open,Ghana,0
"Edoovillage #2491 - Colombia, Loma Linda / Santa Sofia: Project Colombia, Amazonas (PIECES)",2023-02-23,Labdoo Hub Zürich (Schweiz),8,0,4,4,50,110,completed,Colombia,1
"Edoovillage #2492 - Switzerland, Berikon: Kreisschule Mutschellen - KSM",2023-02-23,Labdoo Hub Zürich (Schweiz),30,0,0,30,0,0,completed,Switzerland,1
"Edoovillage #2493 - Germany, Moers: Interkulturelles Nachbarschaftsnetzwerk 55plus",2023-02-23,Labdoo Annahmestelle 47443 Moers: Interkulturelles Nachbarschaftsnetzwerk 55plus (Hub),1,0,0,1,0,1,completed,Germany,1
"Edoovillage #2494 - Zambia, Lusaka: Twatasha Primary School Development | UMI Foundation International eV",2023-02-24,Labdoo Annahmestelle 45478 MH / Rhein-Ruhr (Hub),45,0,0,45,0,956,open,Zambia,0
"Edoovillage #2495 - Namibia, Windhoek: Pathway Education Center",2023-02-24,Labdoo Annahmestelle 45478 MH / Rhein-Ruhr (Hub),10,0,10,0,100,20,open,Namibia,0
"Edoovillage #2496 - India, Mumbai: Humane Warriors - M.H English School",2023-03-01,Labdoo Hub Zürich (Schweiz),20,0,0,20,0,266,completed,India,1
"Edoovillage #2497 - India, Kaza, Spiti: Humane Warriors - Government Model Senior Secondary School (GMSS)",2023-03-02,Labdoo Hub Zürich (Schweiz),10,0,0,10,0,84,completed,India,1
"Edoovillage #2498 - Tanzania, Mwanza: SAUT - Engineering and Tourismus",2023-03-03,Labdoo Annahmestelle 97084 Würzburg: Thomas Barcatta - Mwanza e.V.,25,0,26,0,100,100,completed,Tanzania,1
"Edoovillage #2499 - Germany, Kirn: AWO Wohngruppe Kirn",2023-03-03,Labdoo Annahmestelle 45478 MH / Rhein-Ruhr (Hub),3,0,3,0,100,10,completed,Germany,1
"Edoovillage #2500 - Ukraine, Cherson: Hilfe für ukrainische Schulkinder | For doctors in Ukraine",2023-03-04,Labdoo Annahmestelle 45478 MH / Rhein-Ruhr (Hub),27,0,27,0,100,27,completed,Ukraine,1
"Edoovillage #2501 - Nepal, Kathmandu: Access Transit Home Nepal Kathmandu",2023-03-07,Labdoo Annahmestelle 80804 München (Hub),2,0,2,0,100,20,completed,Nepal,1
"Edoovillage #2502 - Bolivia, Santa Cruz de la Sierra: Barrio Juvenil Don Bosco | Weltsichten",2023-03-07,Labdoo Annahmestelle 07338 Kaulsdorf: Axel Brümmer,20,2,2,16,20,60,open,Bolivia,0
"Edoovillage #2503 - Lebanon, Beirut: Oxygen Schule im palästinesischen Flüchtlingslager Shatila | Weltsichten",2023-03-07,Labdoo Annahmestelle 07338 Kaulsdorf: Axel Brümmer,7,0,7,0,100,370,completed,Lebanon,1
"Edoovillage #2504 - Turkey, Kadıköy: School Reconstruction in a “Tent City”",2023-03-08,Labdoo Hub Manresa,15,4,0,11,26,25,open,Turkey,0
"Edoovillage #2505 - Montenegro, Herceg Novi: Childrens home Mladost (Youth)",2023-03-10,Labdoo Hub Zürich (Schweiz),20,0,0,20,0,80,completed,Montenegro,1
"Edoovillage #2506 - Germany, Lüdinghausen: Unterstützung von Flüchtlingen in Lüdinghausen",2023-03-12,Labdoo Annahmestelle 59348 Lüdinghausen: Heiko Günther-Ständker,1,0,1,0,100,0,completed,Germany,1
"Edoovillage #2507 - Namibia, Witvlei: Nossob Combined School school library | Suni eV",2023-03-12,Labdoo Annahmestelle 45478 MH / Rhein-Ruhr (Hub),15,0,7,8,46,850,open,Namibia,0
"Edoovillage #2508 - India, Nawalgarh: Rajesh Jangid tourist Pension",2023-03-12,Labdoo Annahmestelle 45478 MH / Rhein-Ruhr (Hub),10,0,0,10,0,25,open,India,0
"Edoovillage #2510 - Uganda, Butanza: Whakaako Katikamu | Bisonaide",2023-03-13,Labdoo Annahmestelle 45478 MH / Rhein-Ruhr (Hub),18,0,2,16,11,15,open,Uganda,0
"Edoovillage #2511 - Romania, Cihei: Whakaako Chihei | Bisonaide",2023-03-13,Labdoo Annahmestelle 45478 MH / Rhein-Ruhr (Hub),20,0,20,0,100,15,completed,Romania,1
"Edoovillage #2512 - Nepal, Panauti: Rangeen Home Nepal",2023-03-15,Labdoo Annahmestelle 80804 München (Hub),15,0,20,0,100,75,open,Nepal,0
"Edoovillage #2513 - Nigeria, Uboji-Ngwo: Canaan School Uboji | KSHG Münster",2023-03-17,Labdoo Annahmestelle 45478 MH / Rhein-Ruhr (Hub) | Labdoo Annahmestelle 48147 Münster: Benjamin Seebröker,10,0,10,0,100,158,completed,Nigeria,1
"Edoovillage #2514 - Germany, Bad Nauheim: Ukrainehilfe der Stadt Bad Nauheim | DRK Ortsverein",2023-03-17,Labdoo Annahmestelle 45478 MH / Rhein-Ruhr (Hub),32,0,32,0,100,32,completed,Germany,1
"Edoovillage #2509 - Germany, Mülheim an der Ruhr: Digital Diaspora | Afro-Mülheimers eV",2023-03-21,Labdoo Annahmestelle 45478 MH / Rhein-Ruhr (Hub),11,0,11,0,100,10,completed,Germany,1
"Edoovillage #2515 - Uganda, Mbale City: Parental Child Care",2023-03-22,Labdoo Annahmestelle 45478 MH / Rhein-Ruhr (Hub),18,0,9,9,50,48,open,Uganda,0
"Edoovillage #2516 - Nepal, Shreechaur-Okhaldhunga:  SHREE CHAMPA DEVI ENGLISH BOARDING SCHOOL |  Zukunftskinder-Nepal e.V.",2023-03-22,Labdoo Annahmestelle 22999 Hamburg: Winterhude [Hub] | Labdoo Annahmestelle 21035 Hamburg - Neuallermöhe,11,0,8,3,72,165,open,Nepal,0
"Edoovillage #2517 - Ghana, Akim-Takrowase: Takrowase Technical Institute",2023-03-22,Labdoo Annahmestelle 45478 MH / Rhein-Ruhr (Hub),25,0,25,0,100,400,completed,Ghana,1
"Edoovillage #2518 - Algeria, Smara: Escuela de secundària Abda Mohamed",2023-03-23,Labdoo City Hub Sant Cugat ,30,13,0,17,43,750,open,Algeria,0
"Edoovillage #2519 - Algeria, Smara: Centro de juventud del campamento de refugiados de Smara",2023-03-23,Labdoo City Hub Sant Cugat ,30,4,1,25,16,400,open,Algeria,0
"Edoovillage #2520 - Algeria, Smara: Escuela Valencia. Campamento de refugiados de Smara,  Tifariti",2023-03-23,Labdoo City Hub Sant Cugat ,2,0,2,0,100,498,completed,Algeria,1
"Edoovillage #2521 - Algeria, Smara: Escuela Simón Bolívar. Campamentos refugiados Smara",2023-03-23,Labdoo City Hub Sant Cugat ,6,4,1,1,83,456,open,Algeria,0
"Edoovillage #2522 - Cameroon, Figuil: Figuil Government High School | A.A.E.LY.FIG",2023-03-27,Labdoo Annahmestelle 45478 MH / Rhein-Ruhr (Hub) | Labdoo Hub Salzburg,25,0,25,0,100,2000,completed,Cameroon,1
"Edoovillage #2523 - Germany, Alpen: Flüchtlingshilfe Alpen eV",2023-03-30,Labdoo Annahmestelle 47443 Moers: Interkulturelles Nachbarschaftsnetzwerk 55plus (Hub),8,0,8,0,100,25,completed,Germany,1
"Edoovillage #2525 - Congo (Kinshasa), Kikiwit: Lycée Technique Aten",2023-04-03,Labdoo Hub Paris - 18ème arrondissement,50,0,0,50,0,205,open,Congo (Kinshasa),0
"Edoovillage #2526 - Spain, Barcelona: Institut Tecnològic de Barcelona",2023-04-03,Labdoo City Hub Sant Cugat ,2,0,0,2,0,500,open,Spain,0
"Edoovillage #2527 - Tanzania, Arusha: Cultural Tourism Project",2023-04-04,Labdoo Annahmestelle 45478 MH / Rhein-Ruhr (Hub),4,0,1,3,25,200,open,Tanzania,0
"Edoovillage #2528 - Romania, Municipiul Câmpina: Adamant International Centre of Education",2023-04-04,Labdoo Annahmestelle 45478 MH / Rhein-Ruhr (Hub),14,0,14,0,100,60,completed,Romania,1
"Edoovillage #2529 - Congo (Brazzaville), Talangaï: GROUPE SCOLAIRE BILINGUE LE SOMMET | Donaly Malungu",2023-04-08,Labdoo Annahmestelle 45478 MH / Rhein-Ruhr (Hub),30,0,30,0,100,740,open,Congo (Brazzaville),0
"Edoovillage #2530 - Bosnia and Herzegovina, 71000 Sarajevo: Ausstattung einer Grundschule in Sarajevo mit Laptops",2023-04-09,Labdoo Annahmestelle 23611 Bad Schwartau: Bernd Ziemens,25,0,0,25,0,250,open,Bosnia and Herzegovina,0
"Edoovillage #2532 - Kenya, Mombasa: Kenia Strahlende Kinderaugen Kenia Schule und Waisenhaus in Mtwapa/Mombasa",2023-04-11,Labdoo Annahmestelle 80804 München (Hub),11,0,11,0,100,300,completed,Kenya,1
"Edoovillage #2533 - Ukraine, Dnipro: Sammelprojekt Waisenhäuser / різні дитячі будинки | Neuss hilft e.V.",2023-04-12,Labdoo Annahmestelle 45478 MH / Rhein-Ruhr (Hub),246,0,246,0,100,2560,completed,Ukraine,1
"Edoovillage #2534 - Mongolia, Selenge province: Zuunburen Elementary school in Selenge province in Mongolia",2023-04-17,Labdoo Hub Ulaanbaatar,17,0,0,17,0,850,completed,Mongolia,1
"Edoovillage #2535 - Kenya, Lamu:  Desarrollo Infantil - AFRIKABLE",2023-04-18,Labdoo Hub Madrid - Indra,5,1,4,0,100,21,completed,Kenya,1
"Edoovillage #2536 - Senegal, Taïf:  Lycée Serigne | SenGermany eV | Jappoo NRW eV",2023-04-23,Labdoo Annahmestelle 45478 MH / Rhein-Ruhr (Hub),25,0,25,0,100,917,completed,Senegal,1
"Edoovillage #2537 - Uganda, Kampala: Junior Achievement Uganda",2023-04-26,Labdoo Annahmestelle 22999 Hamburg: Winterhude [Hub],30,0,0,30,0,1000,open,Uganda,0
"Edoovillage #2538 - Uganda, Masaka City: St. Andrew’s Vocational Secondary School Kimukunda",2023-04-30,Labdoo Annahmestelle 88353 Kißlegg: APEG Automarkt im Allgäu GmbH,40,1,23,16,60,187,open,Uganda,0
"Edoovillage #2539 - Uganda, Kajjansi - Entebbe: Makarios School | Rhythm of Life",2023-04-30,Labdoo Annahmestelle 45478 MH / Rhein-Ruhr (Hub),32,0,32,0,100,117,completed,Uganda,1
"Edoovillage #2540 - Spain, Madrid: Netwomening. Helping women re-start",2023-04-30,Labdoo Hub Madrid - Indra,20,1,18,1,95,70,open,Spain,0
"Edoovillage #2541 - Burundi, Maramvya: Beracah Holy Temple church | Sozialwerk Tostedt",2023-05-02,Labdoo Annahmestelle 45478 MH / Rhein-Ruhr (Hub),5,0,5,0,100,20,completed,Burundi,1
"Edoovillage #2544 - Uganda, Kasese: Trust Skills Initiative",2023-05-04,Labdoo Annahmestelle 45478 MH / Rhein-Ruhr (Hub),20,0,4,16,20,150,open,Uganda,0
"Edoovillage #2545 - Ghana, Accra: SCEF Street Children Empowerment Foundation",2023-05-04,Labdoo Annahmestelle 45478 MH / Rhein-Ruhr (Hub),25,0,25,0,100,50,completed,Ghana,1
"Edoovillage #2546 - Bolivia, Santa Cruz de la Sierra: Mano Amiga Don Bosco | Weltsichten",2023-05-05,Labdoo Annahmestelle 07338 Kaulsdorf: Axel Brümmer,40,0,10,30,25,40,completed,Bolivia,1
"Edoovillage #2547 - Bolivia, Santa Cruz de la Sierra: FULIEB Rotary Club | Weltsichten",2023-05-05,Labdoo Annahmestelle 07338 Kaulsdorf: Axel Brümmer,30,0,13,17,43,100,completed,Bolivia,1
"Edoovillage #2548 - Tanzania, Mwanza: Igelegele Secondary School - Mwanza",2023-05-08,Labdoo Annahmestelle 97084 Würzburg: Thomas Barcatta - Mwanza e.V.,10,0,10,0,100,1200,completed,Tanzania,1
"Edoovillage #2549 - Tanzania, Mwanza: Mitzkits - Mwanza",2023-05-08,Labdoo Annahmestelle 97084 Würzburg: Thomas Barcatta - Mwanza e.V.,17,0,14,3,82,100,completed,Tanzania,1
"Edoovillage #2550 - Cameroon, Tiko: Dunamis Comprehensive Collage | OPFRAD",2023-05-12,Labdoo Annahmestelle 45478 MH / Rhein-Ruhr (Hub),25,0,25,0,100,1080,completed,Cameroon,1
"Edoovillage #2524 - Nepal, Khoramukh: Community Library Khoramukh",2023-05-15,Labdoo Hub Zürich (Schweiz),10,0,0,10,0,200,completed,Nepal,1
"Edoovillage #2551 - Kenya, Kakamega: RUSH Academy Kenya | Help Alliance",2023-05-16,Labdoo Annahmestelle 45478 MH / Rhein-Ruhr (Hub),40,0,39,1,97,470,open,Kenya,0
"Edoovillage #2552 - Zambia, Ndola: Lumano Secondary & Pimary School, Cooperbelt Zambia",2023-05-17,Labdoo Annahmestelle 53173 Bonn: Ulrich Egger (Hub),30,0,26,4,86,1620,open,Zambia,0
"Edoovillage #2554 - Congo (Kinshasa), Goma : Computer Science Éducation Program",2023-05-21,Labdoo Hub California (North),48,0,0,48,0,2657,open,Congo (Kinshasa),0
"Edoovillage #2555 - Kenya, Nairobi: Soweto Youth Initiative",2023-05-22,Labdoo Hub Sabadell,30,3,7,20,33,500,open,Kenya,0
"Edoovillage #2556 - Uganda, Kampala: Milele Foundation",2023-05-23,Labdoo Annahmestelle 45478 MH / Rhein-Ruhr (Hub),16,0,15,1,93,20,open,Uganda,0
"Edoovillage #2557 - Uganda, Kampala: Tavia School Uganda",2023-05-23,Labdoo Hub Zürich (Schweiz),20,0,0,20,0,50,open,Uganda,0
"Edoovillage #2543 - Pakistan, Faisalabad: AlBarkat Grammar Girls Higher Secondary School",2023-05-29,Labdoo Annahmestelle 45478 MH / Rhein-Ruhr (Hub) | Labdoo Annahmestelle 90402 Nürnberg (Hub),36,0,9,27,25,310,open,Pakistan,0
"Edoovillage #2558 - Tanzania, Arusha: TWENDE NA STEM | CHANGE FOR FUTURE",2023-05-29,Labdoo Annahmestelle 45478 MH / Rhein-Ruhr (Hub),15,0,8,7,53,10,open,Tanzania,0
"Edoovillage #2559 - Afghanistan, Kabul: Polikliniken in Dogh Abad und Deh Sabz | Afghanische Kinderhilfe Deutschland eV | Weltsichten",2023-06-02,Labdoo Annahmestelle 07338 Kaulsdorf: Axel Brümmer,33,0,22,11,66,22,open,Afghanistan,0
"Edoovillage #2560 - Ghana, Nkonsia: Nkonsia presby primary A school | Enmark Foundation",2023-06-04,Labdoo Annahmestelle 45478 MH / Rhein-Ruhr (Hub),32,0,4,28,12,350,open,Ghana,0
"Edoovillage #2561 - Gambia, Ghana Town: Kids are the world, Gambia",2023-06-05,Labdoo Hub Zürich (Schweiz),20,0,0,20,0,97,completed,Gambia,1
"Edoovillage #2562 - Spain, Gironella: IES Pere Fontdevila",2023-06-06,Labdoo Hub Manresa,5,0,1,4,20,12,open,Spain,0
"Edoovillage #2563 - Ghana, Anloga District: Bambiland Montessori school | The Rising Lions eV",2023-06-09,Labdoo Annahmestelle 45478 MH / Rhein-Ruhr (Hub),20,0,20,0,100,140,open,Ghana,0
"Edoovillage #2564 - Tanzania, Matema: Sigrid Secondary School",2023-06-10,Labdoo Annahmestelle 45478 MH / Rhein-Ruhr (Hub),24,0,24,0,100,350,completed,Tanzania,1
"Edoovillage #2565 - Congo (Kinshasa), Kikwit: Institut Kilokoko",2023-06-10,Labdoo Annahmestelle 45478 MH / Rhein-Ruhr (Hub),25,0,0,25,0,450,open,Congo (Kinshasa),0
"Edoovillage #2566 - Ghana, Datano: Community school project",2023-06-10,Labdoo Annahmestelle 45478 MH / Rhein-Ruhr (Hub),25,0,25,0,100,294,completed,Ghana,1
"Edoovillage #2567 - Togo, Agou: LETP–AGOU Lycée d’Enseignement Techniqueet Professionnel d’Agou | ASC Amitie eV",2023-06-10,Labdoo Annahmestelle 45478 MH / Rhein-Ruhr (Hub),30,0,30,0,100,607,completed,Togo,1
"Edoovillage #2568 - Uganda, Forua: Score Beyond Leadership Organisation",2023-06-10,Labdoo Annahmestelle 45478 MH / Rhein-Ruhr (Hub),40,0,3,37,7,1000,open,Uganda,0
"Edoovillage #2569 - Kenya, Nairobi: Millbrook Kyeeko Girls High school",2023-06-11,Labdoo Hub California (South),50,0,9,41,18,42,open,Kenya,0
"Edoovillage #2570 - Haiti, Cap-Haitien: Institut Notre Dame de la Medaille Miracleuse | HHH - Halle.Hilft.Haiti Dental Aid Project eV",2023-06-12,Labdoo Annahmestelle 45478 MH / Rhein-Ruhr (Hub),4,0,4,0,100,3,completed,Haiti,1
"Edoovillage #2571 - India, Anantapur  A.P.  India: Bharat Vidyanikethan",2023-06-13,Labdoo Hub Manresa,40,0,31,9,77,150,open,India,0
"Edoovillage #2572 - Zambia, Ndola: KAMBOWA COMBINED SCHOOL,  Supporting with Laptops",2023-06-14,Labdoo Annahmestelle 53173 Bonn: Ulrich Egger (Hub),30,0,30,0,100,1284,completed,Zambia,1
"Edoovillage #2573 - Senegal, Fimela: Keur Yakaar | SenGermany eV",2023-06-14,Labdoo Annahmestelle 45478 MH / Rhein-Ruhr (Hub),25,0,25,0,100,75,completed,Senegal,1
"Edoovillage #2574 - Kenya, Kakuma: Creative Kakuma – A new way to livelihoods at Refugee camps",2023-06-14,Labdoo Annahmestelle 22999 Hamburg: Winterhude [Hub] | Labdoo Annahmestelle 22397 Hamburg - Lemsahl Mellingstedt,59,0,48,11,81,300,completed,Kenya,1
"Edoovillage #2575 - Cameroon, Batoke: GHS BATOKE | Community at Heart Dortmund (COHEDO) eV",2023-06-14,Labdoo Annahmestelle 45478 MH / Rhein-Ruhr (Hub),45,0,45,0,100,1300,completed,Cameroon,1
"Edoovillage #2576 - Mongolia, Khuld sumu: Khuld elementary school",2023-06-15,Labdoo Hub Ulaanbaatar,19,0,13,6,68,200,open,Mongolia,0
"Edoovillage #2577 - Dominican Republic, Puerto Plata: Stiftung Nitido de amor (Proeducado)",2023-06-15,Labdoo Hub Zürich (Schweiz),19,0,19,0,100,620,completed,Dominican Republic,1
"Edoovillage #2578 - Burundi, Bujumbura: Youth Empowerment through Computer Education (YECE)",2023-06-15,Labdoo Hub Zürich (Schweiz),38,0,37,1,97,1250,completed,Burundi,1
"Edoovillage #2579 - Congo (Kinshasa), Idiofa: Orphélinat Protestant d'Intshuem",2023-06-15,Labdoo Hub Zürich (Schweiz),45,0,26,19,57,360,completed,Congo (Kinshasa),1
"Edoovillage #2580 - Malawi, Rumphi: St. Denis Grundschule und Waisenhaus | sharing-caring eV",2023-06-18,Labdoo Annahmestelle 45478 MH / Rhein-Ruhr (Hub),10,0,9,1,90,4250,open,Malawi,0
"Edoovillage #2581 - Tanzania, Mwanza: Montessori - Secondary School - Computerroom",2023-06-24,Labdoo Annahmestelle 97084 Würzburg: Thomas Barcatta - Mwanza e.V.,20,0,20,0,100,1000,completed,Tanzania,1
"Edoovillage #2582 - Zambia, Lusaka: Kizito Secondary School | Sambia eV",2023-06-26,Labdoo Annahmestelle 97277 Main-Tauber: Sambia e.V. Neubrunn-Böttigheim,10,0,6,4,60,100,open,Zambia,0
"Edoovillage #2583 - Benin, OUDAH: Ècole d’artisanat de Ouéga",2023-06-27,Labdoo Hub Manresa,20,0,0,20,0,0,open,Benin,0
"Edoovillage #2584 - Nigeria, Port-Harcourt: Creative Skills & Hobbies Foundation",2023-06-27,Labdoo Annahmestelle 45478 MH / Rhein-Ruhr (Hub),30,0,1,29,3,1000,open,Nigeria,0
"Edoovillage #2585 - South Africa, Xitlhelani Village: Xitlhelani e-learning centre",2023-07-04,Labdoo Hub Sabadell,20,0,12,8,60,600,open,South Africa,0
"Edoovillage #2586 - Uganda, Jinja: Kidron christian nursery and primary school",2023-07-06,Labdoo Annahmestelle 45478 MH / Rhein-Ruhr (Hub),25,0,16,9,64,185,open,Uganda,0
"Edoovillage #2587 - Ghana, Tamale: The little way Roman Catholic Junior High School",2023-07-06,Labdoo Annahmestelle 45478 MH / Rhein-Ruhr (Hub),10,0,10,0,100,178,completed,Ghana,1
"Edoovillage #2588 - Germany, Idstein: FHI Flüchtlingshilfe Idstein e.V.",2023-07-06,Labdoo Annahmestelle 45478 MH / Rhein-Ruhr (Hub) | Labdoo Annahmestelle 65719 Hofheim am Taunus: Tobias Schmidtke,60,0,60,0,100,60,completed,Germany,1
"Edoovillage #2589 - Ghana, Takoradi: Bishop Essuah Memorial Catholic School | Ghana Union eV",2023-07-06,Labdoo Annahmestelle 45478 MH / Rhein-Ruhr (Hub),30,0,30,0,100,730,completed,Ghana,1
"Edoovillage #2590 - Cameroon, Bamenda: Vocational training institute of Ebenezer",2023-07-07,Labdoo Annahmestelle 45478 MH / Rhein-Ruhr (Hub),24,0,24,0,100,100,completed,Cameroon,1
"Edoovillage #2591 - Senegal, Dakar: Grundschule Point E | SenGermany eV | Jappoo NRW eV",2023-07-09,Labdoo Annahmestelle 45478 MH / Rhein-Ruhr (Hub),25,0,25,0,100,40,completed,Senegal,1
"Edoovillage #2592 - Senegal, Dakar: Ecole élémentaire Cheikh Ahmadou Mbacké Gaindé Fatma | SenGermany eV | Jappoo NRW eV",2023-07-09,Labdoo Annahmestelle 45478 MH / Rhein-Ruhr (Hub),30,0,30,0,100,518,completed,Senegal,1
"Edoovillage #2593 - Tanzania, Karagwe: MUDECO",2023-07-09,Labdoo Annahmestelle 45478 MH / Rhein-Ruhr (Hub),12,0,0,12,0,126,open,Tanzania,0
"Edoovillage #2594 - South Africa, Soshanguve : Reitumetse High School",2023-07-11,Labdoo Annahmestelle 80804 München (Hub),10,0,6,4,60,1120,open,South Africa,0
"Edoovillage #2595 - Tanzania, Mwanza: Urafiki Girls Organisation",2023-07-12,Labdoo Annahmestelle 97084 Würzburg: Thomas Barcatta - Mwanza e.V.,10,0,10,0,100,170,open,Tanzania,0
"Edoovillage #2596 - Ukraine, Lyman: Educational and counseling centers | Department of Education, Youth and Sports of the Lyman City Council of Donetsk Region",2023-07-13,Labdoo Annahmestelle 45478 MH / Rhein-Ruhr (Hub) | Labdoo Annahmestelle 28215 Bremen (Hub),20,0,20,0,100,386,completed,Ukraine,1
"Edoovillage #2597 - Kenya, Kitengela: Stay Alliance Angaza | Stay Stiftung",2023-07-17,Labdoo Annahmestelle 45478 MH / Rhein-Ruhr (Hub),5,0,1,4,20,5,open,Kenya,0
"Edoovillage #2598 - Cameroon, Yaoundé: Trinity Foundation Cameroon",2023-07-24,Labdoo Annahmestelle 45478 MH / Rhein-Ruhr (Hub),34,0,34,0,100,875,completed,Cameroon,1
"Edoovillage #2599 - Sri Lanka, Kamburugamuwa: Sri Lanka – School for Life",2023-07-25,Labdoo Annahmestelle 80804 München (Hub),19,7,14,0,100,100,completed,Sri Lanka,1
"Edoovillage #2600 - Ghana, Greater-Accra: FAITHWAY SCHOOL | Ghana Union eV",2023-07-28,Labdoo Annahmestelle 45478 MH / Rhein-Ruhr (Hub),32,0,32,0,100,425,completed,Ghana,1
"Edoovillage #2601 - Albania, Tirana: IT/Sprachkurse für Kinder/Jugendliche in  in Albanien | 1915 eV",2023-07-28,Labdoo Annahmestelle 45478 MH / Rhein-Ruhr (Hub),20,0,20,0,100,30,completed,Albania,1
"Edoovillage #2603 - Colombia, Bogotá: Asociación Catolica Social Dejando Huella | 1915 eV",2023-08-02,Labdoo Annahmestelle 45478 MH / Rhein-Ruhr (Hub),10,0,10,0,100,30,completed,Colombia,1
"Edoovillage #2604 - Cameroon, Kumba: Humanity First Vocational Training and Youth Empowerment Center HUFAC",2023-08-06,Labdoo Annahmestelle 45478 MH / Rhein-Ruhr (Hub),20,0,20,0,100,375,completed,Cameroon,1
"Edoovillage #2605 - Congo (Kinshasa), Ville de Bandundu: Association des Jeunes Baptistes du Congo AJBCO",2023-08-06,Labdoo Annahmestelle 45478 MH / Rhein-Ruhr (Hub),15,0,15,0,100,75,completed,Congo (Kinshasa),1
"Edoovillage #2606 - Ghana, Obuasi: CHRIST THE KING CATHOLIC SENIOR HIGH SCHOOL CKCSHS | Ghana Union eV",2023-08-06,Labdoo Annahmestelle 45478 MH / Rhein-Ruhr (Hub),30,0,30,0,100,1425,completed,Ghana,1
"Edoovillage #2607 - Uganda, Mpigi: Kusuubira Women Foundation",2023-08-07,Labdoo Annahmestelle 45478 MH / Rhein-Ruhr (Hub),25,0,8,17,32,60,open,Uganda,0
"Edoovillage #2608 - Ukraine, Kiev: Hilfe für ukrainische Schulkinder | For doctors in Ukraine",2023-08-08,Labdoo Annahmestelle 45478 MH / Rhein-Ruhr (Hub),20,0,20,0,100,20,completed,Ukraine,1
"Edoovillage #2553 - Germany, Hamburg: Temporäre Lerngruppe Winterhuder Hafen: A learning group for pupils with specific learning difficulties and severe behavioural problem",2023-08-12,Labdoo Annahmestelle 22999 Hamburg: Winterhude [Hub],6,0,6,0,100,6,completed,Germany,1
"Edoovillage #2609 - Sri Lanka, Kiranthidiya: Schulneugründung – Dorfprojekt Pallegoda",2023-08-13,Labdoo Annahmestelle 22999 Hamburg: Winterhude [Hub],61,0,61,0,100,25,open,Sri Lanka,0
"Edoovillage #2542 - Congo (Kinshasa), Gemena: Institut Papa Dabu",2023-08-15,Labdoo Annahmestelle 45478 MH / Rhein-Ruhr (Hub),30,1,30,0,100,627,completed,Congo (Kinshasa),1
"Edoovillage #2610 - Ghana, Ashaiman,: ICT Class for primary- JHS",2023-08-15,Labdoo Hub California (South),25,0,1,24,4,25,open,Ghana,0
"Edoovillage #2611 - Cameroon, AKWAYA, MANYU DIVISION: GHS AKWAYA",2023-08-15,Labdoo Hub California (South),50,0,2,48,4,100,open,Cameroon,0
"Edoovillage #2612 - Nigeria, Umulolo Okigwe: Swiss International College - Josephinum Institute for Entrepreneurship and Management - Transatlantic Aid Foundation",2023-08-16,Labdoo Hub Zürich (Schweiz),130,0,127,3,97,240,completed,Nigeria,1
"Edoovillage #2613 - Kenya, Rabour: AGBEL SELF HELP GROUP",2023-08-18,Labdoo Annahmestelle 45478 MH / Rhein-Ruhr (Hub),8,0,8,0,100,75,completed,Kenya,1
"Edoovillage #2614 - Dominican Republic, Sabana Grande de Boya: Fundacion Amparo Torres",2023-08-21,Labdoo Hub Zürich (Schweiz),0,0,0,0,0,50,completed,Dominican Republic,1
"Edoovillage #2615 - Dominican Republic, Sabana Grande de Boya: Centro Educativo José de Jesus Ravelo",2023-08-21,Labdoo Hub Zürich (Schweiz),51,0,51,0,100,306,completed,Dominican Republic,1
"Edoovillage #2616 - Cameroon, Bamenda: CEMASUD ICT Skills Promotion Program",2023-08-21,Labdoo Hub Zürich (Schweiz),25,0,0,25,0,50,completed,Cameroon,1
"Edoovillage #2617 - Ukraine, Kharkiv: University of Kharkiv | Ärzte gegen Tierversuche eV",2023-08-24,Labdoo Annahmestelle 45478 MH / Rhein-Ruhr (Hub) | Labdoo Annahmestelle 47443 Moers: Interkulturelles Nachbarschaftsnetzwerk 55plus (Hub),7,0,7,0,100,28,completed,Ukraine,1
"Edoovillage #2618 - Ukraine, Odessa: University of Odessa | Ärzte gegen Tierversuche eV",2023-08-24,Labdoo Annahmestelle 45478 MH / Rhein-Ruhr (Hub),3,0,3,0,100,20,completed,Ukraine,1
"Edoovillage #2619 - Nepal, Koteshwor: Peace for People",2023-08-25,Labdoo Hub Zürich (Schweiz),5,0,0,5,0,300,completed,Nepal,1
"Edoovillage #2620 - Germany, Bottrop: AWO Kindertageseinrichtung Hand-in-Hand | RuhrDAX 2023",2023-09-01,Labdoo Annahmestelle 45478 MH / Rhein-Ruhr (Hub),5,0,5,0,100,25,completed,Germany,1
"Edoovillage #2621 - Germany, Mülheim an der Ruhr: Der Kinderschutzbund Mülheim Ruhr | RuhrDAX 2023",2023-09-01,Labdoo Annahmestelle 45478 MH / Rhein-Ruhr (Hub),17,0,17,0,100,17,completed,Germany,1
"Edoovillage #2622 - Namibia, Windhoek: NISE for hearing Impaired children school",2023-09-01,Labdoo Annahmestelle 45478 MH / Rhein-Ruhr (Hub),27,0,27,0,100,155,completed,Namibia,1
"Edoovillage #2623 - Bosnia and Herzegovina, Sarajevo: Primary school “Osman Nuri Hadzic”",2023-09-02,Labdoo Annahmestelle 45478 MH / Rhein-Ruhr (Hub),20,0,20,0,100,1050,completed,Bosnia and Herzegovina,1
"Edoovillage #2624 - Morocco, Midelt: Le projet du centre vise à aider les jeunes à faciliter leur formation, même s'ils n'ont pas accès à l'internet.",2023-09-03,Labdoo Hub Manresa | Labdoo Hub - Asociación de Amigos del Pueblo Marroquí ITRAN,35,0,23,12,65,40,open,Morocco,0
"Edoovillage #2625 - Germany, Düsseldorf: Mongolische Soyol Schule am Verein | Deutsch-Mongolisches Tor in NRW e.V. | weltsichten",2023-09-04,Labdoo Annahmestelle 07338 Kaulsdorf: Axel Brümmer,20,0,9,11,45,77,open,Germany,0
"Edoovillage #2626 - Spain, Tarragona: Associació Quilómetre Zero",2023-09-05,Hub Universitat Rovira i Virgili (URV) | Punt de recollida Labdoo- URV Solidària (Tarragona),4,2,0,2,50,100,open,Spain,0
"Edoovillage #2627 - Ukraine, Kiev: University of Kiev | Ärzte gegen Tierversuche eV",2023-09-05,Labdoo Annahmestelle 45478 MH / Rhein-Ruhr (Hub) | Labdoo Annahmestelle 47443 Moers: Interkulturelles Nachbarschaftsnetzwerk 55plus (Hub),5,0,5,0,100,20,completed,Ukraine,1
"Edoovillage #2628 - Peru, Lamay: ONG Mirades del Món",2023-09-06,Hub Universitat Rovira i Virgili (URV) | Punt de recollida Labdoo- URV Solidària (Tarragona),5,3,0,2,60,36,open,Peru,0
"Edoovillage #2629 - Guinea, Conakry: Groupe scolaire ELOUK 2 | SenGermany eV | Jappoo NRW eV",2023-09-11,Labdoo Annahmestelle 45478 MH / Rhein-Ruhr (Hub),30,0,30,0,100,625,completed,Guinea,1
"Edoovillage #2630 - Ghana, Accra: Kiwix4schools Project - Open Foundation West Africa (OFWA)",2023-09-12,Labdoo Hub Zürich (Schweiz),5,0,0,5,0,800,completed,Ghana,1
"Edoovillage #2631 - Burundi, Mutanga Nord: CENTRE JOSEPH ENGLING POUR LA PROMOTION DE L'EDUCATION",2023-09-12,Labdoo Annahmestelle 45478 MH / Rhein-Ruhr (Hub),35,0,35,0,100,1250,open,Burundi,0
"Edoovillage #2632 - Lebanon, Deir el Ahmar: Our Lady of the tower school for the maronites sisters of the Holy family | Deutsch-Libanesisches Forum",2023-09-14,Labdoo Annahmestelle 45478 MH / Rhein-Ruhr (Hub),61,0,23,38,37,500,open,Lebanon,0
"Edoovillage #2633 - Germany, Frankfurt am Main: Übergangsheim Rebstock | Arbeiter-Samariter-Bund Landesverband Hessen e.V.",2023-09-19,Labdoo Annahmestelle 45478 MH / Rhein-Ruhr (Hub),20,0,20,0,100,30,completed,Germany,1
"Edoovillage #2634 - Kenya, Mbita: Early Bird Educational Centre",2023-09-21,Labdoo Annahmestelle 45478 MH / Rhein-Ruhr (Hub),4,0,2,2,50,126,open,Kenya,0
"Edoovillage #2635 - Uganda, Kampala: Makerere University |  Universität Siegen",2023-09-25,Labdoo Annahmestelle 45478 MH / Rhein-Ruhr (Hub),3,0,3,0,100,3,completed,Uganda,1
"Edoovillage #2636 - Congo (Kinshasa), Tshikapa: Complexe scolaire Coscom |  Forum Afrika-Solidarität eV",2023-09-28,Labdoo Annahmestelle 45478 MH / Rhein-Ruhr (Hub),30,0,30,0,100,780,completed,Congo (Kinshasa),1
"Edoovillage #2637 - India, Bodhgaya: Electronic devices sharing with kindness and compassion",2023-10-04,Labdoo Annahmestelle 80804 München (Hub),20,0,19,1,95,1950,open,India,0
"Edoovillage #2638 - Uganda, Kasese Municipality: Young Agro-Green Africa Network YAGANET",2023-10-05,Labdoo Annahmestelle 45478 MH / Rhein-Ruhr (Hub),20,1,5,14,30,105,open,Uganda,0
"Edoovillage #2639 - Uganda, Kasese Municipality: Lesaju Family Health Care and Empowerment Foundation",2023-10-05,Labdoo Annahmestelle 45478 MH / Rhein-Ruhr (Hub),25,0,15,10,60,45,open,Uganda,0
"Edoovillage #2641 - Ghana, Koforidua: Nana Kwaku Boateng MA Basic School Laboretory | Ghana Union eV",2023-10-06,Labdoo Annahmestelle 45478 MH / Rhein-Ruhr (Hub),29,0,29,0,100,480,completed,Ghana,1
"Edoovillage #2642 - Spain, Madrid: Colegio La Natividad. Finalidad: Rebajar la brecha digital",2023-10-09,Labdoo Hub Madrid - Indra,55,0,0,55,0,160,open,Spain,0
"Edoovillage #2643 - Kenya, Mombasa: Glee Needy School",2023-10-09,Labdoo Annahmestelle 45478 MH / Rhein-Ruhr (Hub),12,0,5,7,41,350,open,Kenya,0
"Edoovillage #2644 - Spain, Muxika: Euleuk Elkartea",2023-10-09,Labdoo Hub Sabadell,37,0,0,37,0,37,open,Spain,0
"Edoovillage #2645 - Nigeria, Benin City: Ihogbe College ICT LAB",2023-10-10,Labdoo Hub Coto De Caza,50,0,3,47,6,120,open,Nigeria,0
"Edoovillage #2646 - Spain, Barcelona: Centre ajuda i recolzament persones amb pocs recursos",2023-10-12,Labdoo Hub Manresa,2,0,1,1,50,10,open,Spain,0
"Edoovillage #2647 - Nepal, Kathmandu: Ausleihpool für Studierende in Nepal | Freunde Nepals eV",2023-10-17,Labdoo Annahmestelle 80804 München (Hub),2,0,2,0,100,2,open,Nepal,0
"Edoovillage #2648 - Spain, Vilafranca del Penedès: Actua  SCCL   SiS ( servicios de intervención socioeducativa)",2023-10-18,Labdoo Hub Sabadell,24,0,24,0,100,24,open,Spain,0
"Edoovillage #2649 - El Salvador, Ciudad Credisa: Freundeskreis El Salvador",2023-10-19,Labdoo Annahmestelle 80804 München (Hub),12,0,12,0,100,100,open,El Salvador,0
"Edoovillage #2650 - Germany, München: mosaik kindertreff",2023-10-19,Labdoo Annahmestelle 80804 München (Hub),6,0,6,0,100,70,completed,Germany,1
"Edoovillage #2651 - Spain, barcelona: Suport a refugiats Ukranians a Barcelona",2023-10-20,Labdoo City Hub Sant Cugat ,2,2,0,0,100,2,open,Spain,0
"Edoovillage #2652 - Uganda, Mbale: Kwa Moyo eV",2023-10-20,Labdoo Annahmestelle 45478 MH / Rhein-Ruhr (Hub),5,0,5,0,100,240,open,Uganda,0
"Edoovillage #2653 - Nigeria, Abuja: Glorious Vision TAC International School | Emmanuel Fadipe Foundation",2023-10-22,Labdoo Annahmestelle 45478 MH / Rhein-Ruhr (Hub),25,0,0,25,0,139,completed,Nigeria,1
"Edoovillage #2654 - Kenya, Nairobi: Aswani Project of Hope",2023-10-25,Labdoo Hub California (South),15,0,0,15,0,205,open,Kenya,0
"Edoovillage #2655 - Ghana, Accra: St. Mary's Senior High School | Deutsch-Ghanaischer Entwicklungshilfeverein eV",2023-10-26,Labdoo Annahmestelle 45478 MH / Rhein-Ruhr (Hub) | Labdoo Annahmestelle 22999 Hamburg: Winterhude [Hub],45,0,25,20,55,1669,open,Ghana,0
"Edoovillage #2656 - Nigeria, Owerri: Holy Ghost College",2023-10-28,Labdoo Annahmestelle 45478 MH / Rhein-Ruhr (Hub),0,0,0,0,0,800,completed,Nigeria,1
"Edoovillage #2657 - Cameroon, Bamenda: Xhuma Africa Peace Education Academy",2023-10-28,Labdoo Annahmestelle 45478 MH / Rhein-Ruhr (Hub) | Labdoo Hub Zürich (Schweiz),0,0,6,0,0,50,completed,Cameroon,1
"Edoovillage #2658 - Ghana, Ajumako: Ajumako Methodist Basic School | Ghana Union eV",2023-11-03,Labdoo Annahmestelle 45478 MH / Rhein-Ruhr (Hub),30,0,30,0,100,600,completed,Ghana,1
"Edoovillage #2659 - Ghana, Manso Amenfi: MANSO AMENFI CATHOLIC BASIC SCHOOL | Ghana Union eV",2023-11-03,Labdoo Annahmestelle 45478 MH / Rhein-Ruhr (Hub),30,0,30,0,100,644,completed,Ghana,1
"Edoovillage #2660 - Congo (Kinshasa), Kinshasa: Heures Claires pour les femmes désoeuvrées (HECLA) |  Forum Afrika-Solidarität eV",2023-11-04,Labdoo Annahmestelle 45478 MH / Rhein-Ruhr (Hub),25,0,25,0,100,60,completed,Congo (Kinshasa),1
"Edoovillage #1563 - South Africa, Worcester: YWAM Worcester Skills Centre",2023-11-07,Labdoo Annahmestelle 80804 München (Hub),10,0,15,0,100,20,open,South Africa,0
"Edoovillage #2661 - Cameroon, Melong: Amicale de Solidarité des Anciens du Petit Séminaire Saint Michel de Mélong",2023-11-09,Labdoo Annahmestelle 45478 MH / Rhein-Ruhr (Hub),35,0,35,0,100,665,open,Cameroon,0
"Edoovillage #2662 - Namibia, Kalkfeld: Primary School Garden gUG",2023-11-15,Labdoo Annahmestelle 45478 MH / Rhein-Ruhr (Hub),15,0,15,0,100,80,open,Namibia,0
"Edoovillage #2663 - Spain, Barcelona: CEHDA- Associació per al Desenvolupament Cultural, Ambiental i Humà.",2023-11-16,Labdoo Hub Sabadell,3,0,2,1,66,340,open,Spain,0
"Edoovillage #2664 - Nigeria, OSISIOMA NGWA LGA: Formation House of Maria Missionaries Ad Regnum Dei Sisters | Missionsschwestern von Gottes Ebenbild eV MSDI",2023-11-17,Labdoo Annahmestelle 45478 MH / Rhein-Ruhr (Hub) | Labdoo Annahmestelle 48147 Münster: Benjamin Seebröker,20,0,20,0,100,30,completed,Nigeria,1
"Edoovillage #2665 - Nigeria, INCLA: Institute of Consecrated Life in Africa | Missionsschwestern von Gottes Ebenbild eV MSDI",2023-11-17,Labdoo Annahmestelle 45478 MH / Rhein-Ruhr (Hub) | Labdoo Annahmestelle 48147 Münster: Benjamin Seebröker,15,0,15,0,100,30,completed,Nigeria,1
"Edoovillage #2666 - Nigeria, INCLA: MIGI German school | Missionsschwestern von Gottes Ebenbild eV MSDI",2023-11-18,Labdoo Annahmestelle 45478 MH / Rhein-Ruhr (Hub) | Labdoo Annahmestelle 48147 Münster: Benjamin Seebröker,40,0,40,0,100,50,completed,Nigeria,1
"Edoovillage #2667 - Nigeria, Maryland Nekede: Claretian University of Nigeria | Missionsschwestern von Gottes Ebenbild eV MSDI",2023-11-18,Labdoo Annahmestelle 45478 MH / Rhein-Ruhr (Hub) | Labdoo Annahmestelle 48147 Münster: Benjamin Seebröker,50,2,47,1,98,300,open,Nigeria,0
"Edoovillage #2668 - Germany, Dreieich: We Can - Tagesmütter | Erasmus | Pro Arbeit – Kreis Offenbach | Kommunales Jobcenter",2023-11-19,Labdoo Annahmestelle 45478 MH / Rhein-Ruhr (Hub) | Labdoo Annahmestelle 63110 Rodgau: WISA - Wir sind angekommen e.V.,13,0,13,0,100,13,completed,Germany,1
"Edoovillage #2669 - Germany, Schlüchtern: Sprachbrücke | Malteser Fulda",2023-11-20,Labdoo Annahmestelle 45478 MH / Rhein-Ruhr (Hub),17,0,17,0,100,20,completed,Germany,1
"Edoovillage #2670 - Ukraine, Ivano-Frankivsk: Schulen in Ivano-Frankivsk | Stadt Mülheim Ruhr | Initiative Tschernobyl-Kinder eV",2023-11-21,Labdoo Annahmestelle 45478 MH / Rhein-Ruhr (Hub),26,0,42,0,100,26,completed,Ukraine,1
"Edoovillage #2671 - France, Briançon: Association EKO!",2023-11-26,Labdoo Annahmestelle 80804 München (Hub),25,0,22,3,88,25,open,France,0
"Edoovillage #2672 - Greece, Athens: Better Days, Gekko Educational Centre",2023-11-26,Labdoo Annahmestelle 80804 München (Hub),25,0,0,25,0,30,open,Greece,0
"Edoovillage #2673 - Greece, Athens: Faros",2023-11-26,Labdoo Annahmestelle 80804 München (Hub),20,0,0,20,0,15,open,Greece,0
"Edoovillage #2674 - Greece, Athens: Projekt Odysseas",2023-11-26,Labdoo Annahmestelle 80804 München (Hub),20,0,0,20,0,15,open,Greece,0
"Edoovillage #2675 - Greece, Lesvos Island: Yoga and Sport with Refugees",2023-11-26,Labdoo Annahmestelle 80804 München (Hub),20,0,0,20,0,15,open,Greece,0
"Edoovillage #2676 - Germany, Frankfurt am Main: ASIYAH internationale humanitäre Hilfsorganisation e.V.",2023-11-26,Labdoo Annahmestelle 80804 München (Hub),10,0,10,0,100,20,completed,Germany,1
"Edoovillage #2677 - Italy, Roma: Organisation No Cap",2023-11-26,Labdoo Annahmestelle 80804 München (Hub),20,0,21,0,100,20,open,Italy,0
"Edoovillage #2678 - Ghana, Amanfro: Amanfro Basic School | Ghana Union eV",2023-11-27,Labdoo Annahmestelle 45478 MH / Rhein-Ruhr (Hub),31,0,31,0,100,455,completed,Ghana,1
"Edoovillage #2679 - Ghana, Diabenekrom: Youth Empowering Foundation | Ghana Union eV",2023-11-27,Labdoo Annahmestelle 45478 MH / Rhein-Ruhr (Hub),35,0,35,0,100,200,completed,Ghana,1
"Edoovillage #2680 - Uganda, Nyarusiza: Iturize Primary School | Pacesetter’s Initiative for Africa",2023-11-27,Labdoo Annahmestelle 45478 MH / Rhein-Ruhr (Hub),30,0,30,0,100,100,completed,Uganda,1
"Edoovillage #2681 - Congo (Kinshasa), Kikwit: COLLEGE KATSHIOKO A MUTTI DIOCESE DE KIKWIT",2023-12-05,Labdoo Annahmestelle 45478 MH / Rhein-Ruhr (Hub),25,0,25,0,100,42,completed,Congo (Kinshasa),1
"Edoovillage #2682 - Iran, Roostaye Dak Bahoo: Noor Khoda",2023-12-06,Labdoo Annahmestelle 45478 MH / Rhein-Ruhr (Hub),3,0,3,0,100,20,completed,Iran,1
"Edoovillage #2683 - Sierra Leone, Makeni: Next Chance Vocational Training Institute | BINTUMANI D-SL",2023-12-06,Labdoo Annahmestelle 45478 MH / Rhein-Ruhr (Hub),15,0,14,1,93,30,open,Sierra Leone,0
"Edoovillage #2684 - Germany, Flensburg: Flensburger Bildungsverein",2023-12-06,Labdoo Annahmestelle 45478 MH / Rhein-Ruhr (Hub),15,0,15,0,100,40,completed,Germany,1
"Edoovillage #2685 - Zambia, Kanakantapa: Antioch South Primary School  | UMI Foundation International eV",2023-12-12,Labdoo Annahmestelle 45478 MH / Rhein-Ruhr (Hub),35,0,17,18,48,390,open,Zambia,0
"Edoovillage #2686 - Nigeria, Ondo: Dixtinct Africa | Adequate Nutrition | Nevilbot Educonsult",2023-12-13,Labdoo Annahmestelle 45478 MH / Rhein-Ruhr (Hub),9,0,9,0,100,25,completed,Nigeria,1
"Edoovillage #2687 - Cameroon, Nkongsamba: ISMAN Nkongsamba | Zukunftchancen",2023-12-14,Labdoo Annahmestelle 45478 MH / Rhein-Ruhr (Hub),25,0,25,0,100,50,completed,Cameroon,1
"Edoovillage #2688 - Cameroon, Tiko: Charity for Rural community Development CRUCDE",2023-12-14,Labdoo Annahmestelle 45478 MH / Rhein-Ruhr (Hub),26,0,26,0,100,134,completed,Cameroon,1
"Edoovillage #2689 - Nigeria, Urua Edet, Essien Udim: Notre Dame Girls' Secondary School",2023-12-14,Labdoo Annahmestelle 45478 MH / Rhein-Ruhr (Hub),25,0,25,0,100,249,completed,Nigeria,1
"Edoovillage #2690 - Venezuela, Guanare: Apoyo con laptops para la formación estudio de jóvenes con pocos recursos.",2023-12-16,ALAS DE PAZ,8,0,0,8,0,270,open,Venezuela,0
"Edoovillage #2691 - Nigeria, Obalende: Augment Potentials",2023-12-21,Labdoo Annahmestelle 45478 MH / Rhein-Ruhr (Hub),25,0,8,17,32,50,open,Nigeria,0
"Edoovillage #2692 - Tanzania, Njombe: St. Maria Secondary School | Bildung für das Bistum Njombe eV",2023-12-21,Labdoo Annahmestelle 45478 MH / Rhein-Ruhr (Hub),20,0,20,0,100,100,completed,Tanzania,1
"Edoovillage #2693 - Morocco, Nador: Grundschule Elmouahidine",2023-12-22,Labdoo Annahmestelle 45478 MH / Rhein-Ruhr (Hub),28,0,28,0,100,733,completed,Morocco,1
"Edoovillage #2694 - Uganda, Masaka: St. Jude Bukoto Vocational Secondary School | Ugandakreis Heiligenstadt eV",2023-12-22,Labdoo Annahmestelle 45478 MH / Rhein-Ruhr (Hub),30,0,0,30,0,500,open,Uganda,0
"Edoovillage #2695 - Cameroon, Tiko: Reference Technical and Commercial College REFTECCOL | COREDA",2023-12-28,Labdoo Annahmestelle 45478 MH / Rhein-Ruhr (Hub),24,0,24,0,100,126,completed,Cameroon,1
"Edoovillage #2696 - Cameroon, Tiko: Community Relief Bilingual Nursery and Primary School COREBINAPS | COREDA",2023-12-28,Labdoo Annahmestelle 45478 MH / Rhein-Ruhr (Hub),16,0,16,0,100,251,completed,Cameroon,1
"Edoovillage #2697 - Germany, München: Association 'Z'sam'",2024-01-02,Labdoo Annahmestelle 80804 München (Hub),5,0,4,1,80,20,open,Germany,0
"Edoovillage #2698 - Nepal, Besisahar: Heaven Hill Academy",2024-01-02,Labdoo Annahmestelle 80804 München (Hub),10,1,3,6,40,90,open,Nepal,0
"Edoovillage #2699 - Zambia, Ndola: Northrise Combined School",2024-01-02,Labdoo Annahmestelle 53173 Bonn: Ulrich Egger (Hub),30,0,30,0,100,2582,completed,Zambia,1
"Edoovillage #2700 - Zambia, Ndola: KATONDO COMBINED SCHOOL",2024-01-02,Labdoo Annahmestelle 53173 Bonn: Ulrich Egger (Hub),30,0,30,0,100,2034,completed,Zambia,1
"Edoovillage #2701 - Congo (Kinshasa), Kikoti / Kikwit: Lycée Kikoti / Bidasoa",2024-01-07,Labdoo Annahmestelle 45478 MH / Rhein-Ruhr (Hub),35,0,35,0,100,786,completed,Congo (Kinshasa),1
"Edoovillage #2702 - Angola, Catumbela: COLÈGIO DO I CICLO | Donaly Malungu | Aimons-nous vivants eV",2024-01-10,Labdoo Annahmestelle 45478 MH / Rhein-Ruhr (Hub),53,0,53,0,100,740,completed,Angola,1
"Edoovillage #2703 - Namibia, Windhoek: Hage G.Geingob Secondary School |  Theodor-König-Gesamtschule Duisburg",2024-01-12,Labdoo Annahmestelle 45478 MH / Rhein-Ruhr (Hub),16,0,16,0,100,912,completed,Namibia,1
"Edoovillage #2704 - Mexico, Santiago de Querétaro: enelsemaforoseaprende-1-SantiagodeQuerétaro",2024-01-15,Labdoo Annahmestelle 80804 München (Hub),40,0,3,37,7,40,open,Mexico,0
"Edoovillage #2705 - Mexico, Amealco: enelsemaforoseaprende-2-Amealco",2024-01-15,Labdoo Annahmestelle 80804 München (Hub),30,0,3,27,10,30,open,Mexico,0
"Edoovillage #2706 - Mexico, Ciudad de México: enelsemaforoseaprende-3-CDMX",2024-01-15,Labdoo Annahmestelle 80804 München (Hub),50,0,0,50,0,50,open,Mexico,0
"Edoovillage #2707 - Bosnia and Herzegovina, Gorazde: Grundschule Fahrudin Fahro Bascelija | Zmajevac | HAPPY KIDS",2024-01-15,Labdoo Annahmestelle 45478 MH / Rhein-Ruhr (Hub),30,0,30,0,100,769,completed,Bosnia and Herzegovina,1
"Edoovillage #2708 - Spain, Madrid: Mundo Justo",2024-01-17,Labdoo School Hub Madrid - IES Arquitecto Ventura Rodríguez,10,0,3,7,30,50,open,Spain,0
"Edoovillage #2709 - Uganda, Tororo: LERWA Land and Environmental Rights Watch Africa",2024-01-17,Labdoo Annahmestelle 45478 MH / Rhein-Ruhr (Hub),10,0,10,0,100,60,completed,Uganda,1
"Edoovillage #2710 - Uganda, Kasese: Samaritan Foundation For Community Empowermnet SAFFE",2024-01-17,Labdoo Annahmestelle 45478 MH / Rhein-Ruhr (Hub),6,0,3,3,50,100,open,Uganda,0
"Edoovillage #2640 - Germany, Hamburg: Die Arche Kinderstiftung Christliches Kinder- und Jugendwerk",2024-01-23,Labdoo Annahmestelle 22999 Hamburg: Winterhude [Hub],38,0,37,1,97,33,completed,Germany,1
"Edoovillage #2711 - Morocco, BAIN ATIK: Renaissance Academy",2024-01-24,Labdoo Annahmestelle 45478 MH / Rhein-Ruhr (Hub),20,0,12,8,60,30,open,Morocco,0
"Edoovillage #2712 - Cambodia, Sangkat Chey Chumneas Khan Daun Penh: VT - We provide vocational training to marginalized youth and caretakers, allowing the students to learn in a real work environment.",2024-01-25,Labdoo School Hub Vilafranca - Col·legi Vedruna Sant Elies,5,5,0,0,100,1000,open,Cambodia,0
"Edoovillage #2713 - Germany, Mülheim an der Ruhr: 400 x Digitale Teilhabe für Mülheimer SchülerInnen",2024-01-25,Labdoo Annahmestelle 45478 MH / Rhein-Ruhr (Hub),400,0,321,79,80,400,open,Germany,0
"Edoovillage #2714 - Spain, Barcelona: Barnahus Terrassa",2024-01-25,Labdoo Hub Sabadell,3,0,5,0,100,100,open,Spain,0
"Edoovillage #2715 - South Africa, Pretoria: Tswaing Secondary School",2024-01-28,Labdoo Annahmestelle 80804 München (Hub),10,0,6,4,60,1120,open,South Africa,0
"Edoovillage #2716 - Bosnia and Herzegovina, Sarajevo: Support to elementary school children of returnee families in the entity of Republika Srpska 2024",2024-01-28,Labdoo Annahmestelle 23611 Bad Schwartau: Bernd Ziemens | Labdoo Annahmestelle 22999 Hamburg: Winterhude [Hub],27,0,27,0,100,51,completed,Bosnia and Herzegovina,1
"Edoovillage #2717 - Ghana, Elmina: Aba Ghana Youth | ANAD eV",2024-01-29,Labdoo Annahmestelle 45478 MH / Rhein-Ruhr (Hub),5,0,5,0,100,20,completed,Ghana,1
"Edoovillage #2718 - Philippines, Barangay Aninuan, Puerto Galera: TEACH FOR GOOD MANGYAN",2024-01-30,Labdoo Annahmestelle 45478 MH / Rhein-Ruhr (Hub),20,0,0,20,0,40,open,Philippines,0
"Edoovillage #2719 - Germany, München: Schulprojekt Berufsschule Feldkirchen",2024-01-30,Labdoo Annahmestelle 80804 München (Hub),25,0,38,0,100,30,completed,Germany,1
"Edoovillage #2720 - Congo (Kinshasa), Tshumbe: Secondary and Vocational School Waale Waana",2024-01-31,Labdoo Annahmestelle 22999 Hamburg: Winterhude [Hub],26,0,26,0,100,250,open,Congo (Kinshasa),0
"Edoovillage #2721 - Portugal, Portimao: Crianças digitais",2024-02-06,Labdoo Annahmestelle 80804 München (Hub),30,0,10,20,33,1000,open,Portugal,0
"Edoovillage #2722 - South Africa, Chloorkop: Chloorkop Primary School | ifm Electronic PTY LTD",2024-02-07,Labdoo Annahmestelle 45478 MH / Rhein-Ruhr (Hub),2,0,2,0,100,1661,completed,South Africa,1
"Edoovillage #2723 - Bosnia and Herzegovina, Brekovi: Grundschule Mak Dizdar | HAPPY KIDS",2024-02-07,Labdoo Annahmestelle 45478 MH / Rhein-Ruhr (Hub),10,0,10,0,100,21,completed,Bosnia and Herzegovina,1
"Edoovillage #2725 - Spain, El Varadero-Motril: ASOCIACION CONECTA",2024-02-07,IES Alonso Madrigal,8,0,3,5,37,8,open,Spain,0
"Edoovillage #2724 - United States, Baldwin Park: Care-Mission USA",2024-02-08,Care Mission USA | Labdoo Hub Coto De Caza,50,0,13,37,26,0,open,United States,0
"Edoovillage #2726 - Mexico, La Gloria: Children with Faith Casa Hogar AC",2024-02-08,Labdoo Hub- Kingdom Builders Ministry | Labdoo Hub California (South),7,0,7,0,100,6,open,Mexico,0
"Edoovillage #2727 - Peru, Lircay: Universidad para el Desarrollo Andino",2024-02-10,Labdoo Annahmestelle 48147 Münster: Benjamin Seebröker,60,0,3,57,5,600,open,Peru,0
"Edoovillage #2728 - Cameroon, Mfou: Association Digital for future education DIFEDUC",2024-02-10,Labdoo Annahmestelle 45478 MH / Rhein-Ruhr (Hub),25,0,9,16,36,200,open,Cameroon,0
"Edoovillage #2729 - Zambia, Masaiti: Nkambo Secondary School",2024-02-15,Labdoo Annahmestelle 53173 Bonn: Ulrich Egger (Hub),30,0,30,0,100,855,open,Zambia,0
"Edoovillage #2730 - Zambia, Ndola: Mushili Boarding Secondary School",2024-02-15,Labdoo Annahmestelle 53173 Bonn: Ulrich Egger (Hub),28,0,28,0,100,270,completed,Zambia,1
"Edoovillage #2731 - Zambia, Ndola: Masaiti Primary School",2024-02-15,Labdoo Annahmestelle 53173 Bonn: Ulrich Egger (Hub),30,0,30,0,100,914,open,Zambia,0
"Edoovillage #2732 - Uganda, Karugutu Town Council: The Care Trust",2024-02-15,Labdoo Annahmestelle 45478 MH / Rhein-Ruhr (Hub),14,0,3,11,21,30,open,Uganda,0
"Edoovillage #2733 - Uganda, Bubutu Subcounty, Namisindwa District: Secondary School Nemba | Freundeskreis Christliche Sozialarbeit in Uganda",2024-02-18,Labdoo Annahmestelle 21680 Stade (Hub) | Labdoo Annahmestelle 22999 Hamburg: Winterhude [Hub],20,0,15,5,75,350,open,Uganda,0
"Edoovillage #2734 - Uganda, Kasese Municipal Council: Rwenzori Organic Coffee Farmers Mountain Harvest Cooperative Society (ROCS)",2024-02-19,Labdoo Annahmestelle 45478 MH / Rhein-Ruhr (Hub),5,0,5,0,100,500,completed,Uganda,1
"Edoovillage #2735 - Lebanon, Zahle: Deutsch-Sprachkurse für Kinder/Jugendliche in Libanon | 1915 eV",2024-02-19,Labdoo Annahmestelle 45478 MH / Rhein-Ruhr (Hub),10,0,10,0,100,20,completed,Lebanon,1
"Edoovillage #2736 - Lebanon, Rabweh: Annas Linnas Association | 1915 eV",2024-02-20,Labdoo Annahmestelle 45478 MH / Rhein-Ruhr (Hub),10,0,10,0,100,20,completed,Lebanon,1
"Edoovillage #2737 - Colombia, Repelon:  MAMALINA.",2024-02-22,Labdoo Hub Manresa,5,1,1,3,40,30,open,Colombia,0
"Edoovillage #2738 - Cameroon, Maroua: MUANYANG ASSOCIATION",2024-02-24,Labdoo Annahmestelle 42287 Wuppertal-Barmen (Hub),25,0,25,0,100,134,completed,Cameroon,1
"Edoovillage #2739 - India, Varanasi: Varanasi Ashram School | Asian Bridge India",2024-02-27,Labdoo Annahmestelle 45478 MH / Rhein-Ruhr (Hub),20,0,19,1,95,105,open,India,0
"Edoovillage #2740 - Kenya, Narok: Olchoro Lemayian",2024-03-02,Labdoo City Hub Sant Cugat ,8,1,1,6,25,25,open,Kenya,0
"Edoovillage #2741 - Uganda, Kirembe: Worth A Haven Primary School",2024-03-02,Labdoo Annahmestelle 45478 MH / Rhein-Ruhr (Hub),30,0,0,30,0,400,open,Uganda,0
"Edoovillage #2742 - Uganda, Kigumba - Kiryandongo: Masindiport Parents Nursery and Primary School",2024-03-02,Labdoo Annahmestelle 45478 MH / Rhein-Ruhr (Hub),30,0,29,1,96,712,open,Uganda,0
"Edoovillage #2743 - Ghana, Adukrom- Akuapem: NIFA D-A PRIMARY-KG LABORATORY | Ghana Union eV",2024-03-03,Labdoo Annahmestelle 45478 MH / Rhein-Ruhr (Hub),30,0,30,0,100,414,completed,Ghana,1
"Edoovillage #2744 - Nepal, Khumbupasang Lhamu: Bubsa Basic School",2024-03-12,Labdoo Annahmestelle 72805 Schwäbische Alb (Hub),12,0,4,8,33,120,open,Nepal,0
"Edoovillage #2745 - Nepal, Khumbupasang Lhamu: Naulekh Basic Schoo",2024-03-13,Labdoo Annahmestelle 72805 Schwäbische Alb (Hub),10,0,5,5,50,23,open,Nepal,0
"Edoovillage #2746 - Germany, Seligenstadt: Caritas Verband Offenbach | WISA e.V.",2024-03-13,Labdoo Annahmestelle 63110 Rodgau: WISA - Wir sind angekommen e.V.,48,0,48,0,100,250,completed,Germany,1
"Edoovillage #2747 - Mongolia, Ulaanbaatar : MZH of the Mongolian Youth Association",2024-03-19,Labdoo Annahmestelle 22999 Hamburg: Winterhude [Hub] | Labdoo Annahmestelle 21680 Stade (Hub),14,0,5,9,35,20,open,Mongolia,0
"Edoovillage #2748 - Nigeria, Lagos: Mary O Foundation",2024-03-20,Labdoo Hub Coto De Caza,150,0,3,147,2,100,open,Nigeria,0
"Edoovillage #2749 - Ghana, Accra: Starlight Foundation",2024-03-20,Labdoo Hub Coto De Caza,15,0,2,13,13,15,open,Ghana,0
"Edoovillage #2750 - Tanzania, Arusha: FIRM BEGINNINGS FOUNDATION",2024-03-21,Labdoo Annahmestelle 45478 MH / Rhein-Ruhr (Hub),25,0,5,20,20,100,open,Tanzania,0
"Edoovillage #2751 - Venezuela, Caracas: Engidea  EngiInnova, Programa de Becas para jóvenes en Venezuela",2024-03-25,Labdoo Hub Sabadell,5,4,0,1,80,40,open,Venezuela,0
"Edoovillage #2752 - Kenya, Nairobi: Acakoro Football Academy",2024-03-26,Labdoo Annahmestelle 80804 München (Hub) | Labdoo Hub Salzburg,20,7,0,13,35,62,open,Kenya,0
"Edoovillage #2753 - Kenya, Kiswaro Village: Kiswaro Primary School | HACI Humanitarian Agency For Community Initiatives Kenya",2024-03-26,Labdoo Annahmestelle 45478 MH / Rhein-Ruhr (Hub),26,0,25,1,96,94,completed,Kenya,1
"Edoovillage #2754 - South Africa, Johannesburg: BMW_ZAHubCares_Makersvalley",2024-03-27,Labdoo Annahmestelle 80804 München (Hub),50,0,16,34,32,100,open,South Africa,0
"Edoovillage #2755 - Germany, Gardelegen: Kinderzentrum Hellbergwichtel",2024-04-03,Labdoo Annahmestelle 45478 MH / Rhein-Ruhr (Hub),15,0,15,0,100,69,completed,Germany,1
"Edoovillage #2756 - Ghana, Sekondi-Takoradi: Father Home Care | Ghana Union eV",2024-04-07,Labdoo Annahmestelle 45478 MH / Rhein-Ruhr (Hub),24,0,24,0,100,50,completed,Ghana,1
"Edoovillage #2757 - Ghana, Sekondi-Takoradi: MPINTSIN AME ZION BASIC ITC Lab | Ghana Union eV",2024-04-07,Labdoo Annahmestelle 45478 MH / Rhein-Ruhr (Hub),60,0,34,26,56,855,completed,Ghana,1
"Edoovillage #2758 - Kenya, Siaya: New Covent School and Children Center Siaya | 1to1 Help for kids eV",2024-04-09,Labdoo Annahmestelle 45478 MH / Rhein-Ruhr (Hub),32,0,32,0,100,300,completed,Kenya,1
"Edoovillage #2759 - Burundi, Muramvya: Lycée MURAMVYA",2024-04-14,Labdoo Annahmestelle 45478 MH / Rhein-Ruhr (Hub),35,0,35,0,100,794,completed,Burundi,1
"Edoovillage #2760 - Togo, Sokodé: Ausbildungszentrum Verein Deutsche Freunde",2024-04-14,Labdoo Annahmestelle 45478 MH / Rhein-Ruhr (Hub),16,3,13,0,100,40,completed,Togo,1
"Edoovillage #2761 - Kenya, Kisumu: Sinaga Girls Secondary School",2024-04-15,Labdoo Annahmestelle 45478 MH / Rhein-Ruhr (Hub),29,0,29,0,100,1500,completed,Kenya,1
"Edoovillage #2762 - Uganda, Kihaguzi: St. Jude School in rural Uganda",2024-04-16,Labdoo Annahmestelle 90402 Nürnberg (Hub),30,0,5,25,16,260,open,Uganda,0
"Edoovillage #2763 - Spain, Barcelona: Fundacio Privada Avismon-Catalunya",2024-04-17,Labdoo City Hub Sant Cugat ,2,1,0,1,50,10,open,Spain,0
"Edoovillage #2764 - Gambia, Brufut: ITT Gambia",2024-04-17,Labdoo City Hub Sant Cugat ,3,3,0,0,100,301,open,Gambia,0
"Edoovillage #2765 - Gambia, Faraba Sutu: Escuela Alieu Jawo Memorial Nursey School",2024-04-18,Labdoo City Hub Sant Cugat ,12,17,0,0,100,121,open,Gambia,0
"Edoovillage #2766 - Uganda, Masaka: St. Hellen's School | Awamu – gemeinsam für Uganda",2024-04-18,Labdoo Annahmestelle 88353 Kißlegg: APEG Automarkt im Allgäu GmbH,10,0,13,0,100,60,open,Uganda,0
"Edoovillage #2767 - Bosnia and Herzegovina, Ključ: JU Osnovna skola „Velagici“ | Leben und Lernen in Bosnien e.V.",2024-04-20,Labdoo Annahmestelle 45478 MH / Rhein-Ruhr (Hub),15,0,15,0,100,317,completed,Bosnia and Herzegovina,1
"Edoovillage #2768 - Uganda, Mbarara: Foundation for Youth Empowerment - FOYE",2024-04-22,Labdoo Annahmestelle 45478 MH / Rhein-Ruhr (Hub),16,0,16,0,100,40,completed,Uganda,1
"Edoovillage #2769 - Spain, Vilafranca del Penedès: Actua  SCCL   SiS programa ADA projecte Labora’t",2024-04-24,Labdoo Hub Sabadell,10,0,3,7,30,84,open,Spain,0
"Edoovillage #2770 - Uganda, Kasese: Kasese Platform Advocacy Network KAPLANET",2024-04-25,Labdoo Annahmestelle 45478 MH / Rhein-Ruhr (Hub),6,0,0,6,0,30,completed,Uganda,1
"Edoovillage #2771 - Marshall Islands, Majuro: Majuro Cooperative School",2024-04-26,Labdoo Annahmestelle 45478 MH / Rhein-Ruhr (Hub),30,0,0,30,0,364,open,Marshall Islands,0
"Edoovillage #2772 - Tanzania, Mwanza: Bring Hope For Children Tanzania",2024-04-28,Labdoo Annahmestelle 45478 MH / Rhein-Ruhr (Hub),15,0,6,9,40,85,open,Tanzania,0
"Edoovillage #2773 - Kenya, Thika: munyu Verein Hilfe zur Selbsthilfe",2024-05-03,Labdoo Annahmestelle 80804 München (Hub),3,0,3,0,100,768,completed,Kenya,1
"Edoovillage #2774 - Uganda, Kyanzababira: Community Bridge for Development-Uganda CBD-U | SES",2024-05-08,Labdoo Annahmestelle 45478 MH / Rhein-Ruhr (Hub),3,0,1,2,33,15,open,Uganda,0
"Edoovillage #2775 - Uganda, Kyondo: Governor network of Women for gender equality GOWE | SES",2024-05-08,Labdoo Annahmestelle 45478 MH / Rhein-Ruhr (Hub),2,0,1,1,50,6,open,Uganda,0
"Edoovillage #2776 - Uganda, Kayumba: MAID MAMA INITIATIVE FOR DEVELOPMENT | SES",2024-05-08,Labdoo Annahmestelle 45478 MH / Rhein-Ruhr (Hub),10,0,3,7,30,20,open,Uganda,0
"Edoovillage #2777 - Germany, Schleswig: ZikZak PC-Training",2024-05-10,Labdoo Annahmestelle 22999 Hamburg: Winterhude [Hub],10,0,10,0,100,10,completed,Germany,1
"Edoovillage #2778 - Ghana, Accra: - course for youth and  adults  taking lessons on management and leadership by the Dreamers Network Ghana",2024-05-10,Labdoo Annahmestelle 22999 Hamburg: Winterhude [Hub],20,0,19,1,95,30,open,Ghana,0
"Edoovillage #2779 - Mongolia, Bulgan: Teshig high school in Teshig sumu in Bulgan province.",2024-05-11,Labdoo Hub Ulaanbaatar,19,0,18,1,94,629,completed,Mongolia,1
"Edoovillage #2780 - Cameroon, Bamenda: Pathfinders STEM Hub | Sustainable Actions Afrika",2024-05-11,Labdoo Annahmestelle 45478 MH / Rhein-Ruhr (Hub),30,0,6,24,20,300,open,Cameroon,0
"Edoovillage #2781 - Guinea, Bata: Centro privado católico 'Madre Esperanza' en Bata Guinea Ecuatorial",2024-05-15,Punt de recollida Labdoo- URV Solidària (Tarragona) | Punt de recollida Labdoo- CRAI URV Campus Sescelades (Tarragona),4,0,4,0,100,151,open,Guinea,0
"Edoovillage #2782 - Cameroon, Buea: Baptist High School | COHEDO eV",2024-05-20,Labdoo Annahmestelle 45478 MH / Rhein-Ruhr (Hub),40,0,24,16,60,750,open,Cameroon,0
"Edoovillage #2783 - Uganda, Gulu: AFRO-LAB",2024-05-22,Labdoo Annahmestelle 45478 MH / Rhein-Ruhr (Hub),4,0,2,2,50,4,completed,Uganda,1
"Edoovillage #2784 - Cameroon, Poblado Bakou: Ordenadores para Casa de acogida de Kentaja en Bakou (Camerun)",2024-05-27,Labdoo City Hub Sant Cugat ,3,3,0,0,100,32,open,Cameroon,0
"Edoovillage #2785 - Uganda, Nkokonjeru: Uganda Nkokonjeru St Alphonsus Demonstration School",2024-05-28,Labdoo Annahmestelle 22999 Hamburg: Winterhude [Hub],2,0,0,2,0,656,open,Uganda,0
"Edoovillage #2786 - Uganda, Nkokonjeru: medical school",2024-05-28,Labdoo Annahmestelle 22999 Hamburg: Winterhude [Hub],2,0,0,2,0,10,open,Uganda,0
"Edoovillage #2787 - Uganda, Kyotera: Bigada Catholic Parish (Kyotera District)",2024-05-29,Labdoo Annahmestelle 22999 Hamburg: Winterhude [Hub],11,0,11,0,100,0,completed,Uganda,1
"Edoovillage #2788 - Nigeria, Bomadi:  JAMB EXAMINATION CENTER | Missionsschwestern von Gottes Ebenbild",2024-06-01,Labdoo Annahmestelle 45478 MH / Rhein-Ruhr (Hub),30,0,30,0,100,500,completed,Nigeria,1
"Edoovillage #2789 - Nigeria, Amurie Omanze: St Teresa ́s Catholic Parish school | Missionsschwestern von Gottes Ebenbild",2024-06-01,Labdoo Annahmestelle 45478 MH / Rhein-Ruhr (Hub),25,0,25,0,100,300,completed,Nigeria,1
"Edoovillage #2790 - Cameroon, Douala: ETS PURE NATURE",2024-06-02,Labdoo Annahmestelle 45478 MH / Rhein-Ruhr (Hub),25,0,0,25,0,120,open,Cameroon,0
"Edoovillage #2791 - Brazil, Natal: Centro Educativo Dom Bosco Natal – Brasil",2024-06-05,Labdoo Hub Sabadell,20,0,0,20,0,1100,open,Brazil,0
"Edoovillage #2792 - Congo (Kinshasa), Kashusha: Ecole Primaire Jenga Tumaini | Jeremieprojectcongo",2024-06-07,Labdoo Annahmestelle 45478 MH / Rhein-Ruhr (Hub) | Labdoo Annahmestelle 42287 Wuppertal-Barmen (Hub),30,0,30,0,100,200,completed,Congo (Kinshasa),1
"Edoovillage #2793 - Uganda, Iganga district: Iganga Superior Academy school | Okoa Hero's Child",2024-06-08,Labdoo Annahmestelle 45478 MH / Rhein-Ruhr (Hub),30,0,14,16,46,428,open,Uganda,0
"Edoovillage #2794 - Bosnia and Herzegovina, Lukavac: Public Institution Secondary Economic Chemistry school",2024-06-09,Labdoo Annahmestelle 45478 MH / Rhein-Ruhr (Hub),30,0,30,0,100,267,open,Bosnia and Herzegovina,0
"Edoovillage #2795 - Ghana, Amoafo: Amoafo Junior High School | Amoafo Help Foundation eV",2024-06-09,Labdoo Annahmestelle 45478 MH / Rhein-Ruhr (Hub),27,0,27,0,100,40,completed,Ghana,1
"Edoovillage #2796 - Cameroon, Douala: Groupe Scolaire Bilingue l'Orchidee (GSBO)",2024-06-09,Labdoo Annahmestelle 45478 MH / Rhein-Ruhr (Hub),43,0,43,0,100,649,completed,Cameroon,1
"Edoovillage #2797 - Philippines, Mondragon: Mirador Elementary School Improvement",2024-06-18,Labdoo Annahmestelle 80804 München (Hub),20,0,16,4,80,192,open,Philippines,0
"Edoovillage #2798 - Uganda, Fort Portal, Kabarole: KUKURA Uganda",2024-06-20,Labdoo Hub Sabadell,10,0,7,3,70,192,open,Uganda,0
"Edoovillage #2799 - Uganda, Jinja: NURSE THE CHILDREN UGANDA",2024-06-20,Labdoo Hub Sabadell,10,0,0,10,0,300,open,Uganda,0
"Edoovillage #2800 - Tanzania, Mwanza: Michaeles Teachers Camp, methods training, Celestine Kasisi School Nansio / Ukerewe / Mwanza district",2024-06-21,Labdoo Annahmestelle 22999 Hamburg: Winterhude [Hub],30,0,6,24,20,280,open,Tanzania,0
"Edoovillage #2801 - Angola, EMDE: Complexo Escola Candel (SU) LDA | Donaly Malungu | Aimons-nous vivants eV",2024-06-23,Labdoo Annahmestelle 45478 MH / Rhein-Ruhr (Hub),35,5,15,15,57,540,open,Angola,0
"Edoovillage #2802 - South Africa,  Limpopo, :  Formació digital i millora de les TIC al poblat de Xitlhelani",2024-06-24,Labdoo City Hub Sant Cugat  | Labdoo Hub Sabadell,10,0,5,5,50,600,open,South Africa,0
"Edoovillage #2803 - Tanzania, Arusha: BUILDERS OF FUTURE AFRICA BFA",2024-06-26,Labdoo Annahmestelle 45478 MH / Rhein-Ruhr (Hub),20,0,20,0,100,168,completed,Tanzania,1
"Edoovillage #2804 - Uganda, Kasese Municipality: Kasese Young Single Mothers Association KIYOSIMA",2024-06-26,Labdoo Annahmestelle 45478 MH / Rhein-Ruhr (Hub),16,0,3,13,18,35,open,Uganda,0
"Edoovillage #2805 - Cameroon, Mutengene: Havard Bilingual Comprehensive College",2024-06-29,Labdoo Annahmestelle 45478 MH / Rhein-Ruhr (Hub) | Labdoo Annahmestelle 42287 Wuppertal-Barmen (Hub),35,0,35,0,100,987,open,Cameroon,0
"Edoovillage #2806 - India, Bharog Baneri: Project RISHI (Rural India Social and Health Improvement)",2024-06-29,Labdoo Hub California (South),6,0,0,6,0,177,open,India,0
"Edoovillage #2807 - Germany, Frankfurt Main: International Federation of Refugee Sports IFRS",2024-06-30,Labdoo Annahmestelle 45478 MH / Rhein-Ruhr (Hub),10,0,10,0,100,100,completed,Germany,1
"Edoovillage #2808 - Germany, Darmstadt: Januam gemeinnützige UG / WIR Hessen",2024-07-05,Labdoo Annahmestelle 45478 MH / Rhein-Ruhr (Hub),26,0,18,8,69,52,completed,Germany,1
"Edoovillage #2809 - Tanzania, Arusha: Future of Tanzania by Voice of Calling NPO",2024-07-10,Labdoo Hub Cerritos,10,2,0,8,20,30,open,Tanzania,0
"Edoovillage #2810 - Iraq, Shaqlawa: Schulen in der kurdischen Region",2024-07-11,Labdoo Annahmestelle 45478 MH / Rhein-Ruhr (Hub),12,0,12,0,100,400,completed,Iraq,1
"Edoovillage #2811 - Vietnam, Tien Phuoc: Laptops for teachers in difficulties",2024-07-13,Labdoo Annahmestelle 80804 München (Hub),15,1,13,1,93,10,open,Vietnam,0
"Edoovillage #2812 - Afghanistan, Helmand: Arakozia University",2024-07-13,Labdoo Annahmestelle 45478 MH / Rhein-Ruhr (Hub),20,0,0,20,0,700,open,Afghanistan,0
"Edoovillage #2813 - Tanzania, Mbweni: Juhudi School | Blessmanity Germany eV",2024-07-13,Labdoo Annahmestelle 45478 MH / Rhein-Ruhr (Hub),15,0,10,5,66,100,open,Tanzania,0
"Edoovillage #2814 - Bulgaria, Sofia: Universität für Forstwirtschaft | Ärzte gegen Tierversuche eV",2024-07-19,Labdoo Annahmestelle 45478 MH / Rhein-Ruhr (Hub),14,0,14,0,100,100,completed,Bulgaria,1
"Edoovillage #2815 - Costa Rica,  San Rafael Montes de Oca :  Universidad Paulo Freire",2024-07-20,Labdoo City Hub Sant Cugat  | Labdoo School Hub Llançà - Institut de Llançà,8,0,8,0,100,50,open,Costa Rica,0
"Edoovillage #2816 - Afghanistan, Lashkar Gah: Omari Institute of Health Sciences",2024-07-21,Labdoo Annahmestelle 45478 MH / Rhein-Ruhr (Hub),5,5,1,0,100,600,completed,Afghanistan,1
"Edoovillage #2817 - Kenya, Kakuma: Bidii Yetu Solidarity",2024-07-21,Labdoo Annahmestelle 45478 MH / Rhein-Ruhr (Hub),13,0,13,0,100,18,completed,Kenya,1
"Edoovillage #2818 - Uganda, Nyenga: Kiira Nyenga Innovation Academy",2024-07-28,Labdoo Annahmestelle 45478 MH / Rhein-Ruhr (Hub),17,0,16,1,94,85,open,Uganda,0
"Edoovillage #2819 - Germany, Hamburg: Social Impact Lab, Pastorenstraße 16-18, 20459 Hamburg",2024-07-29,Labdoo Annahmestelle 22999 Hamburg: Winterhude [Hub],14,0,14,0,100,40,completed,Germany,1
"Edoovillage #2820 - Kenya, Nairobi: Nivishe Community based Organization",2024-08-07,Labdoo Annahmestelle 45478 MH / Rhein-Ruhr (Hub),13,0,0,13,0,30,open,Kenya,0
"Edoovillage #2821 - Cameroon, Ngambe: Lycee de Ngambe | INEA eV",2024-08-14,Labdoo Annahmestelle 45478 MH / Rhein-Ruhr (Hub),20,0,0,20,0,230,open,Cameroon,0
"Edoovillage #2822 - Cameroon, Ngambe: Lycee Technique Ngambe | INEA eV",2024-08-14,Labdoo Annahmestelle 45478 MH / Rhein-Ruhr (Hub),20,0,20,0,100,54,completed,Cameroon,1
"Edoovillage #2823 - Serbia, Rahovice: Shkolla Fillore Selami Hallaci",2024-08-15,Labdoo Hub Zürich (Schweiz),64,0,64,0,100,287,completed,Serbia,1
"Edoovillage #2824 - Serbia, Presevo: Schule Presevo Ibrahim Kelmendi",2024-08-15,Labdoo Hub Zürich (Schweiz),44,0,44,0,100,1400,completed,Serbia,1
"Edoovillage #2825 - Switzerland, Hallau: Tandemschule Hallau",2024-08-15,Labdoo Hub Zürich (Schweiz),27,0,27,0,100,36,completed,Switzerland,1
"Edoovillage #2826 - Pakistan, Maira Akku: SAYA SCHOOL MAIRA AKKU | PAKISTAN-Hilfe zur Selbsthilfe eV",2024-08-21,Labdoo.org (Deutschland) | Labdoo Annahmestelle 45478 MH / Rhein-Ruhr (Hub) | Labdoo Annahmestelle 22999 Hamburg: Winterhude [Hub],21,0,21,0,100,940,completed,Pakistan,1
"Edoovillage #2827 - Guatemala, Antigua: Escuela Los Patojos",2024-08-30,Labdoo City Hub Sant Cugat ,11,0,3,8,27,111,open,Guatemala,0
"Edoovillage #2828 - Venezuela, La Granja Naguanagua Edo: Fundacion Bien Crecer",2024-09-02,Labdoo Hub Manresa,10,0,0,10,0,20,open,Venezuela,0
"Edoovillage #2829 - Uganda, Namagoma A village: Namagoma UMEA Primary School",2024-09-06,Labdoo Annahmestelle 45478 MH / Rhein-Ruhr (Hub),12,0,3,9,25,746,open,Uganda,0
"Edoovillage #2830 - Ghana, Abomosu: Abomosu Presby Primary School",2024-09-08,Labdoo Annahmestelle 95448 Bayreuth: [zur Zeit geschlossen],55,0,22,33,40,640,open,Ghana,0
"Edoovillage #2831 - Turkey, Saleh Midyat: Klosterschule St. Jakob | SOS eV",2024-09-08,Labdoo Annahmestelle 45478 MH / Rhein-Ruhr (Hub),10,0,10,0,100,15,completed,Turkey,1
"Edoovillage #2228 - Uganda, Tekwana Village: Shalom Resurrection Life Children's Care Center",2024-09-12,Labdoo Annahmestelle 22999 Hamburg: Winterhude [Hub] | Labdoo Annahmestelle 23611 Bad Schwartau: Bernd Ziemens,6,0,4,2,66,250,completed,Uganda,1
"Edoovillage #2229 - Mongolia, Ulaanbaatar: 10 Handys für das Don-Bosco-Waisenhaus in Ulanbaataar, Mongolei",2024-09-12,Labdoo Annahmestelle 69207 Sandhausen / Rhein-Neckar: Heinrich Wegener (Hub),10,0,0,10,0,35,open,Mongolia,0
"Edoovillage #2203 - Kenya, Muserechi Ward: Kiplombe Community Project | 50 Treasures of Kenya Trust",2024-09-13,Labdoo Annahmestelle 45478 MH / Rhein-Ruhr (Hub) | Labdoo Annahmestelle 40227 Düsseldorf  (Nähe Hauptbahnhof): Dirk Balzer,5,0,0,5,0,20,open,Kenya,0
"Edoovillage #2230 - Kenya, Nairobi: Wajukuu Maker Space Project",2024-09-14,Labdoo Annahmestelle 80804 München (Hub),26,0,26,0,100,26,completed,Kenya,1
"Edoovillage #2231 - Nepal, Mahamanjushree Nagarkot: Asha for Children",2024-09-16,Labdoo Annahmestelle 80804 München (Hub),20,0,0,20,0,110,open,Nepal,0
"Edoovillage #2232 - Indonesia, Gili Air: SDN 1 Gili Indah STEM Project",2024-09-17,Labdoo School Hub Vilafranca - Col·legi Vedruna Sant Elies,3,0,3,0,100,0,completed,Indonesia,1
"Edoovillage #2233 - Colombia, Medellín: Divergente Fundación Medellín",2024-09-19,Labdoo Hub Terrassa - Paisalanes,10,3,0,7,30,100,open,Colombia,0
"Edoovillage #2832 - Uganda, Kakumiro: St. Mary’s Nursery and Primary School - Kyabasaija",2024-09-21,Labdoo Hub Zürich (Schweiz),10,0,10,0,100,303,completed,Uganda,1
"Edoovillage #2833 - Uganda, Bweyale Kiryandongo: Licht für vergessene Kinder",2024-09-21,Labdoo Hub Zürich (Schweiz),30,0,33,0,100,251,completed,Uganda,1
"Edoovillage #2834 - Uganda, Bugangaizi South: Bukuumi Boys Primary School",2024-09-21,Labdoo Hub Zürich (Schweiz),10,0,10,0,100,378,completed,Uganda,1
"Edoovillage #2835 - Uganda, Kakumiro: St. Anthony of Padua Nursery",2024-09-22,Labdoo Hub Zürich (Schweiz),10,0,10,0,100,289,completed,Uganda,1
"Edoovillage #2836 - Morocco, Agdz: Association Esfalen pour l'unité et le développement",2024-09-22,Labdoo Annahmestelle 45478 MH / Rhein-Ruhr (Hub),2,0,2,0,100,150,completed,Morocco,1
"Edoovillage #2837 - Ethiopia, Gidole:  Berhan Learning Center (BLC)",2024-09-22,Labdoo Hub Zürich (Schweiz),10,0,0,10,0,350,completed,Ethiopia,1
"Edoovillage #2838 - Morocco, Ghassate: Lycée collégial sidi ahmed bennaji | RIVE Maroc",2024-09-22,Labdoo Annahmestelle 45478 MH / Rhein-Ruhr (Hub),20,0,12,8,60,408,open,Morocco,0
"Edoovillage #2839 - Uganda, Seeta: Fenna tujjune",2024-09-22,Labdoo Hub Zürich (Schweiz),20,0,20,0,100,63,completed,Uganda,1
"Edoovillage #2840 - Uganda, Jjemba: Kassanda Seed Junior School",2024-09-22,Labdoo Hub Zürich (Schweiz),50,0,0,50,0,250,completed,Uganda,1
"Edoovillage #985 - Gambia, Basse Sant Su, Upper River Region, Country, +220: School Tech",2024-09-24,Labdoo Hub Vilassar de Mar,100,9,49,42,57,457,completed,Gambia,1
"Edoovillage #2841 - Mozambique, Maputo: Pädagogischen Universität in Maputo, organisiert vom Forum zum Austausch zwischen den Kulturen e.V.",2024-09-26,Labdoo Annahmestelle 22999 Hamburg: Winterhude [Hub],50,0,34,16,68,31700,open,Mozambique,0
"Edoovillage #2842 - Namibia, Gochas: Foundawtion Namibia",2024-09-27,Labdoo City Hub Sant Cugat ,1,1,0,0,100,60,open,Namibia,0
"Edoovillage #2843 - Tanzania, Arusha: Keep her in school project - Comfy Care12",2024-09-29,Labdoo Hub Zürich (Schweiz),10,0,4,6,40,20,completed,Tanzania,1
"Edoovillage #2844 - Tanzania, Pangani: Franciscan Girls Secondary School - Synesius",2024-09-29,Labdoo Hub Zürich (Schweiz),8,0,8,0,100,281,completed,Tanzania,1
"Edoovillage #2845 - India, Parganas: Sister Nivedita Educational Hub (SNEH)",2024-09-29,Labdoo Hub Zürich (Schweiz),15,0,15,0,100,85,completed,India,1
"Edoovillage #2846 - India, Panchetgarh: Be and Make - Panchet Vivekananda Yuva Mahamandal (PVYM)",2024-09-29,Labdoo Hub Zürich (Schweiz),5,0,5,0,100,70,completed,India,1
"Edoovillage #2847 - Ecuador, La Rinconada: Cielo Azul",2024-09-29,Labdoo Hub Zürich (Schweiz),16,0,0,16,0,227,completed,Ecuador,1
"Edoovillage #2848 - Congo (Kinshasa), Goma: KING'S INTERNATIONAL SCHOOL",2024-09-30,Labdoo City Hub Sant Cugat ,100,0,0,100,0,300,open,Congo (Kinshasa),0
"Edoovillage #2849 - Germany, Hamburg: Ausbildungsförderung für Migranten",2024-10-06,Labdoo Annahmestelle 22999 Hamburg: Winterhude [Hub],20,0,20,0,100,23,completed,Germany,1
"Edoovillage #2850 - Tanzania, Arusha: IMARIKA",2024-10-09,Labdoo City Hub Sant Cugat  | Labdoo Hub Zürich (Schweiz),6,0,2,4,33,20,completed,Tanzania,1
"Edoovillage #2851 - Indonesia, Sorong City: Ecoducation Atap Langit | IMPCT gGmbH",2024-10-10,Labdoo Annahmestelle 45478 MH / Rhein-Ruhr (Hub),12,0,0,12,0,24,open,Indonesia,0
"Edoovillage #2852 - Bolivia, Cochabamba: Stiftung Emanuel - Kinder mit Zukunft",2024-10-16,Labdoo Annahmestelle 80804 München (Hub),20,0,14,6,70,48,open,Bolivia,0
"Edoovillage #2853 - Kenya, Nairobi: Cresnet Tusome Early Years Hub",2024-10-16,Labdoo Annahmestelle 80804 München (Hub),2,0,2,0,100,100,completed,Kenya,1
"Edoovillage #2854 - Kenya, Nairobi: Diligent steps school",2024-10-16,Labdoo Annahmestelle 80804 München (Hub),1,0,1,0,100,150,completed,Kenya,1
"Edoovillage #2855 - Spain, Montilla: Colegio La Asunción",2024-10-16,Labdoo Hub Sabadell,70,0,59,11,84,240,open,Spain,0
"Edoovillage #2856 - Togo, Adjengré: CPC St Antoine de Padoue | Aktionskreis Fröhliches Kunterbunt eV",2024-10-17,Labdoo Annahmestelle 45478 MH / Rhein-Ruhr (Hub),30,0,30,0,100,252,completed,Togo,1
"Edoovillage #2857 - Tanzania, Arusha: ERIPOTO for girls and women",2024-10-18,Labdoo Annahmestelle 45478 MH / Rhein-Ruhr (Hub),6,0,6,0,100,35,completed,Tanzania,1
"Edoovillage #2858 - Cameroon, Douala-Cameroun:  Bepanda Multifunctional Center",2024-10-18,Labdoo Annahmestelle 22999 Hamburg: Winterhude [Hub],4,0,4,0,100,41,completed,Cameroon,1
"Edoovillage #2860 - Malawi, Lilongwe: Zikomo Foundation",2024-10-24,Labdoo Hub Zürich (Schweiz),20,0,10,10,50,120,open,Malawi,0
"Edoovillage #2861 - South Sudan, Juba: Salaam Bright Academy",2024-10-24,Labdoo Hub Zürich (Schweiz),50,0,50,0,100,400,completed,South Sudan,1
"Edoovillage #2862 - Ghana, Ketan - Sekondi: Youth Foundation Lab    | Ghana Union eV",2024-10-27,Labdoo Annahmestelle 45478 MH / Rhein-Ruhr (Hub),26,0,26,0,100,200,completed,Ghana,1
"Edoovillage #2863 - Tanzania, Ruvu Remit: Computerraum an der Engata Pre- and Primary School in Tansania (NGO MAPED) - Elatia e.V.",2024-10-28,Labdoo Annahmestelle 22999 Hamburg: Winterhude [Hub],30,10,0,20,33,140,open,Tanzania,0
"Edoovillage #2864 - Germany, Mülheim an der Ruhr: Erich Kästner Grundschule",2024-10-30,Labdoo Annahmestelle 45478 MH / Rhein-Ruhr (Hub),4,0,4,0,100,30,completed,Germany,1
"Edoovillage #2865 - Benin, Sedje Denou: CULTURA DIGITAL EN SEDJE-DENOU (BENIN )",2024-10-30,Labdoo City Hub Sant Cugat  | Labdoo School Hub Sant Cugat - Institut FP Sant Cugat,10,6,7,0,100,190,open,Benin,0
"Edoovillage #2866 - Ghana, Suma Ahenkro: Roman Catholic School Suma Ahenkro | Bielefelder Königskinder eV",2024-11-01,Labdoo Annahmestelle 45478 MH / Rhein-Ruhr (Hub),15,10,5,0,100,300,open,Ghana,0
"Edoovillage #2859 - Germany, Gardelegen: Kindertagesstätte Zwergenland",2024-11-11,Labdoo Annahmestelle 45478 MH / Rhein-Ruhr (Hub),8,0,8,0,100,53,completed,Germany,1
"Edoovillage #2867 - Ethiopia, Debre Markos: Hostel for the blind | Verein der Freunde Rotary Osterholz Leuchtfeuer eV",2024-11-17,Labdoo Annahmestelle 45478 MH / Rhein-Ruhr (Hub),5,0,0,5,0,70,open,Ethiopia,0
"Edoovillage #2868 - Kenya, Gazi:  Waisenhaus Swalha |  World of Peace eV",2024-11-17,Labdoo Annahmestelle 45478 MH / Rhein-Ruhr (Hub),15,0,15,0,100,60,completed,Kenya,1
"Edoovillage #2869 - Kenya, Tigoni: Gramabe Academy Primary School",2024-11-19,Labdoo Hub Zürich (Schweiz),3,0,3,0,100,250,completed,Kenya,1
"Edoovillage #2870 - Kenya, Nakuru: Jacaranda Girls Children’s Home",2024-11-19,Labdoo Hub Zürich (Schweiz),3,0,3,0,100,250,completed,Kenya,1
"Edoovillage #2871 - Chad, Bongor: CEDIAM Health Centre",2024-11-19,Labdoo Hub Zürich (Schweiz),3,0,3,0,100,250,completed,Chad,1
"Edoovillage #2872 - Spain, ALGEMESÍ: Col·legi d'Educació Infantil i Primària CARME MIQUEL  -  DANAESP",2024-11-21,Labdoo Hub Sabadell,10,0,10,0,100,150,completed,Spain,1
"Edoovillage #2873 - Uganda, Kasanga: St. Charles vocational secondary school",2024-11-23,Labdoo Annahmestelle 45478 MH / Rhein-Ruhr (Hub),15,0,10,5,66,502,open,Uganda,0
"Edoovillage #2874 - Germany, München: Initiative krebskranke Kinder München e.V.",2024-11-25,Labdoo Annahmestelle 80804 München (Hub),20,0,20,0,100,160,completed,Germany,1
"Edoovillage #2875 - Spain, Algemesí: Biblioteca Publica Municipal de Algemesí - DANA_ESP",2024-11-26,Labdoo Hub Sabadell,1,0,1,0,100,100,completed,Spain,1
"Edoovillage #2876 - Spain, Alfafar: Colegio Vamar afectación por la DANA. DANAESP",2024-12-02,Labdoo City Hub Sant Cugat ,5,0,5,0,100,400,completed,Spain,1
"Edoovillage #2877 - Congo (Kinshasa), Kinshasa:  CFPROM-LAU Centre de Formation professionnelle et d ́apprentissage des Metiers | Donaly Malungu | Aimons-nous vivants eV",2024-12-03,Labdoo Annahmestelle 45478 MH / Rhein-Ruhr (Hub),35,0,26,9,74,860,open,Congo (Kinshasa),0
"Edoovillage #2878 - Ghana, Bonya Koforidua: King of Glory School Lab | Ghana Union eV",2024-12-03,Labdoo Annahmestelle 45478 MH / Rhein-Ruhr (Hub),27,0,27,0,100,450,completed,Ghana,1
"Edoovillage #2879 - Myanmar, Tlangpi: Chinlung City Library and Learning Center",2024-12-05,Labdoo Annahmestelle 45478 MH / Rhein-Ruhr (Hub),30,0,13,17,43,50,open,Myanmar,0
"Edoovillage #2880 - Germany, München: GATE6 Messestadt München",2024-12-11,Labdoo Annahmestelle 80804 München (Hub) | Labdoo Annahmestelle 80939 München: Freimann,10,0,10,0,100,50,completed,Germany,1
"Edoovillage #2881 - Germany, Berlin: AWO Refugium für besonders schutzbedürftige Flüchtlinge Marie-Schlei-Haus",2024-12-11,Labdoo Annahmestelle 45478 MH / Rhein-Ruhr (Hub),25,0,25,0,100,100,completed,Germany,1
"Edoovillage #2882 - Uganda, Kasese: Mihunga community literacy center",2024-12-12,Labdoo Annahmestelle 45478 MH / Rhein-Ruhr (Hub),20,0,3,17,15,400,open,Uganda,0
"Edoovillage #2883 - Ghana, Kukurantumi: My Age My Help International",2024-12-15,Labdoo Annahmestelle 45478 MH / Rhein-Ruhr (Hub),30,0,30,0,100,756,open,Ghana,0
"Edoovillage #2884 - Togo, Atakpamé: Groupe de jeunes nommé EXCELLENCE | Donaly Malungu",2024-12-18,Labdoo Annahmestelle 45478 MH / Rhein-Ruhr (Hub),30,0,27,3,90,560,open,Togo,0
"Edoovillage #2885 - Denmark, Tastrup: Masanga Hospital Rehabilitation Project (Masanga DK)",2024-12-23,Labdoo Hub Sabadell,2,2,0,0,100,6,open,Denmark,0
"Edoovillage #2886 - Tanzania, Mafinga: Lutheran Vocational Training Centre | ENIDASO eV | RoSEC",2024-12-26,Labdoo Annahmestelle 14542 Werder: Jürgen Weinreich,2,2,0,0,100,100,open,Tanzania,0
"Edoovillage #2887 - Tanzania, Handeni: Lunguruni Primary School | ENIDASO eV | RoSEC",2024-12-26,Labdoo Annahmestelle 14542 Werder: Jürgen Weinreich,2,2,0,0,100,100,open,Tanzania,0
"Edoovillage #2888 - Philippines, Parañaque City: ACAP Action for the Care and Development of the Poor in the Philippines",2024-12-28,Labdoo Annahmestelle 45478 MH / Rhein-Ruhr (Hub),2,0,2,0,100,179,open,Philippines,0
"Edoovillage #2889 - Guinea, Télimélé: Berufsschule für Krankenpflegekräften und Hebammen | Misside Guinea e.V.",2024-12-29,Labdoo Annahmestelle 45478 MH / Rhein-Ruhr (Hub),4,0,4,0,100,50,completed,Guinea,1
"Edoovillage #2890 - Kenya, Kilifi: Arloste Ganze Academy",2025-01-02,Labdoo Annahmestelle 45478 MH / Rhein-Ruhr (Hub),10,0,10,0,100,20,completed,Kenya,1
"Edoovillage #2891 - Zambia, Masaitit,  Cooperbelt: KAFULAFUTA BOARDING SECONDARY SCHOOL",2025-01-03,Labdoo Annahmestelle 53173 Bonn: Ulrich Egger (Hub),25,0,25,0,100,400,completed,Zambia,1
"Edoovillage #2892 - Uganda, Bulwadda: Bulwadda Church of Uganda Primary School | SES",2025-01-03,Labdoo Annahmestelle 45478 MH / Rhein-Ruhr (Hub),1,0,1,0,100,300,open,Uganda,0
"Edoovillage #2893 - Uganda, Mpigi: Kasaka Primary School | SES",2025-01-03,Labdoo Annahmestelle 45478 MH / Rhein-Ruhr (Hub),1,0,1,0,100,300,open,Uganda,0
"Edoovillage #2894 - Nigeria, Benin: DOUBLE ENTRY - DO NOT USE: ENIS SCHOLARS ACADEMY",2025-01-05,Labdoo City Hub Sant Cugat  | Labdoo Hub Zürich (Schweiz),0,0,0,0,0,167,open,Nigeria,0
"Edoovillage #2895 - Nigeria,  Benin City Edo State: ENIS SCHOLARS ACADEMY",2025-01-07,Labdoo City Hub Sant Cugat  | Labdoo Hub Zürich (Schweiz),70,0,70,0,100,167,completed,Nigeria,1
"Edoovillage #2896 - Germany, Rosenheim: Schiller-Bildungszentrum e.V.",2025-01-08,Labdoo Annahmestelle 80804 München (Hub),49,0,49,0,100,60,completed,Germany,1
"Edoovillage #2897 - Germany, Frankfurt Main: FeM Mädchen*haus",2025-01-09,Labdoo Annahmestelle 45478 MH / Rhein-Ruhr (Hub) | Labdoo Annahmestelle 65719 Hofheim am Taunus: Tobias Schmidtke,5,0,5,0,100,40,completed,Germany,1
"Edoovillage #2898 - Sierra Leone, Free Town: Favour Childrens Foundation",2025-01-09,Labdoo Annahmestelle 80804 München (Hub),5,2,0,3,40,30,open,Sierra Leone,0
"Edoovillage #2899 - Cambodia, Svay Lor: Rumchek Appendix Andoung Phay Primary School | Köln hilft Kambodscha eV | Kneissl Touristik - Wasser für Kambodscha",2025-01-09,Labdoo Annahmestelle 45478 MH / Rhein-Ruhr (Hub),22,0,20,2,90,90,open,Cambodia,0
"Edoovillage #2900 - Ghana, Lake Bosomtwi: Methodist Primary and Junior High School Lab | Ghana Union eV",2025-01-09,Labdoo Annahmestelle 45478 MH / Rhein-Ruhr (Hub),25,0,25,0,100,243,completed,Ghana,1
"Edoovillage #2901 - Sierra Leone, Makeni City: 10 Billion Strong Sierra Leone Hub",2025-01-12,Labdoo Annahmestelle 45478 MH / Rhein-Ruhr (Hub),30,10,0,20,33,30,open,Sierra Leone,0
"Edoovillage #2902 - Tanzania, Monduli: Moringe Sokoine Secondary School",2025-01-13,Labdoo Annahmestelle 22999 Hamburg: Winterhude [Hub],20,0,20,0,100,0,open,Tanzania,0
"Edoovillage #2903 - Tanzania, Arusha: Drive Change Pre and Primary School | SES",2025-01-19,Labdoo Annahmestelle 45478 MH / Rhein-Ruhr (Hub) | Labdoo Annahmestelle 22999 Hamburg: Winterhude [Hub],4,0,4,0,100,250,completed,Tanzania,1
"Edoovillage #2904 - Cuba, Municipio Colombia: Participación digital | Digitale Teilhabe",2025-01-20,Labdoo Annahmestelle 45478 MH / Rhein-Ruhr (Hub),2,0,2,0,100,2,completed,Cuba,1
"Edoovillage #2905 - Ghana, hohoe: Godenu Escuela de Municipal Assembly",2025-01-21,Labdoo Hub Manresa,25,0,0,25,0,246,open,Ghana,0
"Edoovillage #2906 - Congo (Kinshasa), Ville d'Uvira: Youth Skills Development through Digital Education Programme (YSDDEP)",2025-01-22,Labdoo City Hub Sant Cugat ,35,1,2,32,8,769,open,Congo (Kinshasa),0
"Edoovillage #2907 - Spain, Rivas: RIVAS-SAHEL Aulas 3.0 en campamentos saharauis",2025-01-23,Labdoo Hub Madrid - Indra,90,0,77,13,85,100,open,Spain,0
"Edoovillage #2908 - Nepal, Kathmandu: Kiran Kinderhaus in Nepal eV",2025-01-26,Labdoo Annahmestelle 45478 MH / Rhein-Ruhr (Hub),4,0,4,0,100,45,open,Nepal,0
"Edoovillage #2909 - Tanzania, Mbweni: Moja Foundation | Blessmanity Germany eV",2025-01-26,Labdoo Annahmestelle 45478 MH / Rhein-Ruhr (Hub),4,0,4,0,100,50,completed,Tanzania,1
"Edoovillage #2910 - Congo (Kinshasa), Kinshasa: Universite Technologique Bel Campus | Donaly Malungu",2025-01-26,Labdoo Annahmestelle 45478 MH / Rhein-Ruhr (Hub),32,0,32,0,100,1300,completed,Congo (Kinshasa),1
"Edoovillage #2911 - Namibia, Otjiwarongo: Redemption Kindergarden und Sion Parish Girls Club | LIA Support eV",2025-01-26,Labdoo Annahmestelle 22999 Hamburg: Winterhude [Hub],51,32,11,8,84,200,open,Namibia,0
"Edoovillage #2912 - Kenya, Kabarnet : BAMBA LAB",2025-01-28,Labdoo Annahmestelle 80804 München (Hub),20,0,11,9,55,90,open,Kenya,0
"Edoovillage #2913 - Cameroon,  Bafang: Middle School Saint Paul | AMICALE ASESAMIMEL",2025-02-04,Labdoo Annahmestelle 45478 MH / Rhein-Ruhr (Hub),29,0,29,0,100,1300,completed,Cameroon,1
"Edoovillage #2914 - Senegal, Mbackombel: Ecole privée Laïque de Mbackombel",2025-02-05,Labdoo City Hub Sant Cugat ,25,0,0,25,0,50,open,Senegal,0
"Edoovillage #2915 - Congo (Kinshasa), Kalehe: SOFADE Asbl",2025-02-05,Labdoo City Hub Sant Cugat ,41,0,3,38,7,2500,open,Congo (Kinshasa),0
"Edoovillage #2916 - Cameroon, Friango: Multipurpose Youth Common Initiative Group",2025-02-08,Labdoo Annahmestelle 45478 MH / Rhein-Ruhr (Hub),15,0,10,5,66,246,open,Cameroon,0
"Edoovillage #2917 - Togo, Lomé: Agopode",2025-02-11,Labdoo Annahmestelle 45478 MH / Rhein-Ruhr (Hub),2,0,2,0,100,20,open,Togo,0
"Edoovillage #2918 - Cameroon, Nkongsamba: STEM school for girls/ Summer training",2025-02-11,Labdoo City Hub Sant Cugat ,30,3,0,27,10,100,open,Cameroon,0
"Edoovillage #2919 - Spain, Beniajan: FCTAsoc y PlanJovMur",2025-02-11,Labdoo City Hub Sant Cugat ,20,0,0,20,0,100,open,Spain,0
"Edoovillage #2920 - Ghana, VOLTA REGION: God´s Divine Academy - YAWI Ghana",2025-02-12,Labdoo Annahmestelle 22999 Hamburg: Winterhude [Hub],6,0,6,0,100,400,open,Ghana,0
"Edoovillage #2921 - Bosnia and Herzegovina, Fojnica: Srednja mješovita škola Zijah Dizdarević / Gemischte Mittelschule | Leben und Lernen in Bosnien eV",2025-02-13,Labdoo Annahmestelle 45478 MH / Rhein-Ruhr (Hub),14,0,14,0,100,786,open,Bosnia and Herzegovina,0
"Edoovillage #2922 - Burkina Faso, Ouagadougou: Girls Education at primary school in Ouagadougou | TuaRes Stiftung",2025-02-13,Labdoo Annahmestelle 80804 München (Hub),35,0,0,35,0,35,open,Burkina Faso,0
"Edoovillage #2923 - Uganda, Kamuli Municipality: Kamuli Innovation Hub",2025-02-13,Labdoo Annahmestelle 45478 MH / Rhein-Ruhr (Hub),21,0,16,5,76,70,open,Uganda,0
"Edoovillage #2924 - Cameroon, Ngaoundéré: Grundschule / Waisenhaus Star of Hope | ASEED | Pro Interplast eV",2025-02-13,Labdoo Annahmestelle 45478 MH / Rhein-Ruhr (Hub),5,0,2,3,40,200,open,Cameroon,0
"Edoovillage #2925 - Nigeria, Ibadan: AKHIN Foundation Self-Learning Centre",2025-02-14,Labdoo Annahmestelle 45478 MH / Rhein-Ruhr (Hub),16,0,15,1,93,46,completed,Nigeria,1
"Edoovillage #2926 - South Africa, Johannesburg: Berea-Hillbrow Home of Hope for Girls",2025-02-17,Labdoo Annahmestelle 80804 München (Hub),4,1,7,0,100,80,open,South Africa,0
"Edoovillage #2927 - Nepal, Solududhakaunda Municipality : Shree Garma Secondary School",2025-02-24,Labdoo Annahmestelle 72805 Schwäbische Alb (Hub),20,0,20,0,100,518,completed,Nepal,1
"Edoovillage #2928 - Nepal, Kathmandu: Haus der Hoffnung",2025-02-24,Labdoo Annahmestelle 72805 Schwäbische Alb (Hub),7,0,4,3,57,0,completed,Nepal,1
"Edoovillage #2929 - Nepal, Mahakalung: Khiraule Secondary School",2025-02-24,Labdoo Annahmestelle 72805 Schwäbische Alb (Hub),15,0,15,0,100,0,completed,Nepal,1
"Edoovillage #2931 - Nepal, Merangding: Baleshwar Secondary School Merangding",2025-02-24,Labdoo Annahmestelle 72805 Schwäbische Alb (Hub),20,0,16,4,80,0,open,Nepal,0
"Edoovillage #2531 - Nepal, Serlo Monastery: Serlo Monastery",2025-02-25,Labdoo Annahmestelle 72805 Schwäbische Alb (Hub),10,0,7,3,70,0,open,Nepal,0
"Edoovillage #2930 - Nepal, Taksindu: Takgon Sha-drub Tharling Monastery",2025-02-25,Labdoo Annahmestelle 72805 Schwäbische Alb (Hub),8,0,7,1,87,0,open,Nepal,0
"Edoovillage #2932 - Sierra Leone, Freetown: REAPS Technical Vocational Training Center | Coworkers",2025-02-26,Labdoo Annahmestelle 45478 MH / Rhein-Ruhr (Hub),10,0,10,0,100,80,completed,Sierra Leone,1
"Edoovillage #2933 - Senegal, Ibel: Waxtan digital",2025-02-27,Labdoo City Hub Sant Cugat ,25,3,0,22,12,25,open,Senegal,0
"Edoovillage #2934 - India, Tung: YadavRao Wadekar Primary Ashram School, Tung",2025-02-28,Labdoo City Hub Sant Cugat ,10,0,3,7,30,258,open,India,0
"Edoovillage #2935 - Zimbabwe, Guruve: KIDZ ZONE ECD CENTER",2025-03-03,Labdoo Annahmestelle 45478 MH / Rhein-Ruhr (Hub),2,0,2,0,100,45,completed,Zimbabwe,1
"Edoovillage #2936 - Ukraine, Odessa: Lyceum 23",2025-03-10,Labdoo Annahmestelle 45478 MH / Rhein-Ruhr (Hub),40,0,40,0,100,700,completed,Ukraine,1
"Edoovillage #2937 - Uganda, Magooli: MAGOOLI CHILDREN’S EDUCATION CENTER- NAMAYINGO( UGANDA)",2025-03-12,Labdoo Annahmestelle 22999 Hamburg: Winterhude [Hub],30,6,4,20,33,520,open,Uganda,0
"Edoovillage #2938 - Ghana, Nyame Bekyere: Nyame Bekyere D/A Basic | Ghana Union eV",2025-03-20,Labdoo Annahmestelle 45478 MH / Rhein-Ruhr (Hub),19,0,19,0,100,210,completed,Ghana,1
"Edoovillage #2939 - Ghana, Manso Amenfi: Anwiafutu School Computer Lab  | Ghana Union eV",2025-03-20,Labdoo Annahmestelle 45478 MH / Rhein-Ruhr (Hub),30,0,30,0,100,139,completed,Ghana,1
"Edoovillage #2940 - Kenya, Ukanda: Stipendiaten-Programm Ukunda-Hilfe eV",2025-03-22,Labdoo Annahmestelle 45478 MH / Rhein-Ruhr (Hub),10,0,10,0,100,10,completed,Kenya,1
"Edoovillage #2941 - Tanzania, Ilemela city: Mwanza Youth and Children Network MYCN",2025-03-24,Labdoo Annahmestelle 45478 MH / Rhein-Ruhr (Hub),15,0,0,15,0,40,open,Tanzania,0
"Edoovillage #2942 - Pakistan, ahore, Punjab, Pakistan: Adhoc Pak",2025-03-25,Labdoo Hub AUCOOP UPC | Labdoo Hub Barcelona @I2CAT Campus Nord,10,0,2,8,20,10,open,Pakistan,0
"Edoovillage #2943 - South Africa, Xitlhelani Village: Amandla Computer Solar Lab",2025-03-26,Labdoo Hub Sabadell,17,11,0,6,64,137,open,South Africa,0
"Edoovillage #2944 - Tanzania, Njombe: Ilowola Secondary School | SES",2025-03-28,Labdoo Annahmestelle 45478 MH / Rhein-Ruhr (Hub),4,0,4,0,100,198,completed,Tanzania,1
"Edoovillage #2945 - Uganda, Ntinda Village: Pagolac School | Social Skies eV",2025-03-29,Labdoo Annahmestelle 45478 MH / Rhein-Ruhr (Hub),18,0,6,12,33,104,open,Uganda,0
"Edoovillage #2946 - Paraguay, Dr Moisés Santiago Bertoni 060401: Colegio Municipio de Moises S. Bertoni",2025-03-29,Labdoo Hub Sabadell,12,0,2,10,16,104,open,Paraguay,0
"Edoovillage #2947 - Bosnia and Herzegovina, Živinice: JU GIMNAZIJA ŽIVINICE | Leben und Lernen in Bosnien eV",2025-03-30,Labdoo Annahmestelle 45478 MH / Rhein-Ruhr (Hub),20,0,20,0,100,216,open,Bosnia and Herzegovina,0
"Edoovillage #2948 - Bosnia and Herzegovina, Jajce: JU Osnovna škola Jajce | Leben und Lernen in Bosnien eV",2025-03-30,Labdoo Annahmestelle 45478 MH / Rhein-Ruhr (Hub),20,0,20,0,100,325,open,Bosnia and Herzegovina,0
"Edoovillage #2949 - Bosnia and Herzegovina, Prača: JU Osnovna škola Prača | Leben und Lernen in Bosnien eV",2025-03-30,Labdoo Annahmestelle 45478 MH / Rhein-Ruhr (Hub),20,0,20,0,100,69,open,Bosnia and Herzegovina,0
"Edoovillage #2950 - Namibia, Windhoek: Special Olympics Namibia",2025-03-31,Labdoo Annahmestelle 22999 Hamburg: Winterhude [Hub],20,0,5,15,25,70,open,Namibia,0
"Edoovillage #2951 - Togo, Kara: Bildungshaus Saint Joseph Freinademetz | Aktionskreis Fröhliches Kunterbunt eV",2025-04-02,Labdoo Annahmestelle 45478 MH / Rhein-Ruhr (Hub),20,0,20,0,100,17,completed,Togo,1
"Edoovillage #2952 - Sierra Leone, Masingbi: Rural Initiative for Community Transformation RICT-SL",2025-04-02,Labdoo Annahmestelle 45478 MH / Rhein-Ruhr (Hub),14,14,0,0,100,78,completed,Sierra Leone,1
"Edoovillage #2953 - Germany, Mülheim an der Ruhr: Städt. Realschule an der Mellinghofer Straße",2025-04-03,Labdoo Annahmestelle 45478 MH / Rhein-Ruhr (Hub),2,0,2,0,100,10,completed,Germany,1
"Edoovillage #2954 - Kenya, Kericho: Chepkolon Green Highlands School | La Fondation AFLÉ",2025-04-06,Labdoo Annahmestelle 45478 MH / Rhein-Ruhr (Hub),18,0,18,0,100,50,completed,Kenya,1
"Edoovillage #2955 - Cameroon, Buea: Muanekep Youth training centre",2025-04-06,Labdoo Annahmestelle 45478 MH / Rhein-Ruhr (Hub),28,0,10,18,35,60,completed,Cameroon,1
"Edoovillage #2956 - Argentina, Buenos Aires: Escuela Roque Sáenz Peña",2025-04-10,Labdoo City Hub Sant Cugat ,11,2,0,9,18,9,open,Argentina,0
"Edoovillage #2957 - Germany, Bottrop: Regenbogen Tageseinrichtung für Kinder eV",2025-04-21,Labdoo Annahmestelle 45478 MH / Rhein-Ruhr (Hub),2,0,2,0,100,103,completed,Germany,1
"Edoovillage #2958 - Ghana, Assin Darmang: Assin Darmang SHS School | Ghana Union eV",2025-04-27,Labdoo Annahmestelle 45478 MH / Rhein-Ruhr (Hub),30,0,30,0,100,464,completed,Ghana,1
"Edoovillage #2959 - Ghana, Nkontompo: AME Zion Basic School | Ghana Union eV",2025-04-27,Labdoo Annahmestelle 45478 MH / Rhein-Ruhr (Hub),29,0,29,0,100,620,completed,Ghana,1
"Edoovillage #2960 - Namibia, Windhoek: The Church Alliance for Orphans ( CAFO) – ICT HUB",2025-04-27,Labdoo Annahmestelle 22999 Hamburg: Winterhude [Hub],30,0,10,20,33,140,open,Namibia,0
"Edoovillage #2961 - Italy, Castel del Piano: Linux teaching",2025-05-02,Labdoo Hub Zürich (Schweiz),10,0,10,0,100,10,completed,Italy,1
"Edoovillage #2962 - Ghana, Gbi Godenu: Godenu Basic School | Help Godenu | Royal Order of the Lion",2025-05-05,Labdoo Annahmestelle 45478 MH / Rhein-Ruhr (Hub),25,0,25,0,100,435,completed,Ghana,1
"Edoovillage #2963 - Zambia, Wusakile,Kitwe: Chamboli Secondary school",2025-05-06,Labdoo Annahmestelle 53173 Bonn: Ulrich Egger (Hub),30,0,30,0,100,3138,open,Zambia,0
"Edoovillage #2964 - Zambia, Ndola: KANSENSHI SECONDARY SCHOOL",2025-05-06,Labdoo Annahmestelle 53173 Bonn: Ulrich Egger (Hub),31,0,31,0,100,2221,open,Zambia,0
"Edoovillage #2965 - Uganda, Rhino Camp: Basic ICT Skills Training | Community Creativity for Development (CC4D)",2025-05-06,Labdoo Annahmestelle 45478 MH / Rhein-Ruhr (Hub),20,0,0,20,0,35,open,Uganda,0
"Edoovillage #2966 - Ecuador, Ambato: Hogar Santa Marianita",2025-05-08,Labdoo City Hub Sant Cugat ,4,1,0,3,25,40,open,Ecuador,0
"Edoovillage #2967 - Ghana, Dodowa: Ghanafriends association",2025-05-15,Labdoo Hub Zürich (Schweiz),17,0,17,0,100,17,completed,Ghana,1
"Edoovillage #2968 - Congo (Kinshasa), Kikwit: CENTRE DE FORMATION PROFESSIONNELLE DEMULE",2025-05-17,Labdoo Annahmestelle 45478 MH / Rhein-Ruhr (Hub),10,0,10,0,100,200,open,Congo (Kinshasa),0
"Edoovillage #2969 - Tanzania, Kitopeni: Njota Nyema Primary School Bagamoyo",2025-05-17,Labdoo Annahmestelle 22999 Hamburg: Winterhude [Hub],22,0,22,0,100,125,open,Tanzania,0
"Edoovillage #2970 - Spain, Vic: Proyecto Impulsa",2025-05-19,Labdoo City Hub Sant Cugat ,70,0,30,40,42,340,open,Spain,0
"Edoovillage #2971 - Tanzania, Mwanza: Computerroom Butimba Primary School",2025-05-28,Labdoo Annahmestelle 97084 Würzburg: Thomas Barcatta - Mwanza e.V.,19,0,19,0,100,500,open,Tanzania,0
"Edoovillage #2972 - Germany, Berlin: GVL - gemeinsam Vielfalt leben",2025-05-28,Labdoo Annahmestelle 45478 MH / Rhein-Ruhr (Hub),20,0,19,1,95,69,open,Germany,0
"Edoovillage #2973 - Germany, Hamburg: Socialgym Hamburg e.V.",2025-05-31,Labdoo Annahmestelle 22999 Hamburg: Winterhude [Hub],5,0,3,2,60,10,open,Germany,0
"Edoovillage #2974 - Uganda, Kampala: EBENEZER CHRISTIAN HIGH SCHOOL-BULENGA",2025-06-02,Labdoo Annahmestelle 22999 Hamburg: Winterhude [Hub],100,0,14,86,14,500,open,Uganda,0
"Edoovillage #2975 - Spain, Barcelona: Provivienda. Con las personas , por el derecho a la vivienda",2025-06-03,Labdoo City Hub Sant Cugat ,1,1,0,0,100,60,open,Spain,0
"Edoovillage #2976 - Bolivia, Cochabamba: Unidad Educativa Suecia. Integrar tecnologías digitales en Secundaria",2025-06-04,Labdoo City Hub Sant Cugat ,20,1,0,19,5,20,open,Bolivia,0
"Edoovillage #2977 - Zambia, Lusaka: Natubelenge Children's Library",2025-06-07,Labdoo Annahmestelle 45478 MH / Rhein-Ruhr (Hub),22,0,9,13,40,978,open,Zambia,0
"Edoovillage #2978 - Kenya, Mombasa: Primary School Academy Little Angels Bububu | Verein Little Angel ERMA Hope & Eco eV",2025-06-07,Labdoo Annahmestelle 45478 MH / Rhein-Ruhr (Hub),24,0,24,0,100,170,completed,Kenya,1
"Edoovillage #2979 - Syria, Qamishli: Bildungszentrum Studentenvereinigung Qamishli | SOS eV",2025-06-14,Labdoo Annahmestelle 45478 MH / Rhein-Ruhr (Hub),6,0,0,6,0,15,open,Syria,0
"Edoovillage #2980 - Colombia, Bogota: Asociación Catolica Social Dejando Huella | 1915 eV",2025-06-14,Labdoo Annahmestelle 45478 MH / Rhein-Ruhr (Hub),21,0,21,0,100,30,completed,Colombia,1
"Edoovillage #2981 - Peru, Lima: Deutsch-Sprachkurse für Kinder/Jugendliche | 1915 eV",2025-06-14,Labdoo Annahmestelle 45478 MH / Rhein-Ruhr (Hub),23,0,23,0,100,30,open,Peru,0
"Edoovillage #2982 - Lebanon, Sidon: Bildungszentrum Greek-Catholic Archbishop of Saida | 1915 eV",2025-06-14,Labdoo Annahmestelle 45478 MH / Rhein-Ruhr (Hub),20,20,0,0,100,40,open,Lebanon,0
"Edoovillage #2983 - Germany, Munich: JUNO - eine Stimme für geflüchtete Frauen",2025-06-18,Labdoo Annahmestelle 80796 München: Schwabing-West,31,1,31,0,100,50,completed,Germany,1
"Edoovillage #2984 - Uganda, Bwera: St. Maria Goretti Secondary School",2025-06-19,Labdoo Annahmestelle 45478 MH / Rhein-Ruhr (Hub),25,0,3,22,12,705,open,Uganda,0
"Edoovillage #2985 - Haiti, Cap Haitien : Digitalinklusion für Schüler in Haiti | Development Future Haiti eV",2025-06-19,Labdoo Annahmestelle 45478 MH / Rhein-Ruhr (Hub),48,0,48,0,100,120,completed,Haiti,1
"Edoovillage #2986 - Spain, Hospitalet de Llobregat: Cooperating NGO - Itwena",2025-06-19,Institut Milà i Fontanals d'Igualada,25,16,0,9,64,50,open,Spain,0
"Edoovillage #2987 - Senegal, Ndokh: Aula d'informàtica per a l'escola de Ndokh",2025-06-22,Labdoo City Hub Sant Cugat ,5,0,3,2,60,500,open,Senegal,0
"Edoovillage #2988 - Spain, Girona: Itineraris Formatius Específics a l’Institut Montilivi de Girona",2025-06-27,Labdoo Hub Sabadell,15,0,15,0,100,32,open,Spain,0
"Edoovillage #2989 - Cameroon, Santchou: COLLÈGE MODERNE POLYVALENT LES LAURÈATS | AMICALE ASESAMIMEL",2025-06-27,Labdoo Annahmestelle 45478 MH / Rhein-Ruhr (Hub),23,0,23,0,100,985,completed,Cameroon,1
"Edoovillage #2990 - Germany, Berlin: Projektfabrik gGmbH Kunst OFFEN",2025-07-01,Labdoo Annahmestelle 45478 MH / Rhein-Ruhr (Hub),12,0,12,0,100,12,completed,Germany,1
"Edoovillage #2991 - Uganda, Kalagi: Love Uganda Foundation",2025-07-03,Labdoo Annahmestelle 22999 Hamburg: Winterhude [Hub],15,11,4,0,100,30,open,Uganda,0
"Edoovillage #2992 - Ghana, Daboase: Socfinaf D/A Basic School",2025-07-03,Labdoo Annahmestelle 22999 Hamburg: Winterhude [Hub],10,10,0,0,100,200,open,Ghana,0
"Edoovillage #2993 - Ghana, Jema: Jema Junior High School A&B",2025-07-03,Labdoo Annahmestelle 22999 Hamburg: Winterhude [Hub],20,6,0,14,30,275,open,Ghana,0
"Edoovillage #2994 - Ghana, Accra: Presbyterian SHS-Teshie",2025-07-03,Labdoo Annahmestelle 22999 Hamburg: Winterhude [Hub],40,20,20,0,100,1617,open,Ghana,0
"Edoovillage #2995 - Cameroon, Limbe: Computerkurs | Afrika Kultur und Wohlfahrt e.V",2025-07-06,Labdoo Annahmestelle 45478 MH / Rhein-Ruhr (Hub),10,0,10,0,100,50,open,Cameroon,0
"Edoovillage #2996 - Mozambique, Machavenga: Kingfisher Lake School",2025-07-06,Labdoo Annahmestelle 45478 MH / Rhein-Ruhr (Hub),12,2,6,4,66,17,open,Mozambique,0
"Edoovillage #2997 - Germany, Beilngries: Nachbarschaftshilfe Beilngries",2025-07-06,Labdoo Annahmestelle 92339 Beilngries: Reparatur Initiative Beilngries,20,0,1,19,5,20,open,Germany,0
"Edoovillage #2998 - Kenya, Lamu: Shamba la Shela School – Under Pamoja Initiative",2025-07-07,Labdoo Hub Zürich (Schweiz),20,0,0,20,0,60,open,Kenya,0
"Edoovillage #2999 - Tanzania, Arusha: Winning Spirit Secondary School",2025-07-10,Labdoo Annahmestelle 45478 MH / Rhein-Ruhr (Hub),25,0,1,24,4,700,open,Tanzania,0
"Edoovillage #3000 - Cameroon, Yaounde: Wisdom Garden Nursery and Primary Bilingual School",2025-07-11,Labdoo Annahmestelle 45478 MH / Rhein-Ruhr (Hub),9,0,3,6,33,180,open,Cameroon,0
"Edoovillage #3001 - Uganda, Jinja: Igulu Foundation Uganda",2025-07-15,Labdoo Annahmestelle 81377 München: Hadern,18,5,11,2,88,50,open,Uganda,0
"Edoovillage #3002 - Nigeria, Benin City: Kingstouch Royal Academy",2025-07-16,Labdoo Annahmestelle 45478 MH / Rhein-Ruhr (Hub),30,0,0,30,0,182,open,Nigeria,0
"Edoovillage #3003 - Kenya, Machakos: MANEK Community Development and Empowernment Training Center",2025-07-16,Labdoo Annahmestelle 45478 MH / Rhein-Ruhr (Hub),3,0,3,0,100,12,completed,Kenya,1
"Edoovillage #3004 - Tanzania, Ilemela: SKFI Soma Kwa Furaha Initiative",2025-07-16,Labdoo Annahmestelle 45478 MH / Rhein-Ruhr (Hub),20,0,3,17,15,45,open,Tanzania,0
"Edoovillage #3005 - Namibia, Windhoek: iDream Namibia - CV & Carrer Skills Empowernment Workshop",2025-07-21,Labdoo Annahmestelle 22999 Hamburg: Winterhude [Hub],10,0,4,6,40,300,open,Namibia,0
"Edoovillage #3006 - Spain, Las Palmas de Gran canaria: Enreda Tech",2025-07-24,Labdoo City Hub Sant Cugat ,27,2,4,21,22,25,open,Spain,0
"Edoovillage #3007 - Zambia, Livingstone: Safe House for Girls. Kubuka Más por Ellos",2025-07-25,Labdoo City Hub Sant Cugat ,6,0,6,0,100,15,open,Zambia,0
"Edoovillage #3008 - Germany, Hamburg: Ehil e.V. - GemeinsamDigital / Hamburg – Digitale Bildung für benachteiligte Kinder",2025-07-28,Labdoo Annahmestelle 22999 Hamburg: Winterhude [Hub],40,0,32,8,80,60,open,Germany,0
"Edoovillage #3009 - Cameroon, Souza: Collège Saint Herbert de Souza | AMICALE ASESAMIMEL",2025-07-28,Labdoo Annahmestelle 45478 MH / Rhein-Ruhr (Hub),32,0,23,9,71,1187,open,Cameroon,0
"Edoovillage #3010 - Germany, Münster: Blickwinkel erweitern",2025-07-31,Labdoo Annahmestelle 45478 MH / Rhein-Ruhr (Hub),6,0,6,0,100,25,completed,Germany,1
"Edoovillage #3011 - Germany, Hamburg: Labdoo Hub Hamburg",2025-08-03,Labdoo Annahmestelle 22999 Hamburg: Winterhude [Hub],2,0,2,0,100,0,completed,Germany,1
"Edoovillage #3012 - Mauritania, Atar: Evening School Atar - Mauretania",2025-08-06,Labdoo Annahmestelle 97084 Würzburg: Thomas Barcatta - Mwanza e.V.,15,0,15,0,100,50,open,Mauritania,0
"Edoovillage #3013 - Serbia, Corrotice: Shkolla Fillore 'Dituria' in Corrotice Bezirk Presevo",2025-08-08,Labdoo Hub Zürich (Schweiz),61,0,61,0,100,171,completed,Serbia,1
"Edoovillage #3014 - Switzerland, Oberwil: Baselland International School (Nicosia Schelker AG)",2025-08-08,Labdoo Hub Zürich (Schweiz),5,0,5,0,100,43,completed,Switzerland,1
"Edoovillage #3015 - Sri Lanka, Kekirawa: Good Deeds Day Ceylon",2025-08-08,Labdoo Hub Zürich (Schweiz),20,0,0,20,0,600,completed,Sri Lanka,1
"Edoovillage #3016 - Ghana, Afienya: Enyan Abowinum DA Basic School | Ghana Union eV",2025-08-08,Labdoo Annahmestelle 45478 MH / Rhein-Ruhr (Hub),30,30,0,0,100,300,completed,Ghana,1
"Edoovillage #3017 - Honduras, Santa Bárbara: Educate. Cerrando la brecha digital en las zonas rurales de Honduras.",2025-08-12,Labdoo City Hub Sant Cugat ,25,0,0,25,0,100,open,Honduras,0
"Edoovillage #3018 - Uganda, Kasanga: ST.JOSEPH'S MIXED DAY AND BOARDING TECHNICAL SCHOOL",2025-08-13,Labdoo Annahmestelle 45478 MH / Rhein-Ruhr (Hub),13,0,9,4,69,50,completed,Uganda,1
"Edoovillage #3019 - Gambia, Serrekunda: Child Concern Nursery and Primary School",2025-08-24,Labdoo Annahmestelle 45478 MH / Rhein-Ruhr (Hub),12,12,0,0,100,402,completed,Gambia,1
"Edoovillage #3020 - Sri Lanka, Meegammana: Happy Bambini e.V. - Meegammana",2025-08-24,Labdoo Annahmestelle 22999 Hamburg: Winterhude [Hub],6,0,0,6,0,0,open,Sri Lanka,0
"Edoovillage #3021 - Sierra Leone, Freetown: Word Made Flesh Sierra Leone",2025-08-25,Labdoo Annahmestelle 45478 MH / Rhein-Ruhr (Hub),13,0,2,11,15,15,open,Sierra Leone,0
"Edoovillage #3022 - Kenya, Nyandarua: Gikingi Secondary School | Wahandisi La Femme",2025-08-25,Labdoo Annahmestelle 45478 MH / Rhein-Ruhr (Hub),2,0,2,0,100,170,open,Kenya,0
"Edoovillage #3023 - Uganda, Kasese: RCDNET Charitable Initiatives Uganda",2025-08-27,Labdoo Annahmestelle 45478 MH / Rhein-Ruhr (Hub),9,0,3,6,33,20,open,Uganda,0
"Edoovillage #3024 - Sri Lanka, Meegammana: School Meegammana",2025-08-31,Labdoo Annahmestelle 22999 Hamburg: Winterhude [Hub],15,0,6,9,40,260,open,Sri Lanka,0
"Edoovillage #3025 - Namibia, Grootfontein: Otjiwanda Secondary School",2025-08-31,Labdoo Annahmestelle 22999 Hamburg: Winterhude [Hub],70,0,0,70,0,923,open,Namibia,0
"Edoovillage #3026 - Namibia, Okombahe: Gaob Dr Justus || Garoeb High School",2025-08-31,Labdoo Annahmestelle 22999 Hamburg: Winterhude [Hub],100,0,0,100,0,640,open,Namibia,0
"Edoovillage #984 - Uganda, Kabasanda: UWPE Uganics Women Empowerment Project",2025-09-02,Labdoo Annahmestelle 45478 MH / Rhein-Ruhr (Hub),7,0,3,4,42,48,open,Uganda,0
"Edoovillage #983 - Congo (Kinshasa), Bukavu: Fundi Wa Kesho",2025-09-03,Labdoo Hub Zürich (Schweiz),30,0,30,0,100,18,completed,Congo (Kinshasa),1
"Edoovillage #3027 - Nigeria, BAKO IBADAN: LAURA SHALOM SCHOOLS",2025-09-08,Labdoo Annahmestelle 45478 MH / Rhein-Ruhr (Hub),5,0,0,5,0,42,open,Nigeria,0
"Edoovillage #3028 - Germany, Demmin: Jugendhilfestation Demmin | Verbund für soziale Projekte eV",2025-09-09,Labdoo Annahmestelle 45478 MH / Rhein-Ruhr (Hub) | Labdoo Annahmestelle 18196 Dummerstorf: Repair Café Dummerstorf,7,0,7,0,100,7,completed,Germany,1
"Edoovillage #3029 - Togo, Lomé: Centré SONAGNON d’ASEVEC |  SynTogo eV",2025-09-14,Labdoo Annahmestelle 45478 MH / Rhein-Ruhr (Hub),11,11,0,0,100,11,open,Togo,0
"Edoovillage #3030 - Nepal, Hetauda: Familia de Hetauda. Nepal",2025-09-14,Labdoo City Hub Sant Cugat  | Nurturing Purpose Labdoo Hub,20,2,0,18,10,130,open,Nepal,0
"Edoovillage #3032 - Tanzania, Moshi Town: Delight Niche Boot Camps &amp; Kahe Educational Project",2025-09-15,Labdoo City Hub Sant Cugat  | Nurturing Purpose Labdoo Hub,70,7,0,63,10,100,open,Tanzania,0
"Edoovillage #3031 - Senegal, Kaolak: La Veu Entre Cultures (Reus-Senegal)",2025-09-17,Hub Universitat Rovira i Virgili (URV) | Punt de recollida Labdoo- URV Solidària (Tarragona),5,5,0,0,100,45,open,Senegal,0
"Edoovillage #3033 - Uganda, Kasese: MUWOFA Mughende Women Farmers Association | Marie-Schlei eV",2025-09-17,Labdoo Annahmestelle 45478 MH / Rhein-Ruhr (Hub),12,0,4,8,33,60,open,Uganda,0
"Edoovillage #3034 - Uganda, Nyondo: KIDA Kitabu Integrated Development Association | Marie-Schlei eV",2025-09-17,Labdoo Annahmestelle 45478 MH / Rhein-Ruhr (Hub),2,0,2,0,100,20,completed,Uganda,1
"Edoovillage #3035 - Switzerland, Zurich: Buy Food with Plastic",2025-09-20,Labdoo Hub Zürich (Schweiz),90,0,90,0,100,1000,completed,Switzerland,1
"Edoovillage #3036 - Nigeria, Oreyo, Ikorodu, Lagos State, Nigeria: Bluecedar Foundation For Skills and Youth Empowerment",2025-09-22,Labdoo Hub Sabadell,50,0,0,50,0,120,open,Nigeria,0
"Edoovillage #3037 - Morocco, Settat: Lycée qualifiant errazi",2025-09-27,Labdoo Annahmestelle 45478 MH / Rhein-Ruhr (Hub),30,0,0,30,0,714,open,Morocco,0
"Edoovillage #3038 - India, Pune: Saamarthya Foundation",2025-09-28,Labdoo City Hub Sant Cugat  | Nurturing Purpose Labdoo Hub,10,0,0,10,0,4,open,India,0
"Edoovillage #3039 - Guatemala, Santiago Atitlan: Escuelita Comunitaria David LaMotte",2025-09-30,Labdoo City Hub Sant Cugat  | Nurturing Purpose Labdoo Hub,14,7,0,7,50,140,open,Guatemala,0
"Edoovillage #3040 - Tanzania, Moshi Town: Moshi Street Kids Soccer Academy (MOSKISA)",2025-09-30,Labdoo City Hub Sant Cugat  | Nurturing Purpose Labdoo Hub,100,0,0,100,0,100,open,Tanzania,0
"Edoovillage #3041 - Spain, Barcelona: Fundació Valora.t. PROJECTE VICTÒRIA a CP dones Barcelona",2025-10-02,Labdoo City Hub Sant Cugat  | Labdoo School Hub Institut La Pineda Badalona,12,6,7,0,100,20,open,Spain,0
"Edoovillage #3042 - Kenya, Kakuma: Turkana West, Kakuma Refugee Camp",2025-10-02,Labdoo City Hub Sant Cugat - Ambiteca  | Labdoo Hub Zürich (Schweiz),40,0,0,40,0,210,open,Kenya,0
"Edoovillage #3043 - Tanzania, Moshi Town: Mikono Salama School",2025-10-06,Labdoo City Hub Sant Cugat  | Nurturing Purpose Labdoo Hub,120,0,0,120,0,100,open,Tanzania,0
"Edoovillage #3044 - Guinea-Bissau, Varela: Varela School - Primary and mid school, we want to set up an informatic classroom",2025-10-09,Labdoo Hub Madrid - Indra,20,20,0,0,100,300,open,Guinea-Bissau,0
"Edoovillage #3045 - Morocco, Berkane: Association Allaymoune des échecs Berkane",2025-10-09,Labdoo Annahmestelle 45478 MH / Rhein-Ruhr (Hub),20,0,0,20,0,500,open,Morocco,0
"Edoovillage #3046 - Guatemala,  Santiago Atitlán, Sololá: Escuela Oficial Rural Mixta de Educación Especial. Innova todos",2025-10-09,Labdoo City Hub Sant Cugat  | Nurturing Purpose Labdoo Hub,25,12,0,13,48,53,open,Guatemala,0
"Edoovillage #3047 - Spain, Madrid: ABRE SUS OJOS - Proporcionar atención visual a personas con discapacidad intelectual y en riesgo de exclusión social",2025-10-10,Labdoo Hub Madrid - Indra,12,0,7,5,58,600,open,Spain,0
"Edoovillage #3048 - Germany, Munich: Meaalofa Foundation - Tablets for support medicine students",2025-10-11,Labdoo Annahmestelle 80804 München (Hub),100,0,32,68,32,20,open,Germany,0
"Edoovillage #3049 - Tanzania, Murusagamba: Gracious Secondary School",2025-10-12,Labdoo Annahmestelle 45478 MH / Rhein-Ruhr (Hub),10,0,2,8,20,914,open,Tanzania,0
"Edoovillage #3050 - Bolivia, Santa Cruz de la Sierra: FUNDACION CENTRO DE ESTUDIOS RURALES Y AGRICULTURA INTERNACIONAL (FUNDACION CERAI) | Weltsichten",2025-10-14,Labdoo Annahmestelle 07338 Kaulsdorf: Axel Brümmer,12,0,12,0,100,452,open,Bolivia,0
"Edoovillage #3051 - Uganda, Kasese: IKONGO GENDER AND DEVELOPMENT AGENCY IGEDA",2025-10-15,Labdoo Annahmestelle 45478 MH / Rhein-Ruhr (Hub),2,0,2,0,100,30,completed,Uganda,1
"Edoovillage #3052 - Tanzania, Muzye: Nyumbwe Primary School",2025-10-16,Labdoo Annahmestelle 45478 MH / Rhein-Ruhr (Hub),20,0,0,20,0,739,open,Tanzania,0
"Edoovillage #3053 - Togo, Aimé Kokou Dogo: Togo Förderverein e.V. (Gymnasium Adjengre & Aouda)",2025-10-16,Labdoo Annahmestelle 22999 Hamburg: Winterhude [Hub],10,10,0,0,100,870,open,Togo,0
"Edoovillage #3054 - Congo (Kinshasa), Kinshasa: VIP School | Donaly Malungu | Aimons-nous vivants eV",2025-10-19,Labdoo Annahmestelle 45478 MH / Rhein-Ruhr (Hub),30,0,18,12,60,1050,open,Congo (Kinshasa),0
"Edoovillage #2602 - Kenya, Kitengela,Noonkopir: KINGS AND QUEENS OF REHOBOTH LEARNING CENTRE",2025-10-24,Labdoo Hub California (South),10,0,2,8,20,221,open,Kenya,0
"Edoovillage #3055 - Ghana, Pepease: Roman Catholic Basic & Junior High School | Ghana Union eV | JERL Rochus Foundation e.V.",2025-10-24,Labdoo Annahmestelle 45478 MH / Rhein-Ruhr (Hub),25,25,0,0,100,350,completed,Ghana,1
"Edoovillage #3056 - Ghana, Kwahu Tafo: Senior High School | Ghana Union eV | JERL Rochus Foundation eV",2025-10-24,Labdoo Annahmestelle 45478 MH / Rhein-Ruhr (Hub),30,31,0,0,100,1214,completed,Ghana,1
"Edoovillage #3057 - Tanzania, Mwanza: Sammelprojekt - Schulen in Mwanza (Tansania)",2025-10-24,Labdoo Annahmestelle 97084 Würzburg: Thomas Barcatta - Mwanza e.V.,150,35,0,115,23,10000,open,Tanzania,0
"Edoovillage #3058 - Congo (Kinshasa), Kinshasa: CISM Comité international du Sport Militaire | Donaly Malungu",2025-10-24,Labdoo Annahmestelle 45478 MH / Rhein-Ruhr (Hub),35,0,4,31,11,850,open,Congo (Kinshasa),0
"Edoovillage #3059 - Uganda, MPIGI: Pearl of Africa High School",2025-10-25,Labdoo Annahmestelle 22999 Hamburg: Winterhude [Hub],40,2,0,38,5,266,open,Uganda,0
"Edoovillage #3060 - Mexico, San Luis Potosi: CANICA A.C. Centro de Apoyo a Niños con Cáncer",2025-10-25,Labdoo Annahmestelle 22999 Hamburg: Winterhude [Hub],4,0,4,0,100,100,open,Mexico,0
"Edoovillage #3061 - Greece, Athens: Asociación Española Habibi Center",2025-10-27,Labdoo Hub Vilassar de Mar,10,0,0,10,0,25,open,Greece,0
"Edoovillage #3062 - Malawi, Karonga: Gehörlosenschule",2025-10-28,Labdoo Annahmestelle 45478 MH / Rhein-Ruhr (Hub),4,0,3,1,75,110,open,Malawi,0
"Edoovillage #3063 - Nigeria, Nsukka: Divine Wounds Orphanage Home & School​ | Omelora",2025-10-30,Labdoo Annahmestelle 45478 MH / Rhein-Ruhr (Hub),30,15,0,15,50,192,open,Nigeria,0
"Edoovillage #3064 - Uganda, Masaka: U.V.C.O. Deutschland  e.V",2025-10-31,Labdoo Annahmestelle 80804 München (Hub),6,0,6,0,100,127,open,Uganda,0
"Edoovillage #3065 - Sierra Leone, Makeni: Sam-Mary International Preparatory Academy",2025-11-04,Labdoo Annahmestelle 45478 MH / Rhein-Ruhr (Hub),30,25,0,5,83,331,open,Sierra Leone,0
"Edoovillage #3066 - Cameroon, MUTENGENE-TIKO: SMILE AGAIN CUMMUNITY ASSOCIATION SACOA",2025-11-05,Labdoo Annahmestelle 45478 MH / Rhein-Ruhr (Hub),10,10,0,0,100,1368,open,Cameroon,0
"Edoovillage #3067 - Uganda, Kisoro: CHRISTIAN LIFE PRE AND PRIMARY SCHOOL,",2025-11-05,Labdoo Annahmestelle 45478 MH / Rhein-Ruhr (Hub),10,0,0,10,0,312,open,Uganda,0
"Edoovillage #3068 - South Sudan, Juba: Junub Open Space",2025-11-06,Labdoo Annahmestelle 45478 MH / Rhein-Ruhr (Hub),25,0,0,25,0,200,open,South Sudan,0
"Edoovillage #3069 - Zimbabwe, Ndimakule: St. Christopher Mashake Secondary Schools",2025-11-07,Labdoo Annahmestelle 53173 Bonn: Ulrich Egger (Hub),20,20,0,0,100,384,open,Zimbabwe,0
"Edoovillage #3070 - Zimbabwe, Nyamandlovu: St. James High School, Zimbawe",2025-11-07,Labdoo Annahmestelle 53173 Bonn: Ulrich Egger (Hub),25,25,0,0,100,490,open,Zimbabwe,0
"Edoovillage #3071 - Spain, Sant Andreu, Barcelona: AEiG Flor de Neu",2025-11-09,Labdoo City Hub Sant Cugat ,3,2,1,0,100,82,open,Spain,0
"Edoovillage #3072 - Tanzania, Dar es Salaam: Binti Kinara Centers | Girls First Initiative",2025-11-12,Labdoo Annahmestelle 45478 MH / Rhein-Ruhr (Hub),18,0,3,15,16,100,open,Tanzania,0
"Edoovillage #3073 - Uganda, Kasese: St John’s Evangelist Minor Seminary",2025-11-12,Labdoo Annahmestelle 45478 MH / Rhein-Ruhr (Hub),20,0,0,20,0,277,open,Uganda,0
"Edoovillage #3074 - Uganda, Kabale: JACANA -YOUTH &amp; CHILDREN FOR CHANGE",2025-11-13,Labdoo City Hub Sant Cugat  | Labdoo Hub Zürich (Schweiz),120,0,0,120,0,20,open,Uganda,0
"Edoovillage #3075 - Sierra Leone, Freetown: FSSG Freetown Secondary School For Girls",2025-11-14,Labdoo Annahmestelle 45478 MH / Rhein-Ruhr (Hub),30,15,0,15,50,2000,open,Sierra Leone,0
"Edoovillage #3076 - Ghana, Agona Swedru: Agona Swedru Hope International School",2025-11-18,Labdoo Annahmestelle 45478 MH / Rhein-Ruhr (Hub),3,0,3,0,100,150,open,Ghana,0
"Edoovillage #3077 - Namibia, Aminuis: Aminuis Site Mapping | Suni eV",2025-11-20,Labdoo Annahmestelle 45478 MH / Rhein-Ruhr (Hub),12,11,1,0,100,26,open,Namibia,0
"Edoovillage #3078 - Kenya, Mombasa: Majaoni Gospel Revival Center | CHARITY MAJAONI KENYA",2025-11-20,Labdoo Annahmestelle 45478 MH / Rhein-Ruhr (Hub),4,0,2,2,50,40,open,Kenya,0
"Edoovillage #3079 - Nigeria, Minna: The Immaculate Conception School",2025-11-21,Labdoo Annahmestelle 45478 MH / Rhein-Ruhr (Hub),7,0,3,4,42,61,open,Nigeria,0
"Edoovillage #3080 - Spain, Cervelló: Servei d'intervenció socio-educativa La Nau",2025-11-23,Labdoo Hub Vilassar de Mar,1,1,1,0,100,45,open,Spain,0
"Edoovillage #3081 - Ukraine, Povitno: POVITNO SCHOOL OF GENERAL SECONDARY EDUCATION OF 1ST-2ND LEVELS",2025-11-24,Labdoo Annahmestelle 45478 MH / Rhein-Ruhr (Hub),15,16,0,0,100,118,open,Ukraine,0
"Edoovillage #3082 - Uganda, Kisugu Muyenga Kampala: Empowering less privileged communities through vocational skills",2025-11-26,Labdoo Hub Vilassar de Mar,20,2,0,18,10,100,open,Uganda,0
"Edoovillage #3083 - Zimbabwe, Bindura: Young Generations",2025-11-30,Labdoo Hub Vilassar de Mar,19,0,0,19,0,20,open,Zimbabwe,0
"Edoovillage #3084 - Sierra Leone, Bo City:  Empower to Inspire Computer Lab Project",2025-11-30,Labdoo Hub Vilassar de Mar,45,2,0,43,4,196,open,Sierra Leone,0
"Edoovillage #3085 - Congo (Kinshasa), Matadi: Institut supérieur de philosophie et de théologie | Diocèse de Matadi",2025-12-01,Labdoo Annahmestelle 70186 Stuttgart: Anton Mech,25,0,0,25,0,250,open,Congo (Kinshasa),0
"Edoovillage #3086 - Kenya, Lianai, Birika, Namanga: Siana Africa",2025-12-02,Labdoo Hub Vilassar de Mar,2,0,0,2,0,10,open,Kenya,0
"Edoovillage #3087 - Ghana, Techiman: Techiman Senior High School | Women Initiative and Children Empowerment Foundation WICEF",2025-12-03,Labdoo Annahmestelle 45478 MH / Rhein-Ruhr (Hub),1,0,0,1,0,3500,completed,Ghana,1
"Edoovillage #3088 - Nigeria, Benin City: Michael-Jennifer-Clinton Dibie Foundation",2025-12-03,Labdoo Annahmestelle 45478 MH / Rhein-Ruhr (Hub),15,0,0,15,0,45,open,Nigeria,0
"Edoovillage #3089 - Tanzania, Karatu: David Smile",2025-12-04,Labdoo City Hub Sant Cugat  | Labdoo Hub Vilafranca Centre - El Hub de la Gestoria,8,14,0,0,100,140,open,Tanzania,0
"Edoovillage #3090 - Angola, Luanda, Palanca Municipo do Kilamba Kiaxi: Born to help others",2025-12-04,Labdoo Hub Zürich (Schweiz),20,0,20,0,100,0,completed,Angola,1
"Edoovillage #3091 - Serbia, Ternav: Schule Ternav Bezirk Presevo-Preshev, Serbien",2025-12-04,Labdoo Hub Zürich (Schweiz),55,0,55,0,100,70,completed,Serbia,1
"Edoovillage #3092 - Ukraine, Borova: Borivska Gimnasium | Stärke der Einheit eV",2025-12-04,Labdoo Annahmestelle 74564 Crailsheim:  Alla Bakhmisova / Stärke der Einheit e.V.,15,0,15,0,100,142,completed,Ukraine,1
"Edoovillage #3093 - Bolivia, Santa Cruz de la  Sierra : CEA Unión y Progreso, Barrio La Cuchilla, SANTA CRUZ DE LA  SIERRA / Bolivia",2025-12-07,Labdoo Annahmestelle 07338 Kaulsdorf: Axel Brümmer,15,0,17,0,100,50,open,Bolivia,0
"Edoovillage #3094 - Nigeria, Nsukka: Developing a Computer Lab for the Divine Wounds Orphanage School",2025-12-09,Labdoo Hub Coto De Caza,192,2,0,190,1,192,open,Nigeria,0
"Edoovillage #3095 - Uganda, Entebbe: Malayaka House es una organización sin ánimo de lucro, que trabaja para garantizar los derechos de los niños ugandeses más vulnerables",2025-12-10,Facultad de Informática - Universidad Complutense ,2,2,0,0,100,40,open,Uganda,0
"Edoovillage #3096 - Uganda, Kiragura: Foundation for Rural Progress Uganda",2025-12-10,Labdoo Annahmestelle 45478 MH / Rhein-Ruhr (Hub),10,0,0,10,0,12,open,Uganda,0
"Edoovillage #3097 - Uganda, Mbale City: 264 Education - Golden Hill Academy",2025-12-10,Labdoo Annahmestelle 80804 München (Hub),2,0,2,0,100,390,open,Uganda,0
"Edoovillage #3098 - Congo (Kinshasa), Kinshasa: FEMM'IN TECH",2025-12-16,Labdoo City Hub Sant Cugat ,60,4,0,56,6,319,open,Congo (Kinshasa),0
"Edoovillage #3099 - Mongolia, Ulaanbaatar: School No 18- ICT Hub",2025-12-17,Labdoo Annahmestelle 22999 Hamburg: Winterhude [Hub],36,0,30,6,83,500,open,Mongolia,0
"Edoovillage #3100 - Tanzania, Kituntu: Mwangaza Community Computer Center",2025-12-28,Labdoo City Hub Sant Cugat ,12,0,0,12,0,50,open,Tanzania,0
"Edoovillage #3101 - Ethiopia, Adigrat: Digital Learning Support for Animal Science Education at Adigrat University",2025-12-29,Labdoo City Hub Sant Cugat ,64,0,2,62,3,160,open,Ethiopia,0
"Edoovillage #3102 - Benin, BOPA (DEPARTAMENT DE MONO): Tallers d'informàtica per a infants i joves",2025-12-29,Labdoo City Hub Sant Cugat ,8,1,8,0,100,150,open,Benin,0
"Edoovillage #3103 - Malawi, Salima: Nthali",2026-01-03,Labdoo Annahmestelle 45478 MH / Rhein-Ruhr (Hub),3,0,3,0,100,63,open,Malawi,0
"Edoovillage #3104 - Ghana, Gomoa Fetteh: Fetteh Church Of Christ D/A Basic School | St. Hildegardis Gymnasium",2026-01-04,Labdoo Annahmestelle 45478 MH / Rhein-Ruhr (Hub),18,0,17,1,94,493,completed,Ghana,1
"Edoovillage #3105 - Namibia, Gochas: N Mutschuana Primary School",2026-01-13,Labdoo Hub AUCOOP UPC,9,9,0,0,100,60,open,Namibia,0
"Edoovillage #3106 - Zimbabwe, Chegutu: Mopani Learning Hub",2026-01-14,Labdoo Hub Vilassar de Mar | Labdoo Hub Zürich (Schweiz),10,0,0,10,0,13,open,Zimbabwe,0
"Edoovillage #3107 - Kenya, Kakuma: Digital Skills for Self-Reliance: Computer Training and Online Work for Refugees",2026-01-14,Labdoo Annahmestelle 80804 München (Hub),25,0,0,25,0,50,open,Kenya,0
"Edoovillage #3108 - Liberia, Bong Mines: Kinder Afrikas e.V.",2026-01-18,Labdoo Annahmestelle 22999 Hamburg: Winterhude [Hub],1,1,0,0,100,58,open,Liberia,0
"Edoovillage #3109 - Morocco, Errachidia: Zaina Skills Lab",2026-01-20,Labdoo Annahmestelle 80804 München (Hub),30,0,30,0,100,50,open,Morocco,0
"Edoovillage #3110 - Ghana, Manso Amenfi Anakum: Anakum D/A Basic School | Ghana Union eV",2026-01-27,Labdoo Annahmestelle 45478 MH / Rhein-Ruhr (Hub),30,29,0,1,96,300,completed,Ghana,1
"Edoovillage #3111 - Ghana, Koforidua- Betom: St. Peter's Anglican Basic School | Ghana Union eV",2026-01-27,Labdoo Annahmestelle 45478 MH / Rhein-Ruhr (Hub),30,30,0,0,100,321,completed,Ghana,1
"Edoovillage #3112 - Germany,  Saalfeld: Werkhaus, Integration",2026-01-28,Labdoo Annahmestelle 07338 Kaulsdorf: Axel Brümmer,10,0,9,1,90,20,open,Germany,0
"Edoovillage #3113 - Germany, München: IQRA - Arabisch Kurse für Kinder",2026-01-30,Labdoo Annahmestelle 80804 München (Hub),5,0,5,0,100,20,completed,Germany,1
"Edoovillage #3114 - Nigeria, Ogun Waterside: Rural champions Digital Hub",2026-02-05,Labdoo Annahmestelle 45478 MH / Rhein-Ruhr (Hub),3,0,3,0,100,50,open,Nigeria,0
"Edoovillage #3115 - Congo (Kinshasa), Goma Keshero: Focus Congo eV Waisenhaus und Schule",2026-02-05,Labdoo Annahmestelle 45478 MH / Rhein-Ruhr (Hub),30,30,0,0,100,300,completed,Congo (Kinshasa),1
"Edoovillage #3116 - Sierra Leone, Freetown: Children in Need Organisation CINORG",2026-02-05,Labdoo Hub Sabadell,50,0,2,48,4,500,open,Sierra Leone,0
"Edoovillage #3117 - Germany, Bad Neuenahr-Ahrweiler: Erich-Kästner-Realschule",2026-02-09,Labdoo Annahmestelle 45478 MH / Rhein-Ruhr (Hub),33,0,26,7,78,360,open,Germany,0
"Edoovillage #3118 - Congo (Kinshasa), Kinshasa: INSTITUT SUPERIEUR DE STATISTIQUE | Donaly Malungu",2026-02-10,Labdoo Annahmestelle 45478 MH / Rhein-Ruhr (Hub),30,34,0,0,100,1350,open,Congo (Kinshasa),0
"Edoovillage #3119 - Sierra Leone, Freetown: Freetown Innovation Lab",2026-02-14,Labdoo Annahmestelle 45478 MH / Rhein-Ruhr (Hub),23,15,0,8,65,70,open,Sierra Leone,0
"Edoovillage #3120 - India, Chhotebodal, Panchayat- Kawalikala, Jagdalpur: From forest to future",2026-02-20,Labdoo Annahmestelle 45478 MH / Rhein-Ruhr (Hub),50,0,2,48,4,300,open,India,0
"Edoovillage #3121 - Congo (Kinshasa), Kinshasa: Fundación amigos de Monkole. Colegio Bozindo",2026-02-20,Labdoo City Hub Sant Cugat ,30,10,0,20,33,230,open,Congo (Kinshasa),0
"Edoovillage #3122 - Tanzania, Mwanza: Wunderkind Academy - Computerroom",2026-02-27,Labdoo Annahmestelle 97084 Würzburg: Thomas Barcatta - Mwanza e.V.,5,0,0,5,0,185,open,Tanzania,0
"Edoovillage #3123 - Tanzania, Ukerewe: Celestine Kasisi Primary School – Empowering Computer Skills",2026-02-27,Labdoo Annahmestelle 97084 Würzburg: Thomas Barcatta - Mwanza e.V.,10,0,10,0,100,400,open,Tanzania,0
"Edoovillage #3124 - Tanzania, Mwanza: Lake Zone Secondary School - Computerclass",2026-02-27,Labdoo Annahmestelle 97084 Würzburg: Thomas Barcatta - Mwanza e.V.,10,0,10,0,100,45,open,Tanzania,0
"Edoovillage #3125 - Tanzania, Mwanza: Bidii Secondary School - Computerroom",2026-02-27,Labdoo Annahmestelle 97084 Würzburg: Thomas Barcatta - Mwanza e.V.,10,0,10,0,100,450,open,Tanzania,0
"Edoovillage #3126 - Mozambique, Inhambane: Instituto de Formacao de Saude de Inhambane I Forum zum Austausch zwischen den Kulturen e.V.",2026-02-28,Labdoo Annahmestelle 22999 Hamburg: Winterhude [Hub] | Labdoo Annahmestelle 21035 Hamburg - Neuallermöhe,15,1,15,0,100,120,completed,Mozambique,1
"Edoovillage #3127 - India, Karnataka: Childrens Home in India",2026-02-28,Labdoo Annahmestelle 22999 Hamburg: Winterhude [Hub],2,0,2,0,100,8,completed,India,1
"Edoovillage #3128 - Uganda, Kasese: South Rwenzori Diocese Messiah Radio",2026-02-28,Labdoo Annahmestelle 45478 MH / Rhein-Ruhr (Hub),27,0,4,23,14,100,open,Uganda,0
"Edoovillage #3129 - Ghana, Manso Amenfi: Manso Amenfi Community SHS | Ghana Union eV",2026-03-02,Labdoo Annahmestelle 45478 MH / Rhein-Ruhr (Hub),25,0,0,25,0,457,open,Ghana,0
"Edoovillage #3130 - Sierra Leone, Moyamba: Baptist Secondary School",2026-03-03,Labdoo Annahmestelle 45478 MH / Rhein-Ruhr (Hub),30,10,0,20,33,318,open,Sierra Leone,0
"Edoovillage #3131 - Nigeria, Ijebu: Ibiade School | Solardero Foundation",2026-03-05,Labdoo Annahmestelle 45478 MH / Rhein-Ruhr (Hub),4,3,0,1,75,250,open,Nigeria,0
"Edoovillage #3132 - Nigeria, Uwelu, Benin City: Standard Foundation School is an academic institution",2026-03-06,Labdoo Hub Zürich (Schweiz),80,0,0,80,0,150,completed,Nigeria,1
"Edoovillage #3133 - Switzerland, Glattpark: Swiss NewEra",2026-03-06,Labdoo Hub Zürich (Schweiz),20,0,0,20,0,15,completed,Switzerland,1
"Edoovillage #3134 - Cameroon, Buea: Linux Friends Limbe - open source computer Schule",2026-03-06,Labdoo Hub Zürich (Schweiz),10,0,0,10,0,10,completed,Cameroon,1
"Edoovillage #3135 - Tanzania, MWANZA: Tabasamu Primary School",2026-03-13,Labdoo Annahmestelle 97084 Würzburg: Thomas Barcatta - Mwanza e.V.,15,0,15,0,100,420,open,Tanzania,0
"Edoovillage #3136 - Uganda, Kasese: Standard Infant School",2026-03-13,Labdoo Annahmestelle 22999 Hamburg: Winterhude [Hub],4,3,1,0,100,250,open,Uganda,0
"Edoovillage #3137 - Uganda, Masaka City: SES Project UG-NOLSIT in Uganda Bisanje Catholic parish",2026-03-13,Labdoo Annahmestelle 22999 Hamburg: Winterhude [Hub],4,4,0,0,100,200,open,Uganda,0
"Edoovillage #3138 - Uganda, Kasese: SAVE A MOTHER FOUNDATION SAMOFO",2026-03-21,Labdoo Annahmestelle 45478 MH / Rhein-Ruhr (Hub),25,0,0,25,0,35,open,Uganda,0
"Edoovillage #3139 - Congo (Kinshasa), Kashusha: Collège Jenga Tumaini | Jeremieprojectcongo",2026-03-25,Labdoo Annahmestelle 45478 MH / Rhein-Ruhr (Hub) | Labdoo Annahmestelle 42287 Wuppertal-Barmen (Hub),30,0,0,30,0,600,open,Congo (Kinshasa),0
"Edoovillage #3140 - Tanzania, Mwanza: St. Theresa Primary School - Computerroom",2026-03-26,Labdoo Annahmestelle 97084 Würzburg: Thomas Barcatta - Mwanza e.V.,10,0,10,0,100,630,open,Tanzania,0
"Edoovillage #3141 - Tanzania, Mwanza: Nyakato Mennonite Englisch Medium School - Computerroom",2026-03-26,Labdoo Annahmestelle 97084 Würzburg: Thomas Barcatta - Mwanza e.V.,15,0,15,0,100,278,open,Tanzania,0
"Edoovillage #3142 - Tanzania, Mwanza: Fides Pre and Primary School - Computerroom",2026-03-26,Labdoo Annahmestelle 97084 Würzburg: Thomas Barcatta - Mwanza e.V.,10,0,10,0,100,117,open,Tanzania,0
"Edoovillage #3143 - Tanzania, Mwanza: Nyamanoro Baptist Primary School -  Computerroom",2026-03-26,Labdoo Annahmestelle 97084 Würzburg: Thomas Barcatta - Mwanza e.V.,15,0,0,15,0,576,open,Tanzania,0
"Edoovillage #3144 - Tanzania, mwanza: Christ the King Nyantakubwa Pre and Primary School",2026-03-26,Labdoo Annahmestelle 97084 Würzburg: Thomas Barcatta - Mwanza e.V.,15,0,15,0,100,218,open,Tanzania,0
"Edoovillage #3145 - Tanzania, Mwanza: Dream Big Montessori School",2026-03-26,Labdoo Annahmestelle 97084 Würzburg: Thomas Barcatta - Mwanza e.V.,15,0,15,0,100,422,open,Tanzania,0
"Edoovillage #3146 - Tanzania, Mwanza: St. Caroli Pre and Primary School",2026-03-26,Labdoo Annahmestelle 97084 Würzburg: Thomas Barcatta - Mwanza e.V.,13,0,13,0,100,357,open,Tanzania,0
"Edoovillage #3147 - Tanzania, Mwanza: Loreto English Medium Pre and Primary school",2026-03-26,Labdoo Annahmestelle 97084 Würzburg: Thomas Barcatta - Mwanza e.V.,13,0,13,0,100,428,open,Tanzania,0
"Edoovillage #3148 - Cameroon, Yaounde: Children's Fate",2026-03-27,Labdoo Annahmestelle 45478 MH / Rhein-Ruhr (Hub),20,0,0,20,0,48,open,Cameroon,0
"Edoovillage #3149 - Cameroon, Edea: Lycee Classique Edea | INEA eV",2026-03-28,Labdoo Annahmestelle 45478 MH / Rhein-Ruhr (Hub),35,35,0,0,100,2872,open,Cameroon,0
"Edoovillage #3150 - Ghana, Sekondi-Takoradi: Nana Kwesi Badu II Basic School ITC Lab | Ghana Union eV",2026-03-28,Labdoo Annahmestelle 45478 MH / Rhein-Ruhr (Hub),30,0,0,30,0,611,open,Ghana,0
"Edoovillage #3151 - Ghana, Koforidua: Koforidua Presby Basic A  School | Ghana Union eV",2026-03-28,Labdoo Annahmestelle 45478 MH / Rhein-Ruhr (Hub),40,0,0,40,0,750,open,Ghana,0
"Edoovillage #3152 - Kenya, Kisumu: Okiri Digital & Financial Literacy Program",2026-04-01,Labdoo Annahmestelle 45478 MH / Rhein-Ruhr (Hub),10,0,0,10,0,20,open,Kenya,0
"Edoovillage #3153 - Spain, L’Hospitalet de Llobregat: Associació Educativa Itaca",2026-04-02,Labdoo Hub Sabadell | Labdoo Hub Vilassar de Mar,11,0,0,11,0,107,open,Spain,0